t = 0
b = 216 216 216
E = 0 0 0
-1.8028011322021484 1.4218584299087524 71.65670776367188 -0.9690749813668661 -0.2467664492770599 0 0 0 -1 0 0 0 0 0 0
-1.8631420135498047 0.9763971567153931 71.26695251464844 -0.868507459013595 0.4956760975049621 0 0 0 -1 0 0 0 0 0 0
-2.1299991607666016 0.7303339242935181 70.87718200683594 -0.42374702361665917 0.905780580480738 0 0 0 -1 0 0 0 0 0 0
-2.489910125732422 0.6831804513931274 70.4874267578125 0.17610439280099577 0.9843714963550054 0 0 0 -1 0 0 0 0 0 0
-2.811147689819336 0.8521906137466431 70.09765625 0.7114995675126643 0.702686534259261 0 0 0 -1 0 0 0 0 0 0
-2.9761409759521484 1.1755129098892212 69.70790100097656 0.9864904849295171 0.1638185677617956 0 0 0 -1 0 0 0 0 0 0
-2.924501419067383 1.534807801246643 69.31813049316406 0.9004255743891117 -0.43501009756790493 0 0 0 -1 0 0 0 0 0 0
-2.675128936767578 1.7985750436782837 68.92837524414062 0.48480440373637634 -0.8746225986777478 0 0 0 -1 0 0 0 0 0 0
-2.319293975830078 1.8702760934829712 68.53860473632812 -0.1082534721905588 -0.9941233252261452 0 0 0 -1 0 0 0 0 0 0
-1.9872322082519531 1.7236696481704712 68.14884948730469 -0.6616910259238478 -0.7497766242100681 0 0 0 -1 0 0 0 0 0 0
-1.7986297607421875 1.4043909311294556 67.75907897949219 -0.9760268154889394 -0.2176503054133395 0 0 0 -1 0 0 0 0 0 0
-1.8387908935546875 1.0238481760025024 67.33683776855469 -0.9090951877889418 0.416588453439349 0 0 0 -1 0 0 0 0 0 0
-2.1008071899414062 0.7449709177017212 66.91459655761719 -0.47239918319584434 0.8813847126629206 0 0 0 -1 0 0 0 0 0 0
-2.4781112670898438 0.6811891794204712 66.49235534667969 0.15644104247266347 0.9876872988097328 0 0 0 -1 0 0 0 0 0 0
-2.8172359466552734 0.8584467172622681 66.07011413574219 0.721651833107024 0.6922561894077017 0 0 0 -1 0 0 0 0 0 0
-2.9802474975585938 1.2046457529067993 65.64787292480469 0.9933353703664939 0.11525988885497251 0 0 0 -1 0 0 0 0 0 0
-2.9008426666259766 1.5789705514907837 65.22563171386719 0.8609956512618879 -0.5086123165124076 0 0 0 -1 0 0 0 0 0 0
-2.611318588256836 1.8291727304458618 64.80339050292969 0.378454156335968 -0.9256200362740808 0 0 0 -1 0 0 0 0 0 0
-2.2294349670410156 1.8534876108169556 64.38113403320312 -0.2580194753622193 -0.9661397157418823 0 0 0 -1 0 0 0 0 0 0
-1.9105205535888672 1.6420198678970337 63.95889663696289 -0.7895424830630462 -0.6136959079533116 0 0 0 -1 0 0 0 0 0 0
-1.7842864990234375 1.2807832956314087 63.53665542602539 -0.9999323132241993 -0.01163481714948436 0 0 0 -1 0 0 0 0 0 0
-1.9020805358886719 0.9167085886001587 63.11441421508789 -0.8036084689002793 0.5951583223914026 0 0 0 -1 0 0 0 0 0 0
-2.2159900665283203 0.6978784799575806 62.69217300415039 -0.2804325340897248 0.9598737384802312 0 0 0 -1 0 0 0 0 0 0
-2.546751022338867 0.6962267160415649 62.30240249633789 0.27083720129697086 0.9626251660919863 0 0 0 -1 0 0 0 0 0 0
-2.856962203979492 0.9042879343032837 61.87367630004883 0.7878564576066628 0.6158589142063958 0 0 0 -1 0 0 0 0 0 0
-2.983968734741211 1.2555567026138306 61.4449348449707 0.9995376469092904 0.030405466795276295 0 0 0 -1 0 0 0 0 0 0
-2.878551483154297 1.6138941049575806 61.01619338989258 0.8238415247981649 -0.566820202549481 0 0 0 -1 0 0 0 0 0 0
-2.581562042236328 1.8404299020767212 60.58745193481445 0.3288587254743894 -0.9443791286762752 0 0 0 -1 0 0 0 0 0 0
-2.208101272583008 1.8473650217056274 60.15871047973633 -0.2935733415060506 -0.9559365528930108 0 0 0 -1 0 0 0 0 0 0
-1.9029083251953125 1.6320101022720337 59.7299690246582 -0.802232096567394 -0.5970122806417667 0 0 0 -1 0 0 0 0 0 0
-1.7842597961425781 1.277830719947815 59.30124282836914 -0.9999774918846371 -0.006709375836132856 0 0 0 -1 0 0 0 0 0 0
-1.8981399536132812 0.9220911264419556 58.872501373291016 -0.8101784959847094 0.5861832517600227 0 0 0 -1 0 0 0 0 0 0
-2.2004146575927734 0.7026582956314087 58.44375991821289 -0.3063890452512644 0.9519063782484172 0 0 0 -1 0 0 0 0 0 0
-2.573932647705078 0.7045770883560181 58.015018463134766 0.3161452994525382 0.9487107829228382 0 0 0 -1 0 0 0 0 0 0
-2.903493881225586 0.9731661081314087 57.625247955322266 0.8654114340890511 0.5010619220694507 0 0 0 -1 0 0 0 0 0 0
-2.9755783081054688 1.375425934791565 57.179813385009766 0.9855521830410142 -0.1693720593931929 0 0 0 -1 0 0 0 0 0 0
-2.773336410522461 1.7305399179458618 56.7343635559082 0.6484798201010704 -0.7612318457091003 0 0 0 -1 0 0 0 0 0 0
-2.390592575073242 1.8737703561782837 56.2889289855957 0.010574562437792532 -0.999944087751535 0 0 0 -1 0 0 0 0 0 0
-2.0049057006835938 1.7386690378189087 55.84347915649414 -0.6322355686296406 -0.7747762165680843 0 0 0 -1 0 0 0 0 0 0
-1.795196533203125 1.3879114389419556 55.39803695678711 -0.9817483725656481 -0.19018447088209253 0 0 0 -1 0 0 0 0 0 0
-1.858755111694336 0.9842172861099243 54.95259475708008 -0.8758202543209654 0.4826374230425561 0 0 0 -1 0 0 0 0 0 0
-2.166095733642578 0.7148653268814087 54.50715255737305 -0.3635857074744046 0.9315607512773049 0 0 0 -1 0 0 0 0 0 0
-2.5746383666992188 0.7048097848892212 54.061710357666016 0.3173197894923285 0.9483185916117769 0 0 0 -1 0 0 0 0 0 0
-2.894855499267578 0.9587160348892212 53.616268157958984 0.851011262386528 0.5251474376699252 0 0 0 -1 0 0 0 0 0 0
-2.9781970977783203 1.35879385471344 53.17082595825195 0.9899170427964478 -0.14164832643252792 0 0 0 -1 0 0 0 0 0 0
-2.7859973907470703 1.7194429636001587 52.72537612915039 0.6695837555477689 -0.7427365578093928 0 0 0 -1 0 0 0 0 0 0
-2.4074230194091797 1.8733545541763306 52.27993392944336 0.03862960789554184 -0.9992535981390495 0 0 0 -1 0 0 0 0 0 0
-2.018096923828125 1.7491289377212524 51.83449172973633 -0.6102490391856179 -0.7922096377683311 0 0 0 -1 0 0 0 0 0 0
-1.7986297607421875 1.4043909311294556 51.3890495300293 -0.9760268154889394 -0.2176503054133395 0 0 0 -1 0 0 0 0 0 0
-1.8204307556152344 1.068590760231018 50.99928665161133 -0.93969248736894 0.3420205098855549 0 0 0 -1 0 0 0 0 0 0
-2.0647754669189453 0.7659288644790649 50.557552337646484 -0.5324534526049842 0.846459284791083 0 0 0 -1 0 0 0 0 0 0
-2.443391799926758 0.6767259836196899 50.11582565307617 0.09857610818615108 0.995129514633584 0 0 0 -1 0 0 0 0 0 0
-2.797151565551758 0.8384767770767212 49.67409133911133 0.6881763204059902 0.725543487347569 0 0 0 -1 0 0 0 0 0 0
-2.977365493774414 1.18319571018219 49.232364654541016 0.988532755636681 0.15100659268174413 0 0 0 -1 0 0 0 0 0 0
-2.9082908630371094 1.565996766090393 48.79063034057617 0.873407375992647 -0.4869903033548396 0 0 0 -1 0 0 0 0 0 0
-2.618959426879883 1.825987458229065 48.34889602661133 0.39118768080380806 -0.9203109248440648 0 0 0 -1 0 0 0 0 0 0
-2.230978012084961 1.8538957834243774 47.907169342041016 -0.2554444524128087 -0.9668237335375669 0 0 0 -1 0 0 0 0 0 0
-1.9074153900146484 1.637987732887268 47.46543502807617 -0.7947205804722881 -0.6069754517060716 0 0 0 -1 0 0 0 0 0 0
-1.7842655181884766 1.26901113986969 47.02370834350586 -0.9999680919419432 0.007988435265384553 0 0 0 -1 0 0 0 0 0 0
-1.913290023803711 0.9020487070083618 46.581974029541016 -0.7849241193551395 0.6195919034772474 0 0 0 -1 0 0 0 0 0 0
-2.2402591705322266 0.6913362741470337 46.14023971557617 -0.23997931962861943 0.9707780004463354 0 0 0 -1 0 0 0 0 0 0
-2.627744674682617 0.7254320383071899 45.69851303100586 0.40582510230522484 0.913950757064599 0 0 0 -1 0 0 0 0 0 0
-2.9128894805908203 0.9900118112564087 45.256778717041016 0.8810691573492856 0.4729874628019436 0 0 0 -1 0 0 0 0 0 0
-2.9758434295654297 1.37386953830719 44.8150520324707 0.9859939596169487 -0.1667810288938495 0 0 0 -1 0 0 0 0 0 0
-2.790149688720703 1.71566641330719 44.37331771850586 0.6765066609095607 -0.7364365130444013 0 0 0 -1 0 0 0 0 0 0
-2.390226364135742 1.8737741708755493 43.98355484008789 0.00996864911101473 -0.9999503117829912 0 0 0 -1 0 0 0 0 0 0
-1.9991645812988281 1.7339235544204712 43.5216178894043 -0.6418063327353521 -0.7668667623914852 0 0 0 -1 0 0 0 0 0 0
-1.7926082611083984 1.3736177682876587 43.05967330932617 -0.9860660068914935 -0.16635453120689264 0 0 0 -1 0 0 0 0 0 0
-1.8695220947265625 0.9654871225357056 42.59772872924805 -0.8578733350757776 0.5138612078820141 0 0 0 -1 0 0 0 0 0 0
-2.19305419921875 0.7050806283950806 42.13579177856445 -0.31865522571890126 0.9478706911399023 0 0 0 -1 0 0 0 0 0 0
-2.6081924438476562 0.7171617746353149 41.67384719848633 0.3732402225420784 0.9277347337880262 0 0 0 -1 0 0 0 0 0 0
-2.9160327911376953 0.9959474802017212 41.211910247802734 0.8863100160339439 0.46309238330802865 0 0 0 -1 0 0 0 0 0 0
-2.9690799713134766 1.4078584909439087 40.74996566772461 0.9747203062858373 -0.2234285669157899 0 0 0 -1 0 0 0 0 0 0
-2.7419166564941406 1.755541443824768 40.288028717041016 0.5961208202278456 -0.802894742597609 0 0 0 -1 0 0 0 0 0 0
-2.3433837890625 1.8724085092544556 39.82608413696289 -0.06810358529284627 -0.9976782555865694 0 0 0 -1 0 0 0 0 0 0
-1.9644298553466797 1.7024675607681274 39.3641471862793 -0.6996969852272497 -0.7144397307428375 0 0 0 -1 0 0 0 0 0 0
-1.7866230010986328 1.3271394968032837 38.90220260620117 -0.9960411120250029 -0.08889377456265318 0 0 0 -1 0 0 0 0 0 0
-1.8951530456542969 0.9262567758560181 38.44025802612305 -0.8151569871600963 0.5792400938160913 0 0 0 -1 0 0 0 0 0 0
-2.2380237579345703 0.6918932199478149 37.97832107543945 -0.24370229453323564 0.9698500871986536 0 0 0 -1 0 0 0 0 0 0
-2.6509532928466797 0.7363382577896118 37.51637649536133 0.4445143398447067 0.8957717352497927 0 0 0 -1 0 0 0 0 0 0
-2.93609619140625 1.03829824924469 37.054439544677734 0.9197483588323522 0.3925085431238344 0 0 0 -1 0 0 0 0 0 0
-2.9568328857421875 1.45309317111969 36.59249496459961 0.9543110301402181 -0.2988150895666343 0 0 0 -1 0 0 0 0 0 0
-2.703227996826172 1.7819849252700806 36.130558013916016 0.5316388114422869 -0.8469711767045162 0 0 0 -1 0 0 0 0 0 0
-2.2967891693115234 1.8673959970474243 35.66861343383789 -0.14576627871933634 -0.989319054697885 0 0 0 -1 0 0 0 0 0 0
-1.9322547912597656 1.668394684791565 35.2066764831543 -0.7533195460051665 -0.6576546674407244 0 0 0 -1 0 0 0 0 0 0
-1.7842826843261719 1.2803369760513306 34.74473190307617 -0.999940654835787 -0.010894347459935361 0 0 0 -1 0 0 0 0 0 0
-1.9237689971923828 0.8891474008560181 34.28279495239258 -0.7674620299871374 0.6410944021967608 0 0 0 -1 0 0 0 0 0 0
-2.283884048461914 0.6822572946548462 33.82085037231445 -0.16726932858362234 0.9859112392681119 0 0 0 -1 0 0 0 0 0 0
-2.6920852661132812 0.7587915658950806 33.35890579223633 0.5130645308969773 0.8583500376509952 0 0 0 -1 0 0 0 0 0 0
-2.9527931213378906 1.0820833444595337 32.896968841552734 0.9475740678379346 0.31953620446057296 0 0 0 -1 0 0 0 0 0 0
-2.9410934448242188 1.4972330331802368 32.43502426147461 0.9280792142592251 -0.37238282997471767 0 0 0 -1 0 0 0 0 0 0
-2.6625938415527344 1.8053308725357056 31.973087310791016 0.4639105667162331 -0.8858820384729693 0 0 0 -1 0 0 0 0 0 0
-2.250730514526367 1.8587595224380493 31.51114273071289 -0.22252395500626454 -0.9749272226419622 0 0 0 -1 0 0 0 0 0 0
-1.9872360229492188 1.7236696481704712 31.121379852294922 -0.6616847185501903 -0.7497821905307938 0 0 0 -1 0 0 0 0 0 0
-1.7909488677978516 1.3632265329360962 30.688312530517578 -0.9888308059420055 -0.14904240074584124 0 0 0 -1 0 0 0 0 0 0
-1.8722724914550781 0.9609400033950806 30.255245208740234 -0.8532909857609862 0.5214350329801827 0 0 0 -1 0 0 0 0 0 0
-2.193157196044922 0.7050462961196899 29.82217025756836 -0.3184820295907159 0.9479288986141198 0 0 0 -1 0 0 0 0 0 0
-2.603452682495117 0.7152773141860962 29.389102935791016 0.3653406309433425 0.9308739030512782 0 0 0 -1 0 0 0 0 0 0
-2.9111804962158203 0.9868532419204712 28.956035614013672 0.8782229544888918 0.4782514424534462 0 0 0 -1 0 0 0 0 0 0
-2.972349166870117 1.3926912546157837 28.522960662841797 0.9801714162371018 -0.19815144408192917 0 0 0 -1 0 0 0 0 0 0
-2.7583389282226562 1.7429033517837524 28.089893341064453 0.6234888716817405 -0.7818322242585235 0 0 0 -1 0 0 0 0 0 0
-2.369283676147461 1.873613953590393 27.65682601928711 -0.02494145357339006 -0.9996889135594366 0 0 0 -1 0 0 0 0 0 0
-1.9872322082519531 1.7236696481704712 27.223751068115234 -0.6616910259238478 -0.7497766242100681 0 0 0 -1 0 0 0 0 0 0
-1.7986297607421875 1.4043909311294556 26.833988189697266 -0.9760268154889394 -0.2176503054133395 0 0 0 -1 0 0 0 0 0 0
-1.8536796569824219 0.9936243295669556 26.360706329345703 -0.8842773064520781 0.46696214546133974 0 0 0 -1 0 0 0 0 0 0
-2.161867141723633 0.7165361642837524 25.88742446899414 -0.370632254126137 0.9287797005756416 0 0 0 -1 0 0 0 0 0 0
-2.576152801513672 0.7053209543228149 25.414142608642578 0.3198454988409611 0.9474697129044162 0 0 0 -1 0 0 0 0 0 0
-2.8988800048828125 0.9653345346450806 24.940853118896484 0.8577244928332451 0.5141096132090435 0 0 0 -1 0 0 0 0 0 0
-2.9760704040527344 1.3725191354751587 24.467571258544922 0.9863728409168272 -0.16452543481683174 0 0 0 -1 0 0 0 0 0 0
-2.7708969116210938 1.7326074838638306 23.99428939819336 0.6444134858313368 -0.7646772255525239 0 0 0 -1 0 0 0 0 0 0
-2.3812503814697266 1.8737932443618774 23.521007537841797 -0.004992813103153774 -0.9999875358309807 0 0 0 -1 0 0 0 0 0 0
-1.993032455444336 1.7287203073501587 23.047725677490234 -0.6520281754544925 -0.7581947364717625 0 0 0 -1 0 0 0 0 0 0
-1.7914676666259766 1.3666025400161743 22.57443618774414 -0.987967070104238 -0.15466437336907105 0 0 0 -1 0 0 0 0 0 0
-1.872720718383789 0.9602075815200806 22.101154327392578 -0.8525431161982009 0.5226568999095497 0 0 0 -1 0 0 0 0 0 0
-2.198028564453125 0.7034326791763306 21.627872467041016 -0.31036670970997626 0.9506169078571048 0 0 0 -1 0 0 0 0 0 0
-2.6121826171875 0.7187830209732056 21.154590606689453 0.37989331027218665 0.9250303091307011 0 0 0 -1 0 0 0 0 0 0
-2.9175853729248047 0.9989382028579712 20.68130111694336 0.8888953011353857 0.45811040549133103 0 0 0 -1 0 0 0 0 0 0
-2.9685287475585938 1.410235047340393 20.208019256591797 0.9738037896202347 -0.22738992792397283 0 0 0 -1 0 0 0 0 0 0
-2.790149688720703 1.71566641330719 19.818256378173828 0.6765066609095607 -0.7364365130444013 0 0 0 -1 0 0 0 0 0 0
-2.425569534301758 1.8723779916763306 19.382640838623047 0.06887236418492115 -0.9976254795521112 0 0 0 -1 0 0 0 0 0 0
-2.0429134368896484 1.7672525644302368 18.947025299072266 -0.5688887605616997 -0.8224144807252443 0 0 0 -1 0 0 0 0 0 0
-1.8095703125 1.4462724924087524 18.511409759521484 -0.9577957085769143 -0.287449788018093 0 0 0 -1 0 0 0 0 0 0
-1.8276081085205078 1.0498491525650024 18.075786590576172 -0.9277289061771739 0.37325470746302025 0 0 0 -1 0 0 0 0 0 0
-2.089141845703125 0.7513910531997681 17.64017105102539 -0.4918398547962901 0.8706856822263499 0 0 0 -1 0 0 0 0 0 0
-2.4797630310058594 0.6814523935317993 17.20455551147461 0.15919504759605016 0.9872471508294623 0 0 0 -1 0 0 0 0 0 0
-2.828601837158203 0.8706308603286743 16.768939971923828 0.740594632406796 0.6719520745188918 0 0 0 -1 0 0 0 0 0 0
-2.983064651489258 1.2361665964126587 16.333316802978516 0.9980305794340646 0.06272927956309594 0 0 0 -1 0 0 0 0 0 0
-2.8755836486816406 1.6181665658950806 15.897700309753418 0.8188939065424209 -0.5739449188098914 0 0 0 -1 0 0 0 0 0 0
-2.5531749725341797 1.8495317697525024 15.462084770202637 0.2815454690478387 -0.9595478877360071 0 0 0 -1 0 0 0 0 0 0
-2.156871795654297 1.8290506601333618 15.026469230651855 -0.37895741999136456 -0.9254141093767095 0 0 0 -1 0 0 0 0 0 0
-1.8600292205810547 1.5656839609146118 14.590853691101074 -0.8736993655252874 -0.48646625646668434 0 0 0 -1 0 0 0 0 0 0
-1.7924976348876953 1.174639344215393 14.155230522155762 -0.9862472227884624 0.1652767846433514 0 0 0 -1 0 0 0 0 0 0
-1.9838180541992188 0.8269716501235962 13.71961498260498 -0.6673800619821998 0.7447172972804077 0 0 0 -1 0 0 0 0 0 0
-2.350299835205078 0.6747652292251587 13.2839994430542 -0.05658104826498055 0.9983980093015188 0 0 0 -1 0 0 0 0 0 0
-2.7316322326660156 0.7845941781997681 12.848383903503418 0.5789748049963309 0.815345433040169 0 0 0 -1 0 0 0 0 0 0
-2.9610042572021484 1.1084238290786743 12.412760734558105 0.9612627097712642 0.2756338201368012 0 0 0 -1 0 0 0 0 0 0
-2.9685287475585938 1.410235047340393 12.022997856140137 0.9738037896202347 -0.22738992792397283 0 0 0 -1 0 0 0 0 0 0
-2.745332717895508 1.7529855966567993 11.568278312683105 0.6018079786688889 -0.7986408183973983 0 0 0 -1 0 0 0 0 0 0
-2.3543357849121094 1.8730570077896118 11.113551139831543 -0.04984920202181818 -0.9987567557007001 0 0 0 -1 0 0 0 0 0 0
-1.9772377014160156 1.714647889137268 10.658831596374512 -0.6783465038861805 -0.7347421456983368 0 0 0 -1 0 0 0 0 0 0
-1.7892818450927734 1.3513742685317993 10.20410442352295 -0.9916075418987446 -0.12928450351658427 0 0 0 -1 0 0 0 0 0 0
-1.8778114318847656 0.9520517587661743 9.749384880065918 -0.8440608746779314 0.5362473681407913 0 0 0 -1 0 0 0 0 0 0
-2.2016868591308594 0.7022501230239868 9.294657707214355 -0.30426721439894217 0.9525867216384596 0 0 0 -1 0 0 0 0 0 0
-2.6103992462158203 0.7180544137954712 8.839938163757324 0.3769213977636111 0.9262452482511994 0 0 0 -1 0 0 0 0 0 0
-2.9140167236328125 0.9921213388442993 8.385210990905762 0.8829507148518497 0.46946569112407727 0 0 0 -1 0 0 0 0 0 0
-2.971445083618164 1.3970857858657837 7.930491924285889 0.9786642705943616 -0.20546592287288465 0 0 0 -1 0 0 0 0 0 0
-2.7559967041015625 1.7447611093521118 7.475764751434326 0.6195849909357583 -0.784929575826479 0 0 0 -1 0 0 0 0 0 0
-2.3677921295166016 1.8735758066177368 7.021045207977295 -0.027426684128975257 -0.9996238177422992 0 0 0 -1 0 0 0 0 0 0
-1.9872360229492188 1.7236696481704712 6.566318035125732 -0.6616847185501903 -0.7497821905307938 0 0 0 -1 0 0 0 0 0 0
-1.8028011322021484 1.4218584299087524 6.176555156707764 -0.9690749813668661 -0.2467664492770599 0 0 0 -1 0 0 0 0 0 0
-1.846099853515625 1.0084749460220337 5.731112957000732 -0.8969107394833971 0.4422116296518509 0 0 0 -1 0 0 0 0 0 0
-2.1476478576660156 0.7224222421646118 5.285670757293701 -0.39433158124077883 0.9189682279796986 0 0 0 -1 0 0 0 0 0 0
-2.562734603881836 0.7009645700454712 4.84022855758667 0.29747889025876517 0.9547283958542417 0 0 0 -1 0 0 0 0 0 0
-2.8921680450439453 0.9544054269790649 4.394786357879639 0.8465355759416331 0.532332150696506 0 0 0 -1 0 0 0 0 0 0
-2.9778594970703125 1.3611170053482056 3.9493439197540283 0.9893553349512494 -0.1455198309630041 0 0 0 -1 0 0 0 0 0 0
-2.778684616088867 1.7259279489517212 3.503901720046997 0.6573997947095371 -0.7535419762135739 0 0 0 -1 0 0 0 0 0 0
-2.390226364135742 1.8737741708755493 3.0584518909454346 0.00996864911101473 -0.9999503117829912 0 0 0 -1 0 0 0 0 0 0
-1.9872322082519531 1.7236696481704712 2.668689012527466 -0.6616910259238478 -0.7497766242100681 0 0 0 -1 0 0 0 0 0 0
-1.792306900024414 1.3718210458755493 2.219874620437622 -0.9865648666744594 -0.16337002125116487 0 0 0 -1 0 0 0 0 0 0
-1.8634147644042969 0.9759203195571899 1.7710603475570679 -0.8680525155372294 0.49647238621043965 0 0 0 -1 0 0 0 0 0 0
-2.1685962677001953 0.7138963937759399 1.3222383260726929 -0.35941773602157273 0.9331767737321409 0 0 0 -1 0 0 0 0 0 0
-2.5706958770751953 0.7035051584243774 0.8734239339828491 0.3107445092265865 0.9504934770873116 0 0 0 -1 0 0 0 0 0 0
-2.8890018463134766 0.9494196176528931 0.42460188269615173 0.8412537440825921 0.5406404887418444 0 0 0 -1 0 0 0 0 0 0
-2.980459213256836 1.3411203622817993 -0.02421249821782112 0.9936860282172233 -0.11219660122249646 0 0 0 -1 0 0 0 0 0 0
-2.803964614868164 1.7025667428970337 -0.473034530878067 0.6995297983301066 -0.7146034293566189 0 0 0 -1 0 0 0 0 0 0
-2.4388389587402344 1.8713136911392212 -0.9218488931655884 0.09098641130864576 -0.9958521340827533 0 0 0 -1 0 0 0 0 0 0
-2.0491790771484375 1.7715250253677368 -1.3706709146499634 -0.5584449700575512 -0.8295415694330338 0 0 0 -1 0 0 0 0 0 0
-1.8101062774658203 1.4480501413345337 -1.8194853067398071 -0.9569019308359098 -0.29041125109490473 0 0 0 -1 0 0 0 0 0 0
-1.8290653228759766 1.046263337135315 -2.2683074474334717 -0.9253003948963181 0.3792349920625968 0 0 0 -1 0 0 0 0 0 0
-2.097536087036133 0.7467371225357056 -2.7171218395233154 -0.47784994815343973 0.8784414761665997 0 0 0 -1 0 0 0 0 0 0
-2.494861602783203 0.6840883493423462 -3.165936231613159 0.18435695377263298 0.9828593559587634 0 0 0 -1 0 0 0 0 0 0
-2.8424739837646484 0.8864694833755493 -3.614758253097534 0.7637117522951176 0.6455574021001701 0 0 0 -1 0 0 0 0 0 0
-2.9841480255126953 1.262926697731018 -4.063572406768799 0.9998356200388216 0.018130992846088302 0 0 0 -1 0 0 0 0 0 0
-2.856212615966797 1.644274353981018 -4.512394428253174 0.7866073280592846 -0.6174535702734524 0 0 0 -1 0 0 0 0 0 0
-2.516164779663086 1.8591219186782837 -4.961208820343018 0.21986138694546178 -0.9755311222766898 0 0 0 -1 0 0 0 0 0 0
-2.1168289184570312 1.810911774635315 -5.410030841827393 -0.4456960520474222 -0.8951843548618025 0 0 0 -1 0 0 0 0 0 0
-1.837677001953125 1.5213152170181274 -5.858845233917236 -0.9109465434058441 -0.41252441752815644 0 0 0 -1 0 0 0 0 0 0
-1.8041667938232422 1.1204782724380493 -6.307667255401611 -0.9667987118854922 0.2555391373088542 0 0 0 -1 0 0 0 0 0 0
-2.0313587188720703 0.7885500192642212 -6.756481647491455 -0.5881496825193593 0.8087520948673809 0 0 0 -1 0 0 0 0 0 0
-2.417146682739258 0.6747041940689087 -7.20530366897583 0.05483618286745056 0.9984953645603606 0 0 0 -1 0 0 0 0 0 0
-2.78814697265625 0.8301073312759399 -7.654118061065674 0.6731660326646224 0.7394913741664418 0 0 0 -1 0 0 0 0 0 0
-2.9776268005371094 1.1849199533462524 -8.102936744689941 0.9889673158116796 0.14813388625240775 0 0 0 -1 0 0 0 0 0 0
-2.9004268646240234 1.5796762704849243 -8.55175495147705 0.8602990057520473 -0.5097897808921232 0 0 0 -1 0 0 0 0 0 0
-2.5912437438964844 1.8369661569595337 -9.00057315826416 0.3449939864329787 -0.9386048952168753 0 0 0 -1 0 0 0 0 0 0
-2.1890316009521484 1.8411585092544556 -9.44939136505127 -0.3253581973460287 -0.9455908435574779 0 0 0 -1 0 0 0 0 0 0
-1.8745536804199219 1.5903650522232056 -9.898205757141113 -0.8494887952012258 -0.5276066591956262 0 0 0 -1 0 0 0 0 0 0
-1.7891426086425781 1.1973024606704712 -10.347023963928223 -0.9918385726580454 0.12749998348098493 0 0 0 -1 0 0 0 0 0 0
-1.9711875915527344 0.8386217355728149 -10.795842170715332 -0.6884324124502027 0.7253004987506861 0 0 0 -1 0 0 0 0 0 0
-2.338869094848633 0.6755205392837524 -11.244660377502441 -0.07563170967751107 0.9971358204834769 0 0 0 -1 0 0 0 0 0 0
-2.7269458770751953 0.7813020944595337 -11.69347858428955 0.5711672119321575 0.8208337322586384 0 0 0 -1 0 0 0 0 0 0
-2.9610042572021484 1.1084238290786743 -12.14229679107666 0.9612627097712642 0.2756338201368012 0 0 0 -1 0 0 0 0 0 0
-2.9685287475585938 1.410235047340393 -12.532059669494629 0.9738037896202347 -0.22738992792397283 0 0 0 -1 0 0 0 0 0 0
-2.745332717895508 1.7529855966567993 -12.986783027648926 0.6018079786688889 -0.7986408183973983 0 0 0 -1 0 0 0 0 0 0
-2.3543357849121094 1.8730570077896118 -13.441506385803223 -0.04984920202181818 -0.9987567557007001 0 0 0 -1 0 0 0 0 0 0
-1.9772377014160156 1.714647889137268 -13.89622974395752 -0.6783465038861805 -0.7347421456983368 0 0 0 -1 0 0 0 0 0 0
-1.7892818450927734 1.3513742685317993 -14.350953102111816 -0.9916075418987446 -0.12928450351658427 0 0 0 -1 0 0 0 0 0 0
-1.8778114318847656 0.9520517587661743 -14.805676460266113 -0.8440608746779314 0.5362473681407913 0 0 0 -1 0 0 0 0 0 0
-2.2016868591308594 0.7022501230239868 -15.26039981842041 -0.30426721439894217 0.9525867216384596 0 0 0 -1 0 0 0 0 0 0
-2.6103992462158203 0.7180544137954712 -15.715123176574707 0.3769213977636111 0.9262452482511994 0 0 0 -1 0 0 0 0 0 0
-2.9140167236328125 0.9921213388442993 -16.169845581054688 0.8829507148518497 0.46946569112407727 0 0 0 -1 0 0 0 0 0 0
-2.971445083618164 1.3970857858657837 -16.624568939208984 0.9786642705943616 -0.20546592287288465 0 0 0 -1 0 0 0 0 0 0
-2.7559967041015625 1.7447611093521118 -17.07929229736328 0.6195849909357583 -0.784929575826479 0 0 0 -1 0 0 0 0 0 0
-2.3677921295166016 1.8735758066177368 -17.534015655517578 -0.027426684128975257 -0.9996238177422992 0 0 0 -1 0 0 0 0 0 0
-1.9872360229492188 1.7236696481704712 -17.988739013671875 -0.6616847185501903 -0.7497821905307938 0 0 0 -1 0 0 0 0 0 0
-1.8028011322021484 1.4218584299087524 -18.378501892089844 -0.9690749813668661 -0.2467664492770599 0 0 0 -1 0 0 0 0 0 0
-1.846099853515625 1.0084749460220337 -18.823944091796875 -0.8969107394833971 0.4422116296518509 0 0 0 -1 0 0 0 0 0 0
-2.1476478576660156 0.7224222421646118 -19.269386291503906 -0.39433158124077883 0.9189682279796986 0 0 0 -1 0 0 0 0 0 0
-2.562734603881836 0.7009645700454712 -19.714832305908203 0.29747889025876517 0.9547283958542417 0 0 0 -1 0 0 0 0 0 0
-2.8921680450439453 0.9544054269790649 -20.160274505615234 0.8465355759416331 0.532332150696506 0 0 0 -1 0 0 0 0 0 0
-2.9778594970703125 1.3611170053482056 -20.605716705322266 0.9893553349512494 -0.1455198309630041 0 0 0 -1 0 0 0 0 0 0
-2.778684616088867 1.7259279489517212 -21.051162719726562 0.6573997947095371 -0.7535419762135739 0 0 0 -1 0 0 0 0 0 0
-2.390226364135742 1.8737741708755493 -21.496604919433594 0.00996864911101473 -0.9999503117829912 0 0 0 -1 0 0 0 0 0 0
-1.9872322082519531 1.7236696481704712 -21.886367797851562 -0.6616910259238478 -0.7497766242100681 0 0 0 -1 0 0 0 0 0 0
-1.7868175506591797 1.329283356666565 -22.387489318847656 -0.9957152096900155 -0.09247281325864658 0 0 0 -1 0 0 0 0 0 0
-1.9111804962158203 0.9047380685806274 -22.888614654541016 -0.7884421243486087 0.6151089468969323 0 0 0 -1 0 0 0 0 0 0
-2.292715072631836 0.6808267831802368 -23.38973617553711 -0.15255544019950043 0.9882949143173492 0 0 0 -1 0 0 0 0 0 0
-2.724008560180664 0.7792688608169556 -23.89086151123047 0.5662688074675654 0.8242206244017809 0 0 0 -1 0 0 0 0 0 0
-2.9705982208251953 1.1465555429458618 -24.391986846923828 0.9772534097233277 0.21207492351555762 0 0 0 -1 0 0 0 0 0 0
-2.8984336853027344 1.5830141305923462 -24.893108367919922 0.8569772146150517 -0.5153542991288882 0 0 0 -1 0 0 0 0 0 0
-2.546743392944336 1.851378083229065 -25.39423370361328 0.2708268045745457 -0.96262809117745 0 0 0 -1 0 0 0 0 0 0
-2.250730514526367 1.8587595224380493 -25.78399658203125 -0.22252395500626454 -0.9749272226419622 0 0 0 -1 0 0 0 0 0 0
-1.9097938537597656 1.64108145236969 -26.23529815673828 -0.7907529640577109 -0.6121354015525852 0 0 0 -1 0 0 0 0 0 0
-1.7844963073730469 1.2564798593521118 -26.686603546142578 -0.9995832260270164 0.028868222068956957 0 0 0 -1 0 0 0 0 0 0
-1.9317855834960938 0.8797479867935181 -27.137908935546875 -0.7541033742830208 0.6567557391412445 0 0 0 -1 0 0 0 0 0 0
-2.284717559814453 0.6821161508560181 -27.589214324951172 -0.16588344190110013 0.9861453664156439 0 0 0 -1 0 0 0 0 0 0
-2.6828842163085938 0.7534013986587524 -28.040515899658203 0.4977257745703 0.8673344529813138 0 0 0 -1 0 0 0 0 0 0
-2.945322036743164 1.0612131357192993 -28.4918212890625 0.9351246677507976 0.354318861710692 0 0 0 -1 0 0 0 0 0 0
-2.9527511596679688 1.4656435251235962 -28.943126678466797 0.9475060245184773 -0.319737913768747 0 0 0 -1 0 0 0 0 0 0
-2.7017955780029297 1.7828813791275024 -29.394432067871094 0.5292494093514876 -0.8484663002742662 0 0 0 -1 0 0 0 0 0 0
-2.3065147399902344 1.8687463998794556 -29.845733642578125 -0.12955358527661406 -0.9915724222375162 0 0 0 -1 0 0 0 0 0 0
-1.9465618133544922 1.6842066049575806 -30.297039031982422 -0.7294750963930148 -0.6840073711170092 0 0 0 -1 0 0 0 0 0 0
-1.7855377197265625 1.31313955783844 -30.74834442138672 -0.9978488350877118 -0.06555686321123379 0 0 0 -1 0 0 0 0 0 0
-1.8966255187988281 0.9241930246353149 -31.19964599609375 -0.8127008163984631 0.5826812018808152 0 0 0 -1 0 0 0 0 0 0
-2.229337692260742 0.6941438913345337 -31.650951385498047 -0.2581825144563177 0.9660961594111702 0 0 0 -1 0 0 0 0 0 0
-2.6324539184570312 0.7275491952896118 -32.102256774902344 0.4136765648063949 0.9104239121035764 0 0 0 -1 0 0 0 0 0 0
-2.922761917114258 1.0092264413833618 -32.55356216430664 0.8975278403596136 0.44095779364856197 0 0 0 -1 0 0 0 0 0 0
-2.9683151245117188 1.411150574684143 -33.00486373901367 0.9734464418727654 -0.2289148855038759 0 0 0 -1 0 0 0 0 0 0
-2.7484092712402344 1.7506510019302368 -33.45616912841797 0.6069371190873191 -0.7947498559131582 0 0 0 -1 0 0 0 0 0 0
-2.3629913330078125 1.8734270334243774 -33.907474517822266 -0.03542620122666019 -0.9993722951266202 0 0 0 -1 0 0 0 0 0 0
-1.9872360229492188 1.7236696481704712 -34.35877990722656 -0.6616847185501903 -0.7497821905307938 0 0 0 -1 0 0 0 0 0 0
-1.8028011322021484 1.4218584299087524 -34.74854278564453 -0.9690749813668661 -0.2467664492770599 0 0 0 -1 0 0 0 0 0 0
-1.8313159942626953 1.0408464670181274 -35.16828536987305 -0.9215510869909749 0.38825712365100606 0 0 0 -1 0 0 0 0 0 0
-2.0840492248535156 0.7543016672134399 -35.58803176879883 -0.5003306837869599 0.8658343992134252 0 0 0 -1 0 0 0 0 0 0
-2.4585132598876953 0.6784158945083618 -36.007774353027344 0.12377512501704949 0.9923102934198627 0 0 0 -1 0 0 0 0 0 0
-2.8028621673583984 0.8439623117446899 -36.427520751953125 0.6976904908594633 0.7163993153013766 0 0 0 -1 0 0 0 0 0 0
-2.9774608612060547 1.1838136911392212 -36.84726333618164 0.9886883452625778 0.1499845190076161 0 0 0 -1 0 0 0 0 0 0
-2.9115066528320312 1.5601526498794556 -37.26700973510742 0.8787662520886613 -0.47725242187970895 0 0 0 -1 0 0 0 0 0 0
-2.631746292114258 1.8203760385513306 -37.68675231933594 0.4125011412797367 -0.910957083754726 0 0 0 -1 0 0 0 0 0 0
-2.2516231536865234 1.8589617013931274 -38.10649871826172 -0.22104010653780706 -0.9752647185773484 0 0 0 -1 0 0 0 0 0 0
-1.9252815246582031 1.6602617502212524 -38.526241302490234 -0.7649414558789155 -0.6440998129776511 0 0 0 -1 0 0 0 0 0 0
-1.7850513458251953 1.3048502206802368 -38.945987701416016 -0.998660315694032 -0.05174527860487786 0 0 0 -1 0 0 0 0 0 0
-1.8877983093261719 0.9368463754653931 -39.36573028564453 -0.8274146097954242 0.5615915450726499 0 0 0 -1 0 0 0 0 0 0
-2.1918582916259766 0.7054849863052368 -39.78547668457031 -0.3206505334476018 0.9471975693590902 0 0 0 -1 0 0 0 0 0 0
-2.573932647705078 0.7045770883560181 -40.205223083496094 0.3161452994525382 0.9487107829228382 0 0 0 -1 0 0 0 0 0 0
-2.903493881225586 0.9731661081314087 -40.59498596191406 0.8654114340890511 0.5010619220694507 0 0 0 -1 0 0 0 0 0 0
-2.9729251861572266 1.3898073434829712 -41.06270217895508 0.98112999230885 -0.19334926478276454 0 0 0 -1 0 0 0 0 0 0
-2.750619888305664 1.7489572763442993 -41.53041458129883 0.6106169412062356 -0.7919261020524204 0 0 0 -1 0 0 0 0 0 0
-2.3467464447021484 1.8726297616958618 -41.998130798339844 -0.062499126258128805 -0.9980450186324114 0 0 0 -1 0 0 0 0 0 0
-1.9614582061767578 1.6995378732681274 -42.46584701538086 -0.7046482104822398 -0.7095568331459977 0 0 0 -1 0 0 0 0 0 0
-1.7856941223144531 1.31545889377594 -42.933563232421875 -0.997587006364624 -0.06942740620582016 0 0 0 -1 0 0 0 0 0 0
-1.9065628051757812 0.9107347726821899 -43.401275634765625 -0.7961397086286756 0.6051128525693761 0 0 0 -1 0 0 0 0 0 0
-2.264162063598633 0.6859422922134399 -43.86899185180664 -0.20014168744966268 0.9797669646118925 0 0 0 -1 0 0 0 0 0 0
-2.681272506713867 0.7524820566177368 -44.336708068847656 0.4950432374559867 0.868868340457342 0 0 0 -1 0 0 0 0 0 0
-2.951183319091797 1.0773760080337524 -44.80442428588867 0.9448931283975575 0.32737894847878796 0 0 0 -1 0 0 0 0 0 0
-2.9401321411132812 1.4996172189712524 -45.27214050292969 0.9264763575873388 -0.37635297106798216 0 0 0 -1 0 0 0 0 0 0
-2.653594970703125 1.8099466562271118 -45.73985290527344 0.448918181367939 -0.8935728657682608 0 0 0 -1 0 0 0 0 0 0
-2.2335739135742188 1.8545747995376587 -46.20756912231445 -0.25111907249501236 -0.9679562032598606 0 0 0 -1 0 0 0 0 0 0
-1.888223648071289 1.6113840341567993 -46.67528533935547 -0.8267061754520847 -0.5626338947036404 0 0 0 -1 0 0 0 0 0 0
-1.7886924743652344 1.2008920907974243 -47.143001556396484 -0.9925889298274373 0.12152043607567636 0 0 0 -1 0 0 0 0 0 0
-1.9843063354492188 0.8265367746353149 -47.6107177734375 -0.6665716512487674 0.7454409659734913 0 0 0 -1 0 0 0 0 0 0
-2.378122329711914 0.6738344430923462 -48.07843017578125 -0.01020996104371772 0.9999478769893386 0 0 0 -1 0 0 0 0 0 0
-2.774974822998047 0.8184648752212524 -48.546146392822266 0.6512107569356208 0.7588969297943797 0 0 0 -1 0 0 0 0 0 0
-2.9781875610351562 1.1887537240982056 -49.01386260986328 0.9899025408990236 0.14174963676022923 0 0 0 -1 0 0 0 0 0 0
-2.887056350708008 1.6011911630630493 -49.4815788269043 0.8380151460605153 -0.5456469691780328 0 0 0 -1 0 0 0 0 0 0
-2.546743392944336 1.851378083229065 -49.94929504394531 0.2708268045745457 -0.96262809117745 0 0 0 -1 0 0 0 0 0 0
-2.250730514526367 1.8587595224380493 -50.33905792236328 -0.22252395500626454 -0.9749272226419622 0 0 0 -1 0 0 0 0 0 0
-1.9148788452148438 1.6475588083267212 -50.78450012207031 -0.7822799420524259 -0.6229270360663866 0 0 0 -1 0 0 0 0 0 0
-1.7842483520507812 1.2729440927505493 -51.229942321777344 -0.9999989848187457 0.001424907533190626 0 0 0 -1 0 0 0 0 0 0
-1.9159507751464844 0.8987032175064087 -51.675384521484375 -0.7804943136481093 0.625162879866493 0 0 0 -1 0 0 0 0 0 0
-2.2524051666259766 0.6884676218032837 -52.12083053588867 -0.21973912080192062 0.9755586700907327 0 0 0 -1 0 0 0 0 0 0
-2.646505355834961 0.7341524362564087 -52.5662727355957 0.4370964066108054 0.8994146603919247 0 0 0 -1 0 0 0 0 0 0
-2.9259376525878906 1.0157877206802368 -53.011714935302734 0.9028153032257836 0.43002852028829003 0 0 0 -1 0 0 0 0 0 0
-2.9685287475585938 1.410235047340393 -53.45716094970703 0.9738037896202347 -0.22738992792397283 0 0 0 -1 0 0 0 0 0 0
-2.790149688720703 1.71566641330719 -53.846923828125 0.6765066609095607 -0.7364365130444013 0 0 0 -1 0 0 0 0 0 0
-2.412656784057617 1.8731294870376587 -54.3016471862793 0.04735272295968375 -0.998878230630893 0 0 0 -1 0 0 0 0 0 0
-2.021961212158203 1.7520815134048462 -54.756370544433594 -0.6038060594772556 -0.7971312580363092 0 0 0 -1 0 0 0 0 0 0
-1.7996234893798828 1.408770203590393 -55.21109390258789 -0.9743719043693595 -0.22494308608096364 0 0 0 -1 0 0 0 0 0 0
-1.8489665985107422 1.0027376413345337 -55.66581726074219 -0.8921334612222498 0.45177194176664914 0 0 0 -1 0 0 0 0 0 0
-2.1470584869384766 0.7226740121841431 -56.12053680419922 -0.3953149231131389 0.9185456502341367 0 0 0 -1 0 0 0 0 0 0
-2.5553760528564453 0.6987253427505493 -56.575260162353516 0.28521543508075575 0.9584634346659737 0 0 0 -1 0 0 0 0 0 0
-2.884166717529297 0.9420191049575806 -57.02998352050781 0.8331998115981367 0.5529720372250566 0 0 0 -1 0 0 0 0 0 0
-2.980640411376953 1.339495301246643 -57.48470687866211 0.9939876201528103 -0.109492515648115 0 0 0 -1 0 0 0 0 0 0
-2.7999629974365234 1.7064462900161743 -57.939430236816406 0.6928573232509919 -0.7210747046024224 0 0 0 -1 0 0 0 0 0 0
-2.4260997772216797 1.8723398447036743 -58.3941535949707 0.06975275907995108 -0.9975643100074973 0 0 0 -1 0 0 0 0 0 0
-2.032787322998047 1.760088562965393 -58.848876953125 -0.5857658019882032 -0.8104803669559905 0 0 0 -1 0 0 0 0 0 0
-1.8028011322021484 1.4218584299087524 -59.3036003112793 -0.9690749813668661 -0.2467664492770599 0 0 0 -1 0 0 0 0 0 0
-1.8631420135498047 0.9763971567153931 -59.693363189697266 -0.868507459013595 0.4956760975049621 0 0 0 -1 0 0 0 0 0 0
-2.1786346435546875 0.7101312875747681 -60.13880920410156 -0.3426806725138526 0.9394519448516 0 0 0 -1 0 0 0 0 0 0
-2.5914669036865234 0.7107225656509399 -60.584251403808594 0.3453673746344141 0.9384675681866328 0 0 0 -1 0 0 0 0 0 0
-2.906198501586914 0.9778848886489868 -61.029693603515625 0.8699186983068643 0.4931951523850279 0 0 0 -1 0 0 0 0 0 0
-2.973825454711914 1.3851419687271118 -61.475135803222656 0.9826324448921289 -0.18556259926320684 0 0 0 -1 0 0 0 0 0 0
-2.7623348236083984 1.7396875619888306 -61.92058181762695 0.6301507030240985 -0.776472853020783 0 0 0 -1 0 0 0 0 0 0
-2.3718490600585938 1.873674988746643 -62.366024017333984 -0.020661058342499396 -0.9997865375509754 0 0 0 -1 0 0 0 0 0 0
-1.9872322082519531 1.7236696481704712 -62.811466217041016 -0.6616910259238478 -0.7497766242100681 0 0 0 -1 0 0 0 0 0 0
-1.7986297607421875 1.4043909311294556 -63.201229095458984 -0.9760268154889394 -0.2176503054133395 0 0 0 -1 0 0 0 0 0 0
-1.8213481903076172 1.066088318824768 -63.59099197387695 -0.9381626394130083 0.34619483244210586 0 0 0 -1 0 0 0 0 0 0
-2.023824691772461 0.7941194772720337 -63.98075485229492 -0.6007034683171607 0.799471915173844 0 0 0 -1 0 0 0 0 0 0
-2.341402053833008 0.6753336191177368 -64.37052154541016 -0.07140731317542735 0.9974472395194977 0 0 0 -1 0 0 0 0 0 0
-2.6726627349853516 0.7476679086685181 -64.76028442382812 0.4806968201456991 0.8768868610612282 0 0 0 -1 0 0 0 0 0 0
-2.911815643310547 0.9880243539810181 -65.1500473022461 0.8792832541700072 0.4762992325589055 0 0 0 -1 0 0 0 0 0 0
-2.982494354248047 1.319639801979065 -65.53981018066406 0.9970776382657317 -0.07639491652218015 0 0 0 -1 0 0 0 0 0 0
-2.86212158203125 1.6366182565689087 -65.92957305908203 0.7964566731375342 -0.6046955993015749 0 0 0 -1 0 0 0 0 0 0
-2.589141845703125 1.8377329111099243 -66.3193359375 0.34149351544505585 -0.9398841305761991 0 0 0 -1 0 0 0 0 0 0
-2.250730514526367 1.8587595224380493 -66.70909881591797 -0.22252395500626454 -0.9749272226419622 0 0 0 -1 0 0 0 0 0 0
-1.9872360229492188 1.7236696481704712 -67.09886169433594 -0.6616847185501903 -0.7497821905307938 0 0 0 -1 0 0 0 0 0 0
-1.7915878295898438 1.3673654794692993 -67.52759552001953 -0.9877678317832467 -0.15593174947464533 0 0 0 -1 0 0 0 0 0 0
-1.8679542541503906 0.9681192636489868 -67.95633697509766 -0.8604862942487732 0.5094735885303711 0 0 0 -1 0 0 0 0 0 0
-2.1812877655029297 0.7091737985610962 -68.38507843017578 -0.33826610724082007 0.941050498481427 0 0 0 -1 0 0 0 0 0 0
-2.5877723693847656 0.7093759775161743 -68.81381225585938 0.33920908991381094 0.9407110041451859 0 0 0 -1 0 0 0 0 0 0
-2.9008445739746094 0.9686380624771118 -69.2425537109375 0.8609956512618879 0.5086123165124076 0 0 0 -1 0 0 0 0 0 0
-2.9768123626708984 1.3679605722427368 -69.67129516601562 0.9876097061536633 -0.15693013831343874 0 0 0 -1 0 0 0 0 0 0
-2.7808074951171875 1.7240701913833618 -70.10002899169922 0.6609309680483056 -0.7504467039535384 0 0 0 -1 0 0 0 0 0 0
-2.402790069580078 1.8735147714614868 -70.52877044677734 0.030904791615075464 -0.9995223328446587 0 0 0 -1 0 0 0 0 0 0
-2.016263961791992 1.74770987033844 -70.95751190185547 -0.6133042552818918 -0.7898467512455338 0 0 0 -1 0 0 0 0 0 0
-1.7986297607421875 1.4043909311294556 -71.3862533569336 -0.9760268154889394 -0.2176503054133395 0 0 0 -1 0 0 0 0 0 0
-1.8204307556152344 1.068590760231018 -71.77601623535156 -0.93969248736894 0.3420205098855549 0 0 0 -1 0 0 0 0 0 0
-2.9480628967285156 -1.070985198020935 -71.77601623535156 0.93969248736894 -0.3420205098855549 0 0 0 1 0 0 0 0 0 0
-2.977693557739258 -1.3646329641342163 -71.3862533569336 0.9890779833848764 0.14739315717938326 0 0 0 1 0 0 0 0 0 0
-2.806119918823242 -1.7028402090072632 -70.96650695800781 0.7031210361805974 0.7110701853406054 0 0 0 1 0 0 0 0 0 0
-2.4660072326660156 -1.8705991506576538 -70.54676055908203 0.13626968178505536 0.9906717790601486 0 0 0 1 0 0 0 0 0 0
-2.093231201171875 -1.8008970022201538 -70.12701416015625 -0.48502837292666373 0.8744984147819327 0 0 0 1 0 0 0 0 0 0
-1.8367156982421875 -1.5215734243392944 -69.707275390625 -0.9125533648339017 0.4089576461326086 0 0 0 1 0 0 0 0 0 0
-1.798940658569336 -1.1442235708236694 -69.28752899169922 -0.9755083745755156 -0.21996229479852994 0 0 0 1 0 0 0 0 0 0
-1.9949970245361328 -0.8195966482162476 -68.86778259277344 -0.6487521247623167 -0.7609997901552795 0 0 0 1 0 0 0 0 0 0
-2.3465576171875 -0.6773809194564819 -68.44803619384766 -0.06281344712253133 -0.9980252856819735 0 0 0 1 0 0 0 0 0 0
-2.713176727294922 -0.7743963003158569 -68.02828979492188 0.5482157269341836 -0.8363369636348883 0 0 0 1 0 0 0 0 0 0
-2.9483871459960938 -1.0718778371810913 -67.60855102539062 0.9402303016431813 -0.34053924865127133 0 0 0 1 0 0 0 0 0 0
-2.958223342895508 -1.450990080833435 -67.18880462646484 0.9566262423710734 0.29131809488426963 0 0 0 1 0 0 0 0 0 0
-2.7387542724609375 -1.760266661643982 -66.76905822753906 0.590850628036579 0.806780971112222 0 0 0 1 0 0 0 0 0 0
-2.3776588439941406 -1.876160979270935 -66.34931182861328 -0.01097854683593466 0.9999397339386865 0 0 0 1 0 0 0 0 0 0
-2.019197463989258 -1.7523664236068726 -65.92957305908203 -0.6084181175764412 0.793616654440127 0 0 0 1 0 0 0 0 0 0
-1.81439208984375 -1.4639867544174194 -65.53981018066406 -0.9497582170547402 0.3129845509557953 0 0 0 1 0 0 0 0 0 0
-1.8171634674072266 -1.0801938772201538 -65.12220764160156 -0.9451379703005987 -0.32667142069067634 0 0 0 1 0 0 0 0 0 0
-2.0519771575927734 -0.7766011953353882 -64.70460510253906 -0.5537832942648925 -0.8326608331086092 0 0 0 1 0 0 0 0 0 0
-2.422748565673828 -0.6774343252182007 -64.28699493408203 0.06417124680425844 -0.9979389014782354 0 0 0 1 0 0 0 0 0 0
-2.7777652740478516 -0.8232702016830444 -63.8693962097168 0.6558618557830062 -0.7548809350678233 0 0 0 1 0 0 0 0 0 0
-2.971761703491211 -1.1544355154037476 -63.4517936706543 0.9791908946762201 -0.20294135059958485 0 0 0 1 0 0 0 0 0 0
-2.9253578186035156 -1.5354245901107788 -63.03418731689453 0.9018505482991533 0.4320481321942225 0 0 0 1 0 0 0 0 0 0
-2.657541275024414 -1.8103421926498413 -62.61658477783203 0.4554924510622854 0.8902396458399678 0 0 0 1 0 0 0 0 0 0
-2.2778968811035156 -1.8666967153549194 -62.19898223876953 -0.17724819724079469 0.9841661834135984 0 0 0 1 0 0 0 0 0 0
-1.9417686462402344 -1.6814321279525757 -61.78137969970703 -0.737461672621758 0.6753889852625072 0 0 0 1 0 0 0 0 0 0
-1.7866954803466797 -1.3303502798080444 -61.36377716064453 -0.9959190080547171 0.09025147863225533 0 0 0 1 0 0 0 0 0 0
-1.876129150390625 -0.9571126699447632 -60.94617462158203 -0.8468668391530549 -0.53180499879459 0 0 0 1 0 0 0 0 0 0
-2.1734752655029297 -0.7144368886947632 -60.52857208251953 -0.35128204877722013 -0.936269684549745 0 0 0 1 0 0 0 0 0 0
-2.5570640563964844 -0.7016233205795288 -60.110965728759766 0.2880261412473375 -0.9576225467052082 0 0 0 1 0 0 0 0 0 0
-2.8699417114257812 -0.9239171743392944 -59.693363189697266 0.8094879286684037 -0.5871365201894168 0 0 0 1 0 0 0 0 0 0
-2.9783401489257812 -1.360181212425232 -59.3036003112793 0.9901547702152433 0.13997689459335394 0 0 0 1 0 0 0 0 0 0
-2.7901344299316406 -1.7180761098861694 -58.85387420654297 0.6764802688894368 0.7364607564583977 0 0 0 1 0 0 0 0 0 0
-2.4175777435302734 -1.8752721548080444 -58.40414810180664 0.05555390760078186 0.9984556892272604 0 0 0 1 0 0 0 0 0 0
-2.0298805236816406 -1.7603734731674194 -57.95442199707031 -0.5906063219686818 0.806959833232501 0 0 0 1 0 0 0 0 0 0
-1.8031368255615234 -1.4255651235580444 -57.504695892333984 -0.9685182105911581 0.24894271580687202 0 0 0 1 0 0 0 0 0 0
-1.8403282165527344 -1.0229123830795288 -57.054969787597656 -0.9065299495513918 -0.42214150538220147 0 0 0 1 0 0 0 0 0 0
-2.1245651245117188 -0.7353032827377319 -56.60524368286133 -0.4328038334488028 -0.9014881262401747 0 0 0 1 0 0 0 0 0 0
-2.5267486572265625 -0.6933645009994507 -56.155517578125 0.23750331982377615 -0.9713867268357567 0 0 0 1 0 0 0 0 0 0
-2.864208221435547 -0.9161466360092163 -55.70579147338867 0.7999360432070536 -0.6000852662565904 0 0 0 1 0 0 0 0 0 0
-2.983671188354492 -1.3024572134017944 -55.256065368652344 0.9990417190672033 0.04376806556437202 0 0 0 1 0 0 0 0 0 0
-2.830881118774414 -1.6768430471420288 -54.806339263916016 0.7443938490507803 0.6677408161070914 0 0 0 1 0 0 0 0 0 0
-2.475231170654297 -1.8692601919174194 -54.35661315917969 0.15163857557354646 0.988436008246374 0 0 0 1 0 0 0 0 0 0
-2.078256607055664 -1.7923063039779663 -53.90688705444336 -0.5099867521918525 0.8601822554486962 0 0 0 1 0 0 0 0 0 0
-1.820261001586914 -1.4809430837631226 -53.45716094970703 -0.9399737900733004 0.34124664683368666 0 0 0 1 0 0 0 0 0 0
-1.7910213470458984 -1.1862844228744507 -53.06739807128906 -0.988707017371453 -0.14986138195160711 0 0 0 1 0 0 0 0 0 0
-1.988351821899414 -0.8253453969955444 -52.612674713134766 -0.6598261279659658 -0.7514183128281083 0 0 0 1 0 0 0 0 0 0
-2.3717727661132812 -0.6763280630111694 -52.15795135498047 -0.02079026238629059 -0.9997838591365181 0 0 0 1 0 0 0 0 0 0
-2.7610549926757812 -0.8092778921127319 -51.70322799682617 0.6280142617073906 -0.7782018292783186 0 0 0 1 0 0 0 0 0 0
-2.9732208251953125 -1.1617025136947632 -51.248504638671875 0.9816240891415406 -0.19082491351246783 0 0 0 1 0 0 0 0 0 0
-2.908540725708008 -1.567944884300232 -50.79378128051758 0.8738204764829457 0.4862486759664418 0 0 0 1 0 0 0 0 0 0
-2.5974178314208984 -1.8370527029037476 -50.33905792236328 0.35528325052826726 0.9347586917991555 0 0 0 1 0 0 0 0 0 0
-2.297300338745117 -1.8698629140853882 -49.94929504394531 -0.14490835427962642 0.9894450812753431 0 0 0 1 0 0 0 0 0 0
-1.9142036437988281 -1.6491063833236694 -49.46208953857422 -0.7834029251093128 0.6215141647059804 0 0 0 1 0 0 0 0 0 0
-1.7863636016845703 -1.2258390188217163 -48.97488784790039 -0.9964712730064862 -0.08393451061889133 0 0 0 1 0 0 0 0 0 0
-1.9832019805908203 -0.8299192190170288 -48.4876823425293 -0.6684060389230942 -0.743796589889426 0 0 0 1 0 0 0 0 0 0
-2.3978271484375 -0.6763509511947632 -48.00048065185547 0.022635771691097668 -0.9997437780951419 0 0 0 1 0 0 0 0 0 0
-2.8050765991210938 -0.8485273122787476 -47.513275146484375 0.7013813858381959 -0.7127861892599292 0 0 0 1 0 0 0 0 0 0
-2.983797073364258 -1.2529500722885132 -47.02607345581055 0.9992492609664559 -0.03874163726524412 0 0 0 1 0 0 0 0 0 0
-2.8369312286376953 -1.669995665550232 -46.53886795043945 0.7544741073577239 0.6563298113957384 0 0 0 1 0 0 0 0 0 0
-2.4442367553710938 -1.8731893301010132 -46.051666259765625 0.09998471208562766 0.9949889734811909 0 0 0 1 0 0 0 0 0 0
-2.033597946166992 -1.7630704641342163 -45.661903381347656 -0.5844134893536541 0.8114560206576118 0 0 0 1 0 0 0 0 0 0
-1.8031501770019531 -1.4256147146224976 -45.20127487182617 -0.9684978807682965 0.24902179612901076 0 0 0 1 0 0 0 0 0 0
-1.8422355651855469 -1.0188573598861694 -44.74064254760742 -0.9033541283324964 -0.4288954637491938 0 0 0 1 0 0 0 0 0 0
-2.1327285766601562 -0.7314618825912476 -44.28001403808594 -0.4191994049197069 -0.9078941892726066 0 0 0 1 0 0 0 0 0 0
-2.5398826599121094 -0.6967328786849976 -43.81938552856445 0.25939161632359975 -0.9657722243785178 0 0 0 1 0 0 0 0 0 0
-2.874849319458008 -0.9307836294174194 -43.35875701904297 0.8176665611091091 -0.5756921007309407 0 0 0 1 0 0 0 0 0 0
-2.9822540283203125 -1.3250516653060913 -42.898128509521484 0.9966797678118375 0.0814213757838923 0 0 0 1 0 0 0 0 0 0
-2.8122825622558594 -1.696656584739685 -42.4375 0.7133952741525752 0.7007618588484766 0 0 0 1 0 0 0 0 0 0
-2.4437713623046875 -1.8732389211654663 -41.976871490478516 0.09920933894598347 0.9950665842374072 0 0 0 1 0 0 0 0 0 0
-2.047649383544922 -1.772889494895935 -41.51624298095703 -0.5609940079944533 0.8278198614398661 0 0 0 1 0 0 0 0 0 0
-1.8076553344726562 -1.4421552419662476 -41.05561447143555 -0.960985259019943 0.27659958775524834 0 0 0 1 0 0 0 0 0 0
-1.8351058959960938 -1.0344442129135132 -40.59498596191406 -0.91523461145068 -0.4029213397211957 0 0 0 1 0 0 0 0 0 0
-2.137918472290039 -0.7290929555892944 -40.205223083496094 -0.410542877244731 -0.9118412942741833 0 0 0 1 0 0 0 0 0 0
-2.522970199584961 -0.6924527883529663 -39.76673889160156 0.23120439001761517 -0.9729052009505256 0 0 0 1 0 0 0 0 0 0
-2.850370407104492 -0.8984044790267944 -39.32825469970703 0.776877376211694 -0.62965192156495 0 0 0 1 0 0 0 0 0 0
-2.9840641021728516 -1.261353850364685 -38.8897705078125 0.9996939355640648 -0.02473934510918681 0 0 0 1 0 0 0 0 0 0
-2.868488311767578 -1.6304715871810913 -38.451290130615234 0.8070672304433258 0.5904595545374294 0 0 0 1 0 0 0 0 0 0
-2.551675796508789 -1.8523648977279663 -38.0128059387207 0.2790490125281864 0.9602768603934201 0 0 0 1 0 0 0 0 0 0
-2.165285110473633 -1.8348172903060913 -37.57432174682617 -0.36493717986551333 0.9310321448541966 0 0 0 1 0 0 0 0 0 0
-1.8698883056640625 -1.5851224660873413 -37.13583755493164 -0.8572661378629982 0.514873546488319 0 0 0 1 0 0 0 0 0 0
-1.7882442474365234 -1.2070478200912476 -36.697357177734375 -0.9933366548682695 -0.11524881819401211 0 0 0 1 0 0 0 0 0 0
-1.95428466796875 -0.8577092885971069 -36.258872985839844 -0.7166013367532701 -0.6974829920244839 0 0 0 1 0 0 0 0 0 0
-2.2990036010742188 -0.6822828054428101 -35.82038879394531 -0.14207475936966538 -0.9898559302999865 0 0 0 1 0 0 0 0 0 0
-2.679149627685547 -0.7536710500717163 -35.38190460205078 0.49150242172167974 -0.8708762078744166 0 0 0 1 0 0 0 0 0 0
-2.9367408752441406 -1.04220712184906 -34.943424224853516 0.9208213166539759 -0.3899847468756159 0 0 0 1 0 0 0 0 0 0
-2.964731216430664 -1.4279836416244507 -34.504940032958984 0.9674712751849798 0.25298089195026 0 0 0 1 0 0 0 0 0 0
-2.7514877319335938 -1.7506803274154663 -34.06645584106445 0.6120661516735107 0.7908065667251246 0 0 0 1 0 0 0 0 0 0
-2.385629653930664 -1.8761953115463257 -33.62797164916992 0.0023056407429950703 0.9999973420068496 0 0 0 1 0 0 0 0 0 0
-2.019197463989258 -1.7523664236068726 -33.189491271972656 -0.6084181175764412 0.793616654440127 0 0 0 1 0 0 0 0 0 0
-1.81439208984375 -1.4639867544174194 -32.79972839355469 -0.9497582170547402 0.3129845509557953 0 0 0 1 0 0 0 0 0 0
-1.8262672424316406 -1.0556119680404663 -32.36665725708008 -0.9299694626912585 -0.3676367751758957 0 0 0 1 0 0 0 0 0 0
-2.0968494415283203 -0.7495092153549194 -31.93358612060547 -0.47900108978850164 -0.8778143060929389 0 0 0 1 0 0 0 0 0 0
-2.500680923461914 -0.6876043081283569 -31.500518798828125 0.19405730505081875 -0.980990194831943 0 0 0 1 0 0 0 0 0 0
-2.8505306243896484 -0.8985990285873413 -31.067447662353516 0.7771355133721027 -0.6293332931411451 0 0 0 1 0 0 0 0 0 0
-2.9841861724853516 -1.284669280052185 -30.634376525878906 0.9999002285899985 0.014125610275974058 0 0 0 1 0 0 0 0 0 0
-2.8396835327148438 -1.666810393333435 -30.201309204101562 0.7590601578244207 0.6510204887740212 0 0 0 1 0 0 0 0 0 0
-2.4840164184570312 -1.8678449392318726 -29.768238067626953 0.16628178036700936 0.9860782775814392 0 0 0 1 0 0 0 0 0 0
-2.08209228515625 -1.7945646047592163 -29.335166931152344 -0.503587077947905 0.8639444744449092 0 0 0 1 0 0 0 0 0 0
-1.820261001586914 -1.4809430837631226 -28.902099609375 -0.9399737900733004 0.34124664683368666 0 0 0 1 0 0 0 0 0 0
-1.7910213470458984 -1.1862844228744507 -28.51233673095703 -0.988707017371453 -0.14986138195160711 0 0 0 1 0 0 0 0 0 0
-1.9956035614013672 -0.8190816640853882 -28.039051055908203 -0.6477402571949639 -0.7618612466906306 0 0 0 1 0 0 0 0 0 0
-2.3909378051757812 -0.6762365102767944 -27.56576919555664 0.01115243183959276 -0.9999378096982148 0 0 0 1 0 0 0 0 0 0
-2.782987594604492 -0.8278592824935913 -27.092483520507812 0.6645675087116861 -0.7472282291005494 0 0 0 1 0 0 0 0 0 0
-2.979330062866211 -1.199536681175232 -26.61920166015625 0.9918038455311902 -0.1277698399057585 0 0 0 1 0 0 0 0 0 0
-2.883596420288086 -1.608838438987732 -26.145919799804688 0.8322504689050866 0.5543998169257126 0 0 0 1 0 0 0 0 0 0
-2.542774200439453 -1.8548749685287476 -25.67263412475586 0.26421470307972506 0.9644638876995305 0 0 0 1 0 0 0 0 0 0
-2.1241455078125 -1.8168882131576538 -25.199352264404297 -0.43350034797563547 0.9011533988755759 0 0 0 1 0 0 0 0 0 0
-1.8331775665283203 -1.51352059841156 -24.72606658935547 -0.9184492388130262 0.3955388675260281 0 0 0 1 0 0 0 0 0 0
-1.81268310546875 -1.093671202659607 -24.252784729003906 -0.9526050568868462 -0.30420980522266 0 0 0 1 0 0 0 0 0 0
-2.072721481323242 -0.7634099721908569 -23.779499053955078 -0.5192076537202778 -0.8546481219298876 0 0 0 1 0 0 0 0 0 0
-2.4856605529785156 -0.6848310232162476 -23.306217193603516 0.16902578597064621 -0.9856116292318213 0 0 0 1 0 0 0 0 0 0
-2.8488235473632812 -0.8965047597885132 -22.832935333251953 0.77429461376763 -0.6328252927075818 0 0 0 1 0 0 0 0 0 0
-2.983966827392578 -1.294537901878357 -22.359649658203125 0.9995325180428011 0.030573605855665865 0 0 0 1 0 0 0 0 0 0
-2.824756622314453 -1.6835683584213257 -21.886367797851562 0.734184585000388 0.6789499209424862 0 0 0 1 0 0 0 0 0 0
-2.4442367553710938 -1.8731893301010132 -21.496604919433594 0.09998471208562766 0.9949889734811909 0 0 0 1 0 0 0 0 0 0
-2.069242477416992 -1.7868551015853882 -21.06786346435547 -0.5250107621957645 0.8510955878035219 0 0 0 1 0 0 0 0 0 0
-1.8238143920898438 -1.4904760122299194 -20.63912582397461 -0.9340535410755426 0.3571330038014402 0 0 0 1 0 0 0 0 0 0
-1.8089046478271484 -1.1059621572494507 -20.21038818359375 -0.95890579846083 -0.28372463706593815 0 0 0 1 0 0 0 0 0 0
-2.0306434631347656 -0.7914670705795288 -19.781646728515625 -0.5893378750674279 -0.8078866684201498 0 0 0 1 0 0 0 0 0 0
-2.3978271484375 -0.6763509511947632 -19.352909088134766 0.022635771691097668 -0.9997437780951419 0 0 0 1 0 0 0 0 0 0
-2.7594242095947266 -0.8079656362533569 -18.92416763305664 0.625296895128744 -0.7803869507765698 0 0 0 1 0 0 0 0 0 0
-2.966705322265625 -1.13217294216156 -18.49542999267578 0.9707619924146009 -0.24004406696111907 0 0 0 1 0 0 0 0 0 0
-2.934408187866211 -1.5156186819076538 -18.066692352294922 0.9169380091831102 0.39902968224846974 0 0 0 1 0 0 0 0 0 0
-2.6758174896240234 -1.8005880117416382 -17.637950897216797 0.4859505979424162 0.8739862792741132 0 0 0 1 0 0 0 0 0 0
-2.297300338745117 -1.8698629140853882 -17.209213256835938 -0.14490835427962642 0.9894450812753431 0 0 0 1 0 0 0 0 0 0
-2.019197463989258 -1.7523664236068726 -16.81945037841797 -0.6084181175764412 0.793616654440127 0 0 0 1 0 0 0 0 0 0
-1.7914810180664062 -1.3690847158432007 -16.343074798583984 -0.9879442351672711 0.15481016826990265 0 0 0 1 0 0 0 0 0 0
-1.8910408020019531 -0.9345144033432007 -15.86669635772705 -0.8220132188316487 -0.5694684083125525 0 0 0 1 0 0 0 0 0 0
-2.262908935546875 -0.6885961294174194 -15.390320777893066 -0.20223031615263187 -0.9793379902918127 0 0 0 1 0 0 0 0 0 0
-2.7017688751220703 -0.7671025991439819 -14.913945198059082 0.529207024099441 -0.8484927375315677 0 0 0 1 0 0 0 0 0 0
-2.965320587158203 -1.1266874074935913 -14.437565803527832 0.9684548422269568 -0.2491891220883449 0 0 0 1 0 0 0 0 0 0
-2.908050537109375 -1.5688222646713257 -13.961190223693848 0.8730058675475068 0.4877097038481245 0 0 0 1 0 0 0 0 0 0
-2.5615806579589844 -1.8493932485580444 -13.484814643859863 0.29555549670935055 0.9553255719203215 0 0 0 1 0 0 0 0 0 0
-2.1172008514404297 -1.8134931325912476 -13.008435249328613 -0.44507608043079594 0.8954927596738901 0 0 0 1 0 0 0 0 0 0
-1.820261001586914 -1.4809430837631226 -12.532059669494629 -0.9399737900733004 0.34124664683368666 0 0 0 1 0 0 0 0 0 0
-1.7910213470458984 -1.1862844228744507 -12.14229679107666 -0.988707017371453 -0.14986138195160711 0 0 0 1 0 0 0 0 0 0
-1.9812545776367188 -0.8316777944564819 -11.692570686340332 -0.671652437320545 -0.7408663870370765 0 0 0 1 0 0 0 0 0 0
-2.352762222290039 -0.6770261526107788 -11.242844581604004 -0.052474623060331516 -0.9986222578806643 0 0 0 1 0 0 0 0 0 0
-2.738431930541992 -0.7918905019760132 -10.793118476867676 0.5903074192113706 -0.8071785123651467 0 0 0 1 0 0 0 0 0 0
-2.964780807495117 -1.1246083974838257 -10.343392372131348 0.9675586255291204 -0.252646603310235 0 0 0 1 0 0 0 0 0 0
-2.9299964904785156 -1.525514006614685 -9.89366626739502 0.909578689177707 0.41553171743413786 0 0 0 1 0 0 0 0 0 0
-2.649721145629883 -1.814271330833435 -9.443940162658691 0.4424546155794864 0.8967908971172761 0 0 0 1 0 0 0 0 0 0
-2.250030517578125 -1.86099374294281 -8.994210243225098 -0.2236937211691776 0.9746594888008255 0 0 0 1 0 0 0 0 0 0
-1.9107131958007812 -1.6446622610092163 -8.54448413848877 -0.789220799506915 0.6141095420408855 0 0 0 1 0 0 0 0 0 0
-1.7844009399414062 -1.2625898122787476 -8.094758033752441 -0.9997428886692062 -0.022675020514897604 0 0 0 1 0 0 0 0 0 0
-1.9279098510742188 -0.8866361379623413 -7.645031452178955 -0.7605578807907151 -0.6492701363586165 0 0 0 1 0 0 0 0 0 0
-2.2766895294189453 -0.6859182119369507 -7.195309162139893 -0.1792630808062994 -0.9838011729307066 0 0 0 1 0 0 0 0 0 0
-2.673849105834961 -0.7507146596908569 -6.745579242706299 0.4826679837212642 -0.8758034125820986 0 0 0 1 0 0 0 0 0 0
-2.9407405853271484 -1.0518888235092163 -6.295856952667236 0.9274884122620052 -0.3738519026562586 0 0 0 1 0 0 0 0 0 0
-2.9573097229003906 -1.4539579153060913 -5.846127033233643 0.955105033380185 0.29626740490954356 0 0 0 1 0 0 0 0 0 0
-2.716104507446289 -1.7760671377182007 -5.396397113800049 0.5530964793093521 0.8331172093862901 0 0 0 1 0 0 0 0 0 0
-2.32562255859375 -1.8733266592025757 -4.946674823760986 -0.09770728433864659 0.9952151961194959 0 0 0 1 0 0 0 0 0 0
-1.9615116119384766 -1.7019857168197632 -4.496944904327393 -0.7045581367156825 0.7096462724398163 0 0 0 1 0 0 0 0 0 0
-1.7875556945800781 -1.3391164541244507 -4.04722261428833 -0.9944858856416965 0.10487050710018826 0 0 0 1 0 0 0 0 0 0
-1.8820018768310547 -0.9479421377182007 -3.5974929332733154 -0.8370714891800755 -0.5470935221713479 0 0 0 1 0 0 0 0 0 0
-2.2023696899414062 -0.7044271230697632 -3.147770643234253 -0.3031263187251429 -0.9529503842782914 0 0 0 1 0 0 0 0 0 0
-2.6045494079589844 -0.7181066274642944 -2.698040723800659 0.3671726656043689 -0.9301528012283692 0 0 0 1 0 0 0 0 0 0
-2.9076309204101562 -0.9828237295150757 -2.2483184337615967 0.8723079244973236 -0.48895693558755415 0 0 0 1 0 0 0 0 0 0
-2.9752864837646484 -1.3795064687728882 -1.7985883951187134 0.985065976371137 0.17217729872424734 0 0 0 1 0 0 0 0 0 0
-2.777078628540039 -1.729718565940857 -1.3488661050796509 0.6547201436142142 0.7558713736779443 0 0 0 1 0 0 0 0 0 0
-2.4021682739257812 -1.875928282737732 -0.8991361856460571 0.02986690209482332 0.9995538845701407 0 0 0 1 0 0 0 0 0 0
-2.019197463989258 -1.7523664236068726 -0.449413925409317 -0.6084181175764412 0.793616654440127 0 0 0 1 0 0 0 0 0 0
-1.81439208984375 -1.4639867544174194 -0.05965103581547737 -0.9497582170547402 0.3129845509557953 0 0 0 1 0 0 0 0 0 0
-1.8287639617919922 -1.0493978261947632 0.38579878211021423 -0.9258044572419791 -0.3780027869617955 0 0 0 1 0 0 0 0 0 0
-2.108673095703125 -0.7432264089584351 0.8312410116195679 -0.45928983496741055 -0.8882864670226653 0 0 0 1 0 0 0 0 0 0
-2.5203170776367188 -0.6918309926986694 1.2766832113265991 0.22678305148909977 -0.9739453000848111 0 0 0 1 0 0 0 0 0 0
-2.866912841796875 -0.9197820425033569 1.7221254110336304 0.8044437424825922 -0.5940288420443917 0 0 0 1 0 0 0 0 0 0
-2.9827804565429688 -1.3181089162826538 2.167567491531372 0.9975572239714056 0.06985402567113148 0 0 0 1 0 0 0 0 0 0
-2.812530517578125 -1.6964048147201538 2.6130096912384033 0.7138065375732853 0.7003429352236218 0 0 0 1 0 0 0 0 0 0
-2.4375476837158203 -1.8738263845443726 3.0584518909454346 0.0888371260943524 0.9960461661124429 0 0 0 1 0 0 0 0 0 0
-2.0370845794677734 -1.7655614614486694 3.503901720046997 -0.5786067896569538 0.8156066349428955 0 0 0 1 0 0 0 0 0 0
-1.8025760650634766 -1.4233678579330444 3.9493439197540283 -0.9694508975404681 0.24528546075538402 0 0 0 1 0 0 0 0 0 0
-1.8461246490478516 -1.0108197927474976 4.394786357879639 -0.8968663589554396 -0.44230163256991556 0 0 0 1 0 0 0 0 0 0
-2.146913528442383 -0.7251332998275757 4.84022855758667 -0.3955551019316638 -0.9184422471423181 0 0 0 1 0 0 0 0 0 0
-2.5611534118652344 -0.7028707265853882 5.285670757293701 0.2948418416271819 -0.9555460681860879 0 0 0 1 0 0 0 0 0 0
-2.890827178955078 -0.9546750783920288 5.731112957000732 0.8442977430043723 -0.535874352024542 0 0 0 1 0 0 0 0 0 0
-2.9783401489257812 -1.360181212425232 6.176555156707764 0.9901547702152433 0.13997689459335394 0 0 0 1 0 0 0 0 0 0
-2.8435630798339844 -1.6622403860092163 6.566318035125732 0.7655259145883191 0.6434050622226387 0 0 0 1 0 0 0 0 0 0
-2.499725341796875 -1.8649801015853882 7.008052349090576 0.19246191451572467 0.9813044438200318 0 0 0 1 0 0 0 0 0 0
-2.1047801971435547 -1.8071378469467163 7.44978666305542 -0.46578134504712065 0.8848998466527697 0 0 0 1 0 0 0 0 0 0
-1.8335208892822266 -1.5143178701400757 7.891513347625732 -0.9178737161755768 0.39687257546224675 0 0 0 1 0 0 0 0 0 0
-1.8059978485107422 -1.1161092519760132 8.333247184753418 -0.9637477334744159 -0.26681511618146037 0 0 0 1 0 0 0 0 0 0
-2.034395217895508 -0.7887510061264038 8.77497386932373 -0.5830886997508471 -0.8124084983694264 0 0 0 1 0 0 0 0 0 0
-2.4176273345947266 -0.6771253347396851 9.216708183288574 0.05563282519509794 -0.9984512951370295 0 0 0 1 0 0 0 0 0 0
-2.7860870361328125 -0.8306363821029663 9.658442497253418 0.6697342576186978 -0.7426008511791053 0 0 0 1 0 0 0 0 0 0
-2.9767017364501953 -1.1813405752182007 10.10016918182373 0.9874236128509702 -0.1580968335683463 0 0 0 1 0 0 0 0 0 0
-2.905109405517578 -1.5740255117416382 10.541903495788574 0.8681036380297488 0.496382990884574 0 0 0 1 0 0 0 0 0 0
-2.602996826171875 -1.834901213645935 10.983630180358887 0.3645812464626664 0.9311715817870132 0 0 0 1 0 0 0 0 0 0
-2.204071044921875 -1.8485044240951538 11.42536449432373 -0.3002962722882451 0.9538459775298023 0 0 0 1 0 0 0 0 0 0
-1.8848857879638672 -1.6088231801986694 11.867098808288574 -0.8322677189021191 0.5543739208092884 0 0 0 1 0 0 0 0 0 0
-1.7867069244384766 -1.221925139427185 12.308825492858887 -0.9959006981888887 -0.09045329925925431 0 0 0 1 0 0 0 0 0 0
-1.9529838562011719 -0.8590520620346069 12.75055980682373 -0.7187755701457482 -0.6952421734630707 0 0 0 1 0 0 0 0 0 0
-2.3101272583007812 -0.6807950735092163 13.192286491394043 -0.12353483672749675 -0.99234023606559 0 0 0 1 0 0 0 0 0 0
-2.7000732421875 -0.7660459280014038 13.634020805358887 0.5263775964056407 -0.8502509194362687 0 0 0 1 0 0 0 0 0 0
-2.950244903564453 -1.0770810842514038 14.07575511932373 0.9433299534659373 -0.3318562925333083 0 0 0 1 0 0 0 0 0 0
-2.9499168395996094 -1.476239562034607 14.517481803894043 0.9427834323157407 0.3334057584250027 0 0 0 1 0 0 0 0 0 0
-2.699237823486328 -1.7868627309799194 14.959216117858887 0.5249894942802142 0.8511087068614706 0 0 0 1 0 0 0 0 0 0
-2.309152603149414 -1.8714803457260132 15.4009428024292 -0.12515593659547924 0.9921370830358618 0 0 0 1 0 0 0 0 0 0
-1.952301025390625 -1.692639708518982 15.842677116394043 -0.7199081620060402 0.6940693324712486 0 0 0 1 0 0 0 0 0 0
-1.7866191864013672 -1.3294919729232788 16.284412384033203 -0.9960471145689016 0.0888264913129262 0 0 0 1 0 0 0 0 0 0
-1.8854312896728516 -0.9427579641342163 16.726139068603516 -0.8313592051478491 -0.5557354334716627 0 0 0 1 0 0 0 0 0 0
-2.205007553100586 -0.7035955190658569 17.16787338256836 -0.2987355647634904 -0.9543359274099651 0 0 0 1 0 0 0 0 0 0
-2.603912353515625 -0.7178548574447632 17.609600067138672 0.3661094963291698 -0.9305717794440155 0 0 0 1 0 0 0 0 0 0
-2.9055957794189453 -0.9792226552963257 18.051334381103516 0.8689169037621687 -0.49495799251690636 0 0 0 1 0 0 0 0 0 0
-2.9765453338623047 -1.3720258474349976 18.493061065673828 0.9871636270412382 0.15971215810572284 0 0 0 1 0 0 0 0 0 0
-2.7853565216064453 -1.7224172353744507 18.934795379638672 0.6685152010747194 0.7436984778336093 0 0 0 1 0 0 0 0 0 0
-2.416646957397461 -1.8753217458724976 19.376529693603516 0.05400035316076679 0.9985409164668779 0 0 0 1 0 0 0 0 0 0
-2.033597946166992 -1.7630704641342163 19.818256378173828 -0.5844134893536541 0.8114560206576118 0 0 0 1 0 0 0 0 0 0
-1.820261001586914 -1.4809430837631226 20.208019256591797 -0.9399737900733004 0.34124664683368666 0 0 0 1 0 0 0 0 0 0
-1.8305606842041016 -1.045045256614685 20.709148406982422 -0.9228114798364571 -0.3852518302124576 0 0 0 1 0 0 0 0 0 0
-2.1332569122314453 -0.7312177419662476 21.210269927978516 -0.4183152384573618 -0.9083019108613394 0 0 0 1 0 0 0 0 0 0
-2.5684986114501953 -0.7051900625228882 21.71139144897461 0.30708981355507314 -0.95168053800144 0 0 0 1 0 0 0 0 0 0
-2.9064388275146484 -0.9807065725326538 22.212512969970703 0.8703185581632911 -0.49248919512672545 0 0 0 1 0 0 0 0 0 0
-2.9686126708984375 -1.4122709035873413 22.713642120361328 0.9739425333524183 0.22679493320414695 0 0 0 1 0 0 0 0 0 0
-2.722188949584961 -1.771973967552185 23.214763641357422 0.5632344662866661 0.8262971233078176 0 0 0 1 0 0 0 0 0 0
-2.297300338745117 -1.8698629140853882 23.715885162353516 -0.14490835427962642 0.9894450812753431 0 0 0 1 0 0 0 0 0 0
-2.019197463989258 -1.7523664236068726 24.105648040771484 -0.6084181175764412 0.793616654440127 0 0 0 1 0 0 0 0 0 0
-1.8010845184326172 -1.4173444509506226 24.548084259033203 -0.9719366833786235 0.23524260562866048 0 0 0 1 0 0 0 0 0 0
-1.8418560028076172 -1.0196584463119507 24.990520477294922 -0.9039816822964446 -0.4275711848014199 0 0 0 1 0 0 0 0 0 0
-2.1234092712402344 -0.7358602285385132 25.43294906616211 -0.4347299262354936 -0.9005608759186035 0 0 0 1 0 0 0 0 0 0
-2.5207557678222656 -0.6919339895248413 25.875385284423828 0.22751441533372854 -0.9737747125569403 0 0 0 1 0 0 0 0 0 0
-2.857501983642578 -0.9073766469955444 26.317813873291016 0.7887567704715089 -0.6147054229753919 0 0 0 1 0 0 0 0 0 0
-2.9841575622558594 -1.2865499258041382 26.760250091552734 0.9998511053221733 0.017255931908427852 0 0 0 1 0 0 0 0 0 0
-2.8444957733154297 -1.6611264944076538 27.202686309814453 0.7670866079337455 0.6415435573121284 0 0 0 1 0 0 0 0 0 0
-2.5005149841308594 -1.8648236989974976 27.64511489868164 0.19378208551074771 0.9810445980357393 0 0 0 1 0 0 0 0 0 0
-2.104921340942383 -1.8072141408920288 28.08755111694336 -0.46553694575060206 0.885028447080206 0 0 0 1 0 0 0 0 0 0
-1.8333263397216797 -1.513867735862732 28.529987335205078 -0.9182025714914269 0.3961111431234056 0 0 0 1 0 0 0 0 0 0
-1.8063030242919922 -1.1150144338607788 28.972415924072266 -0.9632393888169164 -0.2686445231744241 0 0 0 1 0 0 0 0 0 0
-2.0358428955078125 -0.7877134084701538 29.414852142333984 -0.5806702496350525 -0.814138846382339 0 0 0 1 0 0 0 0 0 0
-2.4200515747070312 -0.6772664785385132 29.857288360595703 0.059677643613798376 -0.9982177011317244 0 0 0 1 0 0 0 0 0 0
-2.7883644104003906 -0.8327001333236694 30.29971694946289 0.6735273235468187 -0.7391623261746091 0 0 0 1 0 0 0 0 0 0
-2.9772777557373047 -1.1850141286849976 30.74215316772461 0.9883849241064555 -0.15197118739773013 0 0 0 1 0 0 0 0 0 0
-2.9029293060302734 -1.5778096914291382 31.184589385986328 0.864469260046267 0.5026856855283025 0 0 0 1 0 0 0 0 0 0
-2.5983219146728516 -1.8367093801498413 31.627017974853516 0.35679138453389614 0.9341840867422145 0 0 0 1 0 0 0 0 0 0
-2.198680877685547 -1.8467801809310913 32.069454193115234 -0.30927709937818215 0.9509719637298557 0 0 0 1 0 0 0 0 0 0
-1.881418228149414 -1.6035550832748413 32.51189041137695 -0.8380508172778852 0.5455921807173086 0 0 0 1 0 0 0 0 0 0
-1.787374496459961 -1.2150052785873413 32.95431900024414 -0.994785759150222 -0.10198673145030443 0 0 0 1 0 0 0 0 0 0
-1.9583015441894531 -0.8536237478256226 33.39675521850586 -0.7099145434391146 -0.70428782540495 0 0 0 1 0 0 0 0 0 0
-2.3183155059814453 -0.6798299551010132 33.83918380737305 -0.10988598452879546 -0.9939441988382133 0 0 0 1 0 0 0 0 0 0
-2.707599639892578 -0.7707837820053101 34.281620025634766 0.5389229947020447 -0.8423550354698307 0 0 0 1 0 0 0 0 0 0
-2.953338623046875 -1.0861066579818726 34.724056243896484 0.9484884558815554 -0.31681169337545445 0 0 0 1 0 0 0 0 0 0
-2.946439743041992 -1.4858144521713257 35.16648483276367 0.9369884842098236 0.349360244530166 0 0 0 1 0 0 0 0 0 0
-2.6899681091308594 -1.7924665212631226 35.60892105102539 0.5095364935359585 0.8604490465768906 0 0 0 1 0 0 0 0 0 0
-2.297779083251953 -1.869935393333435 36.05135726928711 -0.1441107443115533 0.9895615662372758 0 0 0 1 0 0 0 0 0 0
-1.9439735412597656 -1.6838239431381226 36.4937858581543 -0.7337909184244311 0.6793753660811007 0 0 0 1 0 0 0 0 0 0
-1.7856197357177734 -1.3167585134506226 36.936222076416016 -0.9977125887515537 0.06759874441639709 0 0 0 1 0 0 0 0 0 0
-1.8930130004882812 -0.9316838979721069 37.378658294677734 -0.8187224199415372 -0.5741895149557096 0 0 0 1 0 0 0 0 0 0
-2.2184791564941406 -0.6995519399642944 37.82108688354492 -0.276278926229281 -0.9610774968344621 0 0 0 1 0 0 0 0 0 0
-2.617532730102539 -0.7234052419662476 38.26352310180664 0.38880423023420135 -0.9213203951677126 0 0 0 1 0 0 0 0 0 0
-2.913026809692383 -0.9926618337631226 38.70595932006836 0.8812981830658725 -0.4725605913793402 0 0 0 1 0 0 0 0 0 0
-2.9737796783447266 -1.38778817653656 39.14838790893555 0.982551908063087 0.18598856943798153 0 0 0 1 0 0 0 0 0 0
-2.7728214263916016 -1.7333730459213257 39.590824127197266 0.6476220396313815 0.7619617403673818 0 0 0 1 0 0 0 0 0 0
-2.399364471435547 -1.87600839138031 40.03325271606445 0.02519373800544378 0.9996825874072796 0 0 0 1 0 0 0 0 0 0
-2.019197463989258 -1.7523664236068726 40.47568893432617 -0.6084181175764412 0.793616654440127 0 0 0 1 0 0 0 0 0 0
-1.81439208984375 -1.4639867544174194 40.86545181274414 -0.9497582170547402 0.3129845509557953 0 0 0 1 0 0 0 0 0 0
-1.8586864471435547 -0.9867376089096069 41.385135650634766 -0.8759317327481637 -0.48243507290079923 0 0 0 1 0 0 0 0 0 0
-2.2383594512939453 -0.6942037343978882 41.90481948852539 -0.2431480411150168 -0.9699891907139636 0 0 0 1 0 0 0 0 0 0
-2.711130142211914 -0.7730611562728882 42.424503326416016 0.5448069294391188 -0.8385615121355852 0 0 0 1 0 0 0 0 0 0
-2.9753036499023438 -1.172986388206482 42.94418716430664 0.9850934362991384 -0.1720201202195704 0 0 0 1 0 0 0 0 0 0
-2.862302780151367 -1.638776183128357 43.463871002197266 0.7967618691760338 0.6042934087238688 0 0 0 1 0 0 0 0 0 0
-2.4442367553710938 -1.8731893301010132 43.98355484008789 0.09998471208562766 0.9949889734811909 0 0 0 1 0 0 0 0 0 0
-2.033597946166992 -1.7630704641342163 44.37331771850586 -0.5844134893536541 0.8114560206576118 0 0 0 1 0 0 0 0 0 0
-1.8029060363769531 -1.424664855003357 44.83185958862305 -0.9689031752631657 0.2474401684548312 0 0 0 1 0 0 0 0 0 0
-1.8430805206298828 -1.0170873403549194 45.290409088134766 -0.9019470178945175 -0.4318467053378859 0 0 0 1 0 0 0 0 0 0
-2.1354026794433594 -0.7302335500717163 45.74895095825195 -0.414741451180065 -0.9099392994442286 0 0 0 1 0 0 0 0 0 0
-2.543668746948242 -0.6977666616439819 46.20749282836914 0.2657053652511036 -0.9640542821214879 0 0 0 1 0 0 0 0 0 0
-2.877655029296875 -0.9348081350326538 46.66604232788086 0.8223480697831236 -0.5689847556165024 0 0 0 1 0 0 0 0 0 0
-2.9817466735839844 -1.330914855003357 47.12458419799805 0.9958331659459598 0.09119378050090146 0 0 0 1 0 0 0 0 0 0
-2.807443618774414 -1.7015279531478882 47.583133697509766 0.705326223106281 0.7088828669100621 0 0 0 1 0 0 0 0 0 0
-2.4359569549560547 -1.873963713645935 48.04167556762695 0.08618442824314516 0.9962791999878359 0 0 0 1 0 0 0 0 0 0
-2.0403785705566406 -1.767884612083435 48.50021743774414 -0.5731136533380252 0.8194758937012985 0 0 0 1 0 0 0 0 0 0
-1.8050193786621094 -1.43271005153656 48.95876693725586 -0.9653775211859655 0.26085674533897035 0 0 0 1 0 0 0 0 0 0
-1.8395404815673828 -1.024609923362732 49.41730880737305 -0.9078424460379935 -0.4193114512766767 0 0 0 1 0 0 0 0 0 0
-2.127859115600586 -0.7337354421615601 49.875850677490234 -0.42731258868795996 -0.9041039495261562 0 0 0 1 0 0 0 0 0 0
-2.5356369018554688 -0.6956113576889038 50.33440017700195 0.2523147919046062 -0.9676452065639221 0 0 0 1 0 0 0 0 0 0
-2.8728771209716797 -0.9280027151107788 50.79294204711914 0.8143826447286118 -0.5803282760342042 0 0 0 1 0 0 0 0 0 0
-2.9824485778808594 -1.3226293325424194 51.25148391723633 0.9970006517727227 0.07739315450843151 0 0 0 1 0 0 0 0 0 0
-2.8132972717285156 -1.6956228017807007 51.71003341674805 0.7150805715666567 0.6990420417742438 0 0 0 1 0 0 0 0 0 0
-2.4442367553710938 -1.8731893301010132 52.168575286865234 0.09998471208562766 0.9949889734811909 0 0 0 1 0 0 0 0 0 0
-2.033597946166992 -1.7630704641342163 52.5583381652832 -0.5844134893536541 0.8114560206576118 0 0 0 1 0 0 0 0 0 0
-1.8127727508544922 -1.4590009450912476 52.9805793762207 -0.9524576214444801 0.30467110029066347 0 0 0 1 0 0 0 0 0 0
-1.8161277770996094 -1.0832189321517944 53.402828216552734 -0.9468637317230693 -0.32163500050128835 0 0 0 1 0 0 0 0 0 0
-2.042346954345703 -0.7831395864486694 53.825069427490234 -0.5698302870216002 -0.821762401179855 0 0 0 1 0 0 0 0 0 0
-2.402688980102539 -0.6764806509017944 54.247310638427734 0.03073631015711774 -0.9995275280040693 0 0 0 1 0 0 0 0 0 0
-2.755796432495117 -0.8050817251205444 54.669551849365234 0.6192520558340326 -0.7851922639362439 0 0 0 1 0 0 0 0 0 0
-2.9631500244140625 -1.1184934377670288 55.091800689697266 0.9648383503660851 -0.26284397969679957 0 0 0 1 0 0 0 0 0 0
-2.943408966064453 -1.4937680959701538 55.514041900634766 0.9319367504011519 0.36262086709363706 0 0 0 1 0 0 0 0 0 0
-2.704317092895508 -1.7836965322494507 55.936283111572266 0.5334517149147574 0.8458305195809055 0 0 0 1 0 0 0 0 0 0
-2.3396663665771484 -1.8745397329330444 56.358524322509766 -0.0743021043508826 0.9972357781833895 0 0 0 1 0 0 0 0 0 0
-1.9925041198730469 -1.7306607961654663 56.780765533447266 -0.6529024455004241 0.7574420087766229 0 0 0 1 0 0 0 0 0 0
-1.7990169525146484 -1.4085057973861694 57.203006744384766 -0.9753842825259685 0.22051190761793737 0 0 0 1 0 0 0 0 0 0
-1.8351058959960938 -1.0344442129135132 57.625247955322266 -0.91523461145068 -0.4029213397211957 0 0 0 1 0 0 0 0 0 0
-2.137918472290039 -0.7290929555892944 58.015018463134766 -0.410542877244731 -0.9118412942741833 0 0 0 1 0 0 0 0 0 0
-2.506542205810547 -0.6887944936752319 58.44375991821289 0.20382252823210997 -0.9790078533827349 0 0 0 1 0 0 0 0 0 0
-2.8284530639648438 -0.8728612661361694 58.872501373291016 0.7403435450281406 -0.6722287076101149 0 0 0 1 0 0 0 0 0 0
-2.980691909790039 -1.2109884023666382 59.30124282836914 0.9940762193722855 -0.1086851879443723 0 0 0 1 0 0 0 0 0 0
-2.905111312866211 -1.5740255117416382 59.7299690246582 0.8681050202675152 0.49638057353842613 0 0 0 1 0 0 0 0 0 0
-2.6305770874023438 -1.8233007192611694 60.15871047973633 0.4105517416650817 0.9118373031499468 0 0 0 1 0 0 0 0 0 0
-2.261953353881836 -1.8636029958724976 60.58745193481445 -0.20382252823210997 0.9790078533827349 0 0 0 1 0 0 0 0 0 0
-1.940042495727539 -1.67953622341156 61.01619338989258 -0.7403410099677382 0.6722314995297003 0 0 0 1 0 0 0 0 0 0
-1.787801742553711 -1.3414090871810913 61.4449348449707 -0.9940762193722855 0.1086851879443723 0 0 0 1 0 0 0 0 0 0
-1.863382339477539 -0.9783719778060913 61.87367630004883 -0.8681050202675152 -0.49638057353842613 0 0 0 1 0 0 0 0 0 0
-2.1379146575927734 -0.7290967702865601 62.30240249633789 -0.41055640594886594 -0.9118352030571917 0 0 0 1 0 0 0 0 0 0
-2.488910675048828 -0.6853955984115601 62.69217300415039 0.17443718263608435 -0.9846683042090799 0 0 0 1 0 0 0 0 0 0
-2.846099853515625 -0.8931936025619507 63.14690017700195 0.7697525818913421 -0.6383423553796291 0 0 0 1 0 0 0 0 0 0
-2.984212875366211 -1.282666563987732 63.60161209106445 0.9999418714391113 0.010782102895437658 0 0 0 1 0 0 0 0 0 0
-2.8377342224121094 -1.669068694114685 64.05633544921875 0.7558143801499114 0.654785936591956 0 0 0 1 0 0 0 0 0 0
-2.4761486053466797 -1.8691190481185913 64.51106262207031 0.15316996833960222 0.9881998587324555 0 0 0 1 0 0 0 0 0 0
-2.0709705352783203 -1.7879194021224976 64.96578979492188 -0.5221219661112132 0.8528708299057726 0 0 0 1 0 0 0 0 0 0
-1.81439208984375 -1.4639867544174194 65.42050170898438 -0.9497582170547402 0.3129845509557953 0 0 0 1 0 0 0 0 0 0
-1.8351058959960938 -1.0344442129135132 65.81027221679688 -0.91523461145068 -0.4029213397211957 0 0 0 1 0 0 0 0 0 0
-2.074361801147461 -0.7624181509017944 66.20002746582031 -0.5164776308419993 -0.8563006813262708 0 0 0 1 0 0 0 0 0 0
-2.4265899658203125 -0.6776937246322632 66.58979797363281 0.07057168958935564 -0.9975067100669065 0 0 0 1 0 0 0 0 0 0
-2.7633800506591797 -0.8111623525619507 66.97955322265625 0.6318893248096488 -0.7750586308090543 0 0 0 1 0 0 0 0 0 0
-2.961954116821289 -1.11416757106781 67.36932373046875 0.962847112889916 -0.27004710181661534 0 0 0 1 0 0 0 0 0 0
-2.9499168395996094 -1.476239562034607 67.75907897949219 0.9427840559005092 0.3334039950867199 0 0 0 1 0 0 0 0 0 0
-2.731657028198242 -1.7653859853744507 68.14884948730469 0.5790167991532394 0.8153156114648712 0 0 0 1 0 0 0 0 0 0
-2.3867435455322266 -1.87619149684906 68.53860473632812 0.004162516671662915 0.9999913366899524 0 0 0 1 0 0 0 0 0 0
-2.0409202575683594 -1.768262267112732 68.92837524414062 -0.5722116938118297 0.8201059550234938 0 0 0 1 0 0 0 0 0 0
-1.820261001586914 -1.4809430837631226 69.31813049316406 -0.9399737900733004 0.34124664683368666 0 0 0 1 0 0 0 0 0 0
-1.7910213470458984 -1.1862844228744507 69.70790100097656 -0.988707017371453 -0.14986138195160711 0 0 0 1 0 0 0 0 0 0
-2.0295543670654297 -0.7922643423080444 70.22758483886719 -0.5911583810755925 -0.8065554962208642 0 0 0 1 0 0 0 0 0 0
-2.477109909057617 -0.6834272146224976 70.74726867675781 0.1547701243431447 -0.9879505091910259 0 0 0 1 0 0 0 0 0 0
-2.8699417114257812 -0.9239171743392944 71.26695251464844 0.8094879286684037 -0.5871365201894168 0 0 0 1 0 0 0 0 0 0
-2.9783401489257812 -1.360181212425232 71.65670776367188 0.9901547702152433 0.13997689459335394 0 0 0 1 0 0 0 0 0 0
0.4055652320384979 -2.403142213821411 71.65670776367188 -0.9690780085885609 -0.2467545607887096 0 0 0 -1 0 0 0 0 0 0
0.34522244334220886 -2.8486034870147705 71.26695251464844 -0.868507467089651 0.49567608335436014 0 0 0 -1 0 0 0 0 0 0
0.09384150803089142 -3.0871517658233643 70.87718200683594 -0.4495412882410661 0.8932595536385619 0 0 0 -1 0 0 0 0 0 0
-0.24752049148082733 -3.1469051837921143 70.4874267578125 0.11940049235176835 0.99284617258977 0 0 0 -1 0 0 0 0 0 0
-0.5649834275245667 -3.0079243183135986 70.09765625 0.6485039506641473 0.7612112886531526 0 0 0 -1 0 0 0 0 0 0
-0.7526398301124573 -2.7165768146514893 69.70790100097656 0.9612627164306681 0.27563379691237605 0 0 0 -1 0 0 0 0 0 0
-0.7601643204689026 -2.4147655963897705 69.31813049316406 0.9738037941524882 -0.22738990851446897 0 0 0 -1 0 0 0 0 0 0
-0.5746937394142151 -2.102921724319458 68.92837524414062 0.6646834698532711 -0.7471250798252028 0 0 0 -1 0 0 0 0 0 0
-0.24338535964488983 -1.9550069570541382 68.53860473632812 0.11250567106695802 -0.9936510826128927 0 0 0 -1 0 0 0 0 0 0
0.1126079112291336 -2.0251057147979736 68.14884948730469 -0.4808157686165831 -0.8768216447200903 0 0 0 -1 0 0 0 0 0 0
0.36310574412345886 -2.287583589553833 67.75907897949219 -0.8983096845732356 -0.43936284617834237 0 0 0 -1 0 0 0 0 0 0
0.41650769114494324 -2.6464626789093018 67.36932373046875 -0.9873156311673543 0.1587697844446753 0 0 0 -1 0 0 0 0 0 0
0.2532825171947479 -2.9705021381378174 66.97955322265625 -0.7152747177164064 0.6988433860284543 0 0 0 -1 0 0 0 0 0 0
-0.06687931716442108 -3.1412136554718018 66.58979797363281 -0.18166899674174572 0.9833597386627375 0 0 0 -1 0 0 0 0 0 0
-0.4269008934497833 -3.096165895462036 66.20002746582031 0.41836541753203005 0.9082787993855468 0 0 0 -1 0 0 0 0 0 0
-0.6951294541358948 -2.851834535598755 65.81027221679688 0.865412864515003 0.5010594514944681 0 0 0 -1 0 0 0 0 0 0
-0.7639828324317932 -2.432297945022583 65.42050170898438 0.9801692405042909 -0.1981622062080499 0 0 0 -1 0 0 0 0 0 0
-0.5948143601417542 -2.1216671466827393 65.03074645996094 0.6982189471470266 -0.715884279646437 0 0 0 -1 0 0 0 0 0 0
-0.2800598442554474 -1.960309386253357 64.64097595214844 0.17362885840216802 -0.9848111593244462 0 0 0 -1 0 0 0 0 0 0
0.07089991867542267 -2.004300355911255 64.251220703125 -0.4113068285248899 -0.9114969516179399 0 0 0 -1 0 0 0 0 0 0
0.33609768748283386 -2.238347291946411 63.861454010009766 -0.8533025039377695 -0.52141618384313 0 0 0 -1 0 0 0 0 0 0
0.4233722388744354 -2.5811169147491455 63.47169876098633 -0.998755652315508 0.049871304051771835 0 0 0 -1 0 0 0 0 0 0
0.30239102244377136 -2.913487672805786 63.08192825317383 -0.7971197339545113 0.6038212730107219 0 0 0 -1 0 0 0 0 0 0
0.015201526693999767 -3.1199581623077393 62.69217300415039 -0.3184685681681874 0.9479334212321584 0 0 0 -1 0 0 0 0 0 0
-0.3383941948413849 -3.128770112991333 62.30240249633789 0.27085568089589884 0.9626199666152884 0 0 0 -1 0 0 0 0 0 0
-0.6355133652687073 -2.936864137649536 61.91264724731445 0.7660534571513847 0.6427768670280628 0 0 0 -1 0 0 0 0 0 0
-0.7729015946388245 -2.6109325885772705 61.52287673950195 0.9950311906139657 0.09956369672402578 0 0 0 -1 0 0 0 0 0 0
-0.7028122544288635 -2.264237642288208 61.133121490478516 0.8782122664561428 -0.4782710685855513 0 0 0 -1 0 0 0 0 0 0
-0.4496040642261505 -2.01727032661438 60.743350982666016 0.4562025257262804 -0.8898759776064091 0 0 0 -1 0 0 0 0 0 0
-0.10127072036266327 -1.955853819847107 60.35359573364258 -0.12435375657566362 -0.9922379468784294 0 0 0 -1 0 0 0 0 0 0
0.22113223373889923 -2.1013309955596924 59.96382522583008 -0.6616878672499485 -0.7497794117833686 0 0 0 -1 0 0 0 0 0 0
0.40973469614982605 -2.420609712600708 59.57406997680664 -0.9760292009343235 -0.2176396078922814 0 0 0 -1 0 0 0 0 0 0
0.3850650489330292 -2.764127016067505 59.18429946899414 -0.9349125760999705 0.35487811294882193 0 0 0 -1 0 0 0 0 0 0
0.17557330429553986 -3.0374882221221924 58.7945442199707 -0.5857567832138788 0.8104868850998942 0 0 0 -1 0 0 0 0 0 0
-0.14971737563610077 -3.1506283283233643 58.4047737121582 -0.04360495661184155 0.9990488515377411 0 0 0 -1 0 0 0 0 0 0
-0.4836273491382599 -3.0662624835968018 58.015018463134766 0.5129092661236396 0.8584428255419865 0 0 0 -1 0 0 0 0 0 0
-0.7161408066749573 -2.8121960163116455 57.625247955322266 0.9004310471669267 0.43499876930615766 0 0 0 -1 0 0 0 0 0 0
-0.7706490159034729 -2.4721310138702393 57.23549270629883 0.9912795643745985 -0.1317756625986236 0 0 0 -1 0 0 0 0 0 0
-0.6291924118995667 -2.1581203937530518 56.84572219848633 0.7555171397985242 -0.6551288815726699 0 0 0 -1 0 0 0 0 0 0
-0.3383770287036896 -1.9736188650131226 56.45596694946289 0.2708239303602314 -0.9626288998073123 0 0 0 -1 0 0 0 0 0 0
-0.04236606881022453 -1.9662412405014038 56.06620407104492 -0.22252647554409016 -0.974926647334006 0 0 0 -1 0 0 0 0 0 0
0.2607726752758026 -2.1396992206573486 55.67644119262695 -0.7277601263481092 -0.685831756699691 0 0 0 -1 0 0 0 0 0 0
0.41595837473869324 -2.4525845050811768 55.286678314208984 -0.9864008985261457 -0.16435713366572396 0 0 0 -1 0 0 0 0 0 0
0.37060925364494324 -2.7988827228546143 54.896915435791016 -0.910819142929295 0.4128056308646295 0 0 0 -1 0 0 0 0 0 0
0.1400889903306961 -3.0612576007843018 54.50715255737305 -0.5266222548571942 0.8500994063573533 0 0 0 -1 0 0 0 0 0 0
-0.19749073684215546 -3.1508076190948486 54.11738967895508 0.03601528530863354 0.9993512391667596 0 0 0 -1 0 0 0 0 0 0
-0.5277500748634338 -3.0371906757354736 53.72762680053711 0.586449590444684 0.809985726952804 0 0 0 -1 0 0 0 0 0 0
-0.7387848496437073 -2.7589008808135986 53.33786392211914 0.9381712823131314 0.3461714099155715 0 0 0 -1 0 0 0 0 0 0
-0.7590885758399963 -2.4102375507354736 52.94810104370117 0.9720125013100052 -0.2349291324997126 0 0 0 -1 0 0 0 0 0 0
-0.5817833542823792 -2.1093342304229736 52.5583381652832 0.6765036660006851 -0.7364392642218591 0 0 0 -1 0 0 0 0 0 0
-0.18186192214488983 -1.9512265920639038 52.168575286865234 0.009968652605987375 -0.9999503117481494 0 0 0 -1 0 0 0 0 0 0
0.1602000743150711 -2.0541584491729736 51.778812408447266 -0.560139780587904 -0.828398108522065 0 0 0 -1 0 0 0 0 0 0
0.38313862681388855 -2.3332645893096924 51.3890495300293 -0.9317046289627304 -0.3632168558443023 0 0 0 -1 0 0 0 0 0 0
0.40793415904045105 -2.6896145343780518 50.99928665161133 -0.9730252379206238 0.23069869173775845 0 0 0 -1 0 0 0 0 0 0
0.2257957011461258 -2.996903657913208 50.60952377319336 -0.6694629541981173 0.7428454435185889 0 0 0 -1 0 0 0 0 0 0
-0.09871678054332733 -3.146214723587036 50.21976089477539 -0.12861103871484983 0.9916951148012616 0 0 0 -1 0 0 0 0 0 0
-0.4505806267261505 -3.084622621536255 49.82999801635742 0.4578270790170061 0.8890412621013469 0 0 0 -1 0 0 0 0 0 0
-0.705076277256012 -2.8339550495147705 49.44023513793945 0.8819933618060027 0.4712618271514738 0 0 0 -1 0 0 0 0 0 0
-0.772001326084137 -2.483067750930786 49.050472259521484 0.9935317696704103 -0.11355449200970898 0 0 0 -1 0 0 0 0 0 0
-0.627632200717926 -2.156327486038208 48.660709381103516 0.7529168482015796 -0.658115658295865 0 0 0 -1 0 0 0 0 0 0
-0.3231411278247833 -1.9695485830307007 48.27094650268555 0.24543058455348632 -0.9694141675082607 0 0 0 -1 0 0 0 0 0 0
0.03354640677571297 -1.988934874534607 47.88118362426758 -0.3490509024216235 -0.937103765609044 0 0 0 -1 0 0 0 0 0 0
0.31600186228752136 -2.2076122760772705 47.49142074584961 -0.8198057953643414 -0.5726416487534237 0 0 0 -1 0 0 0 0 0 0
0.42411038279533386 -2.5480740070343018 47.10165786743164 -0.999986449080129 -0.005205925096911576 0 0 0 -1 0 0 0 0 0 0
0.3195514380931854 -2.8896420001983643 46.71189498901367 -0.8257243898911449 0.5640737823537771 0 0 0 -1 0 0 0 0 0 0
0.039388615638017654 -3.1112492084503174 46.3221321105957 -0.35878285223435713 0.9334210544778705 0 0 0 -1 0 0 0 0 0 0
-0.3170776665210724 -3.1343472003936768 45.932369232177734 0.23532718485935789 0.9719162083565484 0 0 0 -1 0 0 0 0 0 0
-0.6234970688819885 -2.950749635696411 45.542606353759766 0.7460229964087886 0.6659201820257834 0 0 0 -1 0 0 0 0 0 0
-0.7712593674659729 -2.6255276203155518 45.1528434753418 0.9922975432951006 0.12387730046504822 0 0 0 -1 0 0 0 0 0 0
-0.7079926133155823 -2.2739651203155518 44.76308059692383 0.8868531891027324 -0.46205131855489096 0 0 0 -1 0 0 0 0 0 0
-0.456119567155838 -2.0206615924835205 44.37331771850586 0.4670642654607098 -0.884223372191466 0 0 0 -1 0 0 0 0 0 0
-0.10491566359996796 -1.9554075002670288 43.98355484008789 -0.11827720047171358 -0.9929806160487596 0 0 0 -1 0 0 0 0 0 0
0.22113223373889923 -2.1013309955596924 43.59379196166992 -0.6616878672499485 -0.7497794117833686 0 0 0 -1 0 0 0 0 0 0
0.40973469614982605 -2.420609712600708 43.20402908325195 -0.9760292009343235 -0.2176396078922814 0 0 0 -1 0 0 0 0 0 0
0.3826408088207245 -2.7704060077667236 42.814266204833984 -0.9308712522747487 0.36534738494813535 0 0 0 -1 0 0 0 0 0 0
0.16457171738147736 -3.045254945755005 42.424503326416016 -0.5674198615998446 0.8234286251169636 0 0 0 -1 0 0 0 0 0 0
-0.16990666091442108 -3.1511662006378174 42.03474044799805 -0.009957542299733552 0.9999504224467077 0 0 0 -1 0 0 0 0 0 0
-0.5064297318458557 -3.0519344806671143 41.64497756958008 0.5509182325831742 0.8345592255840394 0 0 0 -1 0 0 0 0 0 0
-0.729927122592926 -2.7814877033233643 41.25521469116211 0.9234100268760153 0.38381495836514373 0 0 0 -1 0 0 0 0 0 0
-0.7639828324317932 -2.432297945022583 40.86545181274414 0.9801692405042909 -0.1981622062080499 0 0 0 -1 0 0 0 0 0 0
-0.5948143601417542 -2.1216671466827393 40.47568893432617 0.6982189471470266 -0.715884279646437 0 0 0 -1 0 0 0 0 0 0
-0.2787952721118927 -1.9600881338119507 40.0859260559082 0.17152135245437097 -0.9851804025924508 0 0 0 -1 0 0 0 0 0 0
0.07323642075061798 -2.005357027053833 39.696163177490234 -0.4151938495452571 -0.9097329648307741 0 0 0 -1 0 0 0 0 0 0
0.33809468150138855 -2.24163556098938 39.306400299072266 -0.856626984162965 -0.5159362460652122 0 0 0 -1 0 0 0 0 0 0
0.4230937659740448 -2.5862362384796143 38.9166374206543 -0.9982933556437026 0.0583984253009949 0 0 0 -1 0 0 0 0 0 0
0.2984924018383026 -2.91857647895813 38.52687454223633 -0.7906285796570021 0.6122960468838188 0 0 0 -1 0 0 0 0 0 0
0.007892566733062267 -3.122361421585083 38.13711166381836 -0.30628954791808355 0.9519383976057147 0 0 0 -1 0 0 0 0 0 0
-0.3470173180103302 -3.1262753009796143 37.74734878540039 0.2852257420126844 0.9584603675130828 0 0 0 -1 0 0 0 0 0 0
-0.6420403122901917 -2.9289486408233643 37.35758590698242 0.7769325785395043 0.6295838057033843 0 0 0 -1 0 0 0 0 0 0
-0.7739391922950745 -2.5994350910186768 36.96782302856445 0.9967635568303339 0.080389127218434 0 0 0 -1 0 0 0 0 0 0
-0.6965599656105042 -2.2530453205108643 36.578060150146484 0.8677967877944451 -0.4969192440363352 0 0 0 -1 0 0 0 0 0 0
-0.43697741627693176 -2.01098370552063 36.188297271728516 0.43515926239617236 -0.90035349521775 0 0 0 -1 0 0 0 0 0 0
-0.08602909743785858 -1.9579633474349976 35.79853439331055 -0.14975474618532322 -0.9887231746019557 0 0 0 -1 0 0 0 0 0 0
0.23347659409046173 -2.112534761428833 35.40877151489258 -0.6822624782122763 -0.731107318267054 0 0 0 -1 0 0 0 0 0 0
0.40973469614982605 -2.420609712600708 35.01900863647461 -0.9760292009343235 -0.2176396078922814 0 0 0 -1 0 0 0 0 0 0
0.3879337012767792 -2.7564098834991455 34.62924575805664 -0.9396924924957176 0.34202049579986504 0 0 0 -1 0 0 0 0 0 0
0.19036288559436798 -3.0264484882354736 34.23948287963867 -0.6104072653740223 0.7920877289660583 0 0 0 -1 0 0 0 0 0 0
-0.12110523879528046 -3.1486904621124268 33.8497200012207 -0.09129544675562022 0.9958238505888938 0 0 0 -1 0 0 0 0 0 0
-0.44960787892341614 -3.0851223468780518 33.459957122802734 0.456206968016554 0.8898737002143297 0 0 0 -1 0 0 0 0 0 0
-0.6929855942726135 -2.855504274368286 33.070194244384766 0.8618425045869158 0.507176002278649 0 0 0 -1 0 0 0 0 0 0
-0.775550901889801 -2.531255006790161 32.6804313659668 0.999447643237325 -0.033232640992803646 0 0 0 -1 0 0 0 0 0 0
-0.6716251969337463 -2.2132046222686768 32.29066848754883 0.8262401883862373 -0.5633179839979149 0 0 0 -1 0 0 0 0 0 0
-0.4135303795337677 -2.0002682209014893 31.90090560913086 0.39608137378236746 -0.9182154133658792 0 0 0 -1 0 0 0 0 0 0
-0.0815296620130539 -1.958661437034607 31.51114273071289 -0.15725536763165687 -0.9875579726532677 0 0 0 -1 0 0 0 0 0 0
0.22113032639026642 -2.1013271808624268 31.121379852294922 -0.6616823009577908 -0.7497843240553939 0 0 0 -1 0 0 0 0 0 0
0.4055652320384979 -2.403142213821411 30.731616973876953 -0.9690780085885609 -0.2467545607887096 0 0 0 -1 0 0 0 0 0 0
0.3808002173900604 -2.7750370502471924 30.341854095458984 -0.9278043197679386 0.37306721139756127 0 0 0 -1 0 0 0 0 0 0
0.14122195541858673 -3.0605556964874268 29.952091217041016 -0.5285055084420879 0.8489298719837641 0 0 0 -1 0 0 0 0 0 0
-0.2207222431898117 -3.1495182514190674 29.562328338623047 0.07473499976273958 0.9972034295019563 0 0 0 -1 0 0 0 0 0 0
-0.5653629899024963 -3.0076000690460205 29.172565460205078 0.6491336474752684 0.7606743769284294 0 0 0 -1 0 0 0 0 0 0
-0.7597103714942932 -2.6895649433135986 28.78280258178711 0.9730465786539475 0.23060866369208033 0 0 0 -1 0 0 0 0 0 0
-0.728767454624176 -2.3181354999542236 28.39303970336914 0.9214750130392302 -0.3884376402260091 0 0 0 -1 0 0 0 0 0 0
-0.48447421193122864 -2.036637544631958 28.003276824951172 0.5143208498846239 -0.8575978447815492 0 0 0 -1 0 0 0 0 0 0
-0.12110142409801483 -1.9537023305892944 27.613513946533203 -0.09130002167903604 -0.9958234311570539 0 0 0 -1 0 0 0 0 0 0
0.22113223373889923 -2.1013309955596924 27.223751068115234 -0.6616878672499485 -0.7497794117833686 0 0 0 -1 0 0 0 0 0 0
0.40973469614982605 -2.420609712600708 26.833988189697266 -0.9760292009343235 -0.2176396078922814 0 0 0 -1 0 0 0 0 0 0
0.38248440623283386 -2.7708065509796143 26.444225311279297 -0.930607623752081 0.366018374695186 0 0 0 -1 0 0 0 0 0 0
0.16386790573596954 -3.0457394123077393 26.054462432861328 -0.566246893915171 0.8242356793608374 0 0 0 -1 0 0 0 0 0 0
-0.17118839919567108 -3.1511776447296143 25.66469955444336 -0.007825759501682987 0.9999693782752658 0 0 0 -1 0 0 0 0 0 0
-0.5078545212745667 -3.050992250442505 25.27493667602539 0.5532857807768747 0.8329915034321322 0 0 0 -1 0 0 0 0 0 0
-0.7307434678077698 -2.7795116901397705 24.885173797607422 0.9247732346243295 0.38051867828328034 0 0 0 -1 0 0 0 0 0 0
-0.7634697556495667 -2.429784059524536 24.495410919189453 0.979311513840138 -0.2023584909514237 0 0 0 -1 0 0 0 0 0 0
-0.5948143601417542 -2.1216671466827393 24.105648040771484 0.6982189471470266 -0.715884279646437 0 0 0 -1 0 0 0 0 0 0
-0.3383770287036896 -1.9736188650131226 23.715885162353516 0.2708239303602314 -0.9626288998073123 0 0 0 -1 0 0 0 0 0 0
0.012638050131499767 -1.9815839529037476 23.326122283935547 -0.3142025607027073 -0.9493559663518534 0 0 0 -1 0 0 0 0 0 0
0.299098938703537 -2.1846020221710205 22.936359405517578 -0.791636127427911 -0.610992832814707 0 0 0 -1 0 0 0 0 0 0
0.4229106605052948 -2.513150453567505 22.54659652709961 -0.9979873207677565 -0.06341378073254239 0 0 0 -1 0 0 0 0 0 0
0.3416766822338104 -2.8547298908233643 22.15683364868164 -0.8626003160922757 0.5058860491034577 0 0 0 -1 0 0 0 0 0 0
0.08321566879749298 -3.0923702716827393 21.767070770263672 -0.4318308291860708 0.9019546191269661 0 0 0 -1 0 0 0 0 0 0
-0.26396945118904114 -3.1446964740753174 21.377307891845703 0.14681007035131605 0.9891646997560324 0 0 0 -1 0 0 0 0 0 0
-0.580991804599762 -2.9937870502471924 20.987545013427734 0.6751839173493792 0.7376494274062354 0 0 0 -1 0 0 0 0 0 0
-0.7592907547950745 -2.6913235187530518 20.597782135009766 0.9723477778295503 0.23353757502795014 0 0 0 -1 0 0 0 0 0 0
-0.7378121018409729 -2.3408749103546143 20.208019256591797 0.936549400921486 -0.35053561820962775 0 0 0 -1 0 0 0 0 0 0
-0.5239105820655823 -2.0624477863311768 19.818256378173828 0.5800468261791367 -0.814583132307262 0 0 0 -1 0 0 0 0 0 0
-0.19083409011363983 -1.9513829946517944 19.42849349975586 0.02491875729843068 -0.999689479555878 0 0 0 -1 0 0 0 0 0 0
0.14736361801624298 -2.0457165241241455 19.03873062133789 -0.5387446633284689 -0.8424691019468279 0 0 0 -1 0 0 0 0 0 0
0.37487027049064636 -2.313138246536255 18.648967742919922 -0.9179216560750016 -0.39676168326657535 0 0 0 -1 0 0 0 0 0 0
0.4137820899486542 -2.662083864212036 18.259204864501953 -0.9827740569194447 0.18481112803642535 0 0 0 -1 0 0 0 0 0 0
0.2507743537425995 -2.9730541706085205 17.869441986083984 -0.7110953198698353 0.7030956165837022 0 0 0 -1 0 0 0 0 0 0
-0.05833248421549797 -3.1395695209503174 17.479679107666016 -0.19591764005344636 0.9806203538148125 0 0 0 -1 0 0 0 0 0 0
-0.40769389271736145 -3.1046078205108643 17.089916229248047 0.38635143856366494 0.9223516498168075 0 0 0 -1 0 0 0 0 0 0
-0.6776753067970276 -2.8801395893096924 16.700153350830078 0.8363216433902614 0.5482390982016994 0 0 0 -1 0 0 0 0 0 0
-0.7758274674415588 -2.5430309772491455 16.31039047241211 0.9999073871832973 -0.013609447316900983 0 0 0 -1 0 0 0 0 0 0
-0.6685371994972229 -2.2087223529815674 15.920626640319824 0.8210940772203992 -0.570792883937406 0 0 0 -1 0 0 0 0 0 0
-0.3925476372241974 -1.9916852712631226 15.530863761901855 0.36110973621888665 -0.9325233286132448 0 0 0 -1 0 0 0 0 0 0
-0.04236606881022453 -1.9662412405014038 15.141100883483887 -0.22252647554409016 -0.974926647334006 0 0 0 -1 0 0 0 0 0 0
0.2620982825756073 -2.1411068439483643 14.751338005065918 -0.7299690095163949 -0.68348024488324 0 0 0 -1 0 0 0 0 0 0
0.4165820777416229 -2.4563992023468018 14.36157512664795 -0.9874397928323739 -0.15799574529448082 0 0 0 -1 0 0 0 0 0 0
0.3681888282299042 -2.804154634475708 13.97181224822998 -0.9067861601633318 0.42159086770972715 0 0 0 -1 0 0 0 0 0 0
0.13348765671253204 -3.0652897357940674 13.582049369812012 -0.5156147967423635 0.8568205070960495 0 0 0 -1 0 0 0 0 0 0
-0.20715145766735077 -3.1503803730010986 13.192286491394043 0.052115986654997816 0.9986410385794168 0 0 0 -1 0 0 0 0 0 0
-0.5370827317237854 -3.0302937030792236 12.802523612976074 0.6020033528549706 0.7984935586160816 0 0 0 -1 0 0 0 0 0 0
-0.7433262467384338 -2.7461483478546143 12.412760734558105 0.9457442601240682 0.3249119795304243 0 0 0 -1 0 0 0 0 0 0
-0.7552605271339417 -2.3952457904815674 12.022997856140137 0.9656311995332645 -0.25991611432912093 0 0 0 -1 0 0 0 0 0 0
-0.5687962174415588 -2.097745180130005 11.633234977722168 0.6548526311070246 -0.7557565954275274 0 0 0 -1 0 0 0 0 0 0
-0.24778561294078827 -1.9555219411849976 11.2434720993042 0.11983717108037055 -0.99279355982372 0 0 0 -1 0 0 0 0 0 0
0.09784694015979767 -2.0172741413116455 10.85370922088623 -0.4562114015964729 -0.8898714272597933 0 0 0 -1 0 0 0 0 0 0
0.3497447669506073 -2.2618610858917236 10.463946342468262 -0.8760479116874157 -0.4822240728417834 0 0 0 -1 0 0 0 0 0 0
0.42165371775627136 -2.6055233478546143 10.074183464050293 -0.995892563049621 0.09054282336252197 0 0 0 -1 0 0 0 0 0 0
0.28894612193107605 -2.9305851459503174 9.684420585632324 -0.7747158367577185 0.6323095541558643 0 0 0 -1 0 0 0 0 0 0
-0.002933543873950839 -3.12572979927063 9.294657707214355 -0.2882453436325499 0.9575565893847493 0 0 0 -1 0 0 0 0 0 0
-0.3540363609790802 -3.1241390705108643 8.904894828796387 0.29692163122921156 0.95490185092929 0 0 0 -1 0 0 0 0 0 0
-0.644132673740387 -2.9263546466827393 8.515131950378418 0.7804165693744712 0.6252599285463457 0 0 0 -1 0 0 0 0 0 0
-0.7738857865333557 -2.600102663040161 8.12536907196045 0.9966724432640469 0.08151098599621448 0 0 0 -1 0 0 0 0 0 0
-0.6988640427589417 -2.2571041584014893 7.735606670379639 0.8716354788122793 -0.4901546613832092 0 0 0 -1 0 0 0 0 0 0
-0.44475558400154114 -2.0148136615753174 7.34584379196167 0.44811991651581795 -0.8939734562177203 0 0 0 -1 0 0 0 0 0 0
-0.09857754409313202 -1.9561971426010132 6.956080913543701 -0.12884157260545534 -0.9916651900558743 0 0 0 -1 0 0 0 0 0 0
0.22113032639026642 -2.1013271808624268 6.566318035125732 -0.6616823009577908 -0.7497843240553939 0 0 0 -1 0 0 0 0 0 0
0.4055652320384979 -2.403142213821411 6.176555156707764 -0.9690780085885609 -0.2467545607887096 0 0 0 -1 0 0 0 0 0 0
0.3839969336986542 -2.7669155597686768 5.786792278289795 -0.9331352261313224 0.35952558984423594 0 0 0 -1 0 0 0 0 0 0
0.15590281784534454 -3.0511181354522705 5.397029399871826 -0.5529694449769474 0.8332015319968433 0 0 0 -1 0 0 0 0 0 0
-0.1945820301771164 -3.150906801223755 5.007266521453857 0.03116820060093563 0.9995141536122936 0 0 0 -1 0 0 0 0 0 0
-0.5381680130958557 -3.0294735431671143 4.617503643035889 0.6038115153514472 0.7971271253250571 0 0 0 -1 0 0 0 0 0 0
-0.7481136918067932 -2.7316181659698486 4.22774076461792 0.9537190766855098 0.30069905680952624 0 0 0 -1 0 0 0 0 0 0
-0.7469750046730042 -2.367203950881958 3.837977647781372 0.951820442236929 -0.30665590772052176 0 0 0 -1 0 0 0 0 0 0
-0.5351715683937073 -2.070664644241333 3.4482147693634033 0.5988181915734409 -0.8008849938915787 0 0 0 -1 0 0 0 0 0 0
-0.19083409011363983 -1.9513829946517944 3.0584518909454346 0.02491875729843068 -0.999689479555878 0 0 0 -1 0 0 0 0 0 0
0.15901942551136017 -2.053361177444458 2.668689012527466 -0.558167415870284 -0.8297283506429617 0 0 0 -1 0 0 0 0 0 0
0.38533398509025574 -2.3389790058135986 2.278926134109497 -0.9353585083569305 -0.3537010896849174 0 0 0 -1 0 0 0 0 0 0
0.404628723859787 -2.7028820514678955 1.8891633749008179 -0.9675180702221062 0.2528018666736694 0 0 0 -1 0 0 0 0 0 0
0.20978350937366486 -3.010831117630005 1.4994004964828491 -0.6427741430747445 0.7660557427462626 0 0 0 -1 0 0 0 0 0 0
-0.12732701003551483 -3.14922833442688 1.1096376180648804 -0.08092266383585867 0.9967203832959917 0 0 0 -1 0 0 0 0 0 0
-0.4823475182056427 -3.0670254230499268 0.7198747396469116 0.5107785207377964 0.8597123372110631 0 0 0 -1 0 0 0 0 0 0
-0.7243176102638245 -2.7945454120635986 0.3301118314266205 0.9140589210398912 0.4055814207620834 0 0 0 -1 0 0 0 0 0 0
-0.7639828324317932 -2.432297945022583 -0.05965103581547737 0.9801692405042909 -0.1981622062080499 0 0 0 -1 0 0 0 0 0 0
-0.5948143601417542 -2.1216671466827393 -0.449413925409317 0.6982189471470266 -0.715884279646437 0 0 0 -1 0 0 0 0 0 0
-0.2800579369068146 -1.960309386253357 -0.8391767740249634 0.17362341771330073 -0.9848121185391419 0 0 0 -1 0 0 0 0 0 0
0.07090182602405548 -2.004300355911255 -1.2289396524429321 -0.4113114893654656 -0.9114948484308413 0 0 0 -1 0 0 0 0 0 0
0.33609768748283386 -2.238347291946411 -1.6187025308609009 -0.8533025039377695 -0.52141618384313 0 0 0 -1 0 0 0 0 0 0
0.4233722388744354 -2.5811169147491455 -2.008465528488159 -0.998755652315508 0.049871304051771835 0 0 0 -1 0 0 0 0 0 0
0.30239102244377136 -2.913487672805786 -2.398228406906128 -0.7971197339545113 0.6038212730107219 0 0 0 -1 0 0 0 0 0 0
0.015201526693999767 -3.1199581623077393 -2.7879912853240967 -0.3184685681681874 0.9479334212321584 0 0 0 -1 0 0 0 0 0 0
-0.3383941948413849 -3.128770112991333 -3.1777541637420654 0.27085568089589884 0.9626199666152884 0 0 0 -1 0 0 0 0 0 0
-0.6355133652687073 -2.936864137649536 -3.567517042160034 0.7660534571513847 0.6427768670280628 0 0 0 -1 0 0 0 0 0 0
-0.7729015946388245 -2.6109325885772705 -3.957279920578003 0.9950311906139657 0.09956369672402578 0 0 0 -1 0 0 0 0 0 0
-0.7028122544288635 -2.264237642288208 -4.347042560577393 0.8782122664561428 -0.4782710685855513 0 0 0 -1 0 0 0 0 0 0
-0.4496040642261505 -2.01727032661438 -4.736805438995361 0.4562025257262804 -0.8898759776064091 0 0 0 -1 0 0 0 0 0 0
-0.10127072036266327 -1.955853819847107 -5.12656831741333 -0.12435375657566362 -0.9922379468784294 0 0 0 -1 0 0 0 0 0 0
0.22113223373889923 -2.1013309955596924 -5.516331195831299 -0.6616878672499485 -0.7497794117833686 0 0 0 -1 0 0 0 0 0 0
0.40973469614982605 -2.420609712600708 -5.906094074249268 -0.9760292009343235 -0.2176396078922814 0 0 0 -1 0 0 0 0 0 0
0.3850650489330292 -2.764127016067505 -6.295856952667236 -0.9349125760999705 0.35487811294882193 0 0 0 -1 0 0 0 0 0 0
0.17557330429553986 -3.0374882221221924 -6.685619831085205 -0.5857567832138788 0.8104868850998942 0 0 0 -1 0 0 0 0 0 0
-0.14971737563610077 -3.1506283283233643 -7.075382709503174 -0.04360495661184155 0.9990488515377411 0 0 0 -1 0 0 0 0 0 0
-0.4836273491382599 -3.0662624835968018 -7.465145587921143 0.5129092661236396 0.8584428255419865 0 0 0 -1 0 0 0 0 0 0
-0.7161408066749573 -2.8121960163116455 -7.854904651641846 0.9004310471669267 0.43499876930615766 0 0 0 -1 0 0 0 0 0 0
-0.7706490159034729 -2.4721310138702393 -8.244668006896973 0.9912795643745985 -0.1317756625986236 0 0 0 -1 0 0 0 0 0 0
-0.6291924118995667 -2.1581203937530518 -8.634430885314941 0.7555171397985242 -0.6551288815726699 0 0 0 -1 0 0 0 0 0 0
-0.3383770287036896 -1.9736188650131226 -9.02419376373291 0.2708239303602314 -0.9626288998073123 0 0 0 -1 0 0 0 0 0 0
-0.04236606881022453 -1.9662412405014038 -9.413956642150879 -0.22252647554409016 -0.974926647334006 0 0 0 -1 0 0 0 0 0 0
0.2603740394115448 -2.1392757892608643 -9.803719520568848 -0.727095619153812 -0.6865362048773065 0 0 0 -1 0 0 0 0 0 0
0.4157657325267792 -2.4514362812042236 -10.193482398986816 -0.9860810381568613 -0.16626540887234065 0 0 0 -1 0 0 0 0 0 0
0.37132641673088074 -2.7972919940948486 -10.583245277404785 -0.9120144870403902 0.41015798837576506 0 0 0 -1 0 0 0 0 0 0
0.14206500351428986 -3.0600292682647705 -10.973008155822754 -0.5299121972612193 0.8480525120496882 0 0 0 -1 0 0 0 0 0 0
-0.1945839375257492 -3.150906801223755 -11.362771034240723 0.03116820060093563 0.9995141536122936 0 0 0 -1 0 0 0 0 0 0
-0.5249157547950745 -3.0392277240753174 -11.752533912658691 0.5817258262005756 0.8133849415444434 0 0 0 -1 0 0 0 0 0 0
-0.7373619675636292 -2.7627193927764893 -12.14229679107666 0.9357992648023717 0.3525333118945511 0 0 0 -1 0 0 0 0 0 0
-0.7601643204689026 -2.4147655963897705 -12.532059669494629 0.9738037941524882 -0.22738990851446897 0 0 0 -1 0 0 0 0 0 0
-0.5817833542823792 -2.1093342304229736 -12.921822547912598 0.6765036660006851 -0.7364392642218591 0 0 0 -1 0 0 0 0 0 0
-0.2463245838880539 -1.9553464651107788 -13.311585426330566 0.11740240521065455 -0.993084425036841 0 0 0 -1 0 0 0 0 0 0
0.11579318344593048 -2.0268642902374268 -13.701348304748535 -0.4861258236976774 -0.8738888279033293 0 0 0 -1 0 0 0 0 0 0
0.3675250709056854 -2.296818971633911 -14.091111183166504 -0.9056763000568457 -0.42396985684756194 0 0 0 -1 0 0 0 0 0 0
0.413600891828537 -2.6630451679229736 -14.480874061584473 -0.9824709934983339 0.18641552224639768 0 0 0 -1 0 0 0 0 0 0
0.23658175766468048 -2.986943483352661 -14.870636940002441 -0.6874417827206541 0.726239488990959 0 0 0 -1 0 0 0 0 0 0
-0.09653858840465546 -3.1459286212921143 -15.26039981842041 -0.132241253355114 0.9912175598278455 0 0 0 -1 0 0 0 0 0 0
-0.4596863090991974 -3.07983136177063 -15.650162696838379 0.47300987861288113 0.8810571234231226 0 0 0 -1 0 0 0 0 0 0
-0.7154255509376526 -2.8136723041534424 -16.03992462158203 0.8992391612856121 0.437457347418407 0 0 0 -1 0 0 0 0 0 0
-0.7669716477394104 -2.4481747150421143 -16.4296875 0.9851482833980351 -0.1717057358328632 0 0 0 -1 0 0 0 0 0 0
-0.5948143601417542 -2.1216671466827393 -16.81945037841797 0.6982189471470266 -0.715884279646437 0 0 0 -1 0 0 0 0 0 0
-0.3383770287036896 -1.9736188650131226 -17.209213256835938 0.2708239303602314 -0.9626288998073123 0 0 0 -1 0 0 0 0 0 0
0.01993747428059578 -1.984052062034607 -17.598976135253906 -0.3263664590501109 -0.9452433202128923 0 0 0 -1 0 0 0 0 0 0
0.30835720896720886 -2.1969196796417236 -17.988739013671875 -0.8070618952600904 -0.5904668468417096 0 0 0 -1 0 0 0 0 0 0
0.4239310920238495 -2.5362484455108643 -18.378501892089844 -0.9996897522691437 -0.024907814196713278 0 0 0 -1 0 0 0 0 0 0
0.3254069983959198 -2.8809101581573486 -18.768264770507812 -0.8354812785017279 0.549518910751139 0 0 0 -1 0 0 0 0 0 0
0.04795070365071297 -3.107884645462036 -19.15802764892578 -0.37305369434401014 0.9278097548184574 0 0 0 -1 0 0 0 0 0 0
-0.3094005882740021 -3.1361515522003174 -19.54779052734375 0.22253167947079594 0.9749254595259613 0 0 0 -1 0 0 0 0 0 0
-0.6190949082374573 -2.9556286334991455 -19.93755340576172 0.7386833432853815 0.6740526080008378 0 0 0 -1 0 0 0 0 0 0
-0.7705860733985901 -2.630742311477661 -20.327316284179688 0.9911734347665883 0.13257157392519553 0 0 0 -1 0 0 0 0 0 0
-0.7098026871681213 -2.2774670124053955 -20.717079162597656 0.8898691058978152 -0.4562159295428241 0 0 0 -1 0 0 0 0 0 0
-0.4584408104419708 -2.0218937397003174 -21.106842041015625 0.4709297406629254 -0.8821707200758534 0 0 0 -1 0 0 0 0 0 0
-0.10622219741344452 -1.9552549123764038 -21.496604919433594 -0.1161017493995936 -0.9932373250066442 0 0 0 -1 0 0 0 0 0 0
0.22113223373889923 -2.1013309955596924 -21.886367797851562 -0.6616878672499485 -0.7497794117833686 0 0 0 -1 0 0 0 0 0 0
0.40973469614982605 -2.420609712600708 -22.27613067626953 -0.9760292009343235 -0.2176396078922814 0 0 0 -1 0 0 0 0 0 0
0.3843993842601776 -2.765874147415161 -22.6658935546875 -0.9338002975006024 0.35779463996514316 0 0 0 -1 0 0 0 0 0 0
0.17253680527210236 -3.03967022895813 -23.05565643310547 -0.5806957234590825 0.8141206770229664 0 0 0 -1 0 0 0 0 0 0
-0.1553211659193039 -3.150845766067505 -23.445419311523438 -0.03426481198699685 0.9994127889213225 0 0 0 -1 0 0 0 0 0 0
-0.4900226891040802 -3.0623867511749268 -23.835182189941406 0.5235696115976944 0.8519828999524809 0 0 0 -1 0 0 0 0 0 0
-0.7201424241065979 -2.803746461868286 -24.224945068359375 0.9070991083648566 0.4209171030068534 0 0 0 -1 0 0 0 0 0 0
-0.7690678238868713 -2.4610302448272705 -24.614707946777344 0.9886439106263595 -0.150277137254536 0 0 0 -1 0 0 0 0 0 0
-0.620512068271637 -2.1483280658721924 -25.004470825195312 0.7410478749098306 -0.6714521927074364 0 0 0 -1 0 0 0 0 0 0
-0.3239326775074005 -1.9697507619857788 -25.39423370361328 0.24674934566616144 -0.969079336490734 0 0 0 -1 0 0 0 0 0 0
0.02193637564778328 -1.9847463369369507 -25.78399658203125 -0.3296982695711079 -0.9440863578305838 0 0 0 -1 0 0 0 0 0 0
0.30194661021232605 -2.188321352005005 -26.17375946044922 -0.7963793287226226 -0.604797457652812 0 0 0 -1 0 0 0 0 0 0
0.4228820502758026 -2.5127041339874268 -26.563522338867188 -0.9979400023581142 -0.06415412452436209 0 0 0 -1 0 0 0 0 0 0
0.344478577375412 -2.8499042987823486 -26.953285217285156 -0.8672693422228029 0.4978392190661829 0 0 0 -1 0 0 0 0 0 0
0.09283824265003204 -3.0876591205596924 -27.343048095703125 -0.4478642055024514 0.8941015901057653 0 0 0 -1 0 0 0 0 0 0
-0.2482643574476242 -3.1468136310577393 -27.732810974121094 0.1206397916890738 0.9926963486692277 0 0 0 -1 0 0 0 0 0 0
-0.5652695298194885 -3.0076801776885986 -28.122573852539062 0.6489795118168564 0.7608058840742193 0 0 0 -1 0 0 0 0 0 0
-0.7526398301124573 -2.7165768146514893 -28.51233673095703 0.9612627164306681 0.27563379691237605 0 0 0 -1 0 0 0 0 0 0
-0.7601643204689026 -2.4147655963897705 -28.902099609375 0.9738037941524882 -0.22738990851446897 0 0 0 -1 0 0 0 0 0 0
-0.5697384476661682 -2.0985653400421143 -29.29186248779297 0.6564258107606133 -0.7543905851528578 0 0 0 -1 0 0 0 0 0 0
-0.23025517165660858 -1.9536679983139038 -29.681625366210938 0.09062176459788503 -0.9958853828534515 0 0 0 -1 0 0 0 0 0 0
0.12980647385120392 -2.03490948677063 -30.071388244628906 -0.5094801934617316 -0.8604823835908535 0 0 0 -1 0 0 0 0 0 0
0.3741779029369354 -2.3115437030792236 -30.461151123046875 -0.9167674545322103 -0.39942137437865244 0 0 0 -1 0 0 0 0 0 0
0.41037556529045105 -2.678879976272583 -30.850914001464844 -0.9770949312133334 0.21280388952557028 0 0 0 -1 0 0 0 0 0 0
0.2246989756822586 -2.997891664505005 -31.240676879882812 -0.6676315500570146 0.7444918490947149 0 0 0 -1 0 0 0 0 0 0
-0.1125812977552414 -3.1478474140167236 -31.63043975830078 -0.10549948906100409 0.9944193571164367 0 0 0 -1 0 0 0 0 0 0
-0.4738178551197052 -3.0719997882843018 -32.02020263671875 0.49656177613973335 0.8680013839141925 0 0 0 -1 0 0 0 0 0 0
-0.722297728061676 -2.7990505695343018 -32.40996551513672 0.910691658946377 0.4130867975686174 0 0 0 -1 0 0 0 0 0 0
-0.7639828324317932 -2.432297945022583 -32.79972839355469 0.9801692405042909 -0.1981622062080499 0 0 0 -1 0 0 0 0 0 0
-0.5948143601417542 -2.1216671466827393 -33.189491271972656 0.6982189471470266 -0.715884279646437 0 0 0 -1 0 0 0 0 0 0
-0.2866821587085724 -1.96151864528656 -33.579254150390625 0.1846651862818898 -0.9828014901166333 0 0 0 -1 0 0 0 0 0 0
0.05856700614094734 -1.9988988637924194 -33.969017028808594 -0.39074849630803105 -0.9204974810573969 0 0 0 -1 0 0 0 0 0 0
0.32527920603752136 -2.2212917804718018 -34.35877990722656 -0.8352674607056555 -0.5498438588238719 0 0 0 -1 0 0 0 0 0 0
0.42411038279533386 -2.5542004108428955 -34.74854278564453 -0.9999874800323949 0.005003976265008369 0 0 0 -1 0 0 0 0 0 0
0.32195279002189636 -2.8861019611358643 -35.1383056640625 -0.8297214118710631 0.5581777303715096 0 0 0 -1 0 0 0 0 0 0
0.05302806571125984 -3.1058132648468018 -35.52806854248047 -0.3815165771965505 0.9243619969060978 0 0 0 -1 0 0 0 0 0 0
-0.2925777733325958 -3.1397411823272705 -35.91783142089844 0.19449328470114863 0.9809038496234775 0 0 0 -1 0 0 0 0 0 0
-0.5990925431251526 -2.9765141010284424 -36.307594299316406 0.7053487624819306 0.7088604399070448 0 0 0 -1 0 0 0 0 0 0
-0.7638378739356995 -2.670811891555786 -36.697357177734375 0.9799258562943487 0.19936227367731302 0 0 0 -1 0 0 0 0 0 0
-0.7316284775733948 -2.325040102005005 -37.087120056152344 0.9262433021698615 -0.37692618002132783 0 0 0 -1 0 0 0 0 0 0
-0.513252317905426 -2.0550320148468018 -37.47688293457031 0.5622892129189614 -0.8269406514587215 0 0 0 -1 0 0 0 0 0 0
-0.18186192214488983 -1.9512265920639038 -37.86664581298828 0.009968652605987375 -0.9999503117481494 0 0 0 -1 0 0 0 0 0 0
0.22113223373889923 -2.1013309955596924 -38.25640869140625 -0.6616878672499485 -0.7497794117833686 0 0 0 -1 0 0 0 0 0 0
0.403408020734787 -2.3949215412139893 -38.64617156982422 -0.9654832050655003 -0.2604653158031777 0 0 0 -1 0 0 0 0 0 0
0.3935222327709198 -2.74035382270813 -39.03593444824219 -0.9490048151874867 0.31526157512605996 0 0 0 -1 0 0 0 0 0 0
0.19475169479846954 -3.0230343341827393 -39.425697326660156 -0.6177264044132501 0.7863930882775342 0 0 0 -1 0 0 0 0 0 0
-0.12696652114391327 -3.1492016315460205 -39.815460205078125 -0.08152725495858062 0.9966711126038111 0 0 0 -1 0 0 0 0 0 0
-0.4649105370044708 -3.076993227005005 -40.205223083496094 0.48171372337623813 0.8763286419551749 0 0 0 -1 0 0 0 0 0 0
-0.706977903842926 -2.830369234085083 -40.59498596191406 0.885162714012377 0.4652816026045334 0 0 0 -1 0 0 0 0 0 0
-0.7728691697120667 -2.4911396503448486 -40.98474884033203 0.9949783089568933 -0.1000907823192572 0 0 0 -1 0 0 0 0 0 0
-0.6407261490821838 -2.171830415725708 -41.37451171875 0.7747413180387334 -0.6322783327962507 0 0 0 -1 0 0 0 0 0 0
-0.3543854057788849 -1.97836434841156 -41.76427459716797 0.2975045565726122 -0.9547203982415654 0 0 0 -1 0 0 0 0 0 0
-0.008831066079437733 -1.9749234914779663 -42.15403747558594 -0.27841939988198827 -0.9604595971561499 0 0 0 -1 0 0 0 0 0 0
0.2813090980052948 -2.1626408100128174 -42.543800354003906 -0.7619877745331054 -0.6475914078044005 0 0 0 -1 0 0 0 0 0 0
0.41978833079338074 -2.479253053665161 -42.933563232421875 -0.9927853123260397 -0.11990547789691659 0 0 0 -1 0 0 0 0 0 0
0.3606719672679901 -2.819730043411255 -43.323326110839844 -0.8942565928021812 0.4475546293245484 0 0 0 -1 0 0 0 0 0 0
0.12356753647327423 -3.0711300373077393 -43.71308898925781 -0.4990812526198329 0.8665551934432213 0 0 0 -1 0 0 0 0 0 0
-0.21286968886852264 -3.1500561237335205 -44.10285186767578 0.06164693359327754 0.9980980190234555 0 0 0 -1 0 0 0 0 0 0
-0.5370369553565979 -3.0303280353546143 -44.49261474609375 0.6019263085372193 0.7985516383370309 0 0 0 -1 0 0 0 0 0 0
-0.7414036393165588 -2.751664400100708 -44.88237762451172 0.9425341852255729 0.33410972700770875 0 0 0 -1 0 0 0 0 0 0
-0.7581730484962463 -2.406499147415161 -45.27214050292969 0.9704837392274738 -0.24116656462922204 0 0 0 -1 0 0 0 0 0 0
-0.5817833542823792 -2.1093342304229736 -45.661903381347656 0.6765036660006851 -0.7364392642218591 0 0 0 -1 0 0 0 0 0 0
-0.18186192214488983 -1.9512265920639038 -46.051666259765625 0.009968652605987375 -0.9999503117481494 0 0 0 -1 0 0 0 0 0 0
0.15590663254261017 -2.0512821674346924 -46.441429138183594 -0.552983678111466 -0.833192085741526 0 0 0 -1 0 0 0 0 0 0
0.3793029487133026 -2.32366681098938 -46.83119201660156 -0.9253090818679394 -0.3792137959155907 0 0 0 -1 0 0 0 0 0 0
0.4113139808177948 -2.674485445022583 -47.22095489501953 -0.9786617794619034 0.20547778814378218 0 0 0 -1 0 0 0 0 0 0
0.24090953171253204 -2.982804536819458 -47.6107177734375 -0.6946488686328711 0.7193489760242049 0 0 0 -1 0 0 0 0 0 0
-0.07317166030406952 -3.142338991165161 -48.00048065185547 -0.17118515648104354 0.985238875705055 0 0 0 -1 0 0 0 0 0 0
-0.4226570427417755 -3.098099946975708 -48.39024353027344 0.411293300482027 0.9115030559348669 0 0 0 -1 0 0 0 0 0 0
-0.6870766282081604 -2.865330934524536 -48.780006408691406 0.8519910042836815 0.5235564235301521 0 0 0 -1 0 0 0 0 0 0
-0.7752781510353088 -2.5242741107940674 -49.169769287109375 0.9989929503300996 -0.04486741791950051 0 0 0 -1 0 0 0 0 0 0
-0.6568565964698792 -2.1924984455108643 -49.559532165527344 0.801623496564123 -0.5978292145389933 0 0 0 -1 0 0 0 0 0 0
-0.3726330101490021 -1.9843724966049194 -49.94929504394531 0.3279170942090302 -0.9447065043311101 0 0 0 -1 0 0 0 0 0 0
-0.020587962120771408 -1.9716428518295288 -50.33905792236328 -0.25882142633780836 -0.96592518823585 0 0 0 -1 0 0 0 0 0 0
0.2779254615306854 -2.158696413040161 -50.72882080078125 -0.7563504334785569 -0.6541666620799312 0 0 0 -1 0 0 0 0 0 0
0.42000386118888855 -2.4810497760772705 -51.11858367919922 -0.9931426377983436 -0.11690894314357736 0 0 0 -1 0 0 0 0 0 0
0.3566684424877167 -2.8275845050811768 -51.50834655761719 -0.8875836469789694 0.46064657777466705 0 0 0 -1 0 0 0 0 0 0
0.1097526103258133 -3.0788471698760986 -51.898109436035156 -0.476053972617946 0.8794160648718398 0 0 0 -1 0 0 0 0 0 0
-0.23562626540660858 -3.1482174396514893 -52.287872314453125 0.09957481387886039 0.9950300781589422 0 0 0 -1 0 0 0 0 0 0
-0.5604096055030823 -3.0117809772491455 -52.677635192871094 0.6408805454389273 0.7676406232592846 0 0 0 -1 0 0 0 0 0 0
-0.7526398301124573 -2.7165768146514893 -53.06739807128906 0.9612627164306681 0.27563379691237605 0 0 0 -1 0 0 0 0 0 0
-0.7601643204689026 -2.4147655963897705 -53.45716094970703 0.9738037941524882 -0.22738990851446897 0 0 0 -1 0 0 0 0 0 0
-0.5779305100440979 -2.1058247089385986 -53.846923828125 0.6700822777484684 -0.742286832058487 0 0 0 -1 0 0 0 0 0 0
-0.2520160973072052 -1.9560483694076538 -54.23668670654297 0.12688991054407237 -0.9919168062907883 0 0 0 -1 0 0 0 0 0 0
0.10110850632190704 -2.0189602375030518 -54.62644958496094 -0.46165068067336 -0.8870618067721231 0 0 0 -1 0 0 0 0 0 0
0.3552417457103729 -2.272080659866333 -55.016212463378906 -0.885209380197487 -0.46519281293930265 0 0 0 -1 0 0 0 0 0 0
0.4195689857006073 -2.6249477863311768 -55.405975341796875 -0.9924176597961394 0.12291130348651469 0 0 0 -1 0 0 0 0 0 0
0.2710971534252167 -2.9514591693878174 -55.79573440551758 -0.7449666063244267 0.6671017579511141 0 0 0 -1 0 0 0 0 0 0
-0.037111323326826096 -3.1349308490753174 -56.18549728393555 -0.23128126249884964 0.9728869295128484 0 0 0 -1 0 0 0 0 0 0
-0.3949127495288849 -3.109788179397583 -56.575260162353516 0.3650496802643924 0.9309880401696172 0 0 0 -1 0 0 0 0 0 0
-0.6744385361671448 -2.885026216506958 -56.965023040771484 0.8309249187506249 0.5563845607125232 0 0 0 -1 0 0 0 0 0 0
-0.775795042514801 -2.540959596633911 -57.35478591918945 0.9998543796349568 -0.017065155281916197 0 0 0 -1 0 0 0 0 0 0
-0.662757933139801 -2.2005550861358643 -57.74454879760742 0.8114632872229807 -0.584403399621592 0 0 0 -1 0 0 0 0 0 0
-0.37572672963142395 -1.985455870628357 -58.13431167602539 0.3330728656260065 -0.9429010903502447 0 0 0 -1 0 0 0 0 0 0
-0.017274897545576096 -1.9725393056869507 -58.52407455444336 -0.2643457550257806 -0.9644279764709495 0 0 0 -1 0 0 0 0 0 0
0.2844943702220917 -2.1664211750030518 -58.91383743286133 -0.7672934822402387 -0.6412961188964489 0 0 0 -1 0 0 0 0 0 0
0.4217376410961151 -2.497807741165161 -59.3036003112793 -0.9960331167239309 -0.08898331522938673 0 0 0 -1 0 0 0 0 0 0
0.3454093635082245 -2.8482754230499268 -59.693363189697266 -0.8688211518986163 0.4951260506311109 0 0 0 -1 0 0 0 0 0 0
0.08278651535511017 -3.092576265335083 -60.083126068115234 -0.4311156316658974 0.9022966874223326 0 0 0 -1 0 0 0 0 0 0
-0.2722778618335724 -3.1434032917022705 -60.4728889465332 0.16066068940082898 0.9870096974605926 0 0 0 -1 0 0 0 0 0 0
-0.5928917527198792 -2.9825947284698486 -60.86265182495117 0.6950169221681797 0.7189933782030753 0 0 0 -1 0 0 0 0 0 0
-0.7644787430763245 -2.6676151752471924 -61.25241470336914 0.980994892111879 0.19403355805221778 0 0 0 -1 0 0 0 0 0 0
-0.7257195115089417 -2.31103253364563 -61.64217758178711 0.916395761282513 -0.4002734174329388 0 0 0 -1 0 0 0 0 0 0
-0.4904613792896271 -2.0402767658233643 -62.03194046020508 0.5242989812821228 -0.8515342495910122 0 0 0 -1 0 0 0 0 0 0
-0.14278225600719452 -1.9521116018295288 -62.42170333862305 -0.05516741447270035 -0.9984771186063292 0 0 0 -1 0 0 0 0 0 0
0.1930675059556961 -2.0780422687530518 -62.811466217041016 -0.6149196162815462 -0.7885897954653965 0 0 0 -1 0 0 0 0 0 0
0.3970660865306854 -2.373063325881958 -63.201229095458984 -0.954910301781292 -0.2968944518713037 0 0 0 -1 0 0 0 0 0 0
0.39630886912345886 -2.73174786567688 -63.59099197387695 -0.9536518273588196 0.30091226657480175 0 0 0 -1 0 0 0 0 0 0
0.1910666972398758 -3.025906801223755 -63.98075485229492 -0.611581599613469 0.7911813616448701 0 0 0 -1 0 0 0 0 0 0
-0.1453133076429367 -3.150418519973755 -64.37052154541016 -0.050948765453790616 0.9987012682973496 0 0 0 -1 0 0 0 0 0 0
-0.4926166832447052 -3.0607845783233643 -64.76028442382812 0.5278935480444867 0.8493105450499264 0 0 0 -1 0 0 0 0 0 0
-0.7267284989356995 -2.7890408039093018 -65.1500473022461 0.9180770763068697 0.3964019197226852 0 0 0 -1 0 0 0 0 0 0
-0.7639828324317932 -2.432297945022583 -65.53981018066406 0.9801692405042909 -0.1981622062080499 0 0 0 -1 0 0 0 0 0 0
-0.5948143601417542 -2.1216671466827393 -65.92957305908203 0.6982189471470266 -0.715884279646437 0 0 0 -1 0 0 0 0 0 0
-0.2787952721118927 -1.9600881338119507 -66.3193359375 0.17152135245437097 -0.9851804025924508 0 0 0 -1 0 0 0 0 0 0
0.07323642075061798 -2.005357027053833 -66.70909881591797 -0.4151938495452571 -0.9097329648307741 0 0 0 -1 0 0 0 0 0 0
0.33809468150138855 -2.24163556098938 -67.09886169433594 -0.856626984162965 -0.5159362460652122 0 0 0 -1 0 0 0 0 0 0
0.4230937659740448 -2.5862362384796143 -67.4886245727539 -0.9982933556437026 0.0583984253009949 0 0 0 -1 0 0 0 0 0 0
0.2984924018383026 -2.91857647895813 -67.87838745117188 -0.7906285796570021 0.6122960468838188 0 0 0 -1 0 0 0 0 0 0
0.007892566733062267 -3.122361421585083 -68.26815032958984 -0.30628954791808355 0.9519383976057147 0 0 0 -1 0 0 0 0 0 0
-0.3470173180103302 -3.1262753009796143 -68.65791320800781 0.2852257420126844 0.9584603675130828 0 0 0 -1 0 0 0 0 0 0
-0.6420403122901917 -2.9289486408233643 -69.04767608642578 0.7769325785395043 0.6295838057033843 0 0 0 -1 0 0 0 0 0 0
-0.7739391922950745 -2.5994350910186768 -69.43743896484375 0.9967635568303339 0.080389127218434 0 0 0 -1 0 0 0 0 0 0
-0.6965599656105042 -2.2530453205108643 -69.82720184326172 0.8677967877944451 -0.4969192440363352 0 0 0 -1 0 0 0 0 0 0
-0.43697741627693176 -2.01098370552063 -70.21696472167969 0.43515926239617236 -0.90035349521775 0 0 0 -1 0 0 0 0 0 0
-0.08602909743785858 -1.9579633474349976 -70.60672760009766 -0.14975474618532322 -0.9887231746019557 0 0 0 -1 0 0 0 0 0 0
0.23347659409046173 -2.112534761428833 -70.99649047851562 -0.6822624782122763 -0.731107318267054 0 0 0 -1 0 0 0 0 0 0
0.40973469614982605 -2.420609712600708 -71.3862533569336 -0.9760292009343235 -0.2176396078922814 0 0 0 -1 0 0 0 0 0 0
0.3879337012767792 -2.7564098834991455 -71.77601623535156 -0.9396924924957176 0.34202049579986504 0 0 0 -1 0 0 0 0 0 0
1.468667984008789 -1.070985198020935 -71.77601623535156 0.93969248736894 -0.3420205098855549 0 0 0 1 0 0 0 0 0 0
1.439035415649414 -1.3646329641342163 -71.3862533569336 0.989078105256376 0.147392339361507 0 0 0 1 0 0 0 0 0 0
1.5770816802978516 -1.666852355003357 -71.02433013916016 0.7590007348030627 0.6510897669050028 0 0 0 1 0 0 0 0 0 0
1.854776382446289 -1.8492788076400757 -70.66240692138672 0.2961775874351486 0.9551328895505038 0 0 0 1 0 0 0 0 0 0
2.1869640350341797 -1.855969786643982 -70.30048370361328 -0.2574699085047119 0.966286316892967 0 0 0 1 0 0 0 0 0 0
2.4717769622802734 -1.684876799583435 -69.93856048583984 -0.7321545973314507 0.6811384922366532 0 0 0 1 0 0 0 0 0 0
2.621885299682617 -1.3884633779525757 -69.5766372680664 -0.9823388610298559 0.18711056119461944 0 0 0 1 0 0 0 0 0 0
2.5912532806396484 -1.0576261281967163 -69.21471405029297 -0.9312877989184151 -0.3642842785321562 0 0 0 1 0 0 0 0 0 0
2.389280319213867 -0.7938092947006226 -68.85279083251953 -0.5946623281073284 -0.8039755689882447 0 0 0 1 0 0 0 0 0 0
2.0778942108154297 -0.6779187917709351 -68.4908676147461 -0.07568833347558274 -0.9971315240105936 0 0 0 1 0 0 0 0 0 0
1.7525806427001953 -0.7454847097396851 -68.12894439697266 0.4665004604574165 -0.8845209553159371 0 0 0 1 0 0 0 0 0 0
1.513101577758789 -0.9757932424545288 -67.76702117919922 0.8656331010083389 -0.5006788735693638 0 0 0 1 0 0 0 0 0 0
1.4328861236572266 -1.298219084739685 -67.40509796142578 0.9993263428573786 0.036699597699384585 0 0 0 1 0 0 0 0 0 0
1.5365352630615234 -1.613892912864685 -67.04317474365234 0.8265765923881068 0.5628242504690655 0 0 0 1 0 0 0 0 0 0
1.7922649383544922 -1.8260129690170288 -66.68125915527344 0.4003632284833962 0.9163565273835026 0 0 0 1 0 0 0 0 0 0
2.1216564178466797 -1.8695348501205444 -66.3193359375 -0.14861641386671287 0.9888949193566514 0 0 0 1 0 0 0 0 0 0
2.423704147338867 -1.73111093044281 -65.95741271972656 -0.6520314003155588 0.7581919631613959 0 0 0 1 0 0 0 0 0 0
2.605783462524414 -1.4531911611557007 -65.59548950195312 -0.9555010630118165 0.29498765835758106 0 0 0 1 0 0 0 0 0 0
2.612062454223633 -1.1209958791732788 -65.23356628417969 -0.9659660753573297 -0.25866878678873856 0 0 0 1 0 0 0 0 0 0
2.440614700317383 -0.8363927602767944 -64.87164306640625 -0.6802195390299763 -0.7330084438271136 0 0 0 1 0 0 0 0 0 0
2.1440181732177734 -0.6866544485092163 -64.50971984863281 -0.1858978159443423 -0.9825690825723773 0 0 0 1 0 0 0 0 0 0
1.8132152557373047 -0.7176984548568726 -64.14779663085938 0.3654482517703872 -0.9308316578619185 0 0 0 1 0 0 0 0 0 0
1.5496540069580078 -0.9200032949447632 -63.78587341308594 0.8047156070026221 -0.5936605021781401 0 0 0 1 0 0 0 0 0 0
1.4341487884521484 -1.2315305471420288 -63.4239501953125 0.9972252524511326 -0.0744432392751349 0 0 0 1 0 0 0 0 0 0
1.5021190643310547 -1.5567601919174194 -63.06203079223633 0.8839396079681728 0.46760107940965334 0 0 0 1 0 0 0 0 0 0
1.7327251434326172 -1.7959531545639038 -62.70010757446289 0.4995906754145949 0.8662615985017396 0 0 0 1 0 0 0 0 0 0
2.0552501678466797 -1.87576425075531 -62.33818435668945 -0.03794534646703412 0.9992798160082574 0 0 0 1 0 0 0 0 0 0
2.3707942962646484 -1.7717221975326538 -61.976261138916016 -0.563857883259069 0.8258718347822511 0 0 0 1 0 0 0 0 0 0
2.5825939178466797 -1.515729308128357 -61.61433792114258 -0.9168548034232773 0.39922082791315316 0 0 0 1 0 0 0 0 0 0
2.6257076263427734 -1.1862844228744507 -61.25241470336914 -0.9887071433587226 -0.14986055075113713 0 0 0 1 0 0 0 0 0 0
2.510469436645508 -0.9135259389877319 -60.86265182495117 -0.7966432057513108 -0.6044498347508044 0 0 0 1 0 0 0 0 0 0
2.2512340545654297 -0.7174962759017944 -60.51186752319336 -0.3645850554191623 -0.9311700904587769 0 0 0 1 0 0 0 0 0 0
1.9278125762939453 -0.6853994131088257 -60.16107940673828 0.1744554272203416 -0.9846650719474963 0 0 0 1 0 0 0 0 0 0
1.6351032257080078 -0.8266538381576538 -59.81029510498047 0.6622985871561634 -0.7492400025699041 0 0 0 1 0 0 0 0 0 0
1.458993911743164 -1.0998128652572632 -59.45950698852539 0.9558124795137509 -0.2939770467328627 0 0 0 1 0 0 0 0 0 0
1.4511585235595703 -1.424725890159607 -59.10871887207031 0.968874896383352 0.2475508738787827 0 0 0 1 0 0 0 0 0 0
1.6138935089111328 -1.7060598134994507 -58.7579345703125 0.6976535122755304 0.7164353263272382 0 0 0 1 0 0 0 0 0 0
1.8994503021240234 -1.8612645864486694 -58.40714645385742 0.22172245384182743 0.9751098161039907 0 0 0 1 0 0 0 0 0 0
2.224039077758789 -1.8447965383529663 -58.05636215209961 -0.3192588569056033 0.947667548398344 0 0 0 1 0 0 0 0 0 0
2.4924259185791016 -1.6614927053451538 -57.70557403564453 -0.7665725754756421 0.6421576804248634 0 0 0 1 0 0 0 0 0 0
2.625852584838867 -1.3651365041732788 -57.35478591918945 -0.988952148153459 0.1482351127859355 0 0 0 1 0 0 0 0 0 0
2.585176467895508 -1.0426839590072632 -57.00400161743164 -0.9211582268247627 -0.38918828496379343 0 0 0 1 0 0 0 0 0 0
2.3823299407958984 -0.7887471914291382 -56.65321350097656 -0.5830759797641408 -0.8124176277150116 0 0 0 1 0 0 0 0 0 0
2.0768299102783203 -0.6778386831283569 -56.30242919921875 -0.07391549285039879 -0.9972645085014719 0 0 0 1 0 0 0 0 0 0
1.7583179473876953 -0.7425016164779663 -55.95164108276367 0.45694817555714917 -0.8894933191738952 0 0 0 1 0 0 0 0 0 0
1.5202503204345703 -0.9637578725814819 -55.60085678100586 0.8537211172844019 -0.5207305002615771 0 0 0 1 0 0 0 0 0 0
1.4324817657470703 -1.2766927480697632 -55.25006866455078 0.9999996553366131 0.0008302569813967325 0 0 0 1 0 0 0 0 0 0
1.5207653045654297 -1.5894826650619507 -54.8992805480957 0.8528602769363299 0.5221392036843112 0 0 0 1 0 0 0 0 0 0
1.7591991424560547 -1.810346007347107 -54.54849624633789 0.4554745635590656 0.8902487977810913 0 0 0 1 0 0 0 0 0 0
2.0778141021728516 -1.87448251247406 -54.19770812988281 -0.07555362062836488 0.9971417403809475 0 0 0 1 0 0 0 0 0 0
2.3831310272216797 -1.7630704641342163 -53.846923828125 -0.5844134893536541 0.8114560206576118 0 0 0 1 0 0 0 0 0 0
2.596467971801758 -1.4809430837631226 -53.45716094970703 -0.9399737900733004 0.34124664683368666 0 0 0 1 0 0 0 0 0 0
2.6230297088623047 -1.1701215505599976 -53.10637283325195 -0.9842487882456973 -0.17678892170290625 0 0 0 1 0 0 0 0 0 0
2.489957809448242 -0.8879712820053101 -52.755584716796875 -0.7624509316918375 -0.6470460391365122 0 0 0 1 0 0 0 0 0 0
2.233213424682617 -0.7107709646224976 -52.40480041503906 -0.3345496732387271 -0.9423781173901805 0 0 0 1 0 0 0 0 0 0
1.9222126007080078 -0.6864179372787476 -52.054012298583984 0.18377841684451837 -0.9829676970796764 0 0 0 1 0 0 0 0 0 0
1.6410160064697266 -0.8214963674545288 -51.70322799682617 0.6524474327488065 -0.7578339841281148 0 0 0 1 0 0 0 0 0 0
1.4656429290771484 -1.0794881582260132 -51.352439880371094 0.9447298066794408 -0.32784995405128015 0 0 0 1 0 0 0 0 0 0
1.443502426147461 -1.39065682888031 -51.001651763916016 0.9816350043797029 0.19076875576587674 0 0 0 1 0 0 0 0 0 0
1.5805721282958984 -1.6708844900131226 -50.6508674621582 0.7531859067563031 0.6578077149621196 0 0 0 1 0 0 0 0 0 0
1.8398075103759766 -1.8444188833236694 -50.300079345703125 0.3211209810363547 0.947038180612719 0 0 0 1 0 0 0 0 0 0
2.151124954223633 -1.86435067653656 -49.94929504394531 -0.1977362531024482 0.9802552597201427 0 0 0 1 0 0 0 0 0 0
2.4303722381591797 -1.7252897024154663 -49.598506927490234 -0.6631498465113855 0.748486660583825 0 0 0 1 0 0 0 0 0 0
2.602060317993164 -1.4648298025131226 -49.247718811035156 -0.9492952267268422 0.3143860246792678 0 0 0 1 0 0 0 0 0 0
2.619779586791992 -1.1533788442611694 -48.896934509277344 -0.9788242535502456 -0.20470241977515682 0 0 0 1 0 0 0 0 0 0
2.478738784790039 -0.8751271963119507 -48.546146392822266 -0.7437620283987899 -0.6684444966578134 0 0 0 1 0 0 0 0 0 0
2.2170658111572266 -0.7052968740463257 -48.19536209106445 -0.3076452276843643 -0.951501137089723 0 0 0 1 0 0 0 0 0 0
1.905496597290039 -0.6897901296615601 -47.844573974609375 0.21163724882864113 -0.9773482874125499 0 0 0 1 0 0 0 0 0 0
1.6282520294189453 -0.8328031301498413 -47.4937858581543 0.6737152956436006 -0.7389910015797595 0 0 0 1 0 0 0 0 0 0
1.4602832794189453 -1.0956777334213257 -47.143001556396484 0.9536657170020943 -0.3008682439455542 0 0 0 1 0 0 0 0 0 0
1.4469928741455078 -1.407349944114685 -46.792213439941406 0.9758157854268799 0.2185944942392685 0 0 0 1 0 0 0 0 0 0
1.5919742584228516 -1.6835683584213257 -46.441429138183594 0.734184585000388 0.6789499209424862 0 0 0 1 0 0 0 0 0 0
1.9724903106689453 -1.8731893301010132 -46.051666259765625 0.09999026586935489 0.9949884153754636 0 0 0 1 0 0 0 0 0 0
2.2465686798095703 -1.8367055654525757 -45.74851608276367 -0.3568060715201341 0.9341784772335364 0 0 0 1 0 0 0 0 0 0
2.4751834869384766 -1.6811879873275757 -45.44536590576172 -0.7378341819620642 0.6749820145221438 0 0 0 1 0 0 0 0 0 0
2.6097850799560547 -1.43966805934906 -45.14221954345703 -0.9621703148747203 0.2724486835605587 0 0 0 1 0 0 0 0 0 0
2.6217899322509766 -1.163434386253357 -44.83906936645508 -0.9821800089479332 -0.18794262428474787 0 0 0 1 0 0 0 0 0 0
2.5086536407470703 -0.9111455678939819 -44.535919189453125 -0.7936180989297565 -0.6084162333888858 0 0 0 1 0 0 0 0 0 0
2.294393539428711 -0.7363790273666382 -44.23277282714844 -0.43651408491008414 -0.8996974234013966 0 0 0 1 0 0 0 0 0 0
2.024515151977539 -0.6762517690658569 -43.929622650146484 0.013284136468037272 -0.9999117619661738 0 0 0 1 0 0 0 0 0 0
1.7563304901123047 -0.7435239553451538 -43.62647247314453 0.46025231973764746 -0.8877881516308462 0 0 0 1 0 0 0 0 0 0
1.5467891693115234 -0.9239171743392944 -43.323326110839844 0.8094879286684037 -0.5871365201894168 0 0 0 1 0 0 0 0 0 0
1.4383907318115234 -1.360181212425232 -42.933563232421875 0.9901546602976221 0.13997767211559228 0 0 0 1 0 0 0 0 0 0
1.5485553741455078 -1.6308988332748413 -42.59947967529297 0.8065462255381262 0.5911710294578063 0 0 0 1 0 0 0 0 0 0
1.7735538482666016 -1.8174527883529663 -42.26539611816406 0.4315412479729932 0.9020932054382802 0 0 0 1 0 0 0 0 0 0
2.059995651245117 -1.8755658864974976 -41.93131637573242 -0.0458550110424097 0.9989481057403835 0 0 0 1 0 0 0 0 0 0
2.339906692504883 -1.791455626487732 -41.597232818603516 -0.5123690363806643 0.858765375733296 0 0 0 1 0 0 0 0 0 0
2.5468692779541016 -1.5850766897201538 -41.26314926147461 -0.8573126970661448 0.5147960173206204 0 0 0 1 0 0 0 0 0 0
2.631772994995117 -1.305402159690857 -40.9290657043457 -0.9988148800173198 0.04867068374275626 0 0 0 1 0 0 0 0 0 0
2.574464797973633 -1.018800139427185 -40.59498596191406 -0.9033046794756266 -0.4289995991110429 0 0 0 1 0 0 0 0 0 0
2.388551712036133 -0.7932752370834351 -40.260902404785156 -0.593447395825645 -0.8048727777653809 0 0 0 1 0 0 0 0 0 0
2.118143081665039 -0.6823438405990601 -39.92681884765625 -0.1427705043154053 -0.9897558199361723 0 0 0 1 0 0 0 0 0 0
1.8274097442626953 -0.7123311758041382 -39.592735290527344 0.3417872046407495 -0.9397773708404892 0 0 0 1 0 0 0 0 0 0
1.585336685180664 -0.8761190176010132 -39.2586555480957 0.7452419003980928 -0.6667942035523696 0 0 0 1 0 0 0 0 0 0
1.4493694305419922 -1.1348470449447632 -38.9245719909668 0.9718553211662022 -0.2355785107367353 0 0 0 1 0 0 0 0 0 0
1.451772689819336 -1.4271138906478882 -38.59048843383789 0.9678481318667507 0.2515352731567495 0 0 0 1 0 0 0 0 0 0
1.5919742584228516 -1.6835683584213257 -38.25640869140625 0.734184585000388 0.6789499209424862 0 0 0 1 0 0 0 0 0 0
1.9724903106689453 -1.8731893301010132 -37.86664581298828 0.09999026586935489 0.9949884153754636 0 0 0 1 0 0 0 0 0 0
2.303525924682617 -1.8114866018295288 -37.50123977661133 -0.45174063001384 0.8921493166475548 0 0 0 1 0 0 0 0 0 0
2.5491886138916016 -1.581178069114685 -37.13583755493164 -0.8611810548174558 0.5082983285664966 0 0 0 1 0 0 0 0 0 0
2.632101058959961 -1.2548116445541382 -36.77043533325195 -0.9993645112178943 -0.03564510791426318 0 0 0 1 0 0 0 0 0 0
2.5261478424072266 -0.9351781606674194 -36.405033111572266 -0.8227746018399267 -0.5683677986719078 0 0 0 1 0 0 0 0 0 0
2.264699935913086 -0.7229589223861694 -36.03963088989258 -0.38702799240341157 -0.9220679655514471 0 0 0 1 0 0 0 0 0 0
1.9301090240478516 -0.6849950551986694 -35.67422866821289 0.1706289989624153 -0.9853353463228061 0 0 0 1 0 0 0 0 0 0
1.6277637481689453 -0.8332494497299194 -35.3088264465332 0.6745303021414721 -0.7382471615204046 0 0 0 1 0 0 0 0 0 0
1.4528980255126953 -1.1210187673568726 -34.943424224853516 0.9659744851147612 -0.2586373795631095 0 0 0 1 0 0 0 0 0 0
1.4605846405029297 -1.4576696157455444 -34.57801818847656 0.9531647822983171 0.3024514800529196 0 0 0 1 0 0 0 0 0 0
1.6484050750732422 -1.7371572256088257 -34.212615966796875 0.6401281155738708 0.7682681795127564 0 0 0 1 0 0 0 0 0 0
1.957204818725586 -1.8714574575424194 -33.84721374511719 0.12545829612981416 0.9920988942299068 0 0 0 1 0 0 0 0 0 0
2.289712905883789 -1.8182615041732788 -33.4818115234375 -0.42871418663328803 0.9034401729939612 0 0 0 1 0 0 0 0 0 0
2.541200637817383 -1.5943273305892944 -33.11640930175781 -0.8478652791466332 0.530211720369893 0 0 0 1 0 0 0 0 0 0
2.6324520111083984 -1.2701925039291382 -32.751007080078125 -0.9999499184516856 -0.01000802620235743 0 0 0 1 0 0 0 0 0 0
2.534730911254883 -0.9479459524154663 -32.38560485839844 -0.8370783063312853 -0.5470830915588114 0 0 0 1 0 0 0 0 0 0
2.278810501098633 -0.7290929555892944 -32.02020263671875 -0.41054754153237116 -0.911839194234228 0 0 0 1 0 0 0 0 0 0
1.9101848602294922 -0.6887944936752319 -31.63043975830078 0.20382790501538958 -0.9790067339589841 0 0 0 1 0 0 0 0 0 0
1.6464366912841797 -0.8168843984603882 -31.29914093017578 0.6434078253246845 -0.7655235922628122 0 0 0 1 0 0 0 0 0 0
1.4748783111572266 -1.0546621084213257 -30.96784210205078 0.9293384799446883 -0.36922891232147076 0 0 0 1 0 0 0 0 0 0
1.4364795684814453 -1.3453458547592163 -30.63654327392578 0.9933366548682695 0.11524881819401211 0 0 0 1 0 0 0 0 0 0
1.540414810180664 -1.6195157766342163 -30.30524444580078 0.8201175261866526 0.5721951094176575 0 0 0 1 0 0 0 0 0 0
1.7618579864501953 -1.8117002248764038 -29.97394561767578 0.45104213051770414 0.8925026590985878 0 0 0 1 0 0 0 0 0 0
2.0479297637939453 -1.8759969472885132 -29.64264678955078 -0.025749324342089746 0.9996684311790215 0 0 0 1 0 0 0 0 0 0
2.330312728881836 -1.797059416770935 -29.31134796142578 -0.496382990884574 0.8681036380297488 0 0 0 1 0 0 0 0 0 0
2.5415706634521484 -1.5937360525131226 -28.98004913330078 -0.8484770000884245 0.5292322555560535 0 0 0 1 0 0 0 0 0 0
2.631254196166992 -1.3145803213119507 -28.648754119873047 -0.9979515480715271 0.06397427374845523 0 0 0 1 0 0 0 0 0 0
2.5779476165771484 -1.026257872581482 -28.317455291748047 -0.909106606323947 -0.4165635345756467 0 0 0 1 0 0 0 0 0 0
2.394376754760742 -0.7976239919662476 -27.986156463623047 -0.6031601594263964 -0.7976200988445089 0 0 0 1 0 0 0 0 0 0
2.1243839263916016 -0.6832784414291382 -27.654857635498047 -0.15317166658525028 -0.9881995955046212 0 0 0 1 0 0 0 0 0 0
1.8324451446533203 -0.7105268239974976 -27.323558807373047 0.3333957858096691 -0.9427869589702401 0 0 0 1 0 0 0 0 0 0
1.5882740020751953 -0.8728612661361694 -26.992259979248047 0.7403486150541888 -0.6722231238118375 0 0 0 1 0 0 0 0 0 0
1.450185775756836 -1.1315168142318726 -26.660961151123047 0.9704919376900089 -0.24113357061739063 0 0 0 1 0 0 0 0 0 0
1.4511585235595703 -1.424725890159607 -26.329662322998047 0.968874896383352 0.2475508738787827 0 0 0 1 0 0 0 0 0 0
1.590951919555664 -1.6824620962142944 -25.998363494873047 0.735885616221019 0.6771058704803931 0 0 0 1 0 0 0 0 0 0
1.8361873626708984 -1.8431791067123413 -25.667068481445312 0.3271560352667963 0.9449703321208084 0 0 0 1 0 0 0 0 0 0
2.1283016204833984 -1.8684972524642944 -25.335769653320312 -0.15970122458672417 0.9871653959015686 0 0 0 1 0 0 0 0 0 0
2.397531509399414 -1.7523664236068726 -25.004470825195312 -0.6084145843104833 0.7936193631699656 0 0 0 1 0 0 0 0 0 0
2.6023387908935547 -1.4639867544174194 -24.614707946777344 -0.9497582170547402 0.3129845509557953 0 0 0 1 0 0 0 0 0 0
2.620870590209961 -1.1587156057357788 -24.280624389648438 -0.9806427660986372 -0.19580542714238955 0 0 0 1 0 0 0 0 0 0
2.4865283966064453 -0.8839696645736694 -23.94654083251953 -0.7567427782701849 -0.6537127561367619 0 0 0 1 0 0 0 0 0 0
2.2342166900634766 -0.7111295461654663 -23.61246109008789 -0.3362212527754058 -0.9417830265948398 0 0 0 1 0 0 0 0 0 0
1.9294910430908203 -0.6851018667221069 -23.278377532958984 0.17165035684159247 -0.9851579340370527 0 0 0 1 0 0 0 0 0 0
1.6515254974365234 -0.8126538991928101 -22.944293975830078 0.6349286593177682 -0.7725707718888551 0 0 0 1 0 0 0 0 0 0
1.4725399017333984 -1.0606435537338257 -22.610210418701172 0.9332400200995293 -0.359253482773139 0 0 0 1 0 0 0 0 0 0
1.439035415649414 -1.3646329641342163 -22.27613067626953 0.989078105256376 0.147392339361507 0 0 0 1 0 0 0 0 0 0
1.5919742584228516 -1.6835683584213257 -21.886367797851562 0.734184585000388 0.6789499209424862 0 0 0 1 0 0 0 0 0 0
1.8768253326416016 -1.8556569814682007 -21.529083251953125 0.25943105325339494 0.9657616313603653 0 0 0 1 0 0 0 0 0 0
2.2095699310302734 -1.849469542503357 -21.171802520751953 -0.29514371052164995 0.9554528717521928 0 0 0 1 0 0 0 0 0 0
2.487833023071289 -1.666913390159607 -20.814517974853516 -0.7589175348590314 0.6511867437866736 0 0 0 1 0 0 0 0 0 0
2.6260013580322266 -1.364148497581482 -20.457237243652344 -0.9891979798112241 0.14658566347836632 0 0 0 1 0 0 0 0 0 0
2.581571578979492 -1.0343259572982788 -20.099952697753906 -0.9151455430931483 -0.40312359761833144 0 0 0 1 0 0 0 0 0 0
2.3682117462158203 -0.7789205312728882 -19.742671966552734 -0.5595532070493131 -0.828794430773294 0 0 0 1 0 0 0 0 0 0
2.0515613555908203 -0.6764997243881226 -19.385387420654297 -0.03179658545126865 -0.99949436074129 0 0 0 1 0 0 0 0 0 0
1.729043960571289 -0.7585843801498413 -19.028106689453125 0.5057324570343075 -0.8626903742954608 0 0 0 1 0 0 0 0 0 0
1.4998798370361328 -0.9999135732650757 -18.670822143554688 0.8876748759590364 -0.460470753241842 0 0 0 1 0 0 0 0 0 0
1.4345722198486328 -1.3262418508529663 -18.313541412353516 0.9965155932508161 0.083406668845929 0 0 0 1 0 0 0 0 0 0
1.5532169342041016 -1.63717782497406 -17.956256866455078 0.79877314422565 0.6016323329608118 0 0 0 1 0 0 0 0 0 0
1.8193111419677734 -1.8370527029037476 -17.598976135253906 0.35528325052826726 0.9347586917991555 0 0 0 1 0 0 0 0 0 0
2.1194286346435547 -1.8698629140853882 -17.209213256835938 -0.14491384633696805 0.9894442769250958 0 0 0 1 0 0 0 0 0 0
2.4230899810791016 -1.7316373586654663 -16.8519287109375 -0.6510112520696978 0.7590680797389943 0 0 0 1 0 0 0 0 0 0
2.6059703826904297 -1.4525846242904663 -16.494647979736328 -0.9558124795137509 0.2939770467328627 0 0 0 1 0 0 0 0 0 0
2.611520767211914 -1.11898934841156 -16.13736343383789 -0.9650640515919934 -0.26201407657766457 0 0 0 1 0 0 0 0 0 0
2.438028335571289 -0.8340047597885132 -15.780083656311035 -0.6759070016764206 -0.7369869232793692 0 0 0 1 0 0 0 0 0 0
2.1391353607177734 -0.6857541799545288 -15.422799110412598 -0.177754816084704 -0.9840748067899578 0 0 0 1 0 0 0 0 0 0
1.8072643280029297 -0.7200711965560913 -15.065518379211426 0.3753644397359186 -0.9268773043837789 0 0 0 1 0 0 0 0 0 0
1.545034408569336 -0.9263509511947632 -14.708233833312988 0.8124138132201869 -0.5830812945799541 0 0 0 1 0 0 0 0 0 0
1.4335269927978516 -1.2408078908920288 -14.350953102111816 0.9982590574039127 -0.05898181339236596 0 0 0 1 0 0 0 0 0 0
1.5072269439697266 -1.566205382347107 -13.993668556213379 0.8754297104291836 0.4833454479954019 0 0 0 1 0 0 0 0 0 0
1.7433414459228516 -1.8019307851791382 -13.636387825012207 0.48189850675746204 0.8762270420301627 0 0 0 1 0 0 0 0 0 0
2.0688610076904297 -1.87509286403656 -13.27910327911377 -0.06063123594513858 0.9981602342448656 0 0 0 1 0 0 0 0 0 0
2.3831310272216797 -1.7630704641342163 -12.921822547912598 -0.5844134893536541 0.8114560206576118 0 0 0 1 0 0 0 0 0 0
2.596467971801758 -1.4809430837631226 -12.532059669494629 -0.9399737900733004 0.34124664683368666 0 0 0 1 0 0 0 0 0 0
2.6280574798583984 -1.203473448753357 -12.220250129699707 -0.9926271879856516 -0.12120753141491557 0 0 0 1 0 0 0 0 0 0
2.530630111694336 -0.9417623281478882 -11.908440589904785 -0.8302473145591037 -0.5573951889525031 0 0 0 1 0 0 0 0 0 0
2.325288772583008 -0.7524961233139038 -11.596627235412598 -0.4880122066897618 -0.8728368038309274 0 0 0 1 0 0 0 0 0 0
2.056520462036133 -0.6766790151596069 -11.284817695617676 -0.04006571806761371 -0.999197046750903 0 0 0 1 0 0 0 0 0 0
1.782541275024414 -0.7307370901107788 -10.973008155822754 0.416567783507077 -0.9091046594006661 0 0 0 1 0 0 0 0 0 0
1.5627079010009766 -0.9029554128646851 -10.661198616027832 0.7829616881046159 -0.6220699277093936 0 0 0 1 0 0 0 0 0 0
1.4446392059326172 -1.1560300588607788 -10.34938907623291 0.9797381049561245 -0.20028291414142643 0 0 0 1 0 0 0 0 0 0
1.4539165496826172 -1.4351361989974976 -10.037575721740723 0.9642767115036415 0.26489700574321917 0 0 0 1 0 0 0 0 0 0
1.5885295867919922 -1.679810881614685 -9.7257661819458 0.739921796564417 0.6726928979622762 0 0 0 1 0 0 0 0 0 0
1.8193111419677734 -1.8370527029037476 -9.413956642150879 0.35528325052826726 0.9347586917991555 0 0 0 1 0 0 0 0 0 0
2.1194286346435547 -1.8698629140853882 -9.02419376373291 -0.14491384633696805 0.9894442769250958 0 0 0 1 0 0 0 0 0 0
2.404745101928711 -1.7467511892318726 -8.677739143371582 -0.6204373722268255 0.7842559959249733 0 0 0 1 0 0 0 0 0 0
2.590211868286133 -1.4974225759506226 -8.331280708312988 -0.9295444914158066 0.36870996525525235 0 0 0 1 0 0 0 0 0 0
2.626077651977539 -1.18875253200531 -7.984825611114502 -0.989322528753625 -0.1457426982751887 0 0 0 1 0 0 0 0 0 0
2.502725601196289 -0.9035428762435913 -7.638370990753174 -0.7837404150704457 -0.621088529748542 0 0 0 1 0 0 0 0 0 0
2.2532405853271484 -0.7182859182357788 -7.29191255569458 -0.36792740150167486 -0.9298545193868907 0 0 0 1 0 0 0 0 0 0
1.9445438385009766 -0.6826757192611694 -6.945461750030518 0.14656207945709243 -0.9892014743545487 0 0 0 1 0 0 0 0 0 0
1.659433364868164 -0.8062680959701538 -6.599003314971924 0.62175160535966 -0.7832144924812652 0 0 0 1 0 0 0 0 0 0
1.474386215209961 -1.0559056997299194 -6.25254487991333 0.9301600613953963 -0.3671542730037507 0 0 0 1 0 0 0 0 0 0
1.439035415649414 -1.3646329641342163 -5.906094074249268 0.989078105256376 0.147392339361507 0 0 0 1 0 0 0 0 0 0
1.5919742584228516 -1.6835683584213257 -5.516331195831299 0.734184585000388 0.6789499209424862 0 0 0 1 0 0 0 0 0 0
1.8446979522705078 -1.8460553884506226 -5.182247638702393 0.3129744302832466 0.9497615521744798 0 0 0 1 0 0 0 0 0 0
2.1445140838623047 -1.865643858909607 -4.848164081573486 -0.18671922950476963 0.9824133189921364 0 0 0 1 0 0 0 0 0 0
2.4162349700927734 -1.737428069114685 -4.51408052444458 -0.6395893805099575 0.768716738687853 0 0 0 1 0 0 0 0 0 0
2.5917301177978516 -1.4935544729232788 -4.179996967315674 -0.9320764533084702 0.36226162533161466 0 0 0 1 0 0 0 0 0 0
2.626985549926758 -1.1951764822006226 -3.8459136486053467 -0.9908414981326115 -0.13503009138085398 0 0 0 1 0 0 0 0 0 0
2.5131702423095703 -0.9171155691146851 -3.5118300914764404 -0.8011442994569038 -0.5984712285880639 0 0 0 1 0 0 0 0 0 0
2.2788143157958984 -0.7290967702865601 -3.1777541637420654 -0.4105517416650817 -0.9118373031499468 0 0 0 1 0 0 0 0 0 0
1.927816390991211 -0.6853955984115601 -2.7879912853240967 0.1744426217453335 -0.9846673406377479 0 0 0 1 0 0 0 0 0 0
1.6378765106201172 -0.8242200613021851 -2.4431960582733154 0.6576812976467042 -0.7532962967689057 0 0 0 1 0 0 0 0 0 0
1.4612064361572266 -1.0927785634994507 -2.0984084606170654 0.9521268045916537 -0.30570336599077075 0 0 0 1 0 0 0 0 0 0
1.4485187530517578 -1.4139913320541382 -1.7536207437515259 0.9732720374740866 0.22965526571589887 0 0 0 1 0 0 0 0 0 0
1.6034603118896484 -1.69564950466156 -1.4088255167007446 0.7150389477334046 0.6990846180715933 0 0 0 1 0 0 0 0 0 0
1.881551742553711 -1.85690438747406 -1.0640379190444946 0.2515562927065159 0.9678426688257518 0 0 0 1 0 0 0 0 0 0
2.202970504760742 -1.8514684438705444 -0.7192426919937134 -0.2841471576886476 0.9587806802274766 0 0 0 1 0 0 0 0 0 0
2.4754467010498047 -1.6808980703353882 -0.37445512413978577 -0.7382685450580515 0.6745068979468389 0 0 0 1 0 0 0 0 0 0
2.6207714080810547 -1.3941587209701538 -0.02966751530766487 -0.980483028897323 0.19660373863264013 0 0 0 1 0 0 0 0 0 0
2.597230911254883 -1.073560118675232 0.3151277005672455 -0.9412425976290447 -0.3377312132577152 0 0 0 1 0 0 0 0 0 0
2.4115772247314453 -0.8111280202865601 0.6599153280258179 -0.6318247792645761 -0.7751112489876982 0 0 0 1 0 0 0 0 0 0
2.1171016693115234 -0.6821950674057007 1.0047029256820679 -0.14103179684052414 -0.9900050667950813 0 0 0 1 0 0 0 0 0 0
1.7983417510986328 -0.7237676382064819 1.3494981527328491 0.3902302862461581 -0.9207172876058327 0 0 0 1 0 0 0 0 0 0
1.5467891693115234 -0.9239171743392944 1.6942857503890991 0.8094879286684037 -0.5871365201894168 0 0 0 1 0 0 0 0 0 0
1.4346561431884766 -1.2251867055892944 2.0390732288360596 0.9963789817777304 -0.08502308316906113 0 0 0 1 0 0 0 0 0 0
1.4941272735595703 -1.5411008596420288 2.383868455886841 0.8972588251742839 0.4415049270923979 0 0 0 1 0 0 0 0 0 0
1.7081356048583984 -1.7809728384017944 2.728656053543091 0.540580088070042 0.8412925581402618 0 0 0 1 0 0 0 0 0 0
2.0152454376220703 -1.8759511709213257 3.073443651199341 0.028733697396097494 0.9995871020746262 0 0 0 1 0 0 0 0 0 0
2.3273067474365234 -1.798768401145935 3.418238878250122 -0.4913757453580969 0.870947688942209 0 0 0 1 0 0 0 0 0 0
2.5547351837158203 -1.5715802907943726 3.763026475906372 -0.8704261431257403 0.4922990243370873 0 0 0 1 0 0 0 0 0 0
2.632253646850586 -1.2596067190170288 4.107814311981201 -0.9996177955778845 -0.027645302747672795 0 0 0 1 0 0 0 0 0 0
2.537607192993164 -0.9523938894271851 4.452609539031982 -0.8418758713063973 -0.5396712122321278 0 0 0 1 0 0 0 0 0 0
2.297964096069336 -0.7381261587142944 4.797397136688232 -0.44246815032732906 -0.8967842192779221 0 0 0 1 0 0 0 0 0 0
1.9821147918701172 -0.6783155202865601 5.142184734344482 0.08394612051382647 -0.9964702950167046 0 0 0 1 0 0 0 0 0 0
1.6807231903076172 -0.7901242971420288 5.486979961395264 0.5862641065261266 -0.8101199895071857 0 0 0 1 0 0 0 0 0 0
1.480306625366211 -1.0414632558822632 5.831767559051514 0.9202970895673052 -0.3912202281758289 0 0 0 1 0 0 0 0 0 0
1.4383907318115234 -1.360181212425232 6.176555156707764 0.9901546602976221 0.13997767211559228 0 0 0 1 0 0 0 0 0 0
1.5731678009033203 -1.6622403860092163 6.566318035125732 0.7655235922628122 0.6434078253246845 0 0 0 1 0 0 0 0 0 0
1.8277263641357422 -1.8401769399642944 6.90736722946167 0.34126015890589706 0.9399688845613572 0 0 0 1 0 0 0 0 0 0
2.137147903442383 -1.8669980764389038 7.248408794403076 -0.17444454893711325 0.9846669992165509 0 0 0 1 0 0 0 0 0 0
2.4185237884521484 -1.7355130910873413 7.589450359344482 -0.6434078253246845 0.7655235922628122 0 0 0 1 0 0 0 0 0 0
2.596464157104492 -1.4809545278549194 7.930491924285889 -0.9399701911768283 0.341256559935478 0 0 0 1 0 0 0 0 0 0
2.623281478881836 -1.1715329885482788 8.271533012390137 -0.9846669992165509 -0.17444454893711325 0 0 0 1 0 0 0 0 0 0
2.491800308227539 -0.8901532888412476 8.612574577331543 -0.7655282368839068 -0.6434022991359428 0 0 0 1 0 0 0 0 0 0
2.237241744995117 -0.7122167348861694 8.95361614227295 -0.3412700719708078 -0.9399652855169915 0 0 0 1 0 0 0 0 0 0
1.927816390991211 -0.6853955984115601 9.294657707214355 0.1744426217453335 -0.9846673406377479 0 0 0 1 0 0 0 0 0 0
1.6464405059814453 -0.8168805837631226 9.635699272155762 0.6434022991359428 -0.7655282368839068 0 0 0 1 0 0 0 0 0 0
1.4685039520263672 -1.0714391469955444 9.9767484664917 0.9399652855169915 -0.3412700719708078 0 0 0 1 0 0 0 0 0 0
1.4416828155517578 -1.380860686302185 10.317790031433105 0.9846689263729691 0.17443367059001108 0 0 0 1 0 0 0 0 0 0
1.5731678009033203 -1.6622403860092163 10.658831596374512 0.7655235922628122 0.6434078253246845 0 0 0 1 0 0 0 0 0 0
1.8277263641357422 -1.8401769399642944 10.999873161315918 0.34126015890589706 0.9399688845613572 0 0 0 1 0 0 0 0 0 0
2.137147903442383 -1.8669980764389038 11.340914726257324 -0.17444454893711325 0.9846669992165509 0 0 0 1 0 0 0 0 0 0
2.4185237884521484 -1.7355130910873413 11.68195629119873 -0.6434078253246845 0.7655235922628122 0 0 0 1 0 0 0 0 0 0
2.596464157104492 -1.4809545278549194 12.022997856140137 -0.9399701911768283 0.341256559935478 0 0 0 1 0 0 0 0 0 0
2.623281478881836 -1.1715329885482788 12.364039421081543 -0.9846669992165509 -0.17444454893711325 0 0 0 1 0 0 0 0 0 0
2.491800308227539 -0.8901532888412476 12.70508861541748 -0.7655282368839068 -0.6434022991359428 0 0 0 1 0 0 0 0 0 0
2.237241744995117 -0.7122167348861694 13.046130180358887 -0.3412700719708078 -0.9399652855169915 0 0 0 1 0 0 0 0 0 0
1.927816390991211 -0.6853955984115601 13.387171745300293 0.1744426217453335 -0.9846673406377479 0 0 0 1 0 0 0 0 0 0
1.6464405059814453 -0.8168805837631226 13.7282133102417 0.6434022991359428 -0.7655282368839068 0 0 0 1 0 0 0 0 0 0
1.4685039520263672 -1.0714391469955444 14.069254875183105 0.9399652855169915 -0.3412700719708078 0 0 0 1 0 0 0 0 0 0
1.4416828155517578 -1.380860686302185 14.410296440124512 0.9846689263729691 0.17443367059001108 0 0 0 1 0 0 0 0 0 0
1.5731678009033203 -1.6622403860092163 14.751338005065918 0.7655235922628122 0.6434078253246845 0 0 0 1 0 0 0 0 0 0
1.8193111419677734 -1.8370527029037476 15.141100883483887 0.35528325052826726 0.9347586917991555 0 0 0 1 0 0 0 0 0 0
2.127561569213867 -1.8686155080795288 15.49189281463623 -0.15846657469071315 0.9873643424318062 0 0 0 1 0 0 0 0 0 0
2.410451889038086 -1.7421773672103882 15.842677116394043 -0.6299486802341627 0.7766367621167802 0 0 0 1 0 0 0 0 0 0
2.592538833618164 -1.4914602041244507 16.193462371826172 -0.9334248155301809 0.35877306720606517 0 0 0 1 0 0 0 0 0 0
2.625253677368164 -1.183331847190857 16.544254302978516 -0.9879496514013828 -0.15477559980787092 0 0 0 1 0 0 0 0 0 0
2.4998722076416016 -0.8999685049057007 16.895038604736328 -0.7789825456510028 -0.6270456072496506 0 0 0 1 0 0 0 0 0 0
2.2498340606689453 -0.7169507741928101 17.24582290649414 -0.362251877973821 -0.932080241666156 0 0 0 1 0 0 0 0 0 0
1.9418315887451172 -0.6830838918685913 17.596607208251953 0.1510841764718138 -0.988520900952445 0 0 0 1 0 0 0 0 0 0
1.6580028533935547 -0.8074086904525757 17.947399139404297 0.6241311617309979 -0.7813195843931695 0 0 0 1 0 0 0 0 0 0
1.474050521850586 -1.0567563772201538 18.29818344116211 0.9307173964420865 -0.3657391528946059 0 0 0 1 0 0 0 0 0 0
1.439035415649414 -1.3646329641342163 18.648967742919922 0.989078105256376 0.147392339361507 0 0 0 1 0 0 0 0 0 0
1.5919742584228516 -1.6835683584213257 19.03873062133789 0.734184585000388 0.6789499209424862 0 0 0 1 0 0 0 0 0 0
1.8528118133544922 -1.84866464138031 19.37765884399414 0.29945343170698885 0.9541109171573857 0 0 0 1 0 0 0 0 0 0
2.1612110137939453 -1.862225890159607 19.71657943725586 -0.21454200492478762 0.9767147629286927 0 0 0 1 0 0 0 0 0 0
2.435537338256836 -1.7206624746322632 20.05550765991211 -0.6717525190378087 0.740775642935402 0 0 0 1 0 0 0 0 0 0
2.603170394897461 -1.4614461660385132 20.394428253173828 -0.9511424326224729 0.3087524459255421 0 0 0 1 0 0 0 0 0 0
2.6197376251220703 -1.1531919240951538 20.733356475830078 -0.9787606878904903 -0.20500613610361593 0 0 0 1 0 0 0 0 0 0
2.480855941772461 -0.8774999380111694 21.072277069091797 -0.7472892168181995 -0.6644989288382956 0 0 0 1 0 0 0 0 0 0
2.223287582397461 -0.7073453664779663 21.411205291748047 -0.31801113901126576 -0.9480869767404029 0 0 0 1 0 0 0 0 0 0
1.915212631225586 -0.6877683401107788 21.750125885009766 0.195447222616746 -0.9807142209488959 0 0 0 1 0 0 0 0 0 0
1.6381778717041016 -0.8239530324935913 22.089054107666016 0.6571723039050187 -0.753740381683355 0 0 0 1 0 0 0 0 0 0
1.4655208587646484 -1.0798505544662476 22.427974700927734 0.944938976250211 -0.327246590758717 0 0 0 1 0 0 0 0 0 0
1.4429378509521484 -1.3877195119857788 22.766902923583984 0.9825752301126608 0.18586531997403785 0 0 0 1 0 0 0 0 0 0
1.5764141082763672 -1.6660703420639038 23.105823516845703 0.7601136576176759 0.6497901411248701 0 0 0 1 0 0 0 0 0 0
1.8306140899658203 -1.84121835231781 23.444744110107422 0.3364451395390454 0.9417030678937773 0 0 0 1 0 0 0 0 0 0
2.1382503509521484 -1.866803526878357 23.783672332763672 -0.1762822260686487 0.9843396653453937 0 0 0 1 0 0 0 0 0 0
2.417886734008789 -1.7360471487045288 24.12259292602539 -0.642340473925445 0.7664194123045388 0 0 0 1 0 0 0 0 0 0
2.5955066680908203 -1.4835714101791382 24.46152114868164 -0.9383731876110382 0.34562372715526846 0 0 0 1 0 0 0 0 0 0
2.6240901947021484 -1.1761983633041382 24.80044174194336 -0.9860128717095942 -0.16666918378332335 0 0 0 1 0 0 0 0 0 0
2.496072769165039 -0.8952955007553101 25.13936996459961 -0.7726464553629268 -0.6348365577178938 0 0 0 1 0 0 0 0 0 0
2.2453365325927734 -0.7152227163314819 25.478290557861328 -0.35475536086860043 -0.9349591616402231 0 0 0 1 0 0 0 0 0 0
1.9382610321044922 -0.6836408376693726 25.817218780517578 0.15703123655941936 -0.9875936364439676 0 0 0 1 0 0 0 0 0 0
1.6561222076416016 -0.8089154958724976 26.156139373779297 0.6272694317426305 -0.7788023240856935 0 0 0 1 0 0 0 0 0 0
1.473611831665039 -1.0578778982162476 26.495067596435547 0.9314508732109571 -0.36386710595290894 0 0 0 1 0 0 0 0 0 0
1.439035415649414 -1.3646329641342163 26.833988189697266 0.989078105256376 0.147392339361507 0 0 0 1 0 0 0 0 0 0
1.5919742584228516 -1.6835683584213257 27.223751068115234 0.734184585000388 0.6789499209424862 0 0 0 1 0 0 0 0 0 0
1.8801288604736328 -1.8565305471420288 27.574542999267578 0.2539260752527576 0.9672236289021949 0 0 0 1 0 0 0 0 0 0
2.216085433959961 -1.8474172353744507 27.92532730102539 -0.30600409590745303 0.9520301955756771 0 0 0 1 0 0 0 0 0 0
2.494436264038086 -1.6590780019760132 28.276111602783203 -0.7699235932854528 0.6381360830594184 0 0 0 1 0 0 0 0 0 0
2.6278514862060547 -1.3506139516830444 28.626895904541016 -0.992278049322878 0.12403335370771944 0 0 0 1 0 0 0 0 0 0
2.574464797973633 -1.018800139427185 28.97768783569336 -0.9033046794756266 -0.4289995991110429 0 0 0 1 0 0 0 0 0 0
2.351034164428711 -0.7677434682846069 29.328472137451172 -0.5309163761630045 -0.8474242157986418 0 0 0 1 0 0 0 0 0 0
2.027658462524414 -0.6762174367904663 29.679256439208984 0.00803331122706385 -0.9999677324347666 0 0 0 1 0 0 0 0 0 0
1.7057933807373047 -0.7729352712631226 30.030048370361328 0.5444807023850238 -0.8387733691112942 0 0 0 1 0 0 0 0 0 0
1.486429214477539 -1.0275510549545288 30.38083267211914 0.9100892380746085 -0.41441232937833616 0 0 0 1 0 0 0 0 0 0
1.4383907318115234 -1.360181212425232 30.731616973876953 0.9901546602976221 0.13997767211559228 0 0 0 1 0 0 0 0 0 0
1.5731678009033203 -1.6622403860092163 31.121379852294922 0.7655235922628122 0.6434078253246845 0 0 0 1 0 0 0 0 0 0
1.8276805877685547 -1.840161681175232 31.472164154052734 0.34133674720017854 0.9399410752865318 0 0 0 1 0 0 0 0 0 0
2.137052536010742 -1.8670133352279663 31.822956085205078 -0.17428839507926597 0.9846946508134864 0 0 0 1 0 0 0 0 0 0
2.4184131622314453 -1.735608458518982 32.17374038696289 -0.6432131362398315 0.7656871824501962 0 0 0 1 0 0 0 0 0 0
2.596395492553711 -1.4811376333236694 32.5245246887207 -0.9398549939420598 0.34157369682422967 0 0 0 1 0 0 0 0 0 0
2.6233272552490234 -1.1717694997787476 32.87531661987305 -0.9847367621100246 -0.17405030694906873 0 0 0 1 0 0 0 0 0 0
2.491983413696289 -0.8903783559799194 33.22610092163086 -0.765835917580329 -0.6430360389153125 0 0 0 1 0 0 0 0 0 0
2.237558364868164 -0.7123311758041382 33.57688522338867 -0.34179350979013673 -0.9397750776996269 0 0 0 1 0 0 0 0 0 0
1.9281978607177734 -0.6853307485580444 33.927677154541016 0.17380517551542313 -0.9847800571518766 0 0 0 1 0 0 0 0 0 0
1.6467723846435547 -0.8166021108627319 34.27846145629883 0.6428533810685338 -0.7659892495647406 0 0 0 1 0 0 0 0 0 0
1.468667984008789 -1.070985198020935 34.62924575805664 0.93969248736894 -0.3420205098855549 0 0 0 1 0 0 0 0 0 0
1.439035415649414 -1.3646329641342163 35.01900863647461 0.989078105256376 0.147392339361507 0 0 0 1 0 0 0 0 0 0
1.5623531341552734 -1.6489957571029663 35.360050201416016 0.783552112235655 0.6213260717296863 0 0 0 1 0 0 0 0 0 0
1.8111286163330078 -1.833875060081482 35.70109176635742 0.36892491137566347 0.9294592028520988 0 0 0 1 0 0 0 0 0 0
2.1189746856689453 -1.8699315786361694 36.04214096069336 -0.14415079763682132 0.9895557324075627 0 0 0 1 0 0 0 0 0 0
2.4037418365478516 -1.7475446462631226 36.383182525634766 -0.6187635585549114 0.785577277296424 0 0 0 1 0 0 0 0 0 0
2.5894298553466797 -1.4993757009506226 36.72422409057617 -0.9282451513521602 0.37196900272899774 0 0 0 1 0 0 0 0 0 0
2.626497268676758 -1.191651701927185 37.06526565551758 -0.9900227369828019 -0.14090770119862883 0 0 0 1 0 0 0 0 0 0
2.505044937133789 -0.9064878225326538 37.406307220458984 -0.7876006417848687 -0.6161860344571781 0 0 0 1 0 0 0 0 0 0
2.2574825286865234 -0.7199834585189819 37.74734878540039 -0.37499558224613516 -0.9270265979441378 0 0 0 1 0 0 0 0 0 0
1.949880599975586 -0.6819089651107788 38.0883903503418 0.13766468435768134 -0.9904788915876501 0 0 0 1 0 0 0 0 0 0
1.6643199920654297 -0.8024305105209351 38.4294319152832 0.6136073326658291 -0.7896113229296591 0 0 0 1 0 0 0 0 0 0
1.4770069122314453 -1.0493749380111694 38.77048110961914 0.9257910743318821 -0.3780355627284546 0 0 0 1 0 0 0 0 0 0
1.4379291534423828 -1.3568509817123413 39.11152267456055 0.990924009470888 0.13442324000759406 0 0 0 1 0 0 0 0 0 0
1.5575122833251953 -1.642804503440857 39.45256423950195 0.7916189785499244 0.6110150512054301 0 0 0 1 0 0 0 0 0 0
1.803842544555664 -1.8309262990951538 39.79360580444336 0.38106579342404723 0.924547922544906 0 0 0 1 0 0 0 0 0 0
2.1111888885498047 -1.8710111379623413 40.134647369384766 -0.13118180101897225 0.9913583282957877 0 0 0 1 0 0 0 0 0 0
2.397531509399414 -1.7523664236068726 40.47568893432617 -0.6084145843104833 0.7936193631699656 0 0 0 1 0 0 0 0 0 0
2.6023387908935547 -1.4639867544174194 40.86545181274414 -0.9497582170547402 0.3129845509557953 0 0 0 1 0 0 0 0 0 0
2.620870590209961 -1.1587156057357788 41.19953536987305 -0.9806427660986372 -0.19580542714238955 0 0 0 1 0 0 0 0 0 0
2.4865283966064453 -0.8839696645736694 41.53361892700195 -0.7567427782701849 -0.6537127561367619 0 0 0 1 0 0 0 0 0 0
2.2342166900634766 -0.7111295461654663 41.86770248413086 -0.3362212527754058 -0.9417830265948398 0 0 0 1 0 0 0 0 0 0
1.9294910430908203 -0.6851018667221069 42.201786041259766 0.17165035684159247 -0.9851579340370527 0 0 0 1 0 0 0 0 0 0
1.6515254974365234 -0.8126538991928101 42.53586196899414 0.6349286593177682 -0.7725707718888551 0 0 0 1 0 0 0 0 0 0
1.4725399017333984 -1.0606435537338257 42.86994552612305 0.9332400200995293 -0.359253482773139 0 0 0 1 0 0 0 0 0 0
1.439035415649414 -1.3646329641342163 43.20402908325195 0.989078105256376 0.147392339361507 0 0 0 1 0 0 0 0 0 0
1.5919742584228516 -1.6835683584213257 43.59379196166992 0.734184585000388 0.6789499209424862 0 0 0 1 0 0 0 0 0 0
1.8524112701416016 -1.8485387563705444 43.91859817504883 0.3001168707533923 0.953902439397862 0 0 0 1 0 0 0 0 0 0
2.1603946685791016 -1.8624051809310913 44.2433967590332 -0.2131855740574829 0.9770117251158154 0 0 0 1 0 0 0 0 0 0
2.4346065521240234 -1.7215055227279663 44.56820297241211 -0.670203537294113 0.742177349828502 0 0 0 1 0 0 0 0 0 0
2.602651596069336 -1.4630368947982788 44.893001556396484 -0.9502788071751526 0.31140036710602803 0 0 0 1 0 0 0 0 0 0
2.6201648712158203 -1.1552404165267944 45.21780776977539 -0.9794688385627571 -0.20159562069778142 0 0 0 1 0 0 0 0 0 0
2.482522964477539 -0.8793805837631226 45.542606353759766 -0.7500712615984658 -0.6613570159332142 0 0 0 1 0 0 0 0 0 0
2.226064682006836 -0.7082837820053101 45.86741256713867 -0.32263257931629247 -0.9465242832403805 0 0 0 1 0 0 0 0 0 0
1.918497085571289 -0.6871236562728882 46.19221115112305 0.18997167094651052 -0.9817895722800231 0 0 0 1 0 0 0 0 0 0
1.6410236358642578 -0.8214887380599976 46.51701736450195 0.6524354415342073 -0.7578443076450889 0 0 0 1 0 0 0 0 0 0
1.4669017791748047 -1.0759023427963257 46.84181594848633 0.9426366401844828 -0.3338205574582094 0 0 0 1 0 0 0 0 0 0
1.442098617553711 -1.3831952810287476 47.166622161865234 0.9839717141607363 0.1783246077567045 0 0 0 1 0 0 0 0 0 0
1.5731678009033203 -1.6622403860092163 47.49142074584961 0.7655235922628122 0.6434078253246845 0 0 0 1 0 0 0 0 0 0
1.8193111419677734 -1.8370527029037476 47.88118362426758 0.35528325052826726 0.9347586917991555 0 0 0 1 0 0 0 0 0 0
2.141756057739258 -1.866162657737732 48.237056732177734 -0.1821189909500017 0.9832764988218489 0 0 0 1 0 0 0 0 0 0
2.4323863983154297 -1.7234967947006226 48.59292221069336 -0.6665094836248799 0.7454965514595598 0 0 0 1 0 0 0 0 0 0
2.606576919555664 -1.4505971670150757 48.948795318603516 -0.9568240343588095 0.2906677953838918 0 0 0 1 0 0 0 0 0 0
2.613615036010742 -1.1269162893295288 49.30466842651367 -0.9685527488193423 -0.24880830523617142 0 0 0 1 0 0 0 0 0 0
2.451448440551758 -0.8467038869857788 49.6605339050293 -0.6982784241365009 -0.7158262655040292 0 0 0 1 0 0 0 0 0 0
2.167299270629883 -0.6915410757064819 50.01640701293945 -0.22469644006487494 -0.9744288120854042 0 0 0 1 0 0 0 0 0 0
1.843893051147461 -0.7066053152084351 50.37228012084961 0.31431866265661274 -0.9493175329181267 0 0 0 1 0 0 0 0 0 0
1.5753955841064453 -0.8875173330307007 50.728145599365234 0.7618119628263884 -0.647798219582769 0 0 0 1 0 0 0 0 0 0
1.4399890899658203 -1.1815961599349976 51.08401870727539 0.9874917601975726 -0.15767061724335318 0 0 0 1 0 0 0 0 0 0
1.477090835571289 -1.503217101097107 51.43989181518555 0.9256562957858999 0.37836546099231416 0 0 0 1 0 0 0 0 0 0
1.6759014129638672 -1.758740782737732 51.79575729370117 0.5942995709144059 0.8042437565881086 0 0 0 1 0 0 0 0 0 0
1.9785327911376953 -1.8737691640853882 52.15163040161133 0.08991459901500774 0.9959494790821322 0 0 0 1 0 0 0 0 0 0
2.296876907348633 -1.8148053884506226 52.507503509521484 -0.4406537936623804 0.8976771324540648 0 0 0 1 0 0 0 0 0 0
2.538236618041992 -1.5990194082260132 52.86336898803711 -0.8429205856305163 0.5380379970971451 0 0 0 1 0 0 0 0 0 0
2.6323413848876953 -1.2892392873764038 53.219242095947266 -0.999763820621674 0.0217325326631075 0 0 0 1 0 0 0 0 0 0
2.551790237426758 -0.9756635427474976 53.57510757446289 -0.8655097461428547 -0.5008920835187266 0 0 0 1 0 0 0 0 0 0
2.320035934448242 -0.7495931386947632 53.93098068237305 -0.47925220487246833 -0.8776772323154326 0 0 0 1 0 0 0 0 0 0
2.0045604705810547 -0.6768468618392944 54.2868537902832 0.046538985945962674 -0.9989164743796758 0 0 0 1 0 0 0 0 0 0
1.697214126586914 -0.7786115407943726 54.64271926879883 0.5587818382280798 -0.8293146913364359 0 0 0 1 0 0 0 0 0 0
1.4874820709228516 -1.025250792503357 54.998592376708984 0.9083333761272753 -0.4182469101060113 0 0 0 1 0 0 0 0 0 0
1.4364337921142578 -1.3449567556381226 55.35446548461914 0.9934119820290715 0.11459770486825391 0 0 0 1 0 0 0 0 0 0
1.5589351654052734 -1.6446431875228882 55.710330963134766 0.7892476903964624 0.6140749817439644 0 0 0 1 0 0 0 0 0 0
1.8193111419677734 -1.8370527029037476 56.06620407104492 0.35528325052826726 0.9347586917991555 0 0 0 1 0 0 0 0 0 0
2.1194286346435547 -1.8698629140853882 56.45596694946289 -0.14491384633696805 0.9894442769250958 0 0 0 1 0 0 0 0 0 0
2.404745101928711 -1.7467511892318726 56.80241775512695 -0.6204373722268255 0.7842559959249733 0 0 0 1 0 0 0 0 0 0
2.590211868286133 -1.4974225759506226 57.14888381958008 -0.9295444914158066 0.36870996525525235 0 0 0 1 0 0 0 0 0 0
2.626077651977539 -1.18875253200531 57.49533462524414 -0.989322528753625 -0.1457426982751887 0 0 0 1 0 0 0 0 0 0
2.502725601196289 -0.9035428762435913 57.8417854309082 -0.7837404150704457 -0.621088529748542 0 0 0 1 0 0 0 0 0 0
2.2532405853271484 -0.7182859182357788 58.18825149536133 -0.36792740150167486 -0.9298545193868907 0 0 0 1 0 0 0 0 0 0
1.9445438385009766 -0.6826757192611694 58.53470230102539 0.14656207945709243 -0.9892014743545487 0 0 0 1 0 0 0 0 0 0
1.659433364868164 -0.8062680959701538 58.88115310668945 0.62175160535966 -0.7832144924812652 0 0 0 1 0 0 0 0 0 0
1.474386215209961 -1.0559056997299194 59.22761917114258 0.9301600613953963 -0.3671542730037507 0 0 0 1 0 0 0 0 0 0
1.439035415649414 -1.3646329641342163 59.57406997680664 0.989078105256376 0.147392339361507 0 0 0 1 0 0 0 0 0 0
1.5919742584228516 -1.6835683584213257 59.96382522583008 0.734184585000388 0.6789499209424862 0 0 0 1 0 0 0 0 0 0
1.8454113006591797 -1.8462880849838257 60.288639068603516 0.3117846619792689 0.9501527901103446 0 0 0 1 0 0 0 0 0 0
2.1459827423095703 -1.8653653860092163 60.61343765258789 -0.18916364732601487 0.9819455761549716 0 0 0 1 0 0 0 0 0 0
2.417959213256836 -1.7359899282455444 60.938236236572266 -0.6424626719587432 0.7663169808503739 0 0 0 1 0 0 0 0 0 0
2.592805862426758 -1.4907582998275757 61.26303482055664 -0.9338763638245151 0.35759605295626773 0 0 0 1 0 0 0 0 0 0
2.6264705657958984 -1.191468596458435 61.58784866333008 -0.9899795400231275 -0.14121087187464393 0 0 0 1 0 0 0 0 0 0
2.510469436645508 -0.9135259389877319 61.91264724731445 -0.7966432057513108 -0.6044498347508044 0 0 0 1 0 0 0 0 0 0
2.2788143157958984 -0.7290967702865601 62.30240249633789 -0.4105517416650817 -0.9118373031499468 0 0 0 1 0 0 0 0 0 0
1.9521770477294922 -0.6815961599349976 62.66098403930664 0.13383987275285855 -0.9910029709650212 0 0 0 1 0 0 0 0 0 0
1.6498394012451172 -0.8140462636947632 63.01958084106445 0.6377378464798148 -0.7702534902013027 0 0 0 1 0 0 0 0 0 0
1.463308334350586 -1.0863584280014038 63.3781623840332 0.9486271845311014 -0.3163960568158138 0 0 0 1 0 0 0 0 0 0
1.449026107788086 -1.4161237478256226 63.73674392700195 0.9724261921762397 0.23321085045430268 0 0 0 1 0 0 0 0 0 0
1.6113224029541016 -1.7035421133041382 64.09532165527344 0.7019381848539604 0.712237870829632 0 0 0 1 0 0 0 0 0 0
1.9010753631591797 -1.8616307973861694 64.45390319824219 0.21900891380074125 0.9757228580267143 0 0 0 1 0 0 0 0 0 0
2.2305965423583984 -1.8425458669662476 64.81248474121094 -0.33018549711911466 0.9439160648554527 0 0 0 1 0 0 0 0 0 0
2.500162124633789 -1.6520627737045288 65.17106628417969 -0.7794679434107571 0.6264421163962434 0 0 0 1 0 0 0 0 0 0
2.6281909942626953 -1.3478292226791382 65.52964782714844 -0.9928475025890751 0.11938943254173134 0 0 0 1 0 0 0 0 0 0
2.575937271118164 -1.0219167470932007 65.88822937011719 -0.9057550177549891 -0.4238016609354656 0 0 0 1 0 0 0 0 0 0
2.359212875366211 -0.7729619741439819 66.24681091308594 -0.5445485577178145 -0.8387293176510813 0 0 0 1 0 0 0 0 0 0
2.043607711791992 -0.6763013601303101 66.60539245605469 -0.018546291658135518 -0.9998280027413372 0 0 0 1 0 0 0 0 0 0
1.7246379852294922 -0.7611936330795288 66.96397399902344 0.5130777381701966 -0.8583421430840706 0 0 0 1 0 0 0 0 0 0
1.498830795288086 -1.0019429922103882 67.32255554199219 0.8894199679556076 -0.4570909325307666 0 0 0 1 0 0 0 0 0 0
1.4345264434814453 -1.3256925344467163 67.68113708496094 0.9965921821644287 0.08248649858456847 0 0 0 1 0 0 0 0 0 0
1.551187515258789 -1.6344655752182007 68.03971862792969 0.8021597349194033 0.5971095039220466 0 0 0 1 0 0 0 0 0 0
1.8135051727294922 -1.83480966091156 68.39830017089844 0.3649653054472943 0.9310211199643987 0 0 0 1 0 0 0 0 0 0
2.142091751098633 -1.866101622581482 68.75688171386719 -0.1826794231547338 0.9831725323440712 0 0 0 1 0 0 0 0 0 0
2.437509536743164 -1.7188657522201538 69.11546325683594 -0.6750404904848066 0.7377806829987023 0 0 0 1 0 0 0 0 0 0
2.610349655151367 -1.4376615285873413 69.47404479980469 -0.9631109312396672 0.26910468990090297 0 0 0 1 0 0 0 0 0 0
2.608304977416992 -1.1075910329818726 69.83262634277344 -0.9597047925317177 -0.28101016207897633 0 0 0 1 0 0 0 0 0 0
2.431997299194336 -0.8285497426986694 70.19120788574219 -0.6658576747225021 -0.7460787874032759 0 0 0 1 0 0 0 0 0 0
2.1347827911376953 -0.6849836111068726 70.54978942871094 -0.1705054017160953 -0.9853567414828159 0 0 0 1 0 0 0 0 0 0
1.8066043853759766 -0.7203382253646851 70.90837097167969 0.37646492173257634 -0.9264308731388894 0 0 0 1 0 0 0 0 0 0
1.5467891693115234 -0.9239171743392944 71.26695251464844 0.8094879286684037 -0.5871365201894168 0 0 0 1 0 0 0 0 0 0
1.4383907318115234 -1.360181212425232 71.65670776367188 0.9901546602976221 0.13997767211559228 0 0 0 1 0 0 0 0 0 0
2.6139278411865234 1.4218584299087524 71.65670776367188 -0.9690753229690029 -0.2467651077695605 0 0 0 -1 0 0 0 0 0 0
2.553586959838867 0.9763971567153931 71.26695251464844 -0.868507459013595 0.4956760975049621 0 0 0 -1 0 0 0 0 0 0
2.311189651489258 0.7424608469009399 70.90155029296875 -0.4645150357207913 0.885565232825517 0 0 0 -1 0 0 0 0 0 0
1.9809322357177734 0.6760202646255493 70.53614807128906 0.08591983252137582 0.996302053786651 0 0 0 -1 0 0 0 0 0 0
1.6669254302978516 0.7980180978775024 70.17074584960938 0.6092600832812823 0.7929704603073715 0 0 0 -1 0 0 0 0 0 0
1.4681568145751953 1.0699983835220337 69.80534362792969 0.9405429476026281 0.339674791109025 0 0 0 -1 0 0 0 0 0 0
1.4472789764404297 1.4062258005142212 69.43994140625 0.9753410574940671 -0.22070301666799869 0 0 0 -1 0 0 0 0 0 0
1.6108760833740234 1.7007051706314087 69.07453918457031 0.7026780497416258 -0.7115079468363689 0 0 0 -1 0 0 0 0 0 0
1.9073772430419922 1.860613465309143 68.70913696289062 0.20850683256857552 -0.9780209101917094 0 0 0 -1 0 0 0 0 0 0
2.243314743041992 1.83553946018219 68.34373474121094 -0.3513902413673689 -0.9362290842906892 0 0 0 -1 0 0 0 0 0 0
2.5127925872802734 1.63339102268219 67.97833251953125 -0.8005153625998972 -0.5993122343499715 0 0 0 -1 0 0 0 0 0 0
2.630861282348633 1.3178850412368774 67.61293029785156 -0.9972976730791644 -0.07346666775405418 0 0 0 -1 0 0 0 0 0 0
2.560304641723633 0.9884859323501587 67.24752807617188 -0.8797025812619623 0.4755243090747733 0 0 0 -1 0 0 0 0 0 0
2.3233585357666016 0.7490259408950806 66.88212585449219 -0.48479106364474267 0.8746299929742859 0 0 0 -1 0 0 0 0 0 0
1.9947223663330078 0.6749902963638306 66.5167236328125 0.06293078777796429 0.9980178936019357 0 0 0 -1 0 0 0 0 0 0
1.677988052368164 0.7897211313247681 66.15132141113281 0.5908289769891953 0.8067968269334609 0 0 0 -1 0 0 0 0 0 0
1.473001480102539 1.0570474863052368 65.78590393066406 0.9324646158834996 0.3612613183351318 0 0 0 -1 0 0 0 0 0 0
1.4443836212158203 1.3927026987075806 65.42050170898438 0.9801690167715046 -0.1981633128537713 0 0 0 -1 0 0 0 0 0 0
1.6135501861572266 1.7033334970474243 65.03074645996094 0.6982217772030026 -0.7158815194146867 0 0 0 -1 0 0 0 0 0 0
1.884439468383789 1.8552500009536743 64.689697265625 0.24674403468051187 -0.9690806887713646 0 0 0 -1 0 0 0 0 0 0
2.194997787475586 1.8513742685317993 64.34866333007812 -0.2708557215077253 -0.9626199551881988 0 0 0 -1 0 0 0 0 0 0
2.462007522583008 1.6927400827407837 64.00761413574219 -0.7158704415061582 -0.698233135118764 0 0 0 -1 0 0 0 0 0 0
2.613931655883789 1.4218508005142212 63.66658401489258 -0.9690806887713646 -0.24674403468051187 0 0 0 -1 0 0 0 0 0 0
2.610055923461914 1.1112924814224243 63.32553482055664 -0.9626199551881988 0.2708557215077253 0 0 0 -1 0 0 0 0 0 0
2.4514217376708984 0.8442789316177368 62.984500885009766 -0.698233135118764 0.7158704415061582 0 0 0 -1 0 0 0 0 0 0
2.1805362701416016 0.6923547983169556 62.64345169067383 -0.246754571268792 0.9690780059200368 0 0 0 -1 0 0 0 0 0 0
1.8699779510498047 0.6962267160415649 62.30240249633789 0.2708423996226421 0.962623703513813 0 0 0 -1 0 0 0 0 0 0
1.6092777252197266 0.8484827280044556 61.91264724731445 0.7053374708601482 0.7088716754114311 0 0 0 -1 0 0 0 0 0 0
1.453989028930664 1.1145960092544556 61.57857131958008 0.9641533111796239 0.2653457980473166 0 0 0 -1 0 0 0 0 0 0
1.4512500762939453 1.4226900339126587 61.24448013305664 0.9687224640388648 -0.24814670593515908 0 0 0 -1 0 0 0 0 0 0
1.6017742156982422 1.6915231943130493 60.910404205322266 0.7178453389208285 -0.6962026065662502 0 0 0 -1 0 0 0 0 0 0
1.8658733367919922 1.850206971168518 60.57631301879883 0.27767611193166647 -0.9606747508197104 0 0 0 -1 0 0 0 0 0 0
2.1739063262939453 1.8568979501724243 60.24223709106445 -0.23570278206032697 -0.9718251892851009 0 0 0 -1 0 0 0 0 0 0
2.4446468353271484 1.7098299264907837 59.908145904541016 -0.6869400733023393 -0.7267140673548137 0 0 0 -1 0 0 0 0 0 0
2.6067028045654297 1.4477869272232056 59.57406997680664 -0.9570343119893507 -0.289974698336027 0 0 0 -1 0 0 0 0 0 0
2.617341995239258 1.1398645639419556 59.239994049072266 -0.9747665074891243 0.22322691566532707 0 0 0 -1 0 0 0 0 0 0
2.473756790161133 0.8672624826431274 58.90590286254883 -0.7354556432899475 0.6775728719133977 0 0 0 -1 0 0 0 0 0 0
2.2138118743896484 0.7018610239028931 58.57182693481445 -0.3022147681248787 0.9532398616965332 0 0 0 -1 0 0 0 0 0 0
1.9060535430908203 0.6872736215591431 58.237735748291016 0.2107165770376715 0.977547197920145 0 0 0 -1 0 0 0 0 0 0
1.631631851196289 0.8273531198501587 57.90365982055664 0.6680896259866477 0.744080809891655 0 0 0 -1 0 0 0 0 0 0
1.462911605834961 1.0851541757583618 57.5695686340332 0.949287420566398 0.3144095945647883 0 0 0 -1 0 0 0 0 0 0
1.4443836212158203 1.3927026987075806 57.23549270629883 0.9801690167715046 -0.1981633128537713 0 0 0 -1 0 0 0 0 0 0
1.6135501861572266 1.7033334970474243 56.84572219848633 0.6982217772030026 -0.7158815194146867 0 0 0 -1 0 0 0 0 0 0
1.8833255767822266 1.854967713356018 56.50093460083008 0.24859480280693044 -0.9686075696676045 0 0 0 -1 0 0 0 0 0 0
2.192781448364258 1.8519922494888306 56.15614700317383 -0.26716411499475606 -0.9636510445483204 0 0 0 -1 0 0 0 0 0 0
2.459592819213867 1.6952005624771118 55.81135940551758 -0.7118479506373225 -0.7023336067521218 0 0 0 -1 0 0 0 0 0 0
2.6127796173095703 1.4263025522232056 55.46657180786133 -0.967159357788842 -0.25417076275896644 0 0 0 -1 0 0 0 0 0 0
2.6115856170654297 1.1168314218521118 55.12177658081055 -0.9651709688000322 0.261619955251138 0 0 0 -1 0 0 0 0 0 0
2.456331253051758 0.8491235971450806 54.7769889831543 -0.7064164313291363 0.7077964577109774 0 0 0 -1 0 0 0 0 0 0
2.1883182525634766 0.6943918466567993 54.43220138549805 -0.2597227953457734 0.965683213884231 0 0 0 -1 0 0 0 0 0 0
1.8788471221923828 0.6938043832778931 54.087406158447266 0.2560652494019735 0.9666594995388526 0 0 0 -1 0 0 0 0 0 0
1.610250473022461 0.8475176095962524 53.742618560791016 0.7037215889789001 0.7104758442093664 0 0 0 -1 0 0 0 0 0 0
1.4539813995361328 1.1146341562271118 53.397830963134766 0.9641713213252143 0.2652803481865755 0 0 0 -1 0 0 0 0 0 0
1.4516124725341797 1.4240938425064087 53.053035736083984 0.9681213502241416 -0.2504816385290248 0 0 0 -1 0 0 0 0 0 0
1.6037731170654297 1.6935755014419556 52.708248138427734 0.7145118286368398 -0.6996233606291599 0 0 0 -1 0 0 0 0 0 0
1.869985580444336 1.851378083229065 52.363460540771484 0.27083200294760534 -0.9626266286465321 0 0 0 -1 0 0 0 0 0 0
2.1794300079345703 1.855528473854065 52.0186653137207 -0.24491612333146554 -0.9695442705375997 0 0 0 -1 0 0 0 0 0 0
2.4497814178466797 1.7049204111099243 51.67387771606445 -0.6954959944715665 -0.718529972703997 0 0 0 -1 0 0 0 0 0 0
2.6091136932373047 1.4396196603775024 51.32908248901367 -0.9610525801819719 -0.27636558781001364 0 0 0 -1 0 0 0 0 0 0
2.6150455474853516 1.130205750465393 50.98429489135742 -0.9709390742264693 0.23932679361125986 0 0 0 -1 0 0 0 0 0 0
2.465993881225586 0.8589922189712524 50.63950729370117 -0.7225192811948791 0.6913507708114858 0 0 0 -1 0 0 0 0 0 0
2.2016162872314453 0.6981340646743774 50.29471206665039 -0.281892968277826 0.9594458580011258 0 0 0 -1 0 0 0 0 0 0
1.8922405242919922 0.6904207468032837 49.94992446899414 0.2337374450246609 0.9722997515135668 0 0 0 -1 0 0 0 0 0 0
1.6201763153076172 0.8379083871841431 49.60513687133789 0.6871764883972568 0.7264905187227255 0 0 0 -1 0 0 0 0 0 0
1.4577960968017578 1.1013590097427368 49.26034164428711 0.9578099173956592 0.28740243933989157 0 0 0 -1 0 0 0 0 0 0
1.4483051300048828 1.4106851816177368 48.91555404663086 0.9736283441567597 -0.22813997338161943 0 0 0 -1 0 0 0 0 0 0
1.5942249298095703 1.683592438697815 48.57076644897461 0.7304329971586858 -0.6829843604811017 0 0 0 -1 0 0 0 0 0 0
1.8567333221435547 1.8474870920181274 48.22597122192383 0.2929116865979821 -0.9561395002060764 0 0 0 -1 0 0 0 0 0 0
2.1659984588623047 1.8587595224380493 47.88118362426758 -0.2225186229758043 -0.9749284396451628 0 0 0 -1 0 0 0 0 0 0
2.429494857788086 1.7236696481704712 47.49142074584961 -0.6616910259238478 -0.7497766242100681 0 0 0 -1 0 0 0 0 0 0
2.6233692169189453 1.377989411354065 47.10165786743164 -0.9848079462834002 -0.17364708156796566 0 0 0 -1 0 0 0 0 0 0
2.559415817260742 0.9868494272232056 46.71189498901367 -0.8782229544888918 0.4782514424534462 0 0 0 -1 0 0 0 0 0 0
2.265542984008789 0.7209154367446899 46.3221321105957 -0.38843365570370986 0.9214766926605642 0 0 0 -1 0 0 0 0 0 0
1.8699779510498047 0.6962267160415649 45.932369232177734 0.2708423996226421 0.962623703513813 0 0 0 -1 0 0 0 0 0 0
1.6092777252197266 0.8484827280044556 45.542606353759766 0.7053374708601482 0.7088716754114311 0 0 0 -1 0 0 0 0 0 0
1.459848403930664 1.094664216041565 45.23079299926758 0.954388898641219 0.2985662910484045 0 0 0 -1 0 0 0 0 0 0
1.4423389434814453 1.3821169137954712 44.91898727416992 0.9835705510900493 -0.18052415635702837 0 0 0 -1 0 0 0 0 0 0
1.5607852935791016 1.6446138620376587 44.607173919677734 0.7861656983407741 -0.618015772252103 0 0 0 -1 0 0 0 0 0 0
1.7878971099853516 1.8216882944107056 44.29536819458008 0.40764215343457183 -0.9131417604858649 0 0 0 -1 0 0 0 0 0 0
2.0713558197021484 1.8725420236587524 43.98355484008789 -0.06478234397676808 -0.9978994177315045 0 0 0 -1 0 0 0 0 0 0
2.3458614349365234 1.785460114479065 43.6717414855957 -0.5222984129707329 -0.8527627851919041 0 0 0 -1 0 0 0 0 0 0
2.5481700897216797 1.5805078744888306 43.35993576049805 -0.8594763390664322 -0.5111755301116861 0 0 0 -1 0 0 0 0 0 0
2.6316776275634766 1.3048959970474243 43.04812240600586 -0.9986562390496428 -0.05182389610230763 0 0 0 -1 0 0 0 0 0 0
2.577146530151367 1.02212393283844 42.7363166809082 -0.9077740888059678 0.41945941840957013 0 0 0 -1 0 0 0 0 0 0
2.3971385955810547 0.7973314523696899 42.424503326416016 -0.6077607345279021 0.7941201984373052 0 0 0 -1 0 0 0 0 0 0
2.1331233978271484 0.6823030710220337 42.11269760131836 -0.16773485279466266 0.9858321455288181 0 0 0 -1 0 0 0 0 0 0
1.8459224700927734 0.7035433053970337 41.80088424682617 0.3109316353809342 0.9504322796071994 0 0 0 -1 0 0 0 0 0 0
1.6017017364501953 0.8561540842056274 41.489070892333984 0.7179668265576401 0.6960773203910262 0 0 0 -1 0 0 0 0 0 0
1.4567203521728516 1.1049829721450806 41.17726516723633 0.9596008142597274 0.28136502496235716 0 0 0 -1 0 0 0 0 0 0
1.4443836212158203 1.3927026987075806 40.86545181274414 0.9801690167715046 -0.1981633128537713 0 0 0 -1 0 0 0 0 0 0
1.6135501861572266 1.7033334970474243 40.47568893432617 0.6982217772030026 -0.7158815194146867 0 0 0 -1 0 0 0 0 0 0
1.8901195526123047 1.8566690683364868 40.128292083740234 0.2372733418334243 -0.9714429274307363 0 0 0 -1 0 0 0 0 0 0
2.206239700317383 1.8480936288833618 39.7808952331543 -0.28959103202752384 -0.9571504762414497 0 0 0 -1 0 0 0 0 0 0
2.474088668823242 1.6799837350845337 39.43349838256836 -0.7360148624836421 -0.6769653774035902 0 0 0 -1 0 0 0 0 0 0
2.619264602661133 1.399046540260315 39.08610153198242 -0.9779703950650395 -0.20874363793019057 0 0 0 -1 0 0 0 0 0 0
2.601442337036133 1.0833154916763306 38.738704681396484 -0.9482673513794838 0.3174728812162365 0 0 0 -1 0 0 0 0 0 0
2.425569534301758 0.8204981088638306 38.39130783081055 -0.6551445098454929 0.7555035878268936 0 0 0 -1 0 0 0 0 0 0
2.140501022338867 0.6836038827896118 38.04391098022461 -0.18003061960593225 0.9836610066503115 0 0 0 -1 0 0 0 0 0 0
1.8254261016845703 0.7106615304946899 37.69651412963867 0.34509384214287797 0.938568186183117 0 0 0 -1 0 0 0 0 0 0
1.5678691864013672 0.8941522836685181 37.349117279052734 0.7743600513388351 0.6327452179910306 0 0 0 -1 0 0 0 0 0 0
1.4393787384033203 1.183104157447815 37.001712799072266 0.9885086557695643 0.15116427312248412 0 0 0 -1 0 0 0 0 0 0
1.4756412506103516 1.497252106666565 36.65431594848633 0.9280668032790532 -0.37241376001887877 0 0 0 -1 0 0 0 0 0 0
1.6665935516357422 1.749327301979065 36.30691909790039 0.6098170303812246 -0.7925422319706532 0 0 0 -1 0 0 0 0 0 0
1.9591808319091797 1.8693071603775024 35.95952224731445 0.12217169478155732 -0.9925089808128701 0 0 0 -1 0 0 0 0 0 0
2.2721309661865234 1.8238626718521118 35.612125396728516 -0.3994140107874591 -0.9167706626996064 0 0 0 -1 0 0 0 0 0 0
2.5185108184814453 1.6256204843521118 35.26472854614258 -0.8100488875134912 -0.5863623451741725 0 0 0 -1 0 0 0 0 0 0
2.6298770904541016 1.3296457529067993 34.91733169555664 -0.9956597995046739 -0.09306752199512372 0 0 0 -1 0 0 0 0 0 0
2.575296401977539 1.01815664768219 34.5699348449707 -0.9046864381667842 0.4260779841731998 0 0 0 -1 0 0 0 0 0 0
2.369924545288086 0.7776857614517212 34.222537994384766 -0.5624023907646308 0.8268636833615488 0 0 0 -1 0 0 0 0 0 0
2.0708179473876953 0.6750284433364868 33.87514114379883 -0.06389605724896776 0.9979565591086802 0 0 0 -1 0 0 0 0 0 0
1.7610607147216797 0.7387033700942993 33.52774429321289 0.4523672137656717 0.8918317688386544 0 0 0 -1 0 0 0 0 0 0
1.5267047882080078 0.9510217905044556 33.18034744262695 0.8429608575548365 0.5379748996286117 0 0 0 -1 0 0 0 0 0 0
1.4328441619873047 1.2530046701431274 32.832950592041016 0.9993988490345371 0.03466901424099601 0 0 0 -1 0 0 0 0 0 0
1.5055561065673828 1.5607668161392212 32.48555374145508 0.8782109631872757 -0.4782734616698672 0 0 0 -1 0 0 0 0 0 0
1.7246417999267578 1.7888132333755493 32.13815689086914 0.5130645308969773 -0.8583500376509952 0 0 0 -1 0 0 0 0 0 0
2.029245376586914 1.8737932443618774 31.790760040283203 0.005396654201336127 -0.999985437955689 0 0 0 -1 0 0 0 0 0 0
2.334745407104492 1.7921053171157837 31.443355560302734 -0.5037740565632263 -0.8638354588310387 0 0 0 -1 0 0 0 0 0 0
2.5562801361083984 1.5664392709732056 31.095958709716797 -0.8729936444465537 -0.487731582692698 0 0 0 -1 0 0 0 0 0 0
2.6323108673095703 1.2594820261001587 30.74856185913086 -0.9997152034185596 0.023864451675827708 0 0 0 -1 0 0 0 0 0 0
2.541719436645508 0.9564996957778931 30.401165008544922 -0.8487223765547439 0.5288386592669521 0 0 0 -1 0 0 0 0 0 0
2.309663772583008 0.7416635751724243 30.053768157958984 -0.4619711917858738 0.8868949306202734 0 0 0 -1 0 0 0 0 0 0
2.000612258911133 0.6746507883071899 29.706371307373047 0.05311413898705185 0.9985884478801386 0 0 0 -1 0 0 0 0 0 0
1.7004146575927734 0.7740732431411743 29.35897445678711 0.5534464105359922 0.8328847883500009 0 0 0 -1 0 0 0 0 0 0
1.4924602508544922 1.0123125314712524 29.011577606201172 0.9000366136768388 0.43581428847747605 0 0 0 -1 0 0 0 0 0 0
1.434518814086914 1.3231912851333618 28.664180755615234 0.9966069994295542 -0.08230728210808887 0 0 0 -1 0 0 0 0 0 0
1.542684555053711 1.6203523874282837 28.316783905029297 0.8163346111337323 -0.5775792609375253 0 0 0 -1 0 0 0 0 0 0
1.7869091033935547 1.821245789527893 27.96938705444336 0.40929234698010125 -0.912403296083218 0 0 0 -1 0 0 0 0 0 0
2.0993518829345703 1.8700662851333618 27.621990203857422 -0.11144493279516147 -0.9937706108324404 0 0 0 -1 0 0 0 0 0 0
2.393217086791992 1.7532488107681274 27.274593353271484 -0.6012218039749025 -0.7990821875283942 0 0 0 -1 0 0 0 0 0 0
2.5868778228759766 1.5032488107681274 26.927196502685547 -0.9239911331252115 -0.38241389345313775 0 0 0 -1 0 0 0 0 0 0
2.6265316009521484 1.189512848854065 26.57979965209961 -0.9900832357484508 0.14048197852350108 0 0 0 -1 0 0 0 0 0 0
2.501169204711914 0.8991914987564087 26.232402801513672 -0.7811445721234032 0.6243501881493635 0 0 0 -1 0 0 0 0 0 0
2.245607376098633 0.7129312753677368 25.884998321533203 -0.35520717219833636 0.9347876041213112 0 0 0 -1 0 0 0 0 0 0
1.9308452606201172 0.6824747323989868 25.537601470947266 0.16939479142356956 0.9855482761582841 0 0 0 -1 0 0 0 0 0 0
1.6443157196044922 0.8162828683853149 25.190204620361328 0.6469420630514837 0.7625391577189268 0 0 0 -1 0 0 0 0 0 0
1.4656124114990234 1.0771814584732056 24.84280776977539 0.9447810004857928 0.3277023971854104 0 0 0 -1 0 0 0 0 0 0
1.4443836212158203 1.3927026987075806 24.495410919189453 0.9801690167715046 -0.1981633128537713 0 0 0 -1 0 0 0 0 0 0
1.6135501861572266 1.7033334970474243 24.105648040771484 0.6982217772030026 -0.7158815194146867 0 0 0 -1 0 0 0 0 0 0
1.8815441131591797 1.8545061349868774 23.76785659790039 0.25156953409448957 -0.9678392271010104 0 0 0 -1 0 0 0 0 0 0
2.189229965209961 1.852964997291565 23.430057525634766 -0.26123907781689126 -0.9652741290542186 0 0 0 -1 0 0 0 0 0 0
2.4556941986083984 1.699114441871643 23.092266082763672 -0.7053543282393913 -0.7088549016787266 0 0 0 -1 0 0 0 0 0 0
2.6108646392822266 1.4334131479263306 22.754474639892578 -0.9639682161015204 -0.2660174399283858 0 0 0 -1 0 0 0 0 0 0
2.6139278411865234 1.1257387399673462 22.416675567626953 -0.9690753229690029 0.2467651077695605 0 0 0 -1 0 0 0 0 0 0
2.464078903198242 0.8570009469985962 22.07888412475586 -0.7193297334448643 0.6946687948815181 0 0 0 -1 0 0 0 0 0 0
2.2007312774658203 0.6978746652603149 21.741085052490234 -0.28041400788389315 0.9598791508218585 0 0 0 -1 0 0 0 0 0 0
1.8931331634521484 0.6902071237564087 21.40329360961914 0.23224743315030755 0.9726567379065924 0 0 0 -1 0 0 0 0 0 0
1.6221866607666016 0.8360162973403931 21.065502166748047 0.6838306499611362 0.7296407624123875 0 0 0 -1 0 0 0 0 0 0
1.4591350555419922 1.0969568490982056 20.727703094482422 0.9555774375101688 0.29474015831151973 0 0 0 -1 0 0 0 0 0 0
1.4468708038330078 1.4044023752212524 20.389911651611328 0.9760236346768574 -0.2176645688948401 0 0 0 -1 0 0 0 0 0 0
1.5886058807373047 1.6775041818618774 20.052112579345703 0.7397933366457101 -0.6728341690599602 0 0 0 -1 0 0 0 0 0 0
1.8470783233642578 1.844439148902893 19.71432113647461 0.3090020977061998 -0.9510613563872566 0 0 0 -1 0 0 0 0 0 0
2.154306411743164 1.8613039255142212 19.376529693603516 -0.20304374233977152 -0.9791696679823474 0 0 0 -1 0 0 0 0 0 0
2.4294986724853516 1.7236696481704712 19.03873062133789 -0.6616910259238478 -0.7497766242100681 0 0 0 -1 0 0 0 0 0 0
2.6180973052978516 1.4043909311294556 18.648967742919922 -0.976026549739675 -0.21765149713077014 0 0 0 -1 0 0 0 0 0 0
2.606351852416992 1.09866201877594 18.29818344116211 -0.956447761764059 0.291903544028711 0 0 0 -1 0 0 0 0 0 0
2.445383071899414 0.8384729623794556 17.947399139404297 -0.6881733672924164 0.72554628835755 0 0 0 -1 0 0 0 0 0 0
2.1770496368408203 0.6914812326431274 17.596607208251953 -0.2409434187054739 0.9705391640642425 0 0 0 -1 0 0 0 0 0 0
1.8711261749267578 0.6959062814712524 17.24582290649414 0.26892653750116163 0.963160691384172 0 0 0 -1 0 0 0 0 0 0
1.6071605682373047 0.8505998849868774 16.895038604736328 0.7088716754114311 0.7053374708601482 0 0 0 -1 0 0 0 0 0 0
1.453786849975586 1.1153398752212524 16.544254302978516 0.9644948216148624 0.2641017589455149 0 0 0 -1 0 0 0 0 0 0
1.4508914947509766 1.421282410621643 16.193462371826172 0.9693199325206165 -0.24580249880387145 0 0 0 -1 0 0 0 0 0 0
1.599222183227539 1.6888757944107056 15.842677116394043 0.7221021594016551 -0.6917864348102433 0 0 0 -1 0 0 0 0 0 0
1.8602123260498047 1.84853994846344 15.49189281463623 0.2871234835707844 -0.9578935771692895 0 0 0 -1 0 0 0 0 0 0
2.1659984588623047 1.8587595224380493 15.141100883483887 -0.2225186229758043 -0.9749284396451628 0 0 0 -1 0 0 0 0 0 0
2.429494857788086 1.7236696481704712 14.751338005065918 -0.6616910259238478 -0.7497766242100681 0 0 0 -1 0 0 0 0 0 0
2.6014461517333984 1.4642778635025024 14.4124174118042 -0.9482718597595422 -0.3174594147102574 0 0 0 -1 0 0 0 0 0 0
2.620328903198242 1.1536394357681274 14.07348918914795 -0.9797407564897275 0.2002699430092716 0 0 0 -1 0 0 0 0 0 0
2.481058120727539 0.8753305673599243 13.73456859588623 -0.7476271735148927 0.6641186711892177 0 0 0 -1 0 0 0 0 0 0
2.2211055755615234 0.7042223215103149 13.39564037322998 -0.3143759139031439 0.9492985751372237 0 0 0 -1 0 0 0 0 0 0
1.910409927368164 0.6863504648208618 13.056719779968262 0.2034573517604604 0.9790838094946827 0 0 0 -1 0 0 0 0 0 0
1.6325511932373047 0.8265253305435181 12.717791557312012 0.6665511492056505 0.7454592983474194 0 0 0 -1 0 0 0 0 0 0
1.4622936248779297 1.087034821510315 12.378870964050293 0.9503174972737497 0.3112822744316755 0 0 0 -1 0 0 0 0 0 0
1.4454326629638672 1.3977876901626587 12.039950370788574 0.9784160140149984 -0.20664487295600298 0 0 0 -1 0 0 0 0 0 0
1.5865116119384766 1.6751848459243774 11.701022148132324 0.7432841042028188 -0.6689758892810812 0 0 0 -1 0 0 0 0 0 0
1.8475704193115234 1.8445993661880493 11.362101554870605 0.30818201639412696 -0.9513274119730021 0 0 0 -1 0 0 0 0 0 0
2.158376693725586 1.8604456186294556 11.023173332214355 -0.20981947798210276 -0.9777401427062908 0 0 0 -1 0 0 0 0 0 0
2.4353160858154297 1.7184664011001587 10.684252738952637 -0.6713873523905107 -0.7411066205682285 0 0 0 -1 0 0 0 0 0 0
2.6038761138916016 1.4568582773208618 10.345324516296387 -0.9523207861491625 -0.30509854189792734 0 0 0 -1 0 0 0 0 0 0
2.618715286254883 1.1460024118423462 10.006403923034668 -0.9770534730792864 0.2129941565952089 0 0 0 -1 0 0 0 0 0 0
2.4758358001708984 0.8695245981216431 9.667475700378418 -0.7389162478547173 0.673797283057973 0 0 0 -1 0 0 0 0 0 0
2.2136783599853516 0.7018152475357056 9.3285551071167 -0.3019882358013132 0.9533116517894924 0 0 0 -1 0 0 0 0 0 0
1.9027729034423828 0.6879907846450806 8.98962688446045 0.21618197133381992 0.9763530894457308 0 0 0 -1 0 0 0 0 0 0
1.6267681121826172 0.8317667245864868 8.65070629119873 0.6761878467615786 0.7367292554880251 0 0 0 -1 0 0 0 0 0 0
1.459909439086914 1.094469666481018 8.31177806854248 0.9542903285309499 0.2988811952470281 0 0 0 -1 0 0 0 0 0 0
1.4470958709716797 1.4054170846939087 7.97285795211792 0.9756447044088755 -0.21935681151703035 0 0 0 -1 0 0 0 0 0 0
1.5917720794677734 1.6809526681900024 7.63392972946167 0.7345242146163271 -0.67858247703744 0 0 0 -1 0 0 0 0 0 0
1.8550128936767578 1.8469568490982056 7.295009136199951 0.29578440752491697 -0.9552547221893927 0 0 0 -1 0 0 0 0 0 0
2.1659984588623047 1.8587595224380493 6.956080913543701 -0.2225186229758043 -0.9749284396451628 0 0 0 -1 0 0 0 0 0 0
2.429494857788086 1.7236696481704712 6.566318035125732 -0.6616910259238478 -0.7497766242100681 0 0 0 -1 0 0 0 0 0 0
2.6062870025634766 1.4491487741470337 6.217586040496826 -0.9563441674023145 -0.29224276462484705 0 0 0 -1 0 0 0 0 0 0
2.6131420135498047 1.122698426246643 5.86885404586792 -0.9677693669943757 0.2518381470454897 0 0 0 -1 0 0 0 0 0 0
2.448026657104492 0.8409944772720337 5.520114421844482 -0.6925710634990381 0.721349653083587 0 0 0 -1 0 0 0 0 0 0
2.1598453521728516 0.6874758005142212 5.171382427215576 -0.21227592833854067 0.9772097677817239 0 0 0 -1 0 0 0 0 0 0
1.8339405059814453 0.7076021432876587 4.822642803192139 0.33090210681167004 0.9436650866210947 0 0 0 -1 0 0 0 0 0 0
1.5668354034423828 0.8954187631607056 4.473910808563232 0.7760779638081713 0.6306369748844124 0 0 0 -1 0 0 0 0 0 0
1.4376392364501953 1.1952959299087524 4.125171184539795 0.9914030089174928 0.13084370030437853 0 0 0 -1 0 0 0 0 0 0
1.4846134185791016 1.5184236764907837 3.7764389514923096 0.9131152835265811 -0.40770145816537323 0 0 0 -1 0 0 0 0 0 0
1.6938457489013672 1.7691065073013306 3.4277069568634033 0.564392275805423 -0.8255067286286499 0 0 0 -1 0 0 0 0 0 0
2.0033702850341797 1.873095154762268 3.078967332839966 0.0485139794413305 -0.9988225036505567 0 0 0 -1 0 0 0 0 0 0
2.3215160369873047 1.7995973825454712 2.7302353382110596 -0.4817266475443929 -0.8763215374767643 0 0 0 -1 0 0 0 0 0 0
2.5540599822998047 1.5703798532485962 2.381495714187622 -0.8692934274574394 -0.4942964059947205 0 0 0 -1 0 0 0 0 0 0
2.632131576538086 1.25332510471344 2.032763719558716 -0.999417390456554 0.03413033332699616 0 0 0 -1 0 0 0 0 0 0
2.532613754272461 0.9423357248306274 1.6840318441390991 -0.8335506676973968 0.5524430146008038 0 0 0 -1 0 0 0 0 0 0
2.284975051879883 0.7295137643814087 1.3352922201156616 -0.420826144398421 0.9071413099350947 0 0 0 -1 0 0 0 0 0 0
1.9625568389892578 0.6778894662857056 0.9865602254867554 0.11653854124895464 0.9931861700625747 0 0 0 -1 0 0 0 0 0 0
1.660848617553711 0.8027521371841431 0.6378206014633179 0.6193841525484807 0.7850880661249413 0 0 0 -1 0 0 0 0 0 0
1.4692020416259766 1.0671221017837524 0.28908857703208923 0.9387995355807146 0.344463977787859 0 0 0 -1 0 0 0 0 0 0
1.4443836212158203 1.3927026987075806 -0.05965103581547737 0.9801690167715046 -0.1981633128537713 0 0 0 -1 0 0 0 0 0 0
1.6135501861572266 1.7033334970474243 -0.449413925409317 0.6982217772030026 -0.7158815194146867 0 0 0 -1 0 0 0 0 0 0
1.881540298461914 1.8545061349868774 -0.7834898233413696 0.25156680234791995 -0.9678399371571945 0 0 0 -1 0 0 0 0 0 0
2.1892261505126953 1.852964997291565 -1.1175733804702759 -0.2612419070836117 -0.9652733633449737 0 0 0 -1 0 0 0 0 0 0
2.4556941986083984 1.6991182565689087 -1.4516569375991821 -0.7053487184373306 -0.708860483733446 0 0 0 -1 0 0 0 0 0 0
2.610860824584961 1.4334207773208618 -1.7857404947280884 -0.9639645449444033 -0.26603074275378263 0 0 0 -1 0 0 0 0 0 0
2.6139278411865234 1.1257425546646118 -2.119824171066284 -0.9690753229690029 0.2467651077695605 0 0 0 -1 0 0 0 0 0 0
2.4640865325927734 0.8570047616958618 -2.4539077281951904 -0.7193351476192071 0.6946631884587331 0 0 0 -1 0 0 0 0 0 0
2.2007389068603516 0.6978784799575806 -2.7879912853240967 -0.2804273653675148 0.9598752485365138 0 0 0 -1 0 0 0 0 0 0
1.8699779510498047 0.6962267160415649 -3.1777541637420654 0.2708423996226421 0.962623703513813 0 0 0 -1 0 0 0 0 0 0
1.611288070678711 0.8464914560317993 -3.5118300914764404 0.7019946867627935 0.7121821815777246 0 0 0 -1 0 0 0 0 0 0
1.4573116302490234 1.102984070777893 -3.8459136486053467 0.9586171593481313 0.2846983347392801 0 0 0 -1 0 0 0 0 0 0
1.4463253021240234 1.40194571018219 -4.179996967315674 0.9769286276323392 -0.21356604719007705 0 0 0 -1 0 0 0 0 0 0
1.581064224243164 1.6690508127212524 -4.51408052444458 0.7523646714054917 -0.6587468415263229 0 0 0 -1 0 0 0 0 0 0
1.8280277252197266 1.8378931283950806 -4.848164081573486 0.3407627561232423 -0.940149320075961 0 0 0 -1 0 0 0 0 0 0
2.125822067260742 1.8664995431900024 -5.182247638702393 -0.15556098669170015 -0.9878262901034294 0 0 0 -1 0 0 0 0 0 0
2.4004077911376953 1.7477518320083618 -5.516331195831299 -0.6132086441488265 -0.7899209825932956 0 0 0 -1 0 0 0 0 0 0
2.583528518676758 1.5111833810806274 -5.850407123565674 -0.9184064067034038 -0.39563830973016517 0 0 0 -1 0 0 0 0 0 0
2.6296520233154297 1.215593934059143 -6.18449068069458 -0.9952826965554605 0.09701728679617473 0 0 0 -1 0 0 0 0 0 0
2.527315139770508 0.9344774484634399 -6.518574237823486 -0.8247189838221094 0.5655427461504808 0 0 0 -1 0 0 0 0 0 0
2.3019580841064453 0.7377229928970337 -6.852657794952393 -0.44912440997184283 0.8934692296701907 0 0 0 -1 0 0 0 0 0 0
2.009611129760742 0.6742388010025024 -7.186741352081299 0.038113399456654595 0.9992734204319943 0 0 0 -1 0 0 0 0 0 0
1.7229442596435547 0.7598100900650024 -7.520824909210205 0.5158991643131554 0.8566493169675604 0 0 0 -1 0 0 0 0 0 0
1.513235092163086 0.9731661081314087 -7.854904651641846 0.8654114340890511 0.5010619220694507 0 0 0 -1 0 0 0 0 0 0
1.4443836212158203 1.3927026987075806 -8.244668006896973 0.9801690167715046 -0.1981633128537713 0 0 0 -1 0 0 0 0 0 0
1.583383560180664 1.6716867685317993 -8.589459419250488 0.7484971635111678 -0.6631379918355877 0 0 0 -1 0 0 0 0 0 0
1.843587875366211 1.84329092502594 -8.934247016906738 0.3148271922869335 -0.9491490077942063 0 0 0 -1 0 0 0 0 0 0
2.154764175415039 1.8612085580825806 -9.279038429260254 -0.2038063977716107 -0.9790112114921667 0 0 0 -1 0 0 0 0 0 0
2.432943344116211 1.7206026315689087 -9.62382984161377 -0.6674390539546786 -0.744664427279888 0 0 0 -1 0 0 0 0 0 0
2.603048324584961 1.4594179391860962 -9.96861743927002 -0.950943991042616 -0.309363097185073 0 0 0 -1 0 0 0 0 0 0
2.6191768646240234 1.1481424570083618 -10.313408851623535 -0.9778217844528995 0.20943867324194826 0 0 0 -1 0 0 0 0 0 0
2.4769725799560547 0.8707796335220337 -10.65820026397705 -0.7408187460016087 0.6717049840313853 0 0 0 -1 0 0 0 0 0 0
2.214815139770508 0.7021776437759399 -11.0029878616333 -0.30388526524025783 0.9527086362418775 0 0 0 -1 0 0 0 0 0 0
1.903451919555664 0.6878420114517212 -11.347779273986816 0.21504948846370084 0.9766031525197431 0 0 0 -1 0 0 0 0 0 0
1.6269092559814453 0.8316370248794556 -11.692570686340332 0.6759537319417664 0.7369440631920435 0 0 0 -1 0 0 0 0 0 0
1.459817886352539 1.0947633981704712 -12.037362098693848 0.9544408404796353 0.298400204464621 0 0 0 -1 0 0 0 0 0 0
1.447275161743164 1.4062029123306274 -12.382149696350098 0.9753483025139614 -0.22067099669674328 0 0 0 -1 0 0 0 0 0 0
1.592660903930664 1.68191397190094 -12.726941108703613 0.7330407997436524 -0.680184670447068 0 0 0 -1 0 0 0 0 0 0
1.856740951538086 1.8474870920181274 -13.071732521057129 0.2929014295026581 -0.9561426423893559 0 0 0 -1 0 0 0 0 0 0
2.1682491302490234 1.8582407236099243 -13.416520118713379 -0.2262793189081107 -0.9740624568447762 0 0 0 -1 0 0 0 0 0 0
2.443117141723633 1.71127188205719 -13.761311531066895 -0.6843922130887917 -0.7291140505184532 0 0 0 -1 0 0 0 0 0 0
2.607168197631836 1.4462419748306274 -14.10610294342041 -0.9578089906361824 -0.2874055278808974 0 0 0 -1 0 0 0 0 0 0
2.616128921508789 1.1346765756607056 -14.45089054107666 -0.9727451468845244 0.23187686217603767 0 0 0 -1 0 0 0 0 0 0
2.467580795288086 0.8606554269790649 -14.795681953430176 -0.7251638458927616 0.6885763549600138 0 0 0 -1 0 0 0 0 0 0
2.2016124725341797 0.6981340646743774 -15.140473365783691 -0.2818856745697005 0.9594480009215638 0 0 0 -1 0 0 0 0 0 0
1.8900012969970703 0.6909662485122681 -15.485260963439941 0.23746626557191491 0.971395785823332 0 0 0 -1 0 0 0 0 0 0
1.616842269897461 0.8410860300064087 -15.830052375793457 0.6927370895782676 0.721190213967599 0 0 0 -1 0 0 0 0 0 0
1.455850601196289 1.1079851388931274 -16.174842834472656 0.9610534371116716 0.2763626078467241 0 0 0 -1 0 0 0 0 0 0
1.4504756927490234 1.419634461402893 -16.519630432128906 0.9700130052689323 -0.24305301810332286 0 0 0 -1 0 0 0 0 0 0
1.6021671295166016 1.6919275522232056 -16.864421844482422 0.7171931806240053 -0.6968744088187071 0 0 0 -1 0 0 0 0 0 0
1.869985580444336 1.851378083229065 -17.209213256835938 0.27083200294760534 -0.9626266286465321 0 0 0 -1 0 0 0 0 0 0
2.1659984588623047 1.8587595224380493 -17.598976135253906 -0.2225186229758043 -0.9749284396451628 0 0 0 -1 0 0 0 0 0 0
2.4440860748291016 1.7103601694107056 -17.94976043701172 -0.6860052320891155 -0.7275966063323542 0 0 0 -1 0 0 0 0 0 0
2.6085758209228516 1.4414812326431274 -18.300548553466797 -0.9601544155095938 -0.27947003126888303 0 0 0 -1 0 0 0 0 0 0
2.614076614379883 1.1263223886489868 -18.651336669921875 -0.9693206103947523 0.24579982559787295 0 0 0 -1 0 0 0 0 0 0
2.4590625762939453 0.8518701791763306 -19.002120971679688 -0.7109670279109166 0.7032253445543029 0 0 0 -1 0 0 0 0 0 0
2.1863231658935547 0.6938616037368774 -19.352909088134766 -0.25640475048664035 0.9665695028956189 0 0 0 -1 0 0 0 0 0 0
1.8711261749267578 0.6959062814712524 -19.703693389892578 0.26892653750116163 0.963160691384172 0 0 0 -1 0 0 0 0 0 0
1.6004619598388672 0.8574396371841431 -20.054481506347656 0.7200348769606736 0.6939378761533542 0 0 0 -1 0 0 0 0 0 0
1.449026107788086 1.1338831186294556 -20.405269622802734 0.9724281263519235 0.23320278531717334 0 0 0 -1 0 0 0 0 0 0
1.4586124420166016 1.44894278049469 -20.756053924560547 0.9564487177552621 -0.2919004116206674 0 0 0 -1 0 0 0 0 0 0
1.6265811920166016 1.71566641330719 -21.106842041015625 0.6765036184621784 -0.7364393078914102 0 0 0 -1 0 0 0 0 0 0
2.0265026092529297 1.8737741708755493 -21.496604919433594 0.00996303984859335 -0.9999503676868045 0 0 0 -1 0 0 0 0 0 0
2.3393688201904297 1.7893778085708618 -21.843059539794922 -0.5114747862528463 -0.8592982852465175 0 0 0 -1 0 0 0 0 0 0
2.562723159790039 1.5545984506607056 -22.18951416015625 -0.8837305982953967 -0.4679959718164892 0 0 0 -1 0 0 0 0 0 0
2.631406784057617 1.237913727760315 -22.535972595214844 -0.998209631572256 0.059812468903906936 0 0 0 -1 0 0 0 0 0 0
2.5253963470458984 0.9316965341567993 -22.882427215576172 -0.8215255851744293 0.5701716521397848 0 0 0 -1 0 0 0 0 0 0
2.275606155395508 0.7252680063247681 -23.2288818359375 -0.40520968390655426 0.9142237757072119 0 0 0 -1 0 0 0 0 0 0
1.9548969268798828 0.6788393259048462 -23.575340270996094 0.12930656774060234 0.9916046649442233 0 0 0 -1 0 0 0 0 0 0
1.6568241119384766 0.8059564828872681 -23.921794891357422 0.6260937718281896 0.7797477726021095 0 0 0 -1 0 0 0 0 0 0
1.4683208465576172 1.0695406198501587 -24.26824951171875 0.9402665310974782 0.34043920235177827 0 0 0 -1 0 0 0 0 0 0
1.4443836212158203 1.3927026987075806 -24.614707946777344 0.9801690167715046 -0.1981633128537713 0 0 0 -1 0 0 0 0 0 0
1.6135501861572266 1.7033334970474243 -25.004470825195312 0.6982217772030026 -0.7158815194146867 0 0 0 -1 0 0 0 0 0 0
1.8570728302001953 1.8475900888442993 -25.329273223876953 0.29235164889291954 -0.9563108874155889 0 0 0 -1 0 0 0 0 0 0
2.139627456665039 1.8641573190689087 -25.654075622558594 -0.17857343059043015 -0.9839265876513171 0 0 0 -1 0 0 0 0 0 0
2.3983402252197266 1.7493501901626587 -25.978878021240234 -0.6097601015710294 -0.7925860322590145 0 0 0 -1 0 0 0 0 0 0
2.5756397247314453 1.5287195444107056 -26.303680419921875 -0.9052565832183366 -0.4248652945815451 0 0 0 -1 0 0 0 0 0 0
2.6320629119873047 1.2513567209243774 -26.628482818603516 -0.9993001395656868 0.037406297116911985 0 0 0 -1 0 0 0 0 0 0
2.5550594329833984 0.9789911508560181 -26.953285217285156 -0.870960000849459 0.4913539222600248 0 0 0 -1 0 0 0 0 0 0
2.361764907836914 0.7722307443618774 -27.278087615966797 -0.5487985748113676 0.8359546185559428 0 0 0 -1 0 0 0 0 0 0
2.095193862915039 0.6770883798599243 -27.602890014648438 -0.10452242070441564 0.994522530448702 0 0 0 -1 0 0 0 0 0 0
1.8146648406982422 0.7147356271743774 -27.927692413330078 0.36302661050099383 0.9317787720634979 0 0 0 -1 0 0 0 0 0 0
1.5826091766357422 0.8767954111099243 -28.25249481201172 0.7497871027742726 0.6616791522432623 0 0 0 -1 0 0 0 0 0 0
1.4506664276123047 1.1272035837173462 -28.57729721069336 0.9696920532171089 0.24433035408558548 0 0 0 -1 0 0 0 0 0 0
1.4481983184814453 1.410235047340393 -28.902099609375 0.9738043697392312 -0.2273874435336713 0 0 0 -1 0 0 0 0 0 0
1.6265811920166016 1.71566641330719 -29.29186248779297 0.6765036184621784 -0.7364393078914102 0 0 0 -1 0 0 0 0 0 0
1.8971004486083984 1.8583284616470337 -29.62594223022461 0.2256403415169884 -0.9742106734583115 0 0 0 -1 0 0 0 0 0 0
2.2027950286865234 1.8491235971450806 -29.960025787353516 -0.28384727394779935 -0.9588695036721124 0 0 0 -1 0 0 0 0 0 0
2.4642391204833984 1.6904360055923462 -30.294109344482422 -0.719594372339833 -0.6943946567312004 0 0 0 -1 0 0 0 0 0 0
2.6135082244873047 1.4235025644302368 -30.628192901611328 -0.9683737520134709 -0.24950406091154637 0 0 0 -1 0 0 0 0 0 0
2.611814498901367 1.117674469947815 -30.96227264404297 -0.9655501897191672 0.26021689248256014 0 0 0 -1 0 0 0 0 0 0
2.4596004486083984 0.8524118661880493 -31.296356201171875 -0.7118646284497501 0.7023167026079467 0 0 0 -1 0 0 0 0 0 0
2.196413040161133 0.6966310739517212 -31.63043975830078 -0.2732107875702324 0.9619541909858564 0 0 0 -1 0 0 0 0 0 0
1.8427982330322266 0.7045770883560181 -32.02020263671875 0.3161402502463746 0.9487124654889697 0 0 0 -1 0 0 0 0 0 0
1.5715465545654297 0.8896967172622681 -32.38212203979492 0.7682277171218109 0.6401766745561813 0 0 0 -1 0 0 0 0 0 0
1.4383792877197266 1.1898866891860962 -32.74404525756836 0.9901706439374187 0.13986456264743252 0 0 0 -1 0 0 0 0 0 0
1.483194351196289 1.515215516090393 -33.1059684753418 0.9154855173814167 -0.40235092576615256 0 0 0 -1 0 0 0 0 0 0
1.6925601959228516 1.7682253122329712 -33.467891693115234 0.5665354891770897 -0.8240373410852666 0 0 0 -1 0 0 0 0 0 0
2.0037593841552734 1.8731142282485962 -33.82981491088867 0.047874322598646005 -0.9988533672345109 0 0 0 -1 0 0 0 0 0 0
2.3235645294189453 1.7984644174575806 -34.19173812866211 -0.48514272529027747 -0.87443498105801 0 0 0 -1 0 0 0 0 0 0
2.5561656951904297 1.5666414499282837 -34.55366134643555 -0.8728048903410105 -0.4880692813492943 0 0 0 -1 0 0 0 0 0 0
2.631887435913086 1.247088074684143 -34.91558074951172 -0.9990084908089957 0.04452005493632182 0 0 0 -1 0 0 0 0 0 0
2.5280399322509766 0.9355379343032837 -35.277503967285156 -0.8259262396892562 0.5637781891779475 0 0 0 -1 0 0 0 0 0 0
2.275735855102539 0.7253252267837524 -35.639427185058594 -0.40542525282710645 0.9141281990892071 0 0 0 -1 0 0 0 0 0 0
1.9505596160888672 0.6794229745864868 -36.00135040283203 0.13654399922929805 0.9906340072269221 0 0 0 -1 0 0 0 0 0 0
1.649923324584961 0.8115793466567993 -36.36327362060547 0.6376028451234907 0.770365245770102 0 0 0 -1 0 0 0 0 0 0
1.4638957977294922 1.0822092294692993 -36.725196838378906 0.9476460355387212 0.3193227071909303 0 0 0 -1 0 0 0 0 0 0
1.4481983184814453 1.410235047340393 -37.087120056152344 0.9738043697392312 -0.2273874435336713 0 0 0 -1 0 0 0 0 0 0
1.6265811920166016 1.71566641330719 -37.47688293457031 0.6765036184621784 -0.7364393078914102 0 0 0 -1 0 0 0 0 0 0
1.900796890258789 1.8591715097427368 -37.81792449951172 0.21948149244055595 -0.9756166636933106 0 0 0 -1 0 0 0 0 0 0
2.210054397583008 1.846922516822815 -38.158966064453125 -0.2959538253979204 -0.9552022472923404 0 0 0 -1 0 0 0 0 0 0
2.4720630645751953 1.682177186012268 -38.50000762939453 -0.7326356275436234 -0.6806210673008595 0 0 0 -1 0 0 0 0 0 0
2.617105484008789 1.408770203590393 -38.8410530090332 -0.9743719043693595 -0.22494308608096364 0 0 0 -1 0 0 0 0 0 0
2.6065921783447266 1.0994478464126587 -39.18209457397461 -0.9568477697737862 0.2905896513624176 0 0 0 -1 0 0 0 0 0 0
2.443319320678711 0.8365198373794556 -39.523136138916016 -0.6847222378631878 0.7288041279902496 0 0 0 -1 0 0 0 0 0 0
2.1707286834716797 0.6899477243423462 -39.86417770385742 -0.23040990924789861 0.9730936613298719 0 0 0 -1 0 0 0 0 0 0
1.8613529205322266 0.6987253427505493 -40.205223083496094 0.28521543508075575 0.9584634346659737 0 0 0 -1 0 0 0 0 0 0
1.597513198852539 0.8605180978775024 -40.5462646484375 0.724945087643418 0.6888066636594603 0 0 0 -1 0 0 0 0 0 0
1.449411392211914 1.132280945777893 -40.887306213378906 0.9717841311427178 0.23587200439898118 0 0 0 -1 0 0 0 0 0 0
1.4564533233642578 1.4417024850845337 -41.22834777832031 0.9600492442153153 -0.27983110742303413 0 0 0 -1 0 0 0 0 0 0
1.6167659759521484 1.7064462900161743 -41.569393157958984 0.6928573232509919 -0.7210747046024224 0 0 0 -1 0 0 0 0 0 0
1.8876934051513672 1.8560701608657837 -41.91043472290039 0.24131314604145795 -0.9704473017879816 0 0 0 -1 0 0 0 0 0 0
2.197145462036133 1.8507639169692993 -42.2514762878418 -0.27443363750292926 -0.9616060412699738 0 0 0 -1 0 0 0 0 0 0
2.4627857208251953 1.6919389963150024 -42.5925178527832 -0.7171766755032614 -0.6968913947768977 0 0 0 -1 0 0 0 0 0 0
2.6139278411865234 1.4218584299087524 -42.933563232421875 -0.9690753229690029 -0.2467651077695605 0 0 0 -1 0 0 0 0 0 0
2.553586959838867 0.9763971567153931 -43.323326110839844 -0.868507459013595 0.4956760975049621 0 0 0 -1 0 0 0 0 0 0
2.364961624145508 0.7743440866470337 -43.62647247314453 -0.5541278623198592 0.8324315660766495 0 0 0 -1 0 0 0 0 0 0
2.1057682037353516 0.6782938241958618 -43.929622650146484 -0.12213717767387984 0.9925132290452653 0 0 0 -1 0 0 0 0 0 0
1.8310222625732422 0.7086359262466431 -44.23277282714844 0.3357734202887108 0.9419427850074658 0 0 0 -1 0 0 0 0 0 0
1.5990352630615234 0.8589273691177368 -44.535919189453125 0.7224149651317816 0.691459773344514 0 0 0 -1 0 0 0 0 0 0
1.4590396881103516 1.0972696542739868 -44.83906936645508 0.9557363032594433 0.29422460575548975 0 0 0 -1 0 0 0 0 0 0
1.4407520294189453 1.3730798959732056 -45.14221954345703 0.9862153479979892 -0.16546687696697812 0 0 0 -1 0 0 0 0 0 0
1.5480518341064453 1.6278215646743774 -45.44536590576172 0.8073837218128778 -0.5900267161337571 0 0 0 -1 0 0 0 0 0 0
1.758169174194336 1.8074251413345337 -45.74851608276367 0.4571890543986198 -0.8893695342983678 0 0 0 -1 0 0 0 0 0 0
2.0265026092529297 1.8737741708755493 -46.051666259765625 0.00996303984859335 -0.9999503676868045 0 0 0 -1 0 0 0 0 0 0
2.4294986724853516 1.7236696481704712 -46.441429138183594 -0.6616910259238478 -0.7497766242100681 0 0 0 -1 0 0 0 0 0 0
2.605741500854492 1.4509340524673462 -46.83119201660156 -0.955431931288269 -0.2952114914341385 0 0 0 -1 0 0 0 0 0 0
2.614072799682617 1.1263185739517212 -47.22095489501953 -0.9693172592365289 0.2458130406349181 0 0 0 -1 0 0 0 0 0 0
2.452058792114258 0.8449007272720337 -47.6107177734375 -0.6992887962263242 0.7148392682780784 0 0 0 -1 0 0 0 0 0 0
2.1671504974365234 0.6891123056411743 -48.00048065185547 -0.22445223328798533 0.9744850922266772 0 0 0 -1 0 0 0 0 0 0
1.8427982330322266 0.7045770883560181 -48.39024353027344 0.3161402502463746 0.9487124654889697 0 0 0 -1 0 0 0 0 0 0
1.513235092163086 0.9731661081314087 -48.780006408691406 0.8654114340890511 0.5010619220694507 0 0 0 -1 0 0 0 0 0 0
1.4326305389404297 1.2605119943618774 -49.11408615112305 0.9997547094364957 0.02214770777186576 0 0 0 -1 0 0 0 0 0 0
1.5004291534423828 1.551146149635315 -49.44816970825195 0.8867558309516366 -0.46223813805577807 0 0 0 -1 0 0 0 0 0 0
1.6998615264892578 1.7731653451919556 -49.78225326538086 0.5543635609408905 -0.8322746195222679 0 0 0 -1 0 0 0 0 0 0
1.9815845489501953 1.8716379404067993 -50.1163330078125 0.08483277365190921 -0.9963952029764714 0 0 0 -1 0 0 0 0 0 0
2.275899887084961 1.8222070932388306 -50.450416564941406 -0.4056918286611455 -0.9140099234458979 0 0 0 -1 0 0 0 0 0 0
2.5099925994873047 1.6370989084243774 -50.78450012207031 -0.795849027541727 -0.6054951076275412 0 0 0 -1 0 0 0 0 0 0
2.625947952270508 1.362108826637268 -51.11858367919922 -0.989109647257035 -0.147180520800356 0 0 0 -1 0 0 0 0 0 0
2.5950794219970703 1.0652719736099243 -51.45266342163086 -0.937660895255583 0.3475515005125124 0 0 0 -1 0 0 0 0 0 0
2.4250240325927734 0.8200250864028931 -51.786746978759766 -0.6542365844428464 0.7562899520531517 0 0 0 -1 0 0 0 0 0 0
2.1578502655029297 0.6870447397232056 -52.12083053588867 -0.20894365877388327 0.9779276800756707 0 0 0 -1 0 0 0 0 0 0
1.8596630096435547 0.6992288827896118 -52.45491027832031 0.2880312856900797 0.95762099938531 0 0 0 -1 0 0 0 0 0 0
1.604227066040039 0.8535677194595337 -52.78899383544922 0.7137620887368181 0.7003882356822213 0 0 0 -1 0 0 0 0 0 0
1.4547481536865234 1.1118685007095337 -53.123077392578125 0.962890806127212 0.26989126602335195 0 0 0 -1 0 0 0 0 0 0
1.4481983184814453 1.410235047340393 -53.45716094970703 0.9738043697392312 -0.2273874435336713 0 0 0 -1 0 0 0 0 0 0
1.6265811920166016 1.71566641330719 -53.846923828125 0.6765036184621784 -0.7364393078914102 0 0 0 -1 0 0 0 0 0 0
1.9283008575439453 1.8646875619888306 -54.20125198364258 0.1736362001607403 -0.9848098648946098 0 0 0 -1 0 0 0 0 0 0
2.262788772583008 1.8278414011001587 -54.555580139160156 -0.3838456778839947 -0.923397257722686 0 0 0 -1 0 0 0 0 0 0
2.5248355865478516 1.616716980934143 -54.909912109375 -0.8205874354070578 -0.5715210064836352 0 0 0 -1 0 0 0 0 0 0
2.6320056915283203 1.2977243661880493 -55.26424026489258 -0.9992046823291284 -0.03987483932940019 0 0 0 -1 0 0 0 0 0 0
2.5505924224853516 0.9712091684341431 -55.61857223510742 -0.8635134612593697 0.5043257897667568 0 0 0 -1 0 0 0 0 0 0
2.3062000274658203 0.7398744821548462 -55.972900390625 -0.45619364104341353 0.8898805323590089 0 0 0 -1 0 0 0 0 0 0
1.9757099151611328 0.6764932870864868 -56.327232360839844 0.09461583444743775 0.9955138592062971 0 0 0 -1 0 0 0 0 0 0
1.663076400756836 0.8010011911392212 -56.68156051635742 0.6156767001340862 0.7879988584458752 0 0 0 -1 0 0 0 0 0 0
1.4666461944580078 1.074236512184143 -57.035888671875 0.9430646710813659 0.33260941982781417 0 0 0 -1 0 0 0 0 0 0
1.448202133178711 1.4102426767349243 -57.390220642089844 0.9738013051517451 -0.2274005674679767 0 0 0 -1 0 0 0 0 0 0
1.6135501861572266 1.7033334970474243 -57.74454879760742 0.6982217772030026 -0.7158815194146867 0 0 0 -1 0 0 0 0 0 0
1.869985580444336 1.851378083229065 -58.13431167602539 0.27083200294760534 -0.9626266286465321 0 0 0 -1 0 0 0 0 0 0
2.1812686920166016 1.8550630807876587 -58.47535705566406 -0.2479779814473732 -0.9687656686305962 0 0 0 -1 0 0 0 0 0 0
2.4525012969970703 1.7022730112075806 -58.81639862060547 -0.7000257545934659 -0.7141175973926485 0 0 0 -1 0 0 0 0 0 0
2.6106624603271484 1.4341379404067993 -59.157440185546875 -0.9636357994574561 -0.26721909737889155 0 0 0 -1 0 0 0 0 0 0
2.6131839752197266 1.1228433847427368 -59.49848175048828 -0.9678310313311659 0.25160106278084665 0 0 0 -1 0 0 0 0 0 0
2.459379196166992 0.8521867990493774 -59.83952713012695 -0.7114967975425323 0.7026893389590602 0 0 0 -1 0 0 0 0 0 0
2.1906604766845703 0.6950289011001587 -60.18056869506836 -0.26362907298482 0.9646241298439326 0 0 0 -1 0 0 0 0 0 0
1.8793582916259766 0.6936708688735962 -60.521610260009766 0.25520233649172597 0.9668876705435662 0 0 0 -1 0 0 0 0 0 0
1.6092777252197266 0.8484827280044556 -60.86265182495117 0.7053374708601482 0.7088716754114311 0 0 0 -1 0 0 0 0 0 0
1.4557247161865234 1.1084238290786743 -61.25241470336914 0.961262283565907 0.275635306507816 0 0 0 -1 0 0 0 0 0 0
1.4564990997314453 1.4418550729751587 -61.61433792114258 0.959973732566975 -0.2800900440598166 0 0 0 -1 0 0 0 0 0 0
1.635152816772461 1.7233911752700806 -61.976261138916016 0.6622155234875448 -0.7493134193727727 0 0 0 -1 0 0 0 0 0 0
1.936513900756836 1.866076111793518 -62.33818435668945 0.15994883404036148 -0.9871253063766163 0 0 0 -1 0 0 0 0 0 0
2.267515182495117 1.825853943824768 -62.70010757446289 -0.39172453232825827 -0.9200825456295797 0 0 0 -1 0 0 0 0 0 0
2.525930404663086 1.6151376962661743 -63.06203079223633 -0.8224118560896281 -0.568892554849519 0 0 0 -1 0 0 0 0 0 0
2.6319522857666016 1.299009919166565 -63.4239501953125 -0.9991168587118249 -0.04201788473751583 0 0 0 -1 0 0 0 0 0 0
2.5528430938720703 0.9750963449478149 -63.78587341308594 -0.8672693340761422 0.49783923325821267 0 0 0 -1 0 0 0 0 0 0
2.313028335571289 0.7434297800064087 -64.14779663085938 -0.4675701421361635 0.8839559729889086 0 0 0 -1 0 0 0 0 0 0
1.9865741729736328 0.6755625009536743 -64.50971984863281 0.07651889516074838 0.9970681314149893 0 0 0 -1 0 0 0 0 0 0
1.6742992401123047 0.7924448251724243 -64.87164306640625 0.5969744972176538 0.8022602131925337 0 0 0 -1 0 0 0 0 0 0
1.4726390838623047 1.0579859018325806 -65.23356628417969 0.9330714940609177 0.35969096036865666 0 0 0 -1 0 0 0 0 0 0
1.4438762664794922 1.3901773691177368 -65.59548950195312 0.9810106796539877 -0.19395372232783015 0 0 0 -1 0 0 0 0 0 0
1.5968914031982422 1.68643057346344 -65.95741271972656 0.7259883564270327 -0.6877069916267943 0 0 0 -1 0 0 0 0 0 0
1.8844318389892578 1.8552500009536743 -66.3193359375 0.246754571268792 -0.9690780059200368 0 0 0 -1 0 0 0 0 0 0
2.217691421508789 1.844500184059143 -66.68125915527344 -0.3086780986747399 -0.9511665634359462 0 0 0 -1 0 0 0 0 0 0
2.4937572479248047 1.6575037240982056 -67.04317474365234 -0.7687929912520013 -0.6394977221240122 0 0 0 -1 0 0 0 0 0 0
2.6273632049560547 1.352007508277893 -67.40509796142578 -0.9914693352125107 -0.13034016009374136 0 0 0 -1 0 0 0 0 0 0
2.5772533416748047 1.0223604440689087 -67.76702117919922 -0.9079551154901165 0.4190674268603194 0 0 0 -1 0 0 0 0 0 0
2.3589038848876953 0.7703653573989868 -68.12894439697266 -0.5440316602720388 0.8390646891757805 0 0 0 -1 0 0 0 0 0 0
2.039743423461914 0.6738458871841431 -68.4908676147461 -0.012094758373060038 0.999926855734907 0 0 0 -1 0 0 0 0 0 0
1.718343734741211 0.7626100778579712 -68.85279083251953 0.5235646068163974 0.8519859755237708 0 0 0 -1 0 0 0 0 0 0
1.4939556121826172 1.0092493295669556 -69.21471405029297 0.8975444334898829 0.4409240182971725 0 0 0 -1 0 0 0 0 0 0
1.4358844757080078 1.3375879526138306 -69.5766372680664 0.9943332799659291 -0.10630770598690159 0 0 0 -1 0 0 0 0 0 0
1.5620555877685547 1.646227478981018 -69.93856048583984 0.7840428668622473 -0.6207066802624477 0 0 0 -1 0 0 0 0 0 0
1.8335132598876953 1.8398500680923462 -70.30048370361328 0.3316220291617493 -0.9434123328506173 0 0 0 -1 0 0 0 0 0 0
2.1664180755615234 1.8586641550064087 -70.66240692138672 -0.22322691566532707 -0.9747665074891243 0 0 0 -1 0 0 0 0 0 0
2.457956314086914 1.6968523263931274 -71.02433013916016 -0.7091234567097702 -0.7050843376107476 0 0 0 -1 0 0 0 0 0 0
2.6180973052978516 1.4043909311294556 -71.3862533569336 -0.976026549739675 -0.21765149713077014 0 0 0 -1 0 0 0 0 0 0
2.5963001251220703 1.068590760231018 -71.77601623535156 -0.93969248736894 0.3420205098855549 0 0 0 -1 0 0 0 0 0 0
-0.7396984696388245 2.7540156841278076 -71.77601623535156 0.939692497622495 -0.3420204817141763 0 0 0 1 0 0 0 0 0 0
-0.7693291306495667 2.4603641033172607 -71.3862533569336 0.9890763495864915 0.14740412032457006 0 0 0 1 0 0 0 0 0 0
-0.6069527268409729 2.1314570903778076 -70.99649047851562 0.7184527727135861 0.6955757423747325 0 0 0 1 0 0 0 0 0 0
-0.2834663689136505 1.95852530002594 -70.60672760009766 0.17930641270306746 0.9837932762341678 0 0 0 1 0 0 0 0 0 0
0.0802287608385086 2.006209135055542 -70.21696472167969 -0.4268541642379949 0.9043204755354612 0 0 0 1 0 0 0 0 0 0
0.3482036292552948 2.2566821575164795 -69.82720184326172 -0.8734758344614743 0.4868675041649742 0 0 0 1 0 0 0 0 0 0
0.4203052222728729 2.6163318157196045 -69.43743896484375 -0.9936466258806721 -0.11254502599384632 0 0 0 1 0 0 0 0 0 0
0.2695865333080292 2.95074725151062 -69.04767608642578 -0.7424464161396713 -0.6699054553900559 0 0 0 1 0 0 0 0 0 0
-0.047624628990888596 3.134932279586792 -68.65791320800781 -0.21376514859048815 -0.9768850808811067 0 0 0 1 0 0 0 0 0 0
-0.4127693474292755 3.1000583171844482 -68.26815032958984 0.3948114692373774 -0.9187621584276441 0 0 0 1 0 0 0 0 0 0
-0.6893807053565979 2.859156370162964 -67.87838745117188 0.8558337721161148 -0.5172509589217812 0 0 0 1 0 0 0 0 0 0
-0.7740746140480042 2.50226092338562 -67.4886245727539 0.9969866837383342 0.07757288475001468 0 0 0 1 0 0 0 0 0 0
-0.6351986527442932 2.1627604961395264 -67.09886169433594 0.7655259508744179 0.643405019049291 0 0 0 1 0 0 0 0 0 0
-0.3890533745288849 1.9879480600357056 -66.70909881591797 0.35528803581473795 0.9347568729926009 0 0 0 1 0 0 0 0 0 0
-0.04659847542643547 1.9628969430923462 -66.3193359375 -0.21547488821274552 0.9765093817008134 0 0 0 1 0 0 0 0 0 0
0.25351330637931824 2.129732847213745 -65.92957305908203 -0.7156599435536312 0.6984488851682803 0 0 0 1 0 0 0 0 0 0
0.4129962623119354 2.4338176250457764 -65.53981018066406 -0.9814646089407678 0.1916434747043215 0 0 0 1 0 0 0 0 0 0
0.3796176612377167 2.7755610942840576 -65.1500473022461 -0.9258320273174632 -0.3779352552928029 0 0 0 1 0 0 0 0 0 0
0.16431041061878204 3.0430400371551514 -64.76028442382812 -0.5669868005995878 -0.8237268770325777 0 0 0 1 0 0 0 0 0 0
-0.16241268813610077 3.1486499309539795 -64.37052154541016 -0.02245074011502751 -0.9997479503696357 0 0 0 1 0 0 0 0 0 0
-0.4935474693775177 3.0578105449676514 -63.98075485229492 0.5294421255926642 -0.8483460588980901 0 0 0 1 0 0 0 0 0 0
-0.7206440567970276 2.800265073776245 -63.59099197387695 0.9079393675467544 -0.41910154480602846 0 0 0 1 0 0 0 0 0 0
-0.7693291306495667 2.4603641033172607 -63.201229095458984 0.9890763495864915 0.14740412032457006 0 0 0 1 0 0 0 0 0 0
-0.616392195224762 2.141432523727417 -62.811466217041016 0.7341846254065268 0.6789498772491808 0 0 0 1 0 0 0 0 0 0
-0.3068447411060333 1.9632707834243774 -62.42170333862305 0.21827313169731796 0.9758877189405786 0 0 0 1 0 0 0 0 0 0
0.04911037161946297 1.99258291721344 -62.03194046020508 -0.37498674854949715 0.927030171252412 0 0 0 1 0 0 0 0 0 0
0.32534024119377136 2.218989133834839 -61.64217758178711 -0.8353718093744797 0.5496853100660485 0 0 0 1 0 0 0 0 0 0
0.4239673316478729 2.56225848197937 -61.25241470336914 -0.9997484566191316 -0.02242818511748914 0 0 0 1 0 0 0 0 0 0
0.3100452125072479 2.9007632732391357 -60.86265182495117 -0.8098790898559854 -0.5865968460655414 0 0 0 1 0 0 0 0 0 0
0.023939091712236404 3.1145503520965576 -60.4728889465332 -0.3330343288310387 -0.9429147023034796 0 0 0 1 0 0 0 0 0 0
-0.33297160267829895 3.1278750896453857 -60.083126068115234 0.261816980010411 -0.9651175415348267 0 0 0 1 0 0 0 0 0 0
-0.6342182755470276 2.936007261276245 -59.693363189697266 0.7638916698479662 -0.6453444946204201 0 0 0 1 0 0 0 0 0 0
-0.7730579972267151 2.6069400310516357 -59.3036003112793 0.9952947651545899 -0.09689339738016076 0 0 0 1 0 0 0 0 0 0
-0.7002964615821838 2.2572734355926514 -58.91383743286133 0.8740254861387526 0.4858800773646901 0 0 0 1 0 0 0 0 0 0
-0.4417133629322052 2.0109050273895264 -58.52407455444336 0.44305300757221555 0.8964954168768596 0 0 0 1 0 0 0 0 0 0
-0.08893589675426483 1.9551340341567993 -58.13431167602539 -0.14490669535611791 0.9894453242301817 0 0 0 1 0 0 0 0 0 0
0.18916888535022736 2.0726306438446045 -57.74454879760742 -0.608416226488071 0.79361810422017 0 0 0 1 0 0 0 0 0 0
0.39882275462150574 2.3764255046844482 -57.35478591918945 -0.9578431167543638 0.2872917744842101 0 0 0 1 0 0 0 0 0 0
0.3909759223461151 2.745455503463745 -56.965023040771484 -0.9447612253446512 -0.32775940426671646 0 0 0 1 0 0 0 0 0 0
0.16859813034534454 3.0400607585906982 -56.575260162353516 -0.5741308057209943 -0.8187635909847006 0 0 0 1 0 0 0 0 0 0
-0.18415264785289764 3.14874529838562 -56.18549728393555 0.013783475052417508 -0.9999050033955622 0 0 0 1 0 0 0 0 0 0
-0.5337715744972229 3.030379056930542 -55.79573440551758 0.5964847574391073 -0.80262440415353 0 0 0 1 0 0 0 0 0 0
-0.7479458451271057 2.7297542095184326 -55.405975341796875 0.9534391109732777 -0.30158557934106506 0 0 0 1 0 0 0 0 0 0
-0.7456169724464417 2.3606479167938232 -55.016212463378906 0.9495581495285027 0.3135910085828447 0 0 0 1 0 0 0 0 0 0
-0.5276680588722229 2.0627505779266357 -54.62644958496094 0.5863096031583058 0.8100870627558188 0 0 0 1 0 0 0 0 0 0
-0.17658238112926483 1.9488016366958618 -54.23668670654297 0.0011668468482353713 0.9999993192339847 0 0 0 1 0 0 0 0 0 0
0.17476649582386017 2.0619304180145264 -53.846923828125 -0.584413482139049 0.8114560258535959 0 0 0 1 0 0 0 0 0 0
0.3881034553050995 2.34405779838562 -53.45716094970703 -0.9399773939961157 0.3412367195602947 0 0 0 1 0 0 0 0 0 0
0.4070720374584198 2.6908061504364014 -53.06739807128906 -0.9715906025899081 -0.23666791282085392 0 0 0 1 0 0 0 0 0 0
0.23076052963733673 2.989985227584839 -52.677635192871094 -0.6777365639276506 -0.7353048006884911 0 0 0 1 0 0 0 0 0 0
-0.08177189528942108 3.1413753032684326 -52.287872314453125 -0.1568509259692729 -0.9876222896545934 0 0 0 1 0 0 0 0 0 0
-0.4258270561695099 3.094263792037964 -51.898109436035156 0.416577056263388 -0.9091004104030148 0 0 0 1 0 0 0 0 0 0
-0.686155378818512 2.8644282817840576 -51.50834655761719 0.8504599875187997 -0.5260397414925256 0 0 0 1 0 0 0 0 0 0
-0.775550901889801 2.528864622116089 -51.11858367919922 0.999447643237325 0.033232640992803646 0 0 0 1 0 0 0 0 0 0
-0.6640663743019104 2.1999804973602295 -50.72882080078125 0.8136394875261466 0.5813697483858186 0 0 0 1 0 0 0 0 0 0
-0.38904765248298645 1.98794424533844 -50.33905792236328 0.3552745062948476 0.934762015262148 0 0 0 1 0 0 0 0 0 0
-0.04262165352702141 1.9637895822525024 -49.94929504394531 -0.2221015891471432 0.9750235300228982 0 0 0 1 0 0 0 0 0 0
0.2591647803783417 2.135603666305542 -49.559532165527344 -0.7250791409273202 0.6886655497352101 0 0 0 1 0 0 0 0 0 0
0.4152164161205292 2.4458301067352295 -49.169769287109375 -0.9851618949142051 0.17162762251179806 0 0 0 1 0 0 0 0 0 0
0.3732585608959198 2.790552854537964 -48.780006408691406 -0.9152387542131702 -0.4029119293174677 0 0 0 1 0 0 0 0 0 0
0.0704459697008133 3.0959079265594482 -48.39024353027344 -0.410542877244731 -0.9118412942741833 0 0 0 1 0 0 0 0 0 0
-0.280551940202713 3.139601469039917 -48.00048065185547 0.17444994559341753 -0.984666043124497 0 0 0 1 0 0 0 0 0 0
-0.5951729416847229 2.977980375289917 -47.6107177734375 0.6988235553764119 -0.7152940922802808 0 0 0 1 0 0 0 0 0 0
-0.7640820145606995 2.6672122478485107 -47.22095489501953 0.9803322006224343 -0.197354443635747 0 0 0 1 0 0 0 0 0 0
-0.7285786271095276 2.315291166305542 -46.83119201660156 0.9211582401014583 0.38918825353957465 0 0 0 1 0 0 0 0 0 0
-0.5009995102882385 2.044520139694214 -46.441429138183594 0.5418612548785325 0.8404679532626227 0 0 0 1 0 0 0 0 0 0
-0.1604347676038742 1.9490000009536743 -46.051666259765625 -0.025743420423662355 0.9996685832339088 0 0 0 1 0 0 0 0 0 0
0.17476268112659454 2.0619266033172607 -45.661903381347656 -0.584413482139049 0.8114560258535959 0 0 0 1 0 0 0 0 0 0
0.3881015479564667 2.344050168991089 -45.27214050292969 -0.9399701962807142 0.34125654587713894 0 0 0 1 0 0 0 0 0 0
0.4054431617259979 2.6973330974578857 -44.88237762451172 -0.9688748990691239 -0.2475508633670962 0 0 0 1 0 0 0 0 0 0
0.2207603007555008 2.998995542526245 -44.49261474609375 -0.6610735534043116 -0.7503211025883497 0 0 0 1 0 0 0 0 0 0
-0.1017628163099289 3.1442058086395264 -44.10285186767578 -0.12353483672749675 -0.99234023606559 0 0 0 1 0 0 0 0 0 0
-0.450046569108963 3.082503080368042 -43.71308898925781 0.45693461658646184 -0.8895002845221486 0 0 0 1 0 0 0 0 0 0
-0.7030506730079651 2.835322141647339 -43.323326110839844 0.8786140914763744 -0.47753248921842517 0 0 0 1 0 0 0 0 0 0
-0.7728520035743713 2.4885737895965576 -42.933563232421875 0.9949489342361199 0.10038236031499424 0 0 0 1 0 0 0 0 0 0
-0.6351929306983948 2.162752866744995 -42.543800354003906 0.7655181023420731 0.6434143571498784 0 0 0 1 0 0 0 0 0 0
-0.3379116356372833 1.9710947275161743 -42.15403747558594 0.2700484286678876 0.962846740750575 0 0 0 1 0 0 0 0 0 0
0.015676457434892654 1.9802042245864868 -41.76427459716797 -0.3192637987462206 0.9476658835318135 0 0 0 1 0 0 0 0 0 0
0.30269429087638855 2.186915159225464 -41.37451171875 -0.7976275493536243 0.6031503067330163 0 0 0 1 0 0 0 0 0 0
0.423397034406662 2.5193889141082764 -40.98474884033203 -0.9987978582327418 0.04901875548897278 0 0 0 1 0 0 0 0 0 0
0.33583447337150574 2.862086057662964 -40.59498596191406 -0.8528587564864228 -0.5221416871735415 0 0 0 1 0 0 0 0 0 0
0.07044024765491486 3.0959079265594482 -40.205223083496094 -0.4105424130008305 -0.9118415032928997 0 0 0 1 0 0 0 0 0 0
-0.28055766224861145 3.139601469039917 -39.815460205078125 0.17446082384495717 -0.9846641157995648 0 0 0 1 0 0 0 0 0 0
-0.5951786637306213 2.9779765605926514 -39.425697326660156 0.6988292958560491 -0.7152884839373121 0 0 0 1 0 0 0 0 0 0
-0.7640839219093323 2.6672046184539795 -39.03593444824219 0.9803367602669868 -0.1973317928495778 0 0 0 1 0 0 0 0 0 0
-0.728574812412262 2.3152835369110107 -38.64617156982422 0.921153368017251 0.3891997849311779 0 0 0 1 0 0 0 0 0 0
-0.5009937882423401 2.0445163249969482 -38.25640869140625 0.541852182538521 0.8404738022557524 0 0 0 1 0 0 0 0 0 0
-0.16042713820934296 1.9490000009536743 -37.86664581298828 -0.025760238690992827 0.9996681499890766 0 0 0 1 0 0 0 0 0 0
0.17476649582386017 2.0619304180145264 -37.47688293457031 -0.584413482139049 0.8114560258535959 0 0 0 1 0 0 0 0 0 0
0.3881034553050995 2.34405779838562 -37.087120056152344 -0.9399773939961157 0.3412367195602947 0 0 0 1 0 0 0 0 0 0
0.40444180369377136 2.701197385787964 -36.697357177734375 -0.9672063724786965 -0.2539917971836911 0 0 0 1 0 0 0 0 0 0
0.21473880112171173 3.0042331218719482 -36.307594299316406 -0.6510297198019821 -0.7590522405833162 0 0 0 1 0 0 0 0 0 0
-0.11365322768688202 3.1455676555633545 -35.91783142089844 -0.10371406937854978 -0.9946071545152596 0 0 0 1 0 0 0 0 0 0
-0.46413806080818176 3.0750224590301514 -35.52806854248047 0.48042826433633495 -0.8770340260370614 0 0 0 1 0 0 0 0 0 0
-0.7122803330421448 2.8176486492156982 -35.1383056640625 0.8939937103489207 -0.44807950840957933 0 0 0 1 0 0 0 0 0 0
-0.7699757218360901 2.4648196697235107 -34.74854278564453 0.9901547719326915 0.1399768824446368 0 0 0 1 0 0 0 0 0 0
-0.6351986527442932 2.1627604961395264 -34.35877990722656 0.7655259508744179 0.643405019049291 0 0 0 1 0 0 0 0 0 0
-0.3379192650318146 1.97109854221344 -33.969017028808594 0.2700588301693302 0.9628438233937906 0 0 0 1 0 0 0 0 0 0
0.015670735388994217 1.9802004098892212 -33.579254150390625 -0.3192553661430581 0.9476687243909983 0 0 0 1 0 0 0 0 0 0
0.3026904761791229 2.1869075298309326 -33.189491271972656 -0.7976201108027702 0.6031601436127694 0 0 0 1 0 0 0 0 0 0
0.423397034406662 2.519381284713745 -32.79972839355469 -0.9987967593564822 0.04904114088180705 0 0 0 1 0 0 0 0 0 0
0.33583828806877136 2.8620784282684326 -32.40996551513672 -0.8528718076378304 -0.52212036901138 0 0 0 1 0 0 0 0 0 0
0.07044406235218048 3.0959079265594482 -32.02020263671875 -0.410542877244731 -0.9118412942741833 0 0 0 1 0 0 0 0 0 0
-0.2805538475513458 3.139601469039917 -31.63043975830078 0.174455384727172 -0.9846650794761101 0 0 0 1 0 0 0 0 0 0
-0.5951767563819885 2.977980375289917 -31.240676879882812 0.6988208173136689 -0.7152967672854782 0 0 0 1 0 0 0 0 0 0
-0.7640839219093323 2.667208433151245 -30.850914001464844 0.9803345897466559 -0.19734257560459686 0 0 0 1 0 0 0 0 0 0
-0.7285767197608948 2.3152873516082764 -30.461151123046875 0.9211582401014583 0.38918825353957465 0 0 0 1 0 0 0 0 0 0
-0.5009937882423401 2.044520139694214 -30.071388244628906 0.5418533293608515 0.8404730629000317 0 0 0 1 0 0 0 0 0 0
-0.16042904555797577 1.9490000009536743 -29.681625366210938 -0.025754632604312367 0.9996682944354175 0 0 0 1 0 0 0 0 0 0
0.17476649582386017 2.0619304180145264 -29.29186248779297 -0.584413482139049 0.8114560258535959 0 0 0 1 0 0 0 0 0 0
0.3881034553050995 2.34405779838562 -28.902099609375 -0.9399773939961157 0.3412367195602947 0 0 0 1 0 0 0 0 0 0
0.4070720374584198 2.6908061504364014 -28.51233673095703 -0.9715880226375295 -0.23667850402454219 0 0 0 1 0 0 0 0 0 0
0.23076052963733673 2.989985227584839 -28.122573852539062 -0.6777365639276506 -0.7353048006884911 0 0 0 1 0 0 0 0 0 0
-0.08176808059215546 3.1413753032684326 -27.732810974121094 -0.15685639778058022 -0.9876214206239657 0 0 0 1 0 0 0 0 0 0
-0.4258251488208771 3.094263792037964 -27.343048095703125 0.41657241990148475 -0.9091025349086983 0 0 0 1 0 0 0 0 0 0
-0.6861534714698792 2.8644320964813232 -26.953285217285156 0.8504549680487951 -0.5260478564932313 0 0 0 1 0 0 0 0 0 0
-0.775550901889801 2.52887225151062 -26.563522338867188 0.99944838829268 0.03321022642446609 0 0 0 1 0 0 0 0 0 0
-0.6640682816505432 2.199984312057495 -26.17375946044922 0.8136447947165589 0.5813623207868295 0 0 0 1 0 0 0 0 0 0
-0.3890533745288849 1.9879480600357056 -25.78399658203125 0.35528803581473795 0.9347568729926009 0 0 0 1 0 0 0 0 0 0
-0.08893589675426483 1.9551340341567993 -25.39423370361328 -0.14490669535611791 0.9894453242301817 0 0 0 1 0 0 0 0 0 0
0.23274226486682892 2.1094539165496826 -25.004470825195312 -0.6810370023902813 0.7322490023040387 0 0 0 1 0 0 0 0 0 0
0.4099368751049042 2.419123411178589 -24.614707946777344 -0.9763633494506783 0.21613562836666458 0 0 0 1 0 0 0 0 0 0
0.3799915015697479 2.7746455669403076 -24.224945068359375 -0.9264536232562159 -0.3764089318220674 0 0 0 1 0 0 0 0 0 0
0.15349765121936798 3.0503108501434326 -23.835182189941406 -0.5489676365843833 -0.8358436061745981 0 0 0 1 0 0 0 0 0 0
-0.18946270644664764 3.1486499309539795 -23.445419311523438 0.022635771691097668 -0.9997437780951419 0 0 0 1 0 0 0 0 0 0
-0.5276203751564026 3.0348880290985107 -23.05565643310547 0.5862314157206384 -0.8101436460419696 0 0 0 1 0 0 0 0 0 0
-0.7414074540138245 2.7492549419403076 -22.6658935546875 0.9425418775646918 -0.3340880258806438 0 0 0 1 0 0 0 0 0 0
-0.7552319169044495 2.392744779586792 -22.27613067626953 0.9655830959344304 0.2600947612807311 0 0 0 1 0 0 0 0 0 0
-0.5642052292823792 2.091414213180542 -21.886367797851562 0.6472060853188176 0.7623150812664611 0 0 0 1 0 0 0 0 0 0
-0.2358723133802414 1.9518076181411743 -21.496604919433594 0.09998356103707197 0.9949890891473866 0 0 0 1 0 0 0 0 0 0
0.17476649582386017 2.0619304180145264 -21.106842041015625 -0.584413482139049 0.8114560258535959 0 0 0 1 0 0 0 0 0 0
0.38925930857658386 2.347273588180542 -20.717079162597656 -0.9419028702269046 0.3358853719028548 0 0 0 1 0 0 0 0 0 0
0.4037112891674042 2.703951597213745 -20.327316284179688 -0.9659896276846063 -0.2585808175517965 0 0 0 1 0 0 0 0 0 0
0.21300692856311798 3.005709409713745 -19.93755340576172 -0.6481494959568377 -0.7615131193163367 0 0 0 1 0 0 0 0 0 0
-0.11535267531871796 3.1457431316375732 -19.54779052734375 -0.10088108015850583 -0.9948984911366852 0 0 0 1 0 0 0 0 0 0
-0.4651356041431427 3.074476957321167 -19.15802764892578 0.48208757452586914 -0.8761230338758161 0 0 0 1 0 0 0 0 0 0
-0.7125340104103088 2.8171374797821045 -18.768264770507812 0.894419354589259 -0.44722926797799506 0 0 0 1 0 0 0 0 0 0
-0.7699757218360901 2.4648196697235107 -18.378501892089844 0.9901547719326915 0.1399768824446368 0 0 0 1 0 0 0 0 0 0
-0.6351986527442932 2.1627604961395264 -17.988739013671875 0.7655259508744179 0.643405019049291 0 0 0 1 0 0 0 0 0 0
-0.3441334068775177 1.9728761911392212 -17.598976135253906 0.2804190418537925 0.9598776802102449 0 0 0 1 0 0 0 0 0 0
0.003375965403392911 1.9762064218521118 -17.209213256835938 -0.2987642175418582 0.9543269577647909 0 0 0 1 0 0 0 0 0 0
0.29074665904045105 2.17163348197937 -16.81945037841797 -0.7777152324037517 0.6286167491303254 0 0 0 1 0 0 0 0 0 0
0.4215717017650604 2.49359393119812 -16.4296875 -0.9957577958479211 0.09201310780584446 0 0 0 1 0 0 0 0 0 0
0.3519611060619354 2.8340747356414795 -16.03992462158203 -0.8797430508805317 -0.47544943414354224 0 0 0 1 0 0 0 0 0 0
0.1052665263414383 3.0788562297821045 -15.650162696838379 -0.4685767886810157 -0.8834227714460312 0 0 0 1 0 0 0 0 0 0
-0.23574833571910858 3.145807981491089 -15.26039981842041 0.09977698770520453 -0.9950098254411739 0 0 0 1 0 0 0 0 0 0
-0.556678831577301 3.012476682662964 -14.870636940002441 0.6346600371163319 -0.772791457825134 0 0 0 1 0 0 0 0 0 0
-0.7498589158058167 2.7235896587371826 -14.480874061584473 0.9566293764837496 -0.29130780293070146 0 0 0 1 0 0 0 0 0 0
-0.7504788041114807 2.376063108444214 -14.091111183166504 0.9576613910515057 0.28789696088929984 0 0 0 1 0 0 0 0 0 0
-0.5583305954933167 2.08648943901062 -13.701348304748535 0.6374125304000953 0.7705227226298699 0 0 0 1 0 0 0 0 0 0
-0.23787884414196014 1.952013611793518 -13.311585426330566 0.10332763800847859 0.9946473743109108 0 0 0 1 0 0 0 0 0 0
0.1033744364976883 2.0177485942840576 -12.921822547912598 -0.4654259392324212 0.8850868291244754 0 0 0 1 0 0 0 0 0 0
0.3509387671947479 2.2616450786590576 -12.532059669494629 -0.8780331823236036 0.478599760487493 0 0 0 1 0 0 0 0 0 0
0.4217662513256073 2.6018779277801514 -12.14229679107666 -0.996080069689642 -0.08845617427335373 0 0 0 1 0 0 0 0 0 0
0.29209133982658386 2.9243037700653076 -11.752533912658691 -0.7799550871173646 -0.6258354912273227 0 0 0 1 0 0 0 0 0 0
0.005418736021965742 3.1207568645477295 -11.362771034240723 -0.30216753242655686 -0.9532548359946807 0 0 0 1 0 0 0 0 0 0
-0.3420772850513458 3.1253268718719482 -10.973008155822754 0.276990500008949 -0.9608726569659439 0 0 0 1 0 0 0 0 0 0
-0.633817732334137 2.9364840984344482 -10.583245277404785 0.7632205365628993 -0.6461380754673417 0 0 0 1 0 0 0 0 0 0
-0.7719269394874573 2.617579221725464 -10.193482398986816 0.9934080770918264 -0.11463155049426768 0 0 0 1 0 0 0 0 0 0
-0.7100735306739807 2.2756030559539795 -9.803719520568848 0.8903219130974118 0.4553316275623344 0 0 0 1 0 0 0 0 0 0
-0.4690075218677521 2.0252788066864014 -9.413956642150879 0.48853811308703077 0.8725425560173918 0 0 0 1 0 0 0 0 0 0
-0.12960438430309296 1.95059072971344 -9.02419376373291 -0.07713017416933782 0.9970210309881169 0 0 0 1 0 0 0 0 0 0
0.19427485764026642 2.0765902996063232 -8.634430885314941 -0.6169282417943531 0.7870194054002279 0 0 0 1 0 0 0 0 0 0
0.39397236704826355 2.3610103130340576 -8.244668006896973 -0.9497582213479961 0.3129845379278195 0 0 0 1 0 0 0 0 0 0
0.3732585608959198 2.790552854537964 -7.854904651641846 -0.9152387542131702 -0.4029119293174677 0 0 0 1 0 0 0 0 0 0
0.14525599777698517 3.055628538131714 -7.465145587921143 -0.535229031776348 -0.8447069808778385 0 0 0 1 0 0 0 0 0 0
-0.19180111587047577 3.148592710494995 -7.075382709503174 0.026534459602920227 -0.9996478992393177 0 0 0 1 0 0 0 0 0 0
-0.5234509110450745 3.0378787517547607 -6.685619831085205 0.5792858652390527 -0.8151244606403627 0 0 0 1 0 0 0 0 0 0
-0.7370739579200745 2.7610881328582764 -6.295856952667236 0.9353164756818334 -0.35381222465894885 0 0 0 1 0 0 0 0 0 0
-0.7601261734962463 2.4122073650360107 -5.906094074249268 0.973740940371739 0.22765891382496176 0 0 0 1 0 0 0 0 0 0
-0.5847817063331604 2.109713315963745 -5.516331195831299 0.681501778509034 0.7318164564212967 0 0 0 1 0 0 0 0 0 0
-0.2705822288990021 1.9563242197036743 -5.12656831741333 0.15783440106174196 0.9874655952697698 0 0 0 1 0 0 0 0 0 0
0.07577510178089142 2.0041301250457764 -4.736805438995361 -0.41943203192868667 0.9077867429039559 0 0 0 1 0 0 0 0 0 0
0.33667370676994324 2.2368953227996826 -4.347042560577393 -0.8542607390307035 0.5198447746690507 0 0 0 1 0 0 0 0 0 0
0.4235210120677948 2.5755794048309326 -3.957279920578003 -0.9990035057247206 -0.04463177735333987 0 0 0 1 0 0 0 0 0 0
0.306819885969162 2.9051692485809326 -3.567517042160034 -0.8045030554555963 -0.5939485110366132 0 0 0 1 0 0 0 0 0 0
0.026205021888017654 3.1137454509735107 -3.1777541637420654 -0.33681114702704457 -0.9415722230600936 0 0 0 1 0 0 0 0 0 0
-0.32303622364997864 3.130476713180542 -2.7879912853240967 0.24525638990059637 -0.9694582524342793 0 0 0 1 0 0 0 0 0 0
-0.6223049759864807 2.9496829509735107 -2.398228406906128 0.7440410103762395 -0.6681339498022119 0 0 0 1 0 0 0 0 0 0
-0.7699795365333557 2.6327579021453857 -2.008465528488159 0.9901626554747647 -0.13992110528137783 0 0 0 1 0 0 0 0 0 0
-0.7159081101417542 2.287325620651245 -1.6187025308609009 0.9000454319790404 0.43579607659278286 0 0 0 1 0 0 0 0 0 0
-0.4784565269947052 2.0306804180145264 -1.2289396524429321 0.5042909191457507 0.8635338261279252 0 0 0 1 0 0 0 0 0 0
-0.13825611770153046 1.9499841928482056 -0.8391767740249634 -0.06270725757986027 0.9980319633392575 0 0 0 1 0 0 0 0 0 0
0.18916888535022736 2.0726306438446045 -0.449413925409317 -0.608416226488071 0.79361810422017 0 0 0 1 0 0 0 0 0 0
0.39397236704826355 2.3610103130340576 -0.05965103581547737 -0.9497582213479961 0.3129845379278195 0 0 0 1 0 0 0 0 0 0
0.4003238379955292 2.7160937786102295 0.3301118314266205 -0.9603432744413954 -0.27882036373833685 0 0 0 1 0 0 0 0 0 0
0.20480914413928986 3.0125644207000732 0.7198747396469116 -0.634484569700619 -0.7729355282375242 0 0 0 1 0 0 0 0 0 0
-0.12407879531383514 3.1465632915496826 1.1096376180648804 -0.08633573175853812 -0.9962660997051529 0 0 0 1 0 0 0 0 0 0
-0.4711132347583771 3.0711429119110107 1.4994004964828491 0.4920494928994746 -0.870567226891393 0 0 0 1 0 0 0 0 0 0
-0.7147179245948792 2.8127238750457764 1.8891633749008179 0.8980615490760242 -0.43986981491251703 0 0 0 1 0 0 0 0 0 0
-0.7695484757423401 2.461848020553589 2.278926134109497 0.9894426699780839 0.14492481784235692 0 0 0 1 0 0 0 0 0 0
-0.616392195224762 2.141432523727417 2.668689012527466 0.7341846254065268 0.6789498772491808 0 0 0 1 0 0 0 0 0 0
-0.2358723133802414 1.9518076181411743 3.0584518909454346 0.09998356103707197 0.9949890891473866 0 0 0 1 0 0 0 0 0 0
0.11819453537464142 2.025812864303589 3.4482147693634033 -0.49012858636770823 0.8716501412982116 0 0 0 1 0 0 0 0 0 0
0.3653812110424042 2.2898929119110107 3.837977647781372 -0.9021084035796324 0.43150947636292647 0 0 0 1 0 0 0 0 0 0
0.4158496558666229 2.6480700969696045 4.22774076461792 -0.9862190107372045 -0.16544504483522496 0 0 0 1 0 0 0 0 0 0
0.25125691294670105 2.9701716899871826 4.617503643035889 -0.7118953085950652 -0.7022856040104603 0 0 0 1 0 0 0 0 0 0
-0.0685749500989914 3.1391284465789795 5.007266521453857 -0.17884742576582296 -0.9838768206929862 0 0 0 1 0 0 0 0 0 0
-0.42740824818611145 3.0935351848602295 5.397029399871826 0.4192132770086784 -0.9078877840237995 0 0 0 1 0 0 0 0 0 0
-0.6948242783546448 2.8499629497528076 5.786792278289795 0.864904774969517 -0.5019359822078199 0 0 0 1 0 0 0 0 0 0
-0.7736359238624573 2.4969356060028076 6.176555156707764 0.996256401850085 0.08644756660960623 0 0 0 1 0 0 0 0 0 0
-0.6351986527442932 2.1627604961395264 6.566318035125732 0.7655259508744179 0.643405019049291 0 0 0 1 0 0 0 0 0 0
-0.3890533745288849 1.9879480600357056 6.956080913543701 0.35528803581473795 0.9347568729926009 0 0 0 1 0 0 0 0 0 0
-0.032045405358076096 1.9662996530532837 7.34584379196167 -0.23972565224393824 0.9708406726421274 0 0 0 1 0 0 0 0 0 0
0.2738513648509979 2.151636838912964 7.735606670379639 -0.7495558898477084 0.6619410608163013 0 0 0 1 0 0 0 0 0 0
0.4199390113353729 2.4781062602996826 8.12536907196045 -0.9930339351225241 0.11782870488583999 0 0 0 1 0 0 0 0 0 0
0.354305237531662 2.829695463180542 8.515131950378418 -0.8836471975870664 -0.4681534259156116 0 0 0 1 0 0 0 0 0 0
0.10027308762073517 3.0814731121063232 8.904894828796387 -0.46026131704754697 -0.8877834871350433 0 0 0 1 0 0 0 0 0 0
-0.25188830494880676 3.1439692974090576 9.294657707214355 0.1266758851720459 -0.9919441617933333 0 0 0 1 0 0 0 0 0 0
-0.5770416855812073 2.9949748516082764 9.684420585632324 0.6686008334219252 -0.7436214934679517 0 0 0 1 0 0 0 0 0 0
-0.7596455216407776 2.68744158744812 10.074183464050293 0.9729372805836896 -0.23106935766218537 0 0 0 1 0 0 0 0 0 0
-0.7348137497901917 2.3306376934051514 10.463946342468262 0.9315524207775099 0.36360705073411487 0 0 0 1 0 0 0 0 0 0
-0.5113697648048401 2.0513598918914795 10.85370922088623 0.5591456741895335 0.8290694271501826 0 0 0 1 0 0 0 0 0 0
-0.16871266067028046 1.9488435983657837 11.2434720993042 -0.0119489199790802 0.9999286091073369 0 0 0 1 0 0 0 0 0 0
0.17139621078968048 2.0595195293426514 11.633234977722168 -0.5787971834731361 0.8154715325525254 0 0 0 1 0 0 0 0 0 0
0.3881034553050995 2.34405779838562 12.022997856140137 -0.9399773939961157 0.3412367195602947 0 0 0 1 0 0 0 0 0 0
0.4173431098461151 2.6387126445770264 12.412760734558105 -0.9887086807076111 -0.14985040771854746 0 0 0 1 0 0 0 0 0 0
0.2659148871898651 2.95477557182312 12.802523612976074 -0.7363264795172785 -0.6766264224531076 0 0 0 1 0 0 0 0 0 0
-0.03624538704752922 3.13232684135437 13.192286491394043 -0.23272641566419147 -0.9725422435308905 0 0 0 1 0 0 0 0 0 0
-0.3860473930835724 3.1107890605926514 13.582049369812012 0.35027982169406074 -0.936645101686854 0 0 0 1 0 0 0 0 0 0
-0.6641445755958557 2.8975131511688232 13.97181224822998 0.8137732986556053 -0.5811824312513028 0 0 0 1 0 0 0 0 0 0
-0.7756558060646057 2.5652644634246826 14.36157512664795 0.9996236682117138 -0.02743213354730707 0 0 0 1 0 0 0 0 0 0
-0.6825371384620667 2.2273967266082764 14.751338005065918 0.8444261668556927 0.5356719599992161 0 0 0 1 0 0 0 0 0 0
-0.4165554344654083 1.9991861581802368 15.141100883483887 0.40111826612198953 0.9160262750507153 0 0 0 1 0 0 0 0 0 0
-0.06846050918102264 1.9584985971450806 15.530863761901855 -0.17903989331606826 0.9838418148266369 0 0 0 1 0 0 0 0 0 0
0.24298281967639923 2.1192080974578857 15.920626640319824 -0.6981109159193017 0.7159896291667316 0 0 0 1 0 0 0 0 0 0
0.41151806712150574 2.426485776901245 16.31039047241211 -0.9789997855320933 0.2038612761858296 0 0 0 1 0 0 0 0 0 0
0.37964245676994324 2.7755000591278076 16.700153350830078 -0.9258729633228212 -0.3778349583982637 0 0 0 1 0 0 0 0 0 0
0.15823359787464142 3.0471675395965576 17.089916229248047 -0.5568615576348357 -0.8306053248255182 0 0 0 1 0 0 0 0 0 0
-0.17716984450817108 3.1488025188446045 17.479679107666016 0.0021485662128515304 -0.9999976918289507 0 0 0 1 0 0 0 0 0 0
-0.5121346116065979 3.0457255840301514 17.869441986083984 0.5604208078818055 -0.8282080161970812 0 0 0 1 0 0 0 0 0 0
-0.7323761582374573 2.7731120586395264 18.259204864501953 0.9274892085693174 -0.37384992709302645 0 0 0 1 0 0 0 0 0 0
-0.7627525925636292 2.4239680767059326 18.648967742919922 0.9781164758049691 0.20805806823785325 0 0 0 1 0 0 0 0 0 0
-0.5928993821144104 2.1174113750457764 19.03873062133789 0.6950256220925332 0.7189849682955041 0 0 0 1 0 0 0 0 0 0
-0.2807674705982208 1.9580408334732056 19.42849349975586 0.17480761247939852 0.9846026094924046 0 0 0 1 0 0 0 0 0 0
0.06714816391468048 2.000227689743042 19.818256378173828 -0.40504876564387143 0.9142950822630384 0 0 0 1 0 0 0 0 0 0
0.3321475684642792 2.2295749187469482 20.208019256591797 -0.8467143977757202 0.5320476751187805 0 0 0 1 0 0 0 0 0 0
0.42381665110588074 2.5678393840789795 20.597782135009766 -0.9994965035788255 -0.03172915589332491 0 0 0 1 0 0 0 0 0 0
0.310878723859787 2.8996074199676514 20.987545013427734 -0.8112703876350349 -0.58467115385189 0 0 0 1 0 0 0 0 0 0
0.03186793997883797 3.111689329147339 21.377307891845703 -0.34624968232433573 -0.9381423972352475 0 0 0 1 0 0 0 0 0 0
-0.3180237114429474 3.1317241191864014 21.767070770263672 0.23690318996761298 -0.9715332616967723 0 0 0 1 0 0 0 0 0 0
-0.6194191575050354 2.952875852584839 22.15683364868164 0.739229455601371 -0.6734536450055792 0 0 0 1 0 0 0 0 0 0
-0.7694874405860901 2.6361682415008545 22.54659652709961 0.9893421726967591 -0.14560928996343755 0 0 0 1 0 0 0 0 0 0
-0.7170296311378479 2.2896487712860107 22.936359405517578 0.9019101631784354 0.43192367098302015 0 0 0 1 0 0 0 0 0 0
-0.47994235157966614 2.0315539836883545 23.326122283935547 0.5067688139676899 0.8620819967902014 0 0 0 1 0 0 0 0 0 0
-0.13911442458629608 1.9499307870864868 23.715885162353516 -0.061282271120026405 0.9981204753166683 0 0 0 1 0 0 0 0 0 0
0.18916888535022736 2.0726306438446045 24.105648040771484 -0.608416226488071 0.79361810422017 0 0 0 1 0 0 0 0 0 0
0.39397236704826355 2.3610103130340576 24.495410919189453 -0.9497582213479961 0.3129845379278195 0 0 0 1 0 0 0 0 0 0
0.4002551734447479 2.7163302898406982 24.885173797607422 -0.9602288872764986 -0.27921404699573604 0 0 0 1 0 0 0 0 0 0
0.20442195236682892 3.01288104057312 25.27493667602539 -0.6338403191316662 -0.7734639292449699 0 0 0 1 0 0 0 0 0 0
-0.12482456862926483 3.1466243267059326 25.66469955444336 -0.08509643481112789 -0.9963727198104309 0 0 0 1 0 0 0 0 0 0
-0.4719829857349396 3.070650815963745 26.054462432861328 0.4935008169440873 -0.8697453326552079 0 0 0 1 0 0 0 0 0 0
-0.7152653336524963 2.8116023540496826 26.444225311279297 0.8989766892239133 -0.4379964751365146 0 0 0 1 0 0 0 0 0 0
-0.7693291306495667 2.4603641033172607 26.833988189697266 0.9890763495864915 0.14740412032457006 0 0 0 1 0 0 0 0 0 0
-0.616392195224762 2.141432523727417 27.223751068115234 0.7341846254065268 0.6789498772491808 0 0 0 1 0 0 0 0 0 0
-0.29560473561286926 1.9608675241470337 27.613513946533203 0.1995357453336683 0.9798905481400142 0 0 0 1 0 0 0 0 0 0
0.0702495127916336 2.0016086101531982 28.003276824951172 -0.41021772050637695 0.9119876215073053 0 0 0 1 0 0 0 0 0 0
0.3434562385082245 2.248324155807495 28.39303970336914 -0.8655675998051835 0.5007921027407417 0 0 0 1 0 0 0 0 0 0
0.42117688059806824 2.608137845993042 28.78280258178711 -0.9950983212872122 -0.0988904999045514 0 0 0 1 0 0 0 0 0 0
0.2741565406322479 2.94562029838562 29.172565460205078 -0.750063256530666 -0.6613660946878156 0 0 0 1 0 0 0 0 0 0
-0.04226307198405266 3.1337344646453857 29.562328338623047 -0.22269899148032726 -0.9748872546062161 0 0 0 1 0 0 0 0 0 0
-0.40897753834724426 3.1016719341278076 29.952091217041016 0.38849333689633775 -0.9214515327390523 0 0 0 1 0 0 0 0 0 0
-0.6879540085792542 2.8615024089813232 30.341854095458984 0.8534550098755033 -0.5211665243647224 0 0 0 1 0 0 0 0 0 0
-0.7741795182228088 2.5036303997039795 30.731616973876953 0.9971621189566621 0.07528418504479845 0 0 0 1 0 0 0 0 0 0
-0.6351986527442932 2.1627604961395264 31.121379852294922 0.7655259508744179 0.643405019049291 0 0 0 1 0 0 0 0 0 0
-0.3890533745288849 1.9879480600357056 31.51114273071289 0.35528803581473795 0.9347568729926009 0 0 0 1 0 0 0 0 0 0
-0.03784946724772453 1.9648958444595337 31.90090560913086 -0.2300550421306367 0.9731776187265462 0 0 0 1 0 0 0 0 0 0
0.26585766673088074 2.14276385307312 32.29066848754883 -0.7362350711818993 0.6767258824382171 0 0 0 1 0 0 0 0 0 0
0.41756245493888855 2.4603488445281982 32.6804313659668 -0.9890729549521216 0.14742689640048282 0 0 0 1 0 0 0 0 0 0
0.3650645911693573 2.8083713054656982 33.070194244384766 -0.9015804821668016 -0.43261141244294227 0 0 0 1 0 0 0 0 0 0
0.1264304667711258 3.0670764446258545 33.459957122802734 -0.5038521821635057 -0.8637898925833026 0 0 0 1 0 0 0 0 0 0
-0.21623043715953827 3.147444486618042 33.8497200012207 0.06724542042910235 -0.9977364649201277 0 0 0 1 0 0 0 0 0 0
-0.5450058579444885 3.021822690963745 34.23948287963867 0.6152063704734818 -0.7883661089423143 0 0 0 1 0 0 0 0 0 0
-0.7467690110206604 2.7334353923797607 34.62924575805664 0.9514765596359425 -0.3077212317396231 0 0 0 1 0 0 0 0 0 0
-0.7520905137062073 2.3815181255340576 35.01900863647461 0.9603467181000713 0.27880850244284533 0 0 0 1 0 0 0 0 0 0
-0.5591393113136292 2.08716082572937 35.40877151489258 0.6387619441877617 0.7694044311397426 0 0 0 1 0 0 0 0 0 0
-0.23431210219860077 1.9516550302505493 35.79853439331055 0.09738170587092293 0.995247106683395 0 0 0 1 0 0 0 0 0 0
0.11062045395374298 2.0216243267059326 36.188297271728516 -0.47750615685952114 0.8786284027740342 0 0 0 1 0 0 0 0 0 0
0.35696980357170105 2.2729976177215576 36.578060150146484 -0.8880893415301587 0.4596708838511842 0 0 0 1 0 0 0 0 0 0
0.4199657142162323 2.6192691326141357 36.96782302856445 -0.9930803508906033 -0.11743686250490556 0 0 0 1 0 0 0 0 0 0
0.27793118357658386 2.941298246383667 37.35758590698242 -0.7563528341164862 -0.6541638864412794 0 0 0 1 0 0 0 0 0 0
-0.020257990807294846 3.128268003463745 37.74734878540039 -0.2593706969538781 -0.9657778427576704 0 0 0 1 0 0 0 0 0 0
-0.3719959557056427 3.11584734916687 38.13711166381836 0.32685583530242834 -0.9450742102759717 0 0 0 1 0 0 0 0 0 0
-0.6562538743019104 2.9083049297332764 38.52687454223633 0.8006236405468652 -0.5991675777255343 0 0 0 1 0 0 0 0 0 0
-0.7752171158790588 2.5770633220672607 38.9166374206543 0.9988901770064703 -0.04710004543503695 0 0 0 1 0 0 0 0 0 0
-0.6879501938819885 2.2360942363739014 39.306400299072266 0.8534484956610462 0.5211771918013082 0 0 0 1 0 0 0 0 0 0
-0.4244823753833771 2.0027263164520264 39.696163177490234 0.4143303519534536 0.9101265623253324 0 0 0 1 0 0 0 0 0 0
-0.0754719227552414 1.957262635231018 40.0859260559082 -0.1673529137447198 0.9858970545960427 0 0 0 1 0 0 0 0 0 0
0.23898692429065704 2.1153476238250732 40.47568893432617 -0.6914483087512557 0.7224259382975035 0 0 0 1 0 0 0 0 0 0
0.4106902778148651 2.422579526901245 40.86545181274414 -0.9776217718351019 0.21037031928006403 0 0 0 1 0 0 0 0 0 0
0.38055798411369324 2.7732455730438232 41.25521469116211 -0.9274027164248632 -0.3740644350480076 0 0 0 1 0 0 0 0 0 0
0.15895457565784454 3.0466830730438232 41.64497756958008 -0.5580628545971908 -0.8297986805959833 0 0 0 1 0 0 0 0 0 0
-0.17786411941051483 3.148798704147339 42.03474044799805 0.0033042185658903843 -0.9999945410549343 0 0 0 1 0 0 0 0 0 0
-0.5140019059181213 3.044459104537964 42.424503326416016 0.5635314806237232 -0.8260945892245234 0 0 0 1 0 0 0 0 0 0
-0.733793318271637 2.769564390182495 42.814266204833984 0.9298506927486996 -0.3679370723299888 0 0 0 1 0 0 0 0 0 0
-0.7616081833839417 2.4187076091766357 43.20402908325195 0.9762113455886773 0.21682114459605667 0 0 0 1 0 0 0 0 0 0
-0.5878773331642151 2.11261248588562 43.59379196166992 0.6866575122150405 0.7269810595322629 0 0 0 1 0 0 0 0 0 0
-0.27237895131111145 1.9566141366958618 43.98355484008789 0.16082992160523307 0.9869821357635886 0 0 0 1 0 0 0 0 0 0
0.0763225108385086 2.0043818950653076 44.37331771850586 -0.4203387987853899 0.9073672322911245 0 0 0 1 0 0 0 0 0 0
0.3382415473461151 2.239485502243042 44.76308059692383 -0.8568745702490755 0.5155249468846899 0 0 0 1 0 0 0 0 0 0
0.42325207591056824 2.5810229778289795 45.1528434753418 -0.9985572542448818 -0.05369739281308042 0 0 0 1 0 0 0 0 0 0
0.3021030128002167 2.9114749431610107 45.542606353759766 -0.7966432177607532 -0.6044498189227895 0 0 0 1 0 0 0 0 0 0
0.07044978439807892 3.0959041118621826 45.932369232177734 -0.4105517416650817 -0.9118373031499468 0 0 0 1 0 0 0 0 0 0
-0.28730204701423645 3.1383655071258545 46.3221321105957 0.18570411048230856 -0.9826057110306121 0 0 0 1 0 0 0 0 0 0
-0.6048832535743713 2.968275785446167 46.71189498901367 0.7150029728922732 -0.6991214120274183 0 0 0 1 0 0 0 0 0 0
-0.767799437046051 2.6469523906707764 47.10165786743164 0.98652958936315 -0.16358291264974636 0 0 0 1 0 0 0 0 0 0
-0.717313826084137 2.290247678756714 47.49142074584961 0.9023865189247728 0.43092756985696656 0 0 0 1 0 0 0 0 0 0
-0.47162821888923645 2.0267550945281982 47.88118362426758 0.4929112229619439 0.8700796091612312 0 0 0 1 0 0 0 0 0 0
-0.11931805312633514 1.951475739479065 48.27094650268555 -0.09427348816576951 0.995546337158175 0 0 0 1 0 0 0 0 0 0
0.2125987559556961 2.091547727584839 48.660709381103516 -0.6474699227790545 0.7620910044715691 0 0 0 1 0 0 0 0 0 0
0.4044589698314667 2.3964717388153076 49.050472259521484 -0.9672357381801634 0.253879945618149 0 0 0 1 0 0 0 0 0 0
0.38709065318107605 2.7563159465789795 49.44023513793945 -0.9382866963667141 -0.3458584615435015 0 0 0 1 0 0 0 0 0 0
0.16675753891468048 3.041346311569214 49.82999801635742 -0.5710623440809641 -0.8209066933414265 0 0 0 1 0 0 0 0 0 0
-0.17710690200328827 3.1488025188446045 50.21976089477539 0.00204197983325938 -0.9999979151570071 0 0 0 1 0 0 0 0 0 0
-0.5205288529396057 3.039942502975464 50.60952377319336 0.5744100471394356 -0.8185677111548386 0 0 0 1 0 0 0 0 0 0
-0.7396984696388245 2.7540156841278076 50.99928665161133 0.939692497622495 -0.3420204817141763 0 0 0 1 0 0 0 0 0 0
-0.7693291306495667 2.4603641033172607 51.3890495300293 0.9890763495864915 0.14740412032457006 0 0 0 1 0 0 0 0 0 0
-0.6168995499610901 2.141981840133667 51.778812408447266 0.7350275511106016 0.6780372402076099 0 0 0 1 0 0 0 0 0 0
-0.3118267357349396 1.9644075632095337 52.168575286865234 0.22657612554423343 0.9739934595947571 0 0 0 1 0 0 0 0 0 0
0.04029842093586922 1.9891000986099243 52.5583381652832 -0.36029732939218384 0.9328375177022311 0 0 0 1 0 0 0 0 0 0
0.31760022044181824 2.2075183391571045 52.94810104370117 -0.8224720121726861 0.5688055811897533 0 0 0 1 0 0 0 0 0 0
0.424098938703537 2.5440585613250732 53.33786392211914 -0.9999687162368681 0.007909901869812826 0 0 0 1 0 0 0 0 0 0
0.322933167219162 2.8822429180145264 53.72762680053711 -0.8313592152995702 -0.5557354182850712 0 0 0 1 0 0 0 0 0 0
0.04911990836262703 3.1050174236297607 54.11738967895508 -0.3750052335564069 -0.9270226937919616 0 0 0 1 0 0 0 0 0 0
-0.3025722801685333 3.1352756023406982 54.50715255737305 0.2111477795697145 -0.9774541499133241 0 0 0 1 0 0 0 0 0 0
-0.6104145646095276 2.9625422954559326 54.896915435791016 0.7242233492891152 -0.6895654721231741 0 0 0 1 0 0 0 0 0 0
-0.7678566575050354 2.64660906791687 55.286678314208984 0.9866243171453408 -0.16301060338974857 0 0 0 1 0 0 0 0 0 0
-0.720405638217926 2.2968242168426514 55.67644119262695 0.9075402598875509 0.419965089838711 0 0 0 1 0 0 0 0 0 0
-0.4844856560230255 2.0342509746551514 56.06620407104492 0.5143381762365049 0.8575874535379503 0 0 0 1 0 0 0 0 0 0
-0.14175228774547577 1.9497743844985962 56.45596694946289 -0.05688362037922381 0.9983808159878437 0 0 0 1 0 0 0 0 0 0
0.18916888535022736 2.0726306438446045 56.84572219848633 -0.608416226488071 0.79361810422017 0 0 0 1 0 0 0 0 0 0
0.39397236704826355 2.3610103130340576 57.23549270629883 -0.9497582213479961 0.3129845379278195 0 0 0 1 0 0 0 0 0 0
0.4007396399974823 2.7146518230438232 57.625247955322266 -0.9610398056041909 -0.276410007134798 0 0 0 1 0 0 0 0 0 0
0.2071189433336258 3.0106570720672607 58.015018463134766 -0.6383329460989918 -0.7697603847461767 0 0 0 1 0 0 0 0 0 0
-0.11960415542125702 3.1461589336395264 58.4047737121582 -0.09379669882498166 -0.9955913716427717 0 0 0 1 0 0 0 0 0 0
-0.465885192155838 3.074061155319214 58.7945442199707 0.48334114871003747 -0.8754320841525408 0 0 0 1 0 0 0 0 0 0
-0.7113838791847229 2.8194262981414795 59.18429946899414 0.8925026769307685 -0.4510420952321548 0 0 0 1 0 0 0 0 0 0
-0.7707825303077698 2.4707438945770264 59.57406997680664 0.9915004234786525 0.1301034597605017 0 0 0 1 0 0 0 0 0 0
-0.623441755771637 2.1491878032684326 59.96382522583008 0.7459330223161721 0.6660209652993376 0 0 0 1 0 0 0 0 0 0
-0.3205623924732208 1.9665056467056274 60.35359573364258 0.2411334472884927 0.9704919683329521 0 0 0 1 0 0 0 0 0 0
0.03259654715657234 1.9861856698989868 60.743350982666016 -0.34746151003782894 0.937694246032379 0 0 0 1 0 0 0 0 0 0
0.3133029639720917 2.201388120651245 61.133121490478516 -0.8153084450419875 0.5790268900864767 0 0 0 1 0 0 0 0 0 0
0.424007385969162 2.5373218059539795 61.52287673950195 -0.9998167974957087 0.019140831889564364 0 0 0 1 0 0 0 0 0 0
0.32623669505119324 2.8772494792938232 61.91264724731445 -0.8368654457603538 -0.5474086459787824 0 0 0 1 0 0 0 0 0 0
0.053968388587236404 3.10302996635437 62.30240249633789 -0.3830876517886898 -0.9237119957254143 0 0 0 1 0 0 0 0 0 0
-0.2981777489185333 3.1362063884735107 62.69217300415039 0.20382248622591806 -0.979007862128127 0 0 0 1 0 0 0 0 0 0
-0.6078243851661682 2.9652469158172607 63.08192825317383 0.7199027993050598 -0.6940748947719827 0 0 0 1 0 0 0 0 0 0
-0.7673607468605042 2.649561643600464 63.47169876098633 0.9857996427891875 -0.16792577013880347 0 0 0 1 0 0 0 0 0 0
-0.7213459610939026 2.298861265182495 63.861454010009766 0.9091066215340506 0.4165635013811753 0 0 0 1 0 0 0 0 0 0
-0.4857693016529083 2.0350215435028076 64.251220703125 0.5164817442608451 0.8562982003048207 0 0 0 1 0 0 0 0 0 0
-0.14249996840953827 1.9497324228286743 64.64097595214844 -0.055638398196727556 0.9984509845986944 0 0 0 1 0 0 0 0 0 0
0.18916888535022736 2.0726306438446045 65.03074645996094 -0.608416226488071 0.79361810422017 0 0 0 1 0 0 0 0 0 0
0.39397236704826355 2.3610103130340576 65.42050170898438 -0.9497582213479961 0.3129845379278195 0 0 0 1 0 0 0 0 0 0
0.4002551734447479 2.7163302898406982 65.81027221679688 -0.9602288872764986 -0.27921404699573604 0 0 0 1 0 0 0 0 0 0
0.20442195236682892 3.01288104057312 66.20002746582031 -0.6338403191316662 -0.7734639292449699 0 0 0 1 0 0 0 0 0 0
-0.12482456862926483 3.1466243267059326 66.58979797363281 -0.08509643481112789 -0.9963727198104309 0 0 0 1 0 0 0 0 0 0
-0.4719829857349396 3.070650815963745 66.97955322265625 0.4935008169440873 -0.8697453326552079 0 0 0 1 0 0 0 0 0 0
-0.7152653336524963 2.8116023540496826 67.36932373046875 0.8989766892239133 -0.4379964751365146 0 0 0 1 0 0 0 0 0 0
-0.7693291306495667 2.4603641033172607 67.75907897949219 0.9890763495864915 0.14740412032457006 0 0 0 1 0 0 0 0 0 0
-0.616392195224762 2.141432523727417 68.14884948730469 0.7341846254065268 0.6789498772491808 0 0 0 1 0 0 0 0 0 0
-0.301425963640213 1.962084412574768 68.53860473632812 0.20924163232381832 0.9778639676879725 0 0 0 1 0 0 0 0 0 0
0.059354741126298904 1.9968401193618774 68.92837524414062 -0.39206190053726325 0.9199388382643213 0 0 0 1 0 0 0 0 0 0
0.33429333567619324 2.233015775680542 69.31813049316406 -0.8502894243548489 0.5263153948254788 0 0 0 1 0 0 0 0 0 0
0.4230594336986542 2.584425687789917 69.70790100097656 -0.9982357613619188 -0.059374782005412206 0 0 0 1 0 0 0 0 0 0
0.29326245188713074 2.9228389263153076 70.09765625 -0.7819098040063693 -0.6233915770995958 0 0 0 1 0 0 0 0 0 0
-0.007734340149909258 3.12475848197937 70.4874267578125 -0.2802468699313678 -0.9599279618250898 0 0 0 1 0 0 0 0 0 0
-0.370090514421463 3.1165034770965576 70.87718200683594 0.3236818640265258 -0.9461659742879754 0 0 0 1 0 0 0 0 0 0
-0.6615753769874573 2.9010837078094482 71.26695251464844 0.8094879588851872 -0.5871364785293904 0 0 0 1 0 0 0 0 0 0
-0.7699757218360901 2.4648196697235107 71.65670776367188 0.9901547719326915 0.1399768824446368 0 0 0 1 0 0 0 0 0 0
-0.7614975571632385 -2.6817867755889893 -71.3862533569336 0.9760265538920408 0.21765147851008743 0 0 0 1 0 0 0 0 0 0
-0.5852413773536682 -2.9898617267608643 -70.99649047851562 0.682262530006196 0.7311072699334513 0 0 0 1 0 0 0 0 0 0
-0.2657356560230255 -3.1444294452667236 -70.60672760009766 0.14975631269754117 0.9887229373324139 0 0 0 1 0 0 0 0 0 0
0.08521266281604767 -3.0914089679718018 -70.21696472167969 -0.43515911069303237 0.9003535685389652 0 0 0 1 0 0 0 0 0 0
0.34479519724845886 -2.849351167678833 -69.82720184326172 -0.8677953890268709 0.4969216867713682 0 0 0 1 0 0 0 0 0 0
0.422176331281662 -2.502957582473755 -69.43743896484375 -0.9967626574629606 -0.08040027790609001 0 0 0 1 0 0 0 0 0 0
0.29027554392814636 -2.1734440326690674 -69.04767608642578 -0.7769270687690195 -0.6295906049282972 0 0 0 1 0 0 0 0 0 0
-0.004747432190924883 -1.9761213064193726 -68.65791320800781 -0.2852206932148425 -0.9584618699573002 0 0 0 1 0 0 0 0 0 0
-0.3596554100513458 -1.9800351858139038 -68.26815032958984 0.30628783043528984 -0.9519389502101714 0 0 0 1 0 0 0 0 0 0
-0.6502571702003479 -2.1838161945343018 -67.87838745117188 0.7906231687298253 -0.6123030336913334 0 0 0 1 0 0 0 0 0 0
-0.7748585343360901 -2.5161564350128174 -67.4886245727539 0.9982933557931687 -0.058398422745942945 0 0 0 1 0 0 0 0 0 0
-0.689857542514801 -2.8607609272003174 -67.09886169433594 0.8566255054528962 0.5159387012112683 0 0 0 1 0 0 0 0 0 0
-0.4250011742115021 -3.0970356464385986 -66.70909881591797 0.41520273019049686 0.9097289117326971 0 0 0 1 0 0 0 0 0 0
-0.0729694813489914 -3.1423046588897705 -66.3193359375 -0.1715213357450928 0.9851804055015606 0 0 0 1 0 0 0 0 0 0
0.24304957687854767 -2.9807255268096924 -65.92957305908203 -0.6982245054360618 0.7158788584729732 0 0 0 1 0 0 0 0 0 0
-2.749298095703125 -0.8000272512435913 -65.92957305908203 0.6084216508062205 -0.7936139457130486 0 0 0 -1 0 0 0 0 0 0
-2.3908348083496094 -0.6762326955795288 -66.34931182861328 0.01097842366794814 -0.9999397352909659 0 0 0 -1 0 0 0 0 0 0
-2.0297393798828125 -0.7921270132064819 -66.76905822753906 -0.5908452797465903 -0.806784887935547 0 0 0 -1 0 0 0 0 0 0
-1.8102703094482422 -1.1014074087142944 -67.18880462646484 -0.9566262423710734 -0.29131809488426963 0 0 0 -1 0 0 0 0 0 0
-1.8201065063476562 -1.4805158376693726 -67.60855102539062 -0.940233893976377 0.3405293300407749 0 0 0 -1 0 0 0 0 0 0
-2.055316925048828 -1.7780011892318726 -68.02828979492188 -0.5482157269341836 0.8363369636348883 0 0 0 -1 0 0 0 0 0 0
-2.42193603515625 -1.875012755393982 -68.44803619384766 0.06281344712253133 0.9980252856819735 0 0 0 -1 0 0 0 0 0 0
-2.773496627807617 -1.7327970266342163 -68.86778259277344 0.6487521247623167 0.7609997901552795 0 0 0 -1 0 0 0 0 0 0
-2.969552993774414 -1.4081701040267944 -69.28752899169922 0.9755107819916713 0.21995161790266055 0 0 0 -1 0 0 0 0 0 0
-2.9317779541015625 -1.0308202505111694 -69.707275390625 0.9125533648339017 -0.4089576461326086 0 0 0 -1 0 0 0 0 0 0
-2.675262451171875 -0.7514966726303101 -70.12701416015625 0.4850236140497265 -0.8745010542098516 0 0 0 -1 0 0 0 0 0 0
-2.3024864196777344 -0.6817945241928101 -70.54676055908203 -0.13626816714968223 -0.9906719874013126 0 0 0 -1 0 0 0 0 0 0
-1.9623737335205078 -0.8495534658432007 -70.96650695800781 -0.7031210361805974 -0.7110701853406054 0 0 0 -1 0 0 0 0 0 0
-1.7908000946044922 -1.1877607107162476 -71.3862533569336 -0.9890779833848764 -0.14739315717938326 0 0 0 -1 0 0 0 0 0 0
0.4122180640697479 -2.6700985431671143 -32.79972839355469 -0.980166839185572 0.1981740834745166 0 0 0 1 0 0 0 0 0 0
0.37053295969963074 -2.3033459186553955 -32.40996551513672 -0.9106916495980514 -0.41308681817794685 0 0 0 1 0 0 0 0 0 0
0.1220531016588211 -2.0303966999053955 -32.02020263671875 -0.4965617678846325 -0.8680013886367283 0 0 0 1 0 0 0 0 0 0
-0.2391834706068039 -1.9545453786849976 -31.63043975830078 0.10550389616482826 -0.9944188895500934 0 0 0 1 0 0 0 0 0 0
-0.5764637589454651 -2.1045048236846924 -31.240676879882812 0.667640289609428 -0.7444840117089412 0 0 0 1 0 0 0 0 0 0
-0.7621403336524963 -2.4235165119171143 -30.850914001464844 0.9770949331980571 -0.21280388041265663 0 0 0 1 0 0 0 0 0 0
-0.7259426712989807 -2.7908527851104736 -30.461151123046875 0.9167633548513259 0.39943078399360005 0 0 0 1 0 0 0 0 0 0
-0.481571227312088 -3.0674870014190674 -30.071388244628906 0.5094802015744163 0.8604823787874406 0 0 0 1 0 0 0 0 0 0
-0.1215095967054367 -3.148728609085083 -29.681625366210938 -0.09062173295513831 0.9958853857328199 0 0 0 1 0 0 0 0 0 0
0.21797557175159454 -3.003831148147583 -29.29186248779297 -0.6564289479994033 0.7543878553028255 0 0 0 1 0 0 0 0 0 0
0.4084014594554901 -2.6876308917999268 -28.902099609375 -0.9738040819481995 0.2273886760175719 0 0 0 1 0 0 0 0 0 0
-2.948232650756836 -1.0714505910873413 -28.902099609375 0.9399737900733004 -0.34124664683368666 0 0 0 -1 0 0 0 0 0 0
-2.6864013671875 -0.7578328847885132 -29.335166931152344 0.5035919593219701 -0.8639416291082743 0 0 0 -1 0 0 0 0 0 0
-2.2844772338867188 -0.6845525503158569 -29.768238067626953 -0.16628178036700936 -0.9860782775814392 0 0 0 -1 0 0 0 0 0 0
-1.9288101196289062 -0.8855870962142944 -30.201309204101562 -0.759065702183849 -0.6510140242484336 0 0 0 -1 0 0 0 0 0 0
-1.7843074798583984 -1.2677282094955444 -30.634376525878906 -0.9999003869964883 -0.014114392805673052 0 0 0 -1 0 0 0 0 0 0
-1.9179630279541016 -1.6537946462631226 -31.067447662353516 -0.7771410006628713 0.6293265170709965 0 0 0 -1 0 0 0 0 0 0
-2.267812728881836 -1.8647931814193726 -31.500518798828125 -0.19405516918337903 0.9809906173420875 0 0 0 -1 0 0 0 0 0 0
-2.6716442108154297 -1.80288827419281 -31.93358612060547 0.47899637219594204 0.8778168803475624 0 0 0 -1 0 0 0 0 0 0
-2.9422264099121094 -1.4967855215072632 -32.36665725708008 0.9299656267332668 0.36764647841996556 0 0 0 -1 0 0 0 0 0 0
-2.9541015625 -1.0884069204330444 -32.79972839355469 0.9497582170547402 -0.3129845509557953 0 0 0 -1 0 0 0 0 0 0
-2.194561004638672 1.8430277109146118 58.015018463134766 -0.3161452994525382 -0.9487107829228382 0 0 0 1 0 0 0 0 0 0
-2.5680789947509766 1.8449465036392212 58.44375991821289 0.3063890452512644 -0.9519063782484172 0 0 0 1 0 0 0 0 0 0
-2.8703536987304688 1.6255136728286743 58.872501373291016 0.8101784959847094 -0.5861832517600227 0 0 0 1 0 0 0 0 0 0
-2.984233856201172 1.269774079322815 59.30124282836914 0.9999774918846371 0.006709375836132856 0 0 0 1 0 0 0 0 0 0
-2.8655853271484375 0.9155946969985962 59.7299690246582 0.802232096567394 0.5970122806417667 0 0 0 1 0 0 0 0 0 0
-2.560392379760742 0.7002397775650024 60.15871047973633 0.2935733415060506 0.9559365528930108 0 0 0 1 0 0 0 0 0 0
-2.186931610107422 0.7071748971939087 60.58745193481445 -0.3288587254743894 0.9443791286762752 0 0 0 1 0 0 0 0 0 0
-1.8899421691894531 0.9337106943130493 61.01619338989258 -0.8238415247981649 0.566820202549481 0 0 0 1 0 0 0 0 0 0
-1.784524917602539 1.2920480966567993 61.4449348449707 -0.9995376469092904 -0.030405466795276295 0 0 0 1 0 0 0 0 0 0
-1.9115314483642578 1.6433168649673462 61.87367630004883 -0.7878564576066628 -0.6158589142063958 0 0 0 1 0 0 0 0 0 0
-2.221742630004883 1.851378083229065 62.30240249633789 -0.27083720129697086 -0.9626251660919863 0 0 0 1 0 0 0 0 0 0
-2.6305789947509766 -1.8233007192611694 62.30240249633789 0.41055640594886594 0.9118352030571917 0 0 0 -1 0 0 0 0 0 0
-2.905111312866211 -1.5740216970443726 61.87367630004883 0.868109854925864 0.49637211825463695 0 0 0 -1 0 0 0 0 0 0
-2.980691909790039 -1.2109884023666382 61.4449348449707 0.9940762193722855 -0.1086851879443723 0 0 0 -1 0 0 0 0 0 0
-2.828451156616211 -0.8728574514389038 61.01619338989258 0.7403354261315114 -0.6722376490607124 0 0 0 -1 0 0 0 0 0 0
-2.506540298461914 -0.6887944936752319 60.58745193481445 0.20382252823210997 -0.9790078533827349 0 0 0 -1 0 0 0 0 0 0
-2.1379165649414062 -0.7290929555892944 60.15871047973633 -0.41054754153237116 -0.911839194234228 0 0 0 -1 0 0 0 0 0 0
-1.863382339477539 -0.9783719778060913 59.7299690246582 -0.868109854925864 -0.49637211825463695 0 0 0 -1 0 0 0 0 0 0
-1.787801742553711 -1.3414052724838257 59.30124282836914 -0.9940774315030771 0.10867410076115173 0 0 0 -1 0 0 0 0 0 0
-1.9400405883789062 -1.6795324087142944 58.872501373291016 -0.7403491288702536 0.6722225579233835 0 0 0 -1 0 0 0 0 0 0
-2.261951446533203 -1.8636029958724976 58.44375991821289 -0.20382252823210997 0.9790078533827349 0 0 0 -1 0 0 0 0 0 0
-2.630575180053711 -1.8233007192611694 58.015018463134766 0.41054707734906987 0.9118394032285164 0 0 0 -1 0 0 0 0 0 0
0.3433646857738495 -2.2505619525909424 65.81027221679688 -0.8654114423415691 -0.5010619078160752 0 0 0 1 0 0 0 0 0 0
0.07513613998889923 -2.006230592727661 66.20002746582031 -0.41836541753203005 -0.9082787993855468 0 0 0 1 0 0 0 0 0 0
-0.284885436296463 -1.961182951927185 66.58979797363281 0.1816744416839573 -0.9833587327312564 0 0 0 1 0 0 0 0 0 0
-0.6050472855567932 -2.1318905353546143 66.97955322265625 0.7152774828750595 -0.698840555843691 0 0 0 1 0 0 0 0 0 0
-0.7682705521583557 -2.4559338092803955 67.36932373046875 0.9873154908589229 -0.15877065695525874 0 0 0 1 0 0 0 0 0 0
-0.7148705124855042 -2.8148090839385986 67.75907897949219 0.8983152062280007 0.43935155656893365 0 0 0 1 0 0 0 0 0 0
-0.4643726646900177 -3.0772907733917236 68.14884948730469 0.4808200899766226 0.8768192750361232 0 0 0 1 0 0 0 0 0 0
-0.10837940871715546 -3.1473896503448486 68.53860473632812 -0.11250563187112128 0.9936510870508217 0 0 0 1 0 0 0 0 0 0
0.2229289561510086 -2.9994709491729736 68.92837524414062 -0.6646858562893867 0.7471229567138494 0 0 0 1 0 0 0 0 0 0
0.4084014594554901 -2.6876308917999268 69.31813049316406 -0.9738040819481995 0.2273886760175719 0 0 0 1 0 0 0 0 0 0
-2.948232650756836 -1.0714505910873413 69.31813049316406 0.9399737900733004 -0.34124664683368666 0 0 0 -1 0 0 0 0 0 0
-2.7275733947753906 -0.7841314077377319 68.92837524414062 0.5722064287198096 -0.8201096286056647 0 0 0 -1 0 0 0 0 0 0
-2.3817501068115234 -0.6762021780014038 68.53860473632812 -0.004162516671662915 -0.9999913366899524 0 0 0 -1 0 0 0 0 0 0
-2.036836624145508 -0.7870076894760132 68.14884948730469 -0.5790167991532394 -0.8153156114648712 0 0 0 -1 0 0 0 0 0 0
-1.8185768127441406 -1.076154112815857 67.75907897949219 -0.9427840559005092 -0.3334039950867199 0 0 0 -1 0 0 0 0 0 0
-1.806539535522461 -1.4382299184799194 67.36932373046875 -0.9628441955611454 0.270057503273304 0 0 0 -1 0 0 0 0 0 0
-2.0051136016845703 -1.7412313222885132 66.97955322265625 -0.6318893248096488 0.7750586308090543 0 0 0 -1 0 0 0 0 0 0
-2.3419036865234375 -1.8746999502182007 66.58979797363281 -0.07057247941468837 0.9975066541879625 0 0 0 -1 0 0 0 0 0 0
-2.694131851196289 -1.789979338645935 66.20002746582031 0.5164776308419993 0.8563006813262708 0 0 0 -1 0 0 0 0 0 0
-2.9333877563476562 -1.5179494619369507 65.81027221679688 0.91523461145068 0.4029213397211957 0 0 0 -1 0 0 0 0 0 0
-1.8985519409179688 -1.6284765005111694 71.26695251464844 -0.80949326115379 0.5871291681960641 0 0 0 -1 0 0 0 0 0 0
-2.291383743286133 -1.8689664602279663 70.74726867675781 -0.1547701243431447 0.9879505091910259 0 0 0 -1 0 0 0 0 0 0
-2.7389392852783203 -1.760133147239685 70.22758483886719 0.5911530315024879 0.8065594171202879 0 0 0 -1 0 0 0 0 0 0
-2.9774723052978516 -1.3661092519760132 69.70790100097656 0.9887086797234701 0.14985041421188308 0 0 0 -1 0 0 0 0 0 0
0.400875061750412 -2.385819673538208 69.70790100097656 -0.9612652596061106 -0.2756249275272403 0 0 0 1 0 0 0 0 0 0
0.21321864426136017 -2.094468355178833 70.09765625 -0.648500643716037 -0.7612141059517258 0 0 0 1 0 0 0 0 0 0
-0.10424427688121796 -1.9554914236068726 70.4874267578125 -0.1193950040147983 -0.9928468326062718 0 0 0 1 0 0 0 0 0 0
-0.4456062614917755 -2.0152409076690674 70.87718200683594 0.44954129698361656 -0.8932595492387908 0 0 0 1 0 0 0 0 0 0
-0.6969872117042542 -2.2537930011749268 71.26695251464844 0.868508858852994 -0.4956736447440699 0 0 0 1 0 0 0 0 0 0
0.4084014594554901 -2.6876308917999268 -12.532059669494629 -0.9738040819481995 0.2273886760175719 0 0 0 1 0 0 0 0 0 0
0.38559719920158386 -2.339677095413208 -12.14229679107666 -0.9357992593555826 -0.35253332635304535 0 0 0 1 0 0 0 0 0 0
0.1731528788805008 -2.0631649494171143 -11.752533912658691 -0.5817257609601284 -0.8133849882038391 0 0 0 1 0 0 0 0 0 0
-0.15718083083629608 -1.951489806175232 -11.362771034240723 -0.03116856105435461 -0.9995141423720832 0 0 0 1 0 0 0 0 0 0
-0.49382975697517395 -2.0423672199249268 -10.973008155822754 0.5299122051412318 -0.8480525071258012 0 0 0 1 0 0 0 0 0 0
-0.723091185092926 -2.3051044940948486 -10.583245277404785 0.9120144962566133 -0.41015796788285813 0 0 0 1 0 0 0 0 0 0
-0.7675305008888245 -2.6509602069854736 -10.193482398986816 0.9860793549204169 0.1662753914436369 0 0 0 1 0 0 0 0 0 0
-0.6121388077735901 -2.963120698928833 -9.803719520568848 0.7270956436841487 0.6865361788977573 0 0 0 1 0 0 0 0 0 0
-0.30939868092536926 -3.1361515522003174 -9.413956642150879 0.22252634740790136 0.9749266765810125 0 0 0 1 0 0 0 0 0 0
2.2456531524658203 -0.7153409719467163 -9.413956642150879 -0.35528325052826726 -0.9347586917991555 0 0 0 -1 0 0 0 0 0 0
2.476438522338867 -0.8725827932357788 -9.7257661819458 -0.739926873626438 -0.6726873134565606 0 0 0 -1 0 0 0 0 0 0
2.6110477447509766 -1.117261290550232 -10.037575721740723 -0.9642767115036415 -0.26489700574321917 0 0 0 -1 0 0 0 0 0 0
2.6203250885009766 -1.3963674306869507 -10.34938907623291 -0.9797381049561245 0.20028291414142643 0 0 0 -1 0 0 0 0 0 0
2.502260208129883 -1.6494420766830444 -10.661198616027832 -0.78296056517817 0.6220713410661839 0 0 0 -1 0 0 0 0 0 0
2.2824268341064453 -1.8216603994369507 -10.973008155822754 -0.4165728072770946 0.9091023574038737 0 0 0 -1 0 0 0 0 0 0
2.0084476470947266 -1.875714659690857 -11.284817695617676 0.04005451632326412 0.9991974958546029 0 0 0 -1 0 0 0 0 0 0
1.739675521850586 -1.79989755153656 -11.596627235412598 0.4880122066897618 0.8728368038309274 0 0 0 -1 0 0 0 0 0 0
1.5343341827392578 -1.6106351613998413 -11.908440589904785 0.8302473145591037 0.5573951889525031 0 0 0 -1 0 0 0 0 0 0
1.4369068145751953 -1.348920226097107 -12.220250129699707 0.9926273528160041 0.12120618153168565 0 0 0 -1 0 0 0 0 0 0
1.468496322631836 -1.0714505910873413 -12.532059669494629 0.9399737900733004 -0.34124664683368666 0 0 0 -1 0 0 0 0 0 0
-0.013385814614593983 -3.1287739276885986 -9.02419376373291 -0.2708268121893673 0.9626280890350879 0 0 0 1 0 0 0 0 0 0
0.27742764353752136 -2.9442760944366455 -8.634430885314941 -0.7555171162857214 0.655128908688441 0 0 0 1 0 0 0 0 0 0
0.4188861548900604 -2.6302616596221924 -8.244668006896973 -0.9912796610270259 0.13177493553079248 0 0 0 1 0 0 0 0 0 0
0.3643779456615448 -2.2902004718780518 -7.854904651641846 -0.9004310368005458 -0.4349987907641745 0 0 0 1 0 0 0 0 0 0
0.1318625956773758 -2.03613018989563 -7.465145587921143 -0.5129043180111917 -0.8584457819603252 0 0 0 1 0 0 0 0 0 0
-0.20204739272594452 -1.9517682790756226 -7.075382709503174 0.04361105984976545 -0.9990485851342666 0 0 0 1 0 0 0 0 0 0
-0.5273380875587463 -2.0649044513702393 -6.685619831085205 0.5857605330116795 -0.8104841750249496 0 0 0 1 0 0 0 0 0 0
-0.7368279099464417 -2.3382694721221924 -6.295856952667236 0.9349118751200157 -0.3548799596477323 0 0 0 1 0 0 0 0 0 0
-0.7614975571632385 -2.6817867755889893 -5.906094074249268 0.9760265538920408 0.21765147851008743 0 0 0 1 0 0 0 0 0 0
2.6259288787841797 -1.1877607107162476 -5.906094074249268 -0.9890778615113481 -0.14739397500623425 0 0 0 -1 0 0 0 0 0 0
2.590578079223633 -1.4964879751205444 -6.25254487991333 -0.9301600613953963 0.3671542730037507 0 0 0 -1 0 0 0 0 0 0
2.4055309295654297 -1.74612557888031 -6.599003314971924 -0.6217447228359687 0.7832199560951091 0 0 0 -1 0 0 0 0 0 0
2.120424270629883 -1.8697179555892944 -6.945461750030518 -0.14657468481178543 0.9891996066377734 0 0 0 -1 0 0 0 0 0 0
1.8117237091064453 -1.8341115713119507 -7.29191255569458 0.3679371023185747 0.929850680882372 0 0 0 -1 0 0 0 0 0 0
1.5622425079345703 -1.6488546133041382 -7.638370990753174 0.783730625513665 0.6211008828137012 0 0 0 -1 0 0 0 0 0 0
1.4388904571533203 -1.3636411428451538 -7.984825611114502 0.9893222904347185 0.14574431600924273 0 0 0 -1 0 0 0 0 0 0
1.4747562408447266 -1.054974913597107 -8.331280708312988 0.9295468114808866 -0.3687041161496807 0 0 0 -1 0 0 0 0 0 0
1.6602191925048828 -0.8056424856185913 -8.677739143371582 0.6204373722268255 -0.7842559959249733 0 0 0 -1 0 0 0 0 0 0
1.945535659790039 -0.6825307607650757 -9.02419376373291 0.14491384633696805 -0.9894442769250958 0 0 0 -1 0 0 0 0 0 0
-0.5728970170021057 -3.0010616779327393 27.223751068115234 0.661696641533942 0.7497716682982238 0 0 0 1 0 0 0 0 0 0
-0.23066334426403046 -3.1486904621124268 27.613513946533203 0.09130100988961082 0.9958233405545067 0 0 0 1 0 0 0 0 0 0
0.13270945847034454 -3.0657551288604736 28.003276824951172 -0.5143167159205224 0.8576003239998972 0 0 0 1 0 0 0 0 0 0
0.37700268626213074 -2.7842609882354736 28.39303970336914 -0.9214750064264459 0.388437655913252 0 0 0 1 0 0 0 0 0 0
0.4079456031322479 -2.4128315448760986 28.78280258178711 -0.9730462779882839 -0.2306099323384564 0 0 0 1 0 0 0 0 0 0
0.21359820663928986 -2.094792604446411 29.172565460205078 -0.649133591209024 -0.7606744249441251 0 0 0 1 0 0 0 0 0 0
-0.13104252517223358 -1.9528745412826538 29.562328338623047 -0.07473418973586801 -0.9972034902087554 0 0 0 1 0 0 0 0 0 0
-0.4929867088794708 -2.0418407917022705 29.952091217041016 0.5285095592497592 -0.8489273501199177 0 0 0 1 0 0 0 0 0 0
-0.7325649857521057 -2.327359437942505 30.341854095458984 0.9278051066377063 -0.3730652544756673 0 0 0 1 0 0 0 0 0 0
-0.7573280930519104 -2.6992504596710205 30.731616973876953 0.9690776696832609 0.24675589176605464 0 0 0 1 0 0 0 0 0 0
2.626577377319336 -1.1922162771224976 30.731616973876953 -0.9901564350911978 -0.13996511725244404 0 0 0 -1 0 0 0 0 0 0
2.5785350799560547 -1.5248464345932007 30.38083267211914 -0.9100850064970727 0.41442162220282774 0 0 0 -1 0 0 0 0 0 0
2.359170913696289 -1.779462218284607 30.030048370361328 -0.5444807023850238 0.8387733691112942 0 0 0 -1 0 0 0 0 0 0
2.0373096466064453 -1.8761800527572632 29.679256439208984 -0.008044439956568297 0.999967642969404 0 0 0 -1 0 0 0 0 0 0
1.7139301300048828 -1.784650206565857 29.328472137451172 0.5309244332721206 0.8474191679179068 0 0 0 -1 0 0 0 0 0 0
1.490499496459961 -1.5335973501205444 28.97768783569336 0.9033067443403456 0.4289952512898543 0 0 0 -1 0 0 0 0 0 0
1.4371166229248047 -1.201783537864685 28.626895904541016 0.9922792575508367 -0.12402368739220883 0 0 0 -1 0 0 0 0 0 0
1.5705280303955078 -0.8933156728744507 28.276111602783203 0.769928162117925 -0.6381305706340309 0 0 0 -1 0 0 0 0 0 0
1.8488788604736328 -0.7049802541732788 27.92532730102539 0.30600736449984484 -0.9520291449697635 0 0 0 -1 0 0 0 0 0 0
2.184835433959961 -0.6958631277084351 27.574542999267578 -0.2539233196664827 -0.9672243523245024 0 0 0 -1 0 0 0 0 0 0
2.472993850708008 -0.8688253164291382 27.223751068115234 -0.7341789922747981 -0.6789559686035332 0 0 0 -1 0 0 0 0 0 0
-0.5728932023048401 -3.001065492630005 31.121379852294922 0.661687921530931 0.7497793638798526 0 0 0 1 0 0 0 0 0 0
-0.2702350914478302 -3.1437313556671143 31.51114273071289 0.15725527043832827 0.9875579881299975 0 0 0 1 0 0 0 0 0 0
0.061765629798173904 -3.102128267288208 31.90090560913086 -0.39607665325517855 0.9182174495979571 0 0 0 1 0 0 0 0 0 0
0.31986042857170105 -2.889188051223755 32.29066848754883 -0.8262383908338234 0.5633206205282514 0 0 0 1 0 0 0 0 0 0
0.42378613352775574 -2.571141481399536 32.6804313659668 -0.9994472642733454 0.033244036104630205 0 0 0 1 0 0 0 0 0 0
0.34122273325920105 -2.2468883991241455 33.070194244384766 -0.8618375862792985 -0.5071843598498211 0 0 0 1 0 0 0 0 0 0
0.09784503281116486 -2.0172741413116455 33.459957122802734 -0.45621595645164725 -0.8898690921022647 0 0 0 1 0 0 0 0 0 0
-0.23065952956676483 -1.9537023305892944 33.8497200012207 0.09129445860424672 -0.9958239411804466 0 0 0 1 0 0 0 0 0 0
-0.5421276688575745 -2.075944185256958 34.23948287963867 0.6104073272425772 -0.7920876812882355 0 0 0 1 0 0 0 0 0 0
-0.7396984696388245 -2.3459866046905518 34.62924575805664 0.939692497622495 -0.3420204817141763 0 0 0 1 0 0 0 0 0 0
2.5963001251220703 -1.4814084768295288 34.62924575805664 -0.93969248736894 0.3420205098855549 0 0 0 -1 0 0 0 0 0 0
2.418191909790039 -1.735791563987732 34.27846145629883 -0.6428467979739262 0.7659947743520644 0 0 0 -1 0 0 0 0 0 0
2.1367664337158203 -1.867066740989685 33.927677154541016 -0.17380325516503922 0.9847803960752042 0 0 0 -1 0 0 0 0 0 0
1.8274059295654297 -1.8400624990463257 33.57688522338867 0.34179711365831283 0.9397737669752474 0 0 0 -1 0 0 0 0 0 0
1.5729808807373047 -1.66201913356781 33.22610092163086 0.765835917580329 0.6430360389153125 0 0 0 -1 0 0 0 0 0 0
1.441640853881836 -1.3806241750717163 32.87531661987305 0.9847383451839034 0.1740413500420735 0 0 0 -1 0 0 0 0 0 0
1.4685688018798828 -1.07125985622406 32.5245246887207 0.9398585957731634 -0.3415637860653521 0 0 0 -1 0 0 0 0 0 0
1.6465511322021484 -0.8167890310287476 32.17374038696289 0.6432186619644301 -0.7656825405484236 0 0 0 -1 0 0 0 0 0 0
1.9279117584228516 -0.6853803396224976 31.822956085205078 0.17428646954834784 -0.9846949916255149 0 0 0 -1 0 0 0 0 0 0
2.2372875213623047 -0.7122319936752319 31.472164154052734 -0.34134665962189487 -0.939937475561526 0 0 0 -1 0 0 0 0 0 0
2.491800308227539 -0.8901532888412476 31.121379852294922 -0.7655282368839068 -0.6434022991359428 0 0 0 -1 0 0 0 0 0 0
-0.013385814614593983 -3.1287739276885986 56.45596694946289 -0.2708268121893673 0.9626280890350879 0 0 0 1 0 0 0 0 0 0
0.27742764353752136 -2.9442760944366455 56.84572219848633 -0.7555171162857214 0.655128908688441 0 0 0 1 0 0 0 0 0 0
0.4188861548900604 -2.6302616596221924 57.23549270629883 -0.9912796610270259 0.13177493553079248 0 0 0 1 0 0 0 0 0 0
0.3643779456615448 -2.2902004718780518 57.625247955322266 -0.9004310368005458 -0.4349987907641745 0 0 0 1 0 0 0 0 0 0
0.1318625956773758 -2.03613018989563 58.015018463134766 -0.5129043180111917 -0.8584457819603252 0 0 0 1 0 0 0 0 0 0
-0.20204739272594452 -1.9517682790756226 58.4047737121582 0.04361105984976545 -0.9990485851342666 0 0 0 1 0 0 0 0 0 0
-0.5273380875587463 -2.0649044513702393 58.7945442199707 0.5857605330116795 -0.8104841750249496 0 0 0 1 0 0 0 0 0 0
-0.7368279099464417 -2.3382694721221924 59.18429946899414 0.9349118751200157 -0.3548799596477323 0 0 0 1 0 0 0 0 0 0
-0.7614975571632385 -2.6817867755889893 59.57406997680664 0.9760265538920408 0.21765147851008743 0 0 0 1 0 0 0 0 0 0
2.6259288787841797 -1.1877607107162476 59.57406997680664 -0.9890778615113481 -0.14739397500623425 0 0 0 -1 0 0 0 0 0 0
2.590578079223633 -1.4964879751205444 59.22761917114258 -0.9301600613953963 0.3671542730037507 0 0 0 -1 0 0 0 0 0 0
2.4055309295654297 -1.74612557888031 58.88115310668945 -0.6217447228359687 0.7832199560951091 0 0 0 -1 0 0 0 0 0 0
2.120424270629883 -1.8697179555892944 58.53470230102539 -0.14657468481178543 0.9891996066377734 0 0 0 -1 0 0 0 0 0 0
1.8117237091064453 -1.8341115713119507 58.18825149536133 0.3679371023185747 0.929850680882372 0 0 0 -1 0 0 0 0 0 0
1.5622425079345703 -1.6488546133041382 57.8417854309082 0.783730625513665 0.6211008828137012 0 0 0 -1 0 0 0 0 0 0
1.4388904571533203 -1.3636411428451538 57.49533462524414 0.9893222904347185 0.14574431600924273 0 0 0 -1 0 0 0 0 0 0
1.4747562408447266 -1.054974913597107 57.14888381958008 0.9295468114808866 -0.3687041161496807 0 0 0 -1 0 0 0 0 0 0
1.6602191925048828 -0.8056424856185913 56.80241775512695 0.6204373722268255 -0.7842559959249733 0 0 0 -1 0 0 0 0 0 0
1.945535659790039 -0.6825307607650757 56.45596694946289 0.14491384633696805 -0.9894442769250958 0 0 0 -1 0 0 0 0 0 0
1.4468669891357422 1.1432138681411743 -71.3862533569336 0.976026549739675 0.21765149713077014 0 0 0 1 0 0 0 0 0 0
1.6070079803466797 0.8507524728775024 -71.02433013916016 0.7091290344863 0.7050787278372026 0 0 0 1 0 0 0 0 0 0
1.898550033569336 0.6889406442642212 -70.66240692138672 0.22321625501704803 0.9747689487751261 0 0 0 1 0 0 0 0 0 0
2.2314510345458984 0.7077547311782837 -70.30048370361328 -0.3316120432311557 0.9434158429791489 0 0 0 1 0 0 0 0 0 0
2.502908706665039 0.9013773202896118 -69.93856048583984 -0.7840428668622473 0.6207066802624477 0 0 0 1 0 0 0 0 0 0
2.6290836334228516 1.2100168466567993 -69.5766372680664 -0.9943334067625714 0.10630652000671786 0 0 0 1 0 0 0 0 0 0
2.5710086822509766 1.5383554697036743 -69.21471405029297 -0.8975444334898829 -0.4409240182971725 0 0 0 1 0 0 0 0 0 0
2.3466243743896484 1.7849947214126587 -68.85279083251953 -0.5235646068163974 -0.8519859755237708 0 0 0 1 0 0 0 0 0 0
2.0252208709716797 1.8737589120864868 -68.4908676147461 0.012105976356966417 -0.9999267199832419 0 0 0 1 0 0 0 0 0 0
1.7060604095458984 1.777239441871643 -68.12894439697266 0.5440395591946728 -0.8390595676298949 0 0 0 1 0 0 0 0 0 0
1.487710952758789 1.5252443552017212 -67.76702117919922 0.9079551154901165 -0.4190674268603194 0 0 0 1 0 0 0 0 0 0
1.437601089477539 1.1955972909927368 -67.40509796142578 0.9914695258171707 0.1303387101972193 0 0 0 1 0 0 0 0 0 0
1.5712108612060547 0.8901010751724243 -67.04317474365234 0.7687884028336536 0.6395032382001516 0 0 0 1 0 0 0 0 0 0
1.8472728729248047 0.7031046152114868 -66.68125915527344 0.3086882493409674 0.9511632692229074 0 0 0 1 0 0 0 0 0 0
2.180532455444336 0.6923547983169556 -66.3193359375 -0.24674403468051187 0.9690806887713646 0 0 0 1 0 0 0 0 0 0
2.4680728912353516 0.8611742258071899 -65.95741271972656 -0.7259830501419887 0.6877125932441072 0 0 0 1 0 0 0 0 0 0
2.6210880279541016 1.157427430152893 -65.59548950195312 -0.9810102575865043 0.1939558571171817 0 0 0 1 0 0 0 0 0 0
2.592325210571289 1.4896188974380493 -65.23356628417969 -0.9330714940609177 -0.35969096036865666 0 0 0 1 0 0 0 0 0 0
2.390665054321289 1.7551599740982056 -64.87164306640625 -0.5969672759454473 -0.8022655866047552 0 0 0 1 0 0 0 0 0 0
2.078390121459961 1.8720422983169556 -64.50971984863281 -0.07651889516074838 -0.9970681314149893 0 0 0 1 0 0 0 0 0 0
1.7519359588623047 1.8041750192642212 -64.14779663085938 0.46757890890257464 -0.8839513357360107 0 0 0 1 0 0 0 0 0 0
1.5121212005615234 1.572508454322815 -63.78587341308594 0.8672693340761422 -0.49783923325821267 0 0 0 1 0 0 0 0 0 0
1.4330120086669922 1.248594880104065 -63.4239501953125 0.9991168587118249 0.04201788473751583 0 0 0 1 0 0 0 0 0 0
1.5390377044677734 0.9324671030044556 -63.06203079223633 0.8224082249247057 0.568897804158352 0 0 0 1 0 0 0 0 0 0
1.7974529266357422 0.7217508554458618 -62.70010757446289 0.39171503420917453 0.9200865893895559 0 0 0 1 0 0 0 0 0 0
2.128450393676758 0.6815286874771118 -62.33818435668945 -0.15994883404036148 0.9871253063766163 0 0 0 1 0 0 0 0 0 0
2.429811477661133 0.8242136240005493 -61.976261138916016 -0.6622092239315854 0.7493189866404877 0 0 0 1 0 0 0 0 0 0
2.6084651947021484 1.1057497262954712 -61.61433792114258 -0.959973732566975 0.2800900440598166 0 0 0 1 0 0 0 0 0 0
2.6092395782470703 1.4391809701919556 -61.25241470336914 -0.961262283565907 -0.275635306507816 0 0 0 1 0 0 0 0 0 0
1.4392566680908203 -1.3661092519760132 -61.25241470336914 0.9887088056925111 0.1498495830694504 0 0 0 -1 0 0 0 0 0 0
1.482370376586914 -1.036664366722107 -61.61433792114258 0.9168548034232773 -0.39922082791315316 0 0 0 -1 0 0 0 0 0 0
1.694173812866211 -0.7806714773178101 -61.976261138916016 0.5638450059306355 -0.8258806265357492 0 0 0 -1 0 0 0 0 0 0
2.009714126586914 -0.6766294240951538 -62.33818435668945 0.037944921039404805 -0.9992798321627998 0 0 0 -1 0 0 0 0 0 0
2.3322391510009766 -0.7564443349838257 -62.70010757446289 -0.4995955310720359 -0.86625879812724 0 0 0 -1 0 0 0 0 0 0
2.562845230102539 -0.9956372976303101 -63.06203079223633 -0.8839371547480083 -0.4676057168769387 0 0 0 -1 0 0 0 0 0 0
2.630819320678711 -1.320863127708435 -63.4239501953125 -0.9972253146278187 0.07444240636524356 0 0 0 -1 0 0 0 0 0 0
2.5153141021728516 -1.6323941946029663 -63.78587341308594 -0.8047195611641481 0.5936551422162374 0 0 0 -1 0 0 0 0 0 0
2.251749038696289 -1.834699034690857 -64.14779663085938 -0.36544443519091147 0.9308331562573368 0 0 0 -1 0 0 0 0 0 0
1.920949935913086 -1.8657392263412476 -64.50971984863281 0.1858890332797275 0.9825707441738373 0 0 0 -1 0 0 0 0 0 0
1.624349594116211 -1.7160009145736694 -64.87164306640625 0.6802195390299763 0.7330084438271136 0 0 0 -1 0 0 0 0 0 0
1.452901840209961 -1.431397795677185 -65.23356628417969 0.9659660753573297 0.25866878678873856 0 0 0 -1 0 0 0 0 0 0
1.4591808319091797 -1.0992025136947632 -65.59548950195312 0.9555010630118165 -0.29498765835758106 0 0 0 -1 0 0 0 0 0 0
1.6412639617919922 -0.8212827444076538 -65.95741271972656 0.6520314003155588 -0.7581919631613959 0 0 0 -1 0 0 0 0 0 0
1.943307876586914 -0.6828626394271851 -66.3193359375 0.14862738575132928 -0.9888932703809475 0 0 0 -1 0 0 0 0 0 0
2.2726993560791016 -0.7263845205307007 -66.68125915527344 -0.4003632284833962 -0.9163565273835026 0 0 0 -1 0 0 0 0 0 0
2.5284290313720703 -0.9385045766830444 -67.04317474365234 -0.8265765923881068 -0.5628242504690655 0 0 0 -1 0 0 0 0 0 0
2.632078170776367 -1.2541745901107788 -67.40509796142578 -0.9993259313141022 -0.0367108022685754 0 0 0 -1 0 0 0 0 0 0
2.5518627166748047 -1.576600432395935 -67.76702117919922 -0.8656379636576774 0.500670466349464 0 0 0 -1 0 0 0 0 0 0
2.3123836517333984 -1.8069089651107788 -68.12894439697266 -0.4665050900412229 0.8845185136364475 0 0 0 -1 0 0 0 0 0 0
1.9870738983154297 -1.8744748830795288 -68.4908676147461 0.07567717800096495 0.9971323707160501 0 0 0 -1 0 0 0 0 0 0
1.6756877899169922 -1.7585843801498413 -68.85279083251953 0.5946550759332733 0.8039809330244051 0 0 0 -1 0 0 0 0 0 0
1.4737110137939453 -1.4947675466537476 -69.21471405029297 0.9312892877958301 0.3642804722143848 0 0 0 -1 0 0 0 0 0 0
1.4430789947509766 -1.1639302968978882 -69.5766372680664 0.9823388610298559 -0.18711056119461944 0 0 0 -1 0 0 0 0 0 0
1.5931873321533203 -0.8675168752670288 -69.93856048583984 0.7321598026563324 -0.681132896998993 0 0 0 -1 0 0 0 0 0 0
1.8780040740966797 -0.6964238882064819 -70.30048370361328 0.25745664129109197 -0.9662898518845731 0 0 0 -1 0 0 0 0 0 0
2.2101879119873047 -0.7031186819076538 -70.66240692138672 -0.2961775874351486 -0.9551328895505038 0 0 0 -1 0 0 0 0 0 0
2.487882614135742 -0.8855413198471069 -71.02433013916016 -0.7590007348030627 -0.6510897669050028 0 0 0 -1 0 0 0 0 0 0
2.6259288787841797 -1.1877607107162476 -71.3862533569336 -0.9890778615113481 -0.14739397500623425 0 0 0 -1 0 0 0 0 0 0
2.038461685180664 0.6738306283950806 -46.051666259765625 -0.00996303984859335 0.9999503676868045 0 0 0 1 0 0 0 0 0 0
2.3067989349365234 0.7401796579360962 -45.74851608276367 -0.4571890543986198 0.8893695342983678 0 0 0 1 0 0 0 0 0 0
2.5169124603271484 0.9197832345962524 -45.44536590576172 -0.8073798158688217 0.5900320609319697 0 0 0 1 0 0 0 0 0 0
2.6242122650146484 1.1745249032974243 -45.14221954345703 -0.9862150408078368 0.16546870787069373 0 0 0 1 0 0 0 0 0 0
2.605924606323242 1.450335144996643 -44.83906936645508 -0.9557363032594433 -0.29422460575548975 0 0 0 1 0 0 0 0 0 0
2.465932846069336 1.688677430152893 -44.535919189453125 -0.7224149651317816 -0.691459773344514 0 0 0 1 0 0 0 0 0 0
2.2339420318603516 1.8389688730239868 -44.23277282714844 -0.3357634654407179 -0.941946333543074 0 0 0 1 0 0 0 0 0 0
1.9591960906982422 1.869310975074768 -43.929622650146484 0.12214822993827545 -0.9925118689078464 0 0 0 1 0 0 0 0 0 0
1.7000064849853516 1.7732607126235962 -43.62647247314453 0.5541278623198592 -0.8324315660766495 0 0 0 1 0 0 0 0 0 0
1.5113773345947266 1.5712076425552368 -43.323326110839844 0.868507459013595 -0.4956760975049621 0 0 0 1 0 0 0 0 0 0
2.5181751251220703 -1.6284765005111694 -43.323326110839844 -0.80949326115379 0.5871291681960641 0 0 0 -1 0 0 0 0 0 0
2.308633804321289 -1.80886971950531 -43.62647247314453 -0.4602569041981046 0.887785774913057 0 0 0 -1 0 0 0 0 0 0
2.0404491424560547 -1.8761457204818726 -43.929622650146484 -0.013272918735598232 0.9999119109342772 0 0 0 -1 0 0 0 0 0 0
1.7705707550048828 -1.8160146474838257 -44.23277282714844 0.43652316669980523 0.899693017053247 0 0 0 -1 0 0 0 0 0 0
1.556314468383789 -1.641248106956482 -44.535919189453125 0.7936139457130486 0.6084216508062205 0 0 0 -1 0 0 0 0 0 0
1.4431743621826172 -1.3889631032943726 -44.83906936645508 0.982180405251465 0.18794055320783734 0 0 0 -1 0 0 0 0 0 0
1.455179214477539 -1.1127256155014038 -45.14221954345703 0.9621682065337278 -0.2724561291945363 0 0 0 -1 0 0 0 0 0 0
1.5897846221923828 -0.8712056875228882 -45.44536590576172 0.7378290702433364 -0.6749876021852949 0 0 0 -1 0 0 0 0 0 0
1.8183956146240234 -0.7156919240951538 -45.74851608276367 0.35680981128343614 -0.9341770488359682 0 0 0 -1 0 0 0 0 0 0
2.0924739837646484 -0.6792043447494507 -46.051666259765625 -0.09999026586935489 -0.9949884153754636 0 0 0 -1 0 0 0 0 0 0
1.898965835571289 0.6888452768325806 15.141100883483887 0.22252928701675664 0.9749260056126383 0 0 0 1 0 0 0 0 0 0
2.204751968383789 0.6990648508071899 15.49189281463623 -0.28711318876687586 0.9578966629214846 0 0 0 1 0 0 0 0 0 0
2.4657421112060547 0.8587290048599243 15.842677116394043 -0.7221021594016551 0.6917864348102433 0 0 0 1 0 0 0 0 0 0
2.614076614379883 1.1263223886489868 16.193462371826172 -0.9693206103947523 0.24579982559787295 0 0 0 1 0 0 0 0 0 0
2.611177444458008 1.4322649240493774 16.544254302978516 -0.9644948216148624 -0.2641017589455149 0 0 0 1 0 0 0 0 0 0
2.4578075408935547 1.6970049142837524 16.895038604736328 -0.7088716754114311 -0.7053374708601482 0 0 0 1 0 0 0 0 0 0
2.193838119506836 1.8516985177993774 17.24582290649414 -0.26892653750116163 -0.963160691384172 0 0 0 1 0 0 0 0 0 0
1.8879146575927734 1.8561235666275024 17.596607208251953 0.2409434187054739 -0.9705391640642425 0 0 0 1 0 0 0 0 0 0
1.6195812225341797 1.7091318368911743 17.947399139404297 0.6881733672924164 -0.72554628835755 0 0 0 1 0 0 0 0 0 0
1.4586124420166016 1.44894278049469 18.29818344116211 0.9564487177552621 -0.2919004116206674 0 0 0 1 0 0 0 0 0 0
1.4468669891357422 1.1432138681411743 18.648967742919922 0.976026549739675 0.21765149713077014 0 0 0 1 0 0 0 0 0 0
2.6259288787841797 -1.1877607107162476 18.648967742919922 -0.9890778615113481 -0.14739397500623425 0 0 0 -1 0 0 0 0 0 0
2.590913772583008 -1.49563729763031 18.29818344116211 -0.9307212155840072 0.36572943395607066 0 0 0 -1 0 0 0 0 0 0
2.406961441040039 -1.7449887990951538 17.947399139404297 -0.6241311617309979 0.7813195843931695 0 0 0 -1 0 0 0 0 0 0
2.123136520385742 -1.8693097829818726 17.596607208251953 -0.15109514001621757 0.9885192252371624 0 0 0 -1 0 0 0 0 0 0
1.8151302337646484 -1.8354467153549194 17.24582290649414 0.36224808968833 0.9320817139699478 0 0 0 -1 0 0 0 0 0 0
1.5650920867919922 -1.6524251699447632 16.895038604736328 0.7789825456510028 0.6270456072496506 0 0 0 -1 0 0 0 0 0 0
1.4397144317626953 -1.3690656423568726 16.544254302978516 0.9879479357355264 0.1547865506945355 0 0 0 -1 0 0 0 0 0 0
1.4724292755126953 -1.0609334707260132 16.193462371826172 0.9334248155301809 -0.35877306720606517 0 0 0 -1 0 0 0 0 0 0
1.6545124053955078 -0.8102163076400757 15.842677116394043 0.629949958414049 -0.776635725352715 0 0 0 -1 0 0 0 0 0 0
1.9374027252197266 -0.6837781667709351 15.49189281463623 0.15846657469071315 -0.9873643424318062 0 0 0 -1 0 0 0 0 0 0
2.2456531524658203 -0.7153409719467163 15.141100883483887 -0.35528325052826726 -0.9347586917991555 0 0 0 -1 0 0 0 0 0 0
-2.9698638916015625 1.1432138681411743 -71.3862533569336 0.9760268154889394 0.2176503054133395 0 0 0 1 0 0 0 0 0 0
-2.752229690551758 0.7998949289321899 -70.95751190185547 0.6133042552818918 0.7898467512455338 0 0 0 1 0 0 0 0 0 0
-2.365703582763672 0.6740900278091431 -70.52877044677734 -0.030904791615075464 0.9995223328446587 0 0 0 1 0 0 0 0 0 0
-1.9876861572265625 0.8235346078872681 -70.10002899169922 -0.6609309680483056 0.7504467039535384 0 0 0 1 0 0 0 0 0 0
-1.7916812896728516 1.179644227027893 -69.67129516601562 -0.9876097061536633 0.15693013831343874 0 0 0 1 0 0 0 0 0 0
-1.8676490783691406 1.578966736793518 -69.2425537109375 -0.8609956512618879 -0.5086123165124076 0 0 0 1 0 0 0 0 0 0
-2.1807212829589844 1.8382288217544556 -68.81381225585938 -0.33920908991381094 -0.9407110041451859 0 0 0 1 0 0 0 0 0 0
-2.5872058868408203 1.8384310007095337 -68.38507843017578 0.33826610724082007 -0.941050498481427 0 0 0 1 0 0 0 0 0 0
-2.9005393981933594 1.579485535621643 -67.95633697509766 0.8604862942487732 -0.5094735885303711 0 0 0 1 0 0 0 0 0 0
-2.9769058227539062 1.1802393198013306 -67.52759552001953 0.9877678317832467 0.15593174947464533 0 0 0 1 0 0 0 0 0 0
-2.7812576293945312 0.8239351511001587 -67.09886169433594 0.6616847185501903 0.7497821905307938 0 0 0 1 0 0 0 0 0 0
0.2834338843822479 2.9348437786102295 -67.09886169433594 -0.7655259281956069 -0.6434050460326328 0 0 0 -1 0 0 0 0 0 0
0.42230984568595886 2.5953433513641357 -67.4886245727539 -0.9969875511335785 -0.07756173595704387 0 0 0 -1 0 0 0 0 0 0
0.3376159369945526 2.238447904586792 -67.87838745117188 -0.8558272897399524 0.5172616843884416 0 0 0 -1 0 0 0 0 0 0
0.06100459769368172 1.997545838356018 -68.26815032958984 -0.3948113513042718 0.9187622091059768 0 0 0 -1 0 0 0 0 0 0
-0.3041401207447052 1.9626718759536743 -68.65791320800781 0.21376268015712127 0.9768856210284007 0 0 0 -1 0 0 0 0 0 0
-0.6213493943214417 2.1468608379364014 -69.04767608642578 0.7424464407251145 0.6699054281423679 0 0 0 -1 0 0 0 0 0 0
-0.7720699906349182 2.4812724590301514 -69.43743896484375 0.9936466264358023 0.11254502109266964 0 0 0 -1 0 0 0 0 0 0
-0.6999683976173401 2.8409221172332764 -69.82720184326172 0.8734758474473935 -0.48686748086728665 0 0 0 -1 0 0 0 0 0 0
-0.4319916069507599 3.091395139694214 -70.21696472167969 0.4268495765040205 -0.904322641007256 0 0 0 -1 0 0 0 0 0 0
-0.06829838454723358 3.1390788555145264 -70.60672760009766 -0.17930651696904962 -0.9837932572306175 0 0 0 -1 0 0 0 0 0 0
0.2551879584789276 2.966150999069214 -70.99649047851562 -0.7184444264187761 -0.6955843630702144 0 0 0 -1 0 0 0 0 0 0
0.41756436228752136 2.637240171432495 -71.3862533569336 -0.9890779843370051 -0.14739315079014628 0 0 0 -1 0 0 0 0 0 0
-2.517763137817383 0.6888452768325806 -66.70909881591797 0.22252395500626454 0.9749272226419622 0 0 0 1 0 0 0 0 0 0
-2.179351806640625 0.7098718881607056 -66.3193359375 -0.34149351544505585 0.9398841305761991 0 0 0 1 0 0 0 0 0 0
-1.9063720703125 0.9109865427017212 -65.92957305908203 -0.7964566731375342 0.6046955993015749 0 0 0 1 0 0 0 0 0 0
-1.786001205444336 1.227964997291565 -65.53981018066406 -0.9970776055253531 0.07639534383605043 0 0 0 1 0 0 0 0 0 0
-1.8566780090332031 1.5595804452896118 -65.1500473022461 -0.8792832541700072 -0.4762992325589055 0 0 0 1 0 0 0 0 0 0
-2.0958309173583984 1.7999368906021118 -64.76028442382812 -0.4806968201456991 -0.8768868610612282 0 0 0 1 0 0 0 0 0 0
-2.427091598510742 1.872271180152893 -64.37052154541016 0.07140731317542735 -0.9974472395194977 0 0 0 1 0 0 0 0 0 0
-2.744668960571289 1.7534853219985962 -63.98075485229492 0.6007034683171607 -0.799471915173844 0 0 0 1 0 0 0 0 0 0
-2.947145462036133 1.4815164804458618 -63.59099197387695 0.9381626394130083 -0.34619483244210586 0 0 0 1 0 0 0 0 0 0
-2.9698638916015625 1.1432138681411743 -63.201229095458984 0.9760268154889394 0.2176503054133395 0 0 0 1 0 0 0 0 0 0
0.41756436228752136 2.637240171432495 -63.201229095458984 -0.9890779843370051 -0.14739315079014628 0 0 0 -1 0 0 0 0 0 0
0.3688811957836151 2.2973392009735107 -63.59099197387695 -0.9079393579241918 0.41910156565229684 0 0 0 -1 0 0 0 0 0 0
0.1417827159166336 2.0397937297821045 -63.98075485229492 -0.5294370784034966 0.8483492087646274 0 0 0 -1 0 0 0 0 0 0
-0.1893501728773117 1.9489542245864868 -64.37052154541016 0.02244512519378737 0.9997480764447788 0 0 0 -1 0 0 0 0 0 0
-0.5160751938819885 2.05456805229187 -64.76028442382812 0.5669921076137586 0.8237232240890795 0 0 0 -1 0 0 0 0 0 0
-0.731382429599762 2.3220431804656982 -65.1500473022461 0.9258320335774826 0.37793523995756634 0 0 0 -1 0 0 0 0 0 0
-0.7647610306739807 2.6637866497039795 -65.53981018066406 0.981464610550408 -0.19164346646086328 0 0 0 -1 0 0 0 0 0 0
-0.6052780747413635 2.9678714275360107 -65.92957305908203 0.7156599689425499 -0.6984488591537312 0 0 0 -1 0 0 0 0 0 0
-0.3051662743091583 3.13470721244812 -66.3193359375 0.2154749097468641 -0.9765093769491314 0 0 0 -1 0 0 0 0 0 0
0.03728862479329109 3.1096560955047607 -66.70909881591797 -0.35528326010198436 -0.9347586881603753 0 0 0 -1 0 0 0 0 0 0
-2.781261444091797 0.8239351511001587 27.223751068115234 0.6616910259238478 0.7497766242100681 0 0 0 1 0 0 0 0 0 0
-2.399209976196289 0.6739908456802368 27.65682601928711 0.02494145357339006 0.9996889135594366 0 0 0 1 0 0 0 0 0 0
-2.0101566314697266 0.8047014474868774 28.089893341064453 -0.6234854425836356 0.7818349588540333 0 0 0 1 0 0 0 0 0 0
-1.7961444854736328 1.1549135446548462 28.522960662841797 -0.9801714162371018 0.19815144408192917 0 0 0 1 0 0 0 0 0 0
-1.8573131561279297 1.5607515573501587 28.956035614013672 -0.8782229544888918 -0.4782514424534462 0 0 0 1 0 0 0 0 0 0
-2.165040969848633 1.8323274850845337 29.389102935791016 -0.3653406309433425 -0.9308739030512782 0 0 0 1 0 0 0 0 0 0
-2.575336456298828 1.84255850315094 29.82217025756836 0.3184820295907159 -0.9479288986141198 0 0 0 1 0 0 0 0 0 0
-2.896221160888672 1.5866647958755493 30.255245208740234 0.8532909857609862 -0.5214350329801827 0 0 0 1 0 0 0 0 0 0
-2.9775447845458984 1.1843782663345337 30.688312530517578 0.9888308059420055 0.14904240074584124 0 0 0 1 0 0 0 0 0 0
-2.7812576293945312 0.8239351511001587 31.121379852294922 0.6616847185501903 0.7497821905307938 0 0 0 1 0 0 0 0 0 0
0.2834338843822479 2.9348437786102295 31.121379852294922 -0.7655259281956069 -0.6434050460326328 0 0 0 -1 0 0 0 0 0 0
0.42241474986076355 2.5939738750457764 30.731616973876953 -0.9971621187082638 -0.07528418833491143 0 0 0 -1 0 0 0 0 0 0
0.33618924021720886 2.2361018657684326 30.341854095458984 -0.853453471266729 0.5211690439605662 0 0 0 -1 0 0 0 0 0 0
0.05721469596028328 1.9959322214126587 29.952091217041016 -0.3884932206868378 0.9214515817341506 0 0 0 -1 0 0 0 0 0 0
-0.30950167775154114 1.9638696908950806 29.562328338623047 0.22269886329325178 0.9748872838887034 0 0 0 -1 0 0 0 0 0 0
-0.6259213089942932 2.1519839763641357 29.172565460205078 0.7500632804932745 0.6613660675115314 0 0 0 -1 0 0 0 0 0 0
-0.7729416489601135 2.489466428756714 28.78280258178711 0.9950983217158108 0.0988904955917237 0 0 0 -1 0 0 0 0 0 0
-0.695219099521637 2.8492839336395264 28.39303970336914 0.8655613431657149 -0.50080291654219 0 0 0 -1 0 0 0 0 0 0
-0.4220142662525177 3.0959956645965576 28.003276824951172 0.41021772050637695 -0.9119876215073053 0 0 0 -1 0 0 0 0 0 0
-0.05616001412272453 3.1367366313934326 27.613513946533203 -0.19953586648911192 -0.979890523469045 0 0 0 -1 0 0 0 0 0 0
0.2646274268627167 2.956171751022339 27.223751068115234 -0.7341846014153828 -0.6789499031920805 0 0 0 -1 0 0 0 0 0 0
0.3098125159740448 2.1965205669403076 71.26695251464844 -0.8094879399996984 0.5871365045669065 0 0 0 -1 0 0 0 0 0 0
0.018325764685869217 1.9811006784439087 70.87718200683594 -0.32368176645721325 0.9461660076662752 0 0 0 -1 0 0 0 0 0 0
-0.3440304100513458 1.9728456735610962 70.4874267578125 0.2802467263902575 0.9599280037312925 0 0 0 -1 0 0 0 0 0 0
-0.645027220249176 2.1747653484344482 70.09765625 0.7819065365070484 0.6233956754482274 0 0 0 -1 0 0 0 0 0 0
-0.7748242020606995 2.513178586959839 69.70790100097656 0.998235781293067 0.059374446912961884 0 0 0 -1 0 0 0 0 0 0
-0.6860561966896057 2.864588499069214 69.31813049316406 0.850294460558725 -0.5263072584936931 0 0 0 -1 0 0 0 0 0 0
-0.4111194908618927 3.1007678508758545 68.92837524414062 0.39205797110853086 -0.9199405129084501 0 0 0 -1 0 0 0 0 0 0
-0.05033878609538078 3.1355197429656982 68.53860473632812 -0.20924175644834708 -0.9778639411280133 0 0 0 -1 0 0 0 0 0 0
0.2646274268627167 2.956171751022339 68.14884948730469 -0.7341846014153828 -0.6789499031920805 0 0 0 -1 0 0 0 0 0 0
-2.781261444091797 0.8239351511001587 68.14884948730469 0.6616910259238478 0.7497766242100681 0 0 0 1 0 0 0 0 0 0
-2.449199676513672 0.6773287057876587 68.53860473632812 0.1082534721905588 0.9941233252261452 0 0 0 1 0 0 0 0 0 0
-2.093364715576172 0.7490297555923462 68.92837524414062 -0.48480440373637634 0.8746225986777478 0 0 0 1 0 0 0 0 0 0
-1.8439922332763672 1.0127969980239868 69.31813049316406 -0.9004255743891117 0.43501009756790493 0 0 0 1 0 0 0 0 0 0
-1.7923526763916016 1.3720918893814087 69.70790100097656 -0.9864904849295171 -0.1638185677617956 0 0 0 1 0 0 0 0 0 0
-1.957345962524414 1.6954141855239868 70.09765625 -0.7114995675126643 -0.702686534259261 0 0 0 1 0 0 0 0 0 0
-2.278583526611328 1.8644243478775024 70.4874267578125 -0.17610439280099577 -0.9843714963550054 0 0 0 1 0 0 0 0 0 0
-2.6384944915771484 1.8172708749771118 70.87718200683594 0.42374702361665917 -0.905780580480738 0 0 0 1 0 0 0 0 0 0
-2.9053516387939453 1.5712076425552368 71.26695251464844 0.868507459013595 -0.4956760975049621 0 0 0 1 0 0 0 0 0 0
1.681833267211914 -0.7893232107162476 -53.846923828125 0.5844081687018399 -0.8114598525833314 0 0 0 -1 0 0 0 0 0 0
1.9871501922607422 -0.6779111623764038 -54.19770812988281 0.07555277536995267 -0.9971418044259791 0 0 0 -1 0 0 0 0 0 0
2.3057689666748047 -0.7420476675033569 -54.54849624633789 -0.4554745635590656 -0.8902487977810913 0 0 0 -1 0 0 0 0 0 0
2.544198989868164 -0.9629148244857788 -54.8992805480957 -0.8528602769363299 -0.5221392036843112 0 0 0 -1 0 0 0 0 0 0
2.6324825286865234 -1.2757009267807007 -55.25006866455078 -0.9999996553366131 -0.0008302569813967325 0 0 0 -1 0 0 0 0 0 0
2.5447139739990234 -1.588635802268982 -55.60085678100586 -0.8537211172844019 0.5207305002615771 0 0 0 -1 0 0 0 0 0 0
2.306650161743164 -1.8098958730697632 -55.95164108276367 -0.4569436152887636 0.8894956618482377 0 0 0 -1 0 0 0 0 0 0
1.988138198852539 -1.874554991722107 -56.30242919921875 0.07390433441885803 0.9972653354820399 0 0 0 -1 0 0 0 0 0 0
1.682638168334961 -1.7636464834213257 -56.65321350097656 0.5830759797641408 0.8124176277150116 0 0 0 -1 0 0 0 0 0 0
1.479787826538086 -1.5097135305404663 -57.00400161743164 0.921154204492819 0.38919780516493385 0 0 0 -1 0 0 0 0 0 0
1.4391117095947266 -1.187257170677185 -57.35478591918945 0.988952148153459 -0.1482351127859355 0 0 0 -1 0 0 0 0 0 0
1.5725383758544922 -0.8909009695053101 -57.70557403564453 0.7665725754756421 -0.6421576804248634 0 0 0 -1 0 0 0 0 0 0
1.8409252166748047 -0.7075971364974976 -58.05636215209961 0.31926553843475325 -0.9476652974378491 0 0 0 -1 0 0 0 0 0 0
2.165517807006836 -0.6911329030990601 -58.40714645385742 -0.22172487959503695 -0.9751092645281176 0 0 0 -1 0 0 0 0 0 0
2.4510746002197266 -0.8463338613510132 -58.7579345703125 -0.6976479044173227 -0.7164407871290678 0 0 0 -1 0 0 0 0 0 0
2.613809585571289 -1.127667784690857 -59.10871887207031 -0.968874896383352 -0.2475508738787827 0 0 0 -1 0 0 0 0 0 0
2.6059703826904297 -1.4525846242904663 -59.45950698852539 -0.9558124795137509 0.2939770467328627 0 0 0 -1 0 0 0 0 0 0
2.429861068725586 -1.7257436513900757 -59.81029510498047 -0.6622985871561634 0.7492400025699041 0 0 0 -1 0 0 0 0 0 0
2.1371517181396484 -1.8669980764389038 -60.16107940673828 -0.17444454893711325 0.9846669992165509 0 0 0 -1 0 0 0 0 0 0
1.8137340545654297 -1.834901213645935 -60.51186752319336 0.3645812464626664 0.9311715817870132 0 0 0 -1 0 0 0 0 0 0
1.5544986724853516 -1.638867735862732 -60.86265182495117 0.7966432057513108 0.6044498347508044 0 0 0 -1 0 0 0 0 0 0
2.455690383911133 1.6991220712661743 -60.86265182495117 -0.7053431086803269 -0.7088660656549817 0 0 0 1 0 0 0 0 0 0
2.185606002807617 1.8539339303970337 -60.521610260009766 -0.25520233649172597 -0.9668876705435662 0 0 0 1 0 0 0 0 0 0
1.874307632446289 1.8525758981704712 -60.18056869506836 0.26362907298482 -0.9646241298439326 0 0 0 1 0 0 0 0 0 0
1.6055850982666016 1.6954180002212524 -59.83952713012695 0.7114967975425323 -0.7026893389590602 0 0 0 1 0 0 0 0 0 0
1.4517841339111328 1.424761414527893 -59.49848175048828 0.9678310313311659 -0.25160106278084665 0 0 0 1 0 0 0 0 0 0
1.4543018341064453 1.1134668588638306 -59.157440185546875 0.9636357994574561 0.26721909737889155 0 0 0 1 0 0 0 0 0 0
1.612466812133789 0.8453317880630493 -58.81639862060547 0.7000257545934659 0.7141175973926485 0 0 0 1 0 0 0 0 0 0
1.8836956024169922 0.6925417184829712 -58.47535705566406 0.2479779814473732 0.9687656686305962 0 0 0 1 0 0 0 0 0 0
2.194978713989258 0.6962267160415649 -58.13431167602539 -0.27083200294760534 0.9626266286465321 0 0 0 1 0 0 0 0 0 0
-0.26282885670661926 3.142470121383667 -58.13431167602539 0.14491380343032198 -0.9894442832091952 0 0 0 -1 0 0 0 0 0 0
0.0899486094713211 3.0866992473602295 -58.52407455444336 -0.44304849010789527 -0.8964976494186218 0 0 0 -1 0 0 0 0 0 0
0.34853169322013855 2.84033465385437 -58.91383743286133 -0.8740193840848043 -0.485891053883501 0 0 0 -1 0 0 0 0 0 0
0.4212951362133026 2.49066424369812 -59.3036003112793 -0.9952947647431277 0.09689340160672533 0 0 0 -1 0 0 0 0 0 0
0.2824535071849823 2.1615970134735107 -59.693363189697266 -0.7638916470322779 0.6453445216272573 0 0 0 -1 0 0 0 0 0 0
-0.018793147057294846 1.9697328805923462 -60.083126068115234 -0.26181694244382203 0.9651175517258859 0 0 0 -1 0 0 0 0 0 0
-0.3757019340991974 1.9830538034439087 -60.4728889465332 0.33303420898822444 0.9429147446315534 0 0 0 -1 0 0 0 0 0 0
-0.6618080735206604 2.19684100151062 -60.86265182495117 0.8098771783766611 0.5865994851213711 0 0 0 -1 0 0 0 0 0 0
-0.7757321000099182 2.5353457927703857 -61.25241470336914 0.9997484594630404 0.02242805834836109 0 0 0 -1 0 0 0 0 0 0
-0.6771031022071838 2.878615140914917 -61.64217758178711 0.8353701308820572 -0.5496878609084381 0 0 0 -1 0 0 0 0 0 0
-0.40087321400642395 3.1050212383270264 -62.03194046020508 0.37498594023001564 -0.9270304982198865 0 0 0 -1 0 0 0 0 0 0
-0.04492000862956047 3.1343371868133545 -62.42170333862305 -0.21826791597677958 -0.9758888855065179 0 0 0 -1 0 0 0 0 0 0
0.2646274268627167 2.956171751022339 -62.811466217041016 -0.7341846014153828 -0.6789499031920805 0 0 0 -1 0 0 0 0 0 0
-2.781261444091797 0.8239351511001587 -62.811466217041016 0.6616910259238478 0.7497766242100681 0 0 0 1 0 0 0 0 0 0
-2.3966445922851562 0.6739298105239868 -62.366024017333984 0.020661058342499396 0.9997865375509754 0 0 0 1 0 0 0 0 0 0
-2.0061588287353516 0.8079172372817993 -61.92058181762695 -0.6301507030240985 0.776472853020783 0 0 0 1 0 0 0 0 0 0
-1.794668197631836 1.162462830543518 -61.475135803222656 -0.9826324448921289 0.18556259926320684 0 0 0 1 0 0 0 0 0 0
-1.862295150756836 1.569719910621643 -61.029693603515625 -0.8699186983068643 -0.4931951523850279 0 0 0 1 0 0 0 0 0 0
-2.1770267486572266 1.83688223361969 -60.584251403808594 -0.3453673746344141 -0.9384675681866328 0 0 0 1 0 0 0 0 0 0
-2.5898590087890625 1.8374735116958618 -60.13880920410156 0.3426806725138526 -0.9394519448516 0 0 0 1 0 0 0 0 0 0
-2.9053516387939453 1.5712076425552368 -59.693363189697266 0.868507459013595 -0.4956760975049621 0 0 0 1 0 0 0 0 0 0
-1.8985519409179688 -1.6284765005111694 -59.693363189697266 -0.80949326115379 0.5871291681960641 0 0 0 -1 0 0 0 0 0 0
-2.2114295959472656 -1.850770354270935 -60.110965728759766 -0.2880261412473375 0.9576225467052082 0 0 0 -1 0 0 0 0 0 0
-2.5950183868408203 -1.8379567861557007 -60.52857208251953 0.3512857389014276 0.936268300031822 0 0 0 -1 0 0 0 0 0 0
-2.892364501953125 -1.5952848196029663 -60.94617462158203 0.8468617861277519 0.5318130453425469 0 0 0 -1 0 0 0 0 0 0
-2.9817981719970703 -1.2220433950424194 -61.36377716064453 0.995917999529073 -0.09026260695331935 0 0 0 -1 0 0 0 0 0 0
-2.8267250061035156 -0.8709653615951538 -61.78137969970703 0.7374672608467355 -0.6753828833922378 0 0 0 -1 0 0 0 0 0 0
-2.4905967712402344 -0.6856969594955444 -62.19898223876953 0.17724819724079469 -0.9841661834135984 0 0 0 -1 0 0 0 0 0 0
-2.110952377319336 -0.7420514822006226 -62.61658477783203 -0.4554879015353754 -0.8902419735975721 0 0 0 -1 0 0 0 0 0 0
-1.8431358337402344 -1.016969084739685 -63.03418731689453 -0.9018505482991533 -0.4320481321942225 0 0 0 -1 0 0 0 0 0 0
-1.796731948852539 -1.3979581594467163 -63.4517936706543 -0.9791931241757634 0.202930592979244 0 0 0 -1 0 0 0 0 0 0
-1.9907283782958984 -1.7291234731674194 -63.8693962097168 -0.6558674106374721 0.7548761088176638 0 0 0 -1 0 0 0 0 0 0
-2.345745086669922 -1.8749593496322632 -64.28699493408203 -0.06417124680425844 0.9979389014782354 0 0 0 -1 0 0 0 0 0 0
-2.7165164947509766 -1.7757924795150757 -64.70460510253906 0.5537832942648925 0.8326608331086092 0 0 0 -1 0 0 0 0 0 0
-2.9513301849365234 -1.47219979763031 -65.12220764160156 0.9451379703005987 0.32667142069067634 0 0 0 -1 0 0 0 0 0 0
-2.9541015625 -1.0884069204330444 -65.53981018066406 0.9497582170547402 -0.3129845509557953 0 0 0 -1 0 0 0 0 0 0
0.4122180640697479 -2.6700985431671143 -65.53981018066406 -0.980166839185572 0.1981740834745166 0 0 0 1 0 0 0 0 0 0
0.3749637305736542 -2.3133556842803955 -65.1500473022461 -0.9180761879152693 -0.3964039772542235 0 0 0 1 0 0 0 0 0 0
0.1408519297838211 -2.0416080951690674 -64.76028442382812 -0.5278885098670743 -0.8493136765355426 0 0 0 1 0 0 0 0 0 0
-0.20645146071910858 -1.951978087425232 -64.37052154541016 0.05094878329406802 -0.9987012673872273 0 0 0 1 0 0 0 0 0 0
-0.5428314805030823 -2.0764896869659424 -63.98075485229492 0.6115851729161711 -0.7911785994761847 0 0 0 1 0 0 0 0 0 0
-0.7480717301368713 -2.3706486225128174 -63.59099197387695 0.9536513233616284 -0.30091386383916363 0 0 0 1 0 0 0 0 0 0
-0.7488289475440979 -2.7293293476104736 -63.201229095458984 0.9549129919994935 0.2968857991056079 0 0 0 1 0 0 0 0 0 0
-0.5448322892189026 -3.0243542194366455 -62.811466217041016 0.6149142369757082 0.7885939900636972 0 0 0 1 0 0 0 0 0 0
-0.20898060500621796 -3.150285005569458 -62.42170333862305 0.0551611844157076 0.9984774628071764 0 0 0 1 0 0 0 0 0 0
0.13869662582874298 -3.062119722366333 -62.03194046020508 -0.524293964222235 0.8515373386294542 0 0 0 1 0 0 0 0 0 0
0.37395474314689636 -2.7913639545440674 -61.64217758178711 -0.9163957525051475 0.40027343752805306 0 0 0 1 0 0 0 0 0 0
0.412715882062912 -2.434781312942505 -61.25241470336914 -0.9809972372128725 -0.19402170131382485 0 0 0 1 0 0 0 0 0 0
0.24112887680530548 -2.1198017597198486 -60.86265182495117 -0.6950197719084682 -0.7189906234828801 0 0 0 1 0 0 0 0 0 0
-0.0794868916273117 -1.9589933156967163 -60.4728889465332 -0.1606607876951082 -0.9870096814607177 0 0 0 1 0 0 0 0 0 0
-0.43455126881599426 -2.0098202228546143 -60.083126068115234 0.4311156316658974 -0.9022966874223326 0 0 0 1 0 0 0 0 0 0
-0.6971741318702698 -2.2541210651397705 -59.693363189697266 0.8688211653288455 -0.4951260270644507 0 0 0 1 0 0 0 0 0 0
-0.7735024094581604 -2.604588747024536 -59.3036003112793 0.9960331170709535 0.0889833113449951 0 0 0 1 0 0 0 0 0 0
-0.6362572312355042 -2.9359753131866455 -58.91383743286133 0.7672935047706351 0.6412960919394374 0 0 0 1 0 0 0 0 0 0
-0.3344879448413849 -3.1298534870147705 -58.52407455444336 0.26434325720449314 0.9644286611100477 0 0 0 1 0 0 0 0 0 0
0.023961979895830154 -3.1169369220733643 -58.13431167602539 -0.3330727652549827 0.9429011258055636 0 0 0 1 0 0 0 0 0 0
0.31099507212638855 -2.901841402053833 -57.74454879760742 -0.8114598638095224 0.5844081531140981 0 0 0 1 0 0 0 0 0 0
0.42403027415275574 -2.561436891555786 -57.35478591918945 -0.9998543796221936 0.017065156029720707 0 0 0 1 0 0 0 0 0 0
0.3226756751537323 -2.2173702716827393 -56.965023040771484 -0.8309318253627583 -0.5563742459885384 0 0 0 1 0 0 0 0 0 0
0.043149907141923904 -1.9926046133041382 -56.575260162353516 -0.36505467117935503 -0.9309860831667318 0 0 0 1 0 0 0 0 0 0
-0.3146515190601349 -1.9674657583236694 -56.18549728393555 0.23128381409811738 -0.9728863229258738 0 0 0 1 0 0 0 0 0 0
-0.622861921787262 -2.1509335041046143 -55.79573440551758 0.7449610548757103 -0.6671079573191052 0 0 0 1 0 0 0 0 0 0
-0.7713318467140198 -2.4774487018585205 -55.405975341796875 0.992417575708832 -0.12291198242728221 0 0 0 1 0 0 0 0 0 0
-0.7070065140724182 -2.8303158283233643 -55.016212463378906 0.8852047718234041 0.46520158204919604 0 0 0 1 0 0 0 0 0 0
-0.4528713524341583 -3.0834362506866455 -54.62644958496094 0.46164627501334005 0.8870640995814831 0 0 0 1 0 0 0 0 0 0
-0.0997486561536789 -3.146348237991333 -54.23668670654297 -0.12688849738410735 0.9919169870667621 0 0 0 1 0 0 0 0 0 0
0.22616572678089142 -2.9965717792510986 -53.846923828125 -0.6700766437620069 0.7422919179707161 0 0 0 1 0 0 0 0 0 0
0.4084014594554901 -2.6876308917999268 -53.45716094970703 -0.9738040819481995 0.2273886760175719 0 0 0 1 0 0 0 0 0 0
-2.948232650756836 -1.0714505910873413 -53.45716094970703 0.9399737900733004 -0.34124664683368666 0 0 0 -1 0 0 0 0 0 0
-2.690237045288086 -0.7600873708724976 -53.90688705444336 0.5099867521918525 -0.8601822554486962 0 0 0 -1 0 0 0 0 0 0
-2.293262481689453 -0.6831372976303101 -54.35661315917969 -0.15164025724283633 -0.9884357502555875 0 0 0 -1 0 0 0 0 0 0
-1.937612533569336 -0.8755506277084351 -54.806339263916016 -0.7443938490507803 -0.6677408161070914 0 0 0 -1 0 0 0 0 0 0
-1.7848224639892578 -1.2499364614486694 -55.256065368652344 -0.9990417190672033 -0.04376806556437202 0 0 0 -1 0 0 0 0 0 0
-1.9042854309082031 -1.6362508535385132 -55.70579147338867 -0.7999360432070536 0.6000852662565904 0 0 0 -1 0 0 0 0 0 0
-2.2417449951171875 -1.8590291738510132 -56.155517578125 -0.23750331982377615 0.9713867268357567 0 0 0 -1 0 0 0 0 0 0
-2.6439285278320312 -1.817090392112732 -56.60524368286133 0.4328038334488028 0.9014881262401747 0 0 0 -1 0 0 0 0 0 0
-2.9281654357910156 -1.529481291770935 -57.054969787597656 0.9065299495513918 0.42214150538220147 0 0 0 -1 0 0 0 0 0 0
-2.9653568267822266 -1.126832365989685 -57.504695892333984 0.9685182105911581 -0.24894271580687202 0 0 0 -1 0 0 0 0 0 0
-2.7386131286621094 -0.7920240163803101 -57.95442199707031 0.5906116692246527 -0.806955919598877 0 0 0 -1 0 0 0 0 0 0
-2.3509159088134766 -0.6771253347396851 -58.40414810180664 -0.05555452993845887 -0.9984556546003016 0 0 0 -1 0 0 0 0 0 0
-1.9783592224121094 -0.8343213796615601 -58.85387420654297 -0.6764802688894368 -0.7364607564583977 0 0 0 -1 0 0 0 0 0 0
-1.7901535034179688 -1.1922162771224976 -59.3036003112793 -0.9901563251925106 -0.1399658947074732 0 0 0 -1 0 0 0 0 0 0
-2.9656925201416016 1.1257463693618774 -59.3036003112793 0.9690749813668661 0.2467664492770599 0 0 0 1 0 0 0 0 0 0
-2.735706329345703 0.7875162363052368 -58.848876953125 0.5857658019882032 0.8104803669559905 0 0 0 1 0 0 0 0 0 0
-2.3423938751220703 0.6752649545669556 -58.3941535949707 -0.06975275907995108 0.9975643100074973 0 0 0 1 0 0 0 0 0 0
-1.9685306549072266 0.8411585092544556 -57.939430236816406 -0.6928573232509919 0.7210747046024224 0 0 0 1 0 0 0 0 0 0
-1.7878532409667969 1.2081094980239868 -57.48470687866211 -0.9939876201528103 0.109492515648115 0 0 0 1 0 0 0 0 0 0
-1.8843269348144531 1.6055856943130493 -57.02998352050781 -0.8331998115981367 -0.5529720372250566 0 0 0 1 0 0 0 0 0 0
-2.2131175994873047 1.8488794565200806 -56.575260162353516 -0.28521543508075575 -0.9584634346659737 0 0 0 1 0 0 0 0 0 0
-2.6214351654052734 1.8249307870864868 -56.12053680419922 0.3953149231131389 -0.9185456502341367 0 0 0 1 0 0 0 0 0 0
-2.919527053833008 1.5448671579360962 -55.66581726074219 0.8921334612222498 -0.45177194176664914 0 0 0 1 0 0 0 0 0 0
-2.968870162963867 1.1388345956802368 -55.21109390258789 0.9743719043693595 0.22494308608096364 0 0 0 1 0 0 0 0 0 0
-2.746532440185547 0.7955232858657837 -54.756370544433594 0.6038060594772556 0.7971312580363092 0 0 0 1 0 0 0 0 0 0
-2.355836868286133 0.6744753122329712 -54.3016471862793 -0.04735272295968375 0.998878230630893 0 0 0 1 0 0 0 0 0 0
-1.9783439636230469 0.8319383859634399 -53.846923828125 -0.6765066609095607 0.7364365130444013 0 0 0 1 0 0 0 0 0 0
-0.5265312790870667 3.0356738567352295 -53.846923828125 0.5844172409295861 -0.8114533187462173 0 0 0 -1 0 0 0 0 0 0
-0.17518047988414764 3.1488025188446045 -54.23668670654297 -0.0011724570922395459 -0.9999993126719472 0 0 0 -1 0 0 0 0 0 0
0.17590327560901642 3.03485369682312 -54.62644958496094 -0.5863095384457649 -0.8100871095922425 0 0 0 -1 0 0 0 0 0 0
0.39385220408439636 2.7369563579559326 -55.016212463378906 -0.9495581452185842 -0.3135910216333404 0 0 0 -1 0 0 0 0 0 0
0.3961810767650604 2.3678500652313232 -55.405975341796875 -0.9534391069870464 0.3015855919432223 0 0 0 -1 0 0 0 0 0 0
0.18200679123401642 2.067225217819214 -55.79573440551758 -0.5964757085519403 0.8026311289175498 0 0 0 -1 0 0 0 0 0 0
-0.16761212050914764 1.9488588571548462 -56.18549728393555 -0.01378331558940389 0.9999050055937128 0 0 0 -1 0 0 0 0 0 0
-0.5203610062599182 2.0575435161590576 -56.575260162353516 0.5741271111365186 0.818766181677062 0 0 0 -1 0 0 0 0 0 0
-0.7427406907081604 2.3521487712860107 -56.965023040771484 0.944761230052791 0.3277593906955792 0 0 0 -1 0 0 0 0 0 0
-0.750587522983551 2.7211825847625732 -57.35478591918945 0.9578400328830349 -0.28730205604315917 0 0 0 -1 0 0 0 0 0 0
-0.540931761264801 3.0249736309051514 -57.74454879760742 0.6084181727834346 -0.793616612116245 0 0 0 -1 0 0 0 0 0 0
2.451414108276367 0.8442713022232056 -57.74454879760742 -0.6982160272136922 0.7158871275151749 0 0 0 1 0 0 0 0 0 0
2.616762161254883 1.1373621225357056 -57.390220642089844 -0.9738013051517451 0.2274005674679767 0 0 0 1 0 0 0 0 0 0
2.5983219146728516 1.4733682870864868 -57.035888671875 -0.9430659122914252 -0.33260590053987626 0 0 0 1 0 0 0 0 0 0
2.401887893676758 1.7466036081314087 -56.68156051635742 -0.6156697333257681 -0.7880043016802494 0 0 0 1 0 0 0 0 0 0
2.089254379272461 1.871111512184143 -56.327232360839844 -0.09461583444743775 -0.9955138592062971 0 0 0 1 0 0 0 0 0 0
1.7587642669677734 1.8077303171157837 -55.972900390625 0.45619364104341353 -0.8898805323590089 0 0 0 1 0 0 0 0 0 0
1.5143756866455078 1.5763956308364868 -55.61857223510742 0.8635134612593697 -0.5043257897667568 0 0 0 1 0 0 0 0 0 0
1.4329586029052734 1.2498804330825806 -55.26424026489258 0.9992046823291284 0.03987483932940019 0 0 0 1 0 0 0 0 0 0
1.5401325225830078 0.9308878183364868 -54.909912109375 0.8205874354070578 0.5715210064836352 0 0 0 1 0 0 0 0 0 0
1.802175521850586 0.7197633981704712 -54.555580139160156 0.3838456778839947 0.923397257722686 0 0 0 1 0 0 0 0 0 0
2.136667251586914 0.6829172372817993 -54.20125198364258 -0.17364708156796566 0.9848079462834002 0 0 0 1 0 0 0 0 0 0
2.438383102416992 0.8319383859634399 -53.846923828125 -0.6765036184621784 0.7364393078914102 0 0 0 1 0 0 0 0 0 0
2.222169876098633 1.8430277109146118 -48.39024353027344 -0.31615034863183705 -0.9487091003358027 0 0 0 1 0 0 0 0 0 0
1.8978137969970703 1.8584924936294556 -48.00048065185547 0.22445223328798533 -0.9744850922266772 0 0 0 1 0 0 0 0 0 0
1.612905502319336 1.7027040719985962 -47.6107177734375 0.6992887962263242 -0.7148392682780784 0 0 0 1 0 0 0 0 0 0
1.4508914947509766 1.4212862253189087 -47.22095489501953 0.9693172592365289 -0.2458130406349181 0 0 0 1 0 0 0 0 0 0
1.4592266082763672 1.0966707468032837 -46.83119201660156 0.9554309534818153 0.2952146560196994 0 0 0 1 0 0 0 0 0 0
1.6354694366455078 0.8239351511001587 -46.441429138183594 0.6616847185501903 0.7497821905307938 0 0 0 1 0 0 0 0 0 0
2.472993850708008 -0.8688253164291382 -46.441429138183594 -0.7341789922747981 -0.6789559686035332 0 0 0 -1 0 0 0 0 0 0
2.6179752349853516 -1.1450475454330444 -46.792213439941406 -0.9758187146972597 -0.2185814174320143 0 0 0 -1 0 0 0 0 0 0
2.6046810150146484 -1.4567197561264038 -47.143001556396484 -0.9536657170020943 0.3008682439455542 0 0 0 -1 0 0 0 0 0 0
2.4367122650146484 -1.7195905447006226 -47.4937858581543 -0.6737208815740295 0.7389859090206744 0 0 0 -1 0 0 0 0 0 0
2.1594715118408203 -1.8626035451889038 -47.844573974609375 -0.2116502868105517 0.9773454640468802 0 0 0 -1 0 0 0 0 0 0
1.8479022979736328 -1.8471006155014038 -48.19536209106445 0.30763178561555465 0.951505483157604 0 0 0 -1 0 0 0 0 0 0
1.5862293243408203 -1.6772664785385132 -48.546146392822266 0.7437570151925422 0.6684500746891128 0 0 0 -1 0 0 0 0 0 0
1.4451885223388672 -1.3990148305892944 -48.896934509277344 0.9788260314536041 0.20469391820175784 0 0 0 -1 0 0 0 0 0 0
1.4629077911376953 -1.0875638723373413 -49.247718811035156 0.9492941177741875 -0.31438937316539034 0 0 0 -1 0 0 0 0 0 0
1.6345958709716797 -0.8271039724349976 -49.598506927490234 0.663143560819619 -0.7484922295812271 0 0 0 -1 0 0 0 0 0 0
1.9138431549072266 -0.6880429983139038 -49.94929504394531 0.19773407838610224 -0.9802556983995547 0 0 0 -1 0 0 0 0 0 0
2.225160598754883 -0.7079747915267944 -50.300079345703125 -0.3211276316475011 -0.9470359255025476 0 0 0 -1 0 0 0 0 0 0
2.4843921661376953 -0.8815091848373413 -50.6508674621582 -0.7531810518315969 -0.6578132737805232 0 0 0 -1 0 0 0 0 0 0
2.6214656829833984 -1.1617368459701538 -51.001651763916016 -0.9816354126887584 -0.19076665472605764 0 0 0 -1 0 0 0 0 0 0
2.5993213653564453 -1.4729055166244507 -51.352439880371094 -0.9447332817030756 0.32783994027960844 0 0 0 -1 0 0 0 0 0 0
2.423948287963867 -1.7309011220932007 -51.70322799682617 -0.6524474327488065 0.7578339841281148 0 0 0 -1 0 0 0 0 0 0
2.142751693725586 -1.8659757375717163 -52.054012298583984 -0.18378044368265134 0.9829673181341321 0 0 0 -1 0 0 0 0 0 0
1.8317508697509766 -1.8416227102279663 -52.40480041503906 0.3345496732387271 0.9423781173901805 0 0 0 -1 0 0 0 0 0 0
1.5750102996826172 -1.6644223928451538 -52.755584716796875 0.7624564667953543 0.6470395167545372 0 0 0 -1 0 0 0 0 0 0
1.441934585571289 -1.382275938987732 -53.10637283325195 0.9842468359125129 0.17679979071313057 0 0 0 -1 0 0 0 0 0 0
1.468496322631836 -1.0714505910873413 -53.45716094970703 0.9399737900733004 -0.34124664683368666 0 0 0 -1 0 0 0 0 0 0
2.6167659759521484 1.1373697519302368 -53.45716094970703 -0.9738037896202347 0.22738992792397283 0 0 0 1 0 0 0 0 0 0
2.6102161407470703 1.4357362985610962 -53.123077392578125 -0.962890806127212 -0.26989126602335195 0 0 0 1 0 0 0 0 0 0
2.4607372283935547 1.6940370798110962 -52.78899383544922 -0.7137620887368181 -0.7003882356822213 0 0 0 1 0 0 0 0 0 0
2.2053050994873047 1.848375916481018 -52.45491027832031 -0.28804157450075185 -0.9576179046776058 0 0 0 1 0 0 0 0 0 0
1.907114028930664 1.8605600595474243 -52.12083053588867 0.20894365877388327 -0.9779276800756707 0 0 0 1 0 0 0 0 0 0
1.639944076538086 1.7275797128677368 -51.786746978759766 0.6542301670543508 -0.7562955034350238 0 0 0 1 0 0 0 0 0 0
1.4698848724365234 1.4823328256607056 -51.45266342163086 0.937660895255583 -0.3475515005125124 0 0 0 1 0 0 0 0 0 0
1.439016342163086 1.1854959726333618 -51.11858367919922 0.989109647257035 0.147180520800356 0 0 0 1 0 0 0 0 0 0
1.554971694946289 0.9105058908462524 -50.78450012207031 0.7958531409121586 0.60548970106869 0 0 0 1 0 0 0 0 0 0
1.7890644073486328 0.7253977060317993 -50.450416564941406 0.40570120166305906 0.9140057630940572 0 0 0 1 0 0 0 0 0 0
2.0833797454833984 0.6759668588638306 -50.1163330078125 -0.08482163459802791 0.9963961512892944 0 0 0 1 0 0 0 0 0 0
2.365102767944336 0.7744394540786743 -49.78225326538086 -0.5543635609408905 0.8322746195222679 0 0 0 1 0 0 0 0 0 0
2.564535140991211 0.9964586496353149 -49.44816970825195 -0.8867534336806357 0.46224273694196893 0 0 0 1 0 0 0 0 0 0
2.632333755493164 1.2870928049087524 -49.11408615112305 -0.9997547094364957 -0.02214770777186576 0 0 0 1 0 0 0 0 0 0
2.551729202270508 1.5744386911392212 -48.780006408691406 -0.8654114340890511 -0.5010619220694507 0 0 0 1 0 0 0 0 0 0
-0.7250233292579651 2.307051420211792 -48.780006408691406 0.915234625680886 0.40292130739732346 0 0 0 -1 0 0 0 0 0 0
-0.7669792771339417 2.6517741680145264 -49.169769287109375 0.985163793185091 -0.1716167258665757 0 0 0 -1 0 0 0 0 0 0
-0.6109276413917542 2.9620044231414795 -49.559532165527344 0.7250709026437584 -0.6886742235189038 0 0 0 -1 0 0 0 0 0 0
-0.3091430962085724 3.1338183879852295 -49.94929504394531 0.2220991833222433 -0.9750240780450463 0 0 0 -1 0 0 0 0 0 0
0.037282902747392654 3.1096599102020264 -50.33905792236328 -0.35527835834419086 -0.9347605512067019 0 0 0 -1 0 0 0 0 0 0
0.3123016059398651 2.8976237773895264 -50.72882080078125 -0.8136394690098084 -0.5813697742998315 0 0 0 -1 0 0 0 0 0 0
0.42378613352775574 2.568739652633667 -51.11858367919922 -0.9994476369933244 -0.033232828776076306 0 0 0 -1 0 0 0 0 0 0
0.3343925178050995 2.2331759929656982 -51.50834655761719 -0.850456505274039 0.5260453712723537 0 0 0 -1 0 0 0 0 0 0
0.0740623027086258 2.003340482711792 -51.898109436035156 -0.41656817094262244 0.9091044818707681 0 0 0 -1 0 0 0 0 0 0
-0.269992858171463 1.9562288522720337 -52.287872314453125 0.15685082890720817 0.9876223050696666 0 0 0 -1 0 0 0 0 0 0
-0.5825234055519104 2.107619047164917 -52.677635192871094 0.6777366162718164 0.7353047524424338 0 0 0 -1 0 0 0 0 0 0
-0.7588348984718323 2.4067981243133545 -53.06739807128906 0.9715877108460841 0.23667978395474795 0 0 0 -1 0 0 0 0 0 0
-0.7398682236671448 2.7535464763641357 -53.45716094970703 0.9399780523206129 -0.3412349061212041 0 0 0 -1 0 0 0 0 0 0
-1.7999649047851562 1.1373697519302368 -53.45716094970703 -0.9738037896202347 0.22738992792397283 0 0 0 1 0 0 0 0 0 0
-1.8425559997558594 1.531817078590393 -53.011714935302734 -0.9028153032257836 -0.43002852028829003 0 0 0 1 0 0 0 0 0 0
-2.121988296508789 1.8134523630142212 -52.5662727355957 -0.4370964066108054 -0.8994146603919247 0 0 0 1 0 0 0 0 0 0
-2.5160884857177734 1.8591371774673462 -52.12083053588867 0.21973912080192062 -0.9755586700907327 0 0 0 1 0 0 0 0 0 0
-2.8525428771972656 1.6489015817642212 -51.675384521484375 0.7804943136481093 -0.625162879866493 0 0 0 1 0 0 0 0 0 0
-2.9842453002929688 1.2746607065200806 -51.229942321777344 0.9999989848187457 -0.001424907533190626 0 0 0 1 0 0 0 0 0 0
-2.8536148071289062 0.9000459909439087 -50.78450012207031 0.7822799420524259 0.6229270360663866 0 0 0 1 0 0 0 0 0 0
-2.517763137817383 0.6888452768325806 -50.33905792236328 0.22252395500626454 0.9749272226419622 0 0 0 1 0 0 0 0 0 0
-2.1710758209228516 -0.7153409719467163 -50.33905792236328 -0.35528325052826726 -0.9347586917991555 0 0 0 -1 0 0 0 0 0 0
-1.8599529266357422 -0.9844526052474976 -50.79378128051758 -0.873825243632077 -0.4862401089907548 0 0 0 -1 0 0 0 0 0 0
-1.7952728271484375 -1.3906949758529663 -51.248504638671875 -0.9816240891415406 0.19082491351246783 0 0 0 -1 0 0 0 0 0 0
-2.0074386596679688 -1.7431195974349976 -51.70322799682617 -0.6280087784029472 0.778206254311052 0 0 0 -1 0 0 0 0 0 0
-2.3967208862304688 -1.87606942653656 -52.15795135498047 0.020790029177040696 0.9997838639860206 0 0 0 -1 0 0 0 0 0 0
-2.780141830444336 -1.7270482778549194 -52.612674713134766 0.6598261279659658 0.7514183128281083 0 0 0 -1 0 0 0 0 0 0
-2.9774723052978516 -1.3661092519760132 -53.06739807128906 0.9887086797234701 0.14985041421188308 0 0 0 -1 0 0 0 0 0 0
0.400875061750412 -2.385819673538208 -53.06739807128906 -0.9612652596061106 -0.2756249275272403 0 0 0 1 0 0 0 0 0 0
0.2086448222398758 -2.090611696243286 -52.677635192871094 -0.6408771831980036 -0.7676434302827013 0 0 0 1 0 0 0 0 0 0
-0.1161385029554367 -1.9541791677474976 -52.287872314453125 -0.09957484861783748 -0.9950300746825368 0 0 0 1 0 0 0 0 0 0
-0.4615173637866974 -2.0235493183135986 -51.898109436035156 0.4760586782185292 -0.8794135175745404 0 0 0 1 0 0 0 0 0 0
-0.7084313035011292 -2.274808168411255 -51.50834655761719 0.8875824682131092 -0.46064884903875014 0 0 0 1 0 0 0 0 0 0
-0.771766722202301 -2.6213467121124268 -51.11858367919922 0.9931412589640454 0.11692065575984063 0 0 0 1 0 0 0 0 0 0
-0.6296902298927307 -2.943700075149536 -50.72882080078125 0.7563449056441851 0.6541730533322881 0 0 0 1 0 0 0 0 0 0
-0.3311767876148224 -3.130753755569458 -50.33905792236328 0.25882128756950906 0.9659252254190599 0 0 0 1 0 0 0 0 0 0
0.020870167762041092 -3.1180202960968018 -49.94929504394531 -0.32792547772649694 0.9447035942865089 0 0 0 1 0 0 0 0 0 0
0.30509182810783386 -2.9098942279815674 -49.559532165527344 -0.8016234769844849 0.5978292407931425 0 0 0 1 0 0 0 0 0 0
0.42351338267326355 -2.5781185626983643 -49.169769287109375 -0.9989929389487112 0.044867671330445696 0 0 0 1 0 0 0 0 0 0
0.3353137671947479 -2.237065553665161 -48.780006408691406 -0.8519925269804747 -0.5235539456153734 0 0 0 1 0 0 0 0 0 0
0.07089419662952423 -2.0042965412139893 -48.39024353027344 -0.411293300482027 -0.9115030559348669 0 0 0 1 0 0 0 0 0 0
-0.2785930931568146 -1.96005380153656 -48.00048065185547 0.17118517307269865 -0.9852388728222563 0 0 0 1 0 0 0 0 0 0
-0.5926743149757385 -2.1195919513702393 -47.6107177734375 0.6946574282296044 -0.7193407102378065 0 0 0 1 0 0 0 0 0 0
-0.7630787491798401 -2.4279110431671143 -47.22095489501953 0.978661781312328 -0.20547777933046907 0 0 0 1 0 0 0 0 0 0
-0.7310658097267151 -2.7787296772003174 -46.83119201660156 0.925304344510469 0.3792253552045951 0 0 0 1 0 0 0 0 0 0
-0.5076714158058167 -3.051114320755005 -46.441429138183594 0.5529785771862767 0.8331954711669051 0 0 0 1 0 0 0 0 0 0
-0.16990284621715546 -3.1511662006378174 -46.051666259765625 -0.00996315162601446 0.9999503665731 0 0 0 1 0 0 0 0 0 0
-2.3242568969726562 -0.6792043447494507 -46.051666259765625 -0.09998471208562766 -0.9949889734811909 0 0 0 -1 0 0 0 0 0 0
-1.9315624237060547 -0.8824018239974976 -46.53886795043945 -0.7544796631841442 -0.6563234247240763 0 0 0 -1 0 0 0 0 0 0
-1.7846965789794922 -1.2994474172592163 -47.02607345581055 -0.9992488265604738 0.03875284012193614 0 0 0 -1 0 0 0 0 0 0
-1.9634170532226562 -1.7038663625717163 -47.513275146484375 -0.7013869949710285 0.712780669831548 0 0 0 -1 0 0 0 0 0 0
-2.37066650390625 -1.8760427236557007 -48.00048065185547 -0.022635771691097668 0.9997437780951419 0 0 0 -1 0 0 0 0 0 0
-2.7852916717529297 -1.722474455833435 -48.4876823425293 0.6684060389230942 0.743796589889426 0 0 0 -1 0 0 0 0 0 0
-2.9821300506591797 -1.3265546560287476 -48.97488784790039 0.9964722113413212 0.08392336995460295 0 0 0 -1 0 0 0 0 0 0
-2.854290008544922 -0.9032911062240601 -49.46208953857422 0.7834029251093128 -0.6215141647059804 0 0 0 -1 0 0 0 0 0 0
-2.471193313598633 -0.6825307607650757 -49.94929504394531 0.14490835427962642 -0.9894450812753431 0 0 0 -1 0 0 0 0 0 0
-2.221750259399414 0.6962267160415649 -49.94929504394531 -0.2708268045745457 0.96262809117745 0 0 0 1 0 0 0 0 0 0
-1.8814373016357422 0.9464136362075806 -49.4815788269043 -0.8380151460605153 0.5456469691780328 0 0 0 1 0 0 0 0 0 0
-1.7903060913085938 1.3588510751724243 -49.01386260986328 -0.9899025408990236 -0.14174963676022923 0 0 0 1 0 0 0 0 0 0
-1.9935188293457031 1.7291399240493774 -48.546146392822266 -0.6512107569356208 -0.7588969297943797 0 0 0 1 0 0 0 0 0 0
-2.390371322631836 1.8737703561782837 -48.07843017578125 0.01020996104371772 -0.9999478769893386 0 0 0 1 0 0 0 0 0 0
-2.7841873168945312 1.721068024635315 -47.6107177734375 0.6665716512487674 -0.7454409659734913 0 0 0 1 0 0 0 0 0 0
-2.9798011779785156 1.3467127084732056 -47.143001556396484 0.9925889298274373 -0.12152043607567636 0 0 0 1 0 0 0 0 0 0
-2.880270004272461 0.9362207651138306 -46.67528533935547 0.8267061754520847 0.5626338947036404 0 0 0 1 0 0 0 0 0 0
-2.5349197387695312 0.6930299997329712 -46.20756912231445 0.25111907249501236 0.9679562032598606 0 0 0 1 0 0 0 0 0 0
-2.114898681640625 0.7376581430435181 -45.73985290527344 -0.448918181367939 0.8935728657682608 0 0 0 1 0 0 0 0 0 0
-1.8283615112304688 1.0479875802993774 -45.27214050292969 -0.9264763575873388 0.37635297106798216 0 0 0 1 0 0 0 0 0 0
-1.8173103332519531 1.4702287912368774 -44.80442428588867 -0.9448931283975575 -0.32737894847878796 0 0 0 1 0 0 0 0 0 0
-2.087221145629883 1.795122742652893 -44.336708068847656 -0.4950432374559867 -0.868868340457342 0 0 0 1 0 0 0 0 0 0
-2.504331588745117 1.86166250705719 -43.86899185180664 0.20014168744966268 -0.9797669646118925 0 0 0 1 0 0 0 0 0 0
-2.8619308471679688 1.63687002658844 -43.401275634765625 0.7961397086286756 -0.6051128525693761 0 0 0 1 0 0 0 0 0 0
-2.982799530029297 1.23214590549469 -42.933563232421875 0.997587006364624 0.06942740620582016 0 0 0 1 0 0 0 0 0 0
-2.807035446166992 0.8480669260025024 -42.46584701538086 0.7046482104822398 0.7095568331459977 0 0 0 1 0 0 0 0 0 0
-2.4217472076416016 0.6749750375747681 -41.998130798339844 0.062499126258128805 0.9980450186324114 0 0 0 1 0 0 0 0 0 0
-2.017873764038086 0.7986475229263306 -41.53041458129883 -0.6106169412062356 0.7919261020524204 0 0 0 1 0 0 0 0 0 0
-1.7955684661865234 1.1577974557876587 -41.06270217895508 -0.98112999230885 0.19334926478276454 0 0 0 1 0 0 0 0 0 0
-1.864999771118164 1.5744386911392212 -40.59498596191406 -0.8654114340890511 -0.5010619220694507 0 0 0 1 0 0 0 0 0 0
-2.9333877563476562 -1.5179494619369507 -40.59498596191406 0.91523461145068 0.4029213397211957 0 0 0 -1 0 0 0 0 0 0
-2.9608383178710938 -1.1102384328842163 -41.05561447143555 0.960985259019943 -0.27659958775524834 0 0 0 -1 0 0 0 0 0 0
-2.720844268798828 -0.7795079946517944 -41.51624298095703 0.56099921846211 -0.8278163304048198 0 0 0 -1 0 0 0 0 0 0
-2.3247222900390625 -0.6791585683822632 -41.976871490478516 -0.09921044655634526 -0.9950664738066954 0 0 0 -1 0 0 0 0 0 0
-1.9562110900878906 -0.8557370901107788 -42.4375 -0.7133896652044754 -0.7007675688696264 0 0 0 -1 0 0 0 0 0 0
-1.7862396240234375 -1.2273458242416382 -42.898128509521484 -0.9966797678118375 -0.0814213757838923 0 0 0 -1 0 0 0 0 0 0
-1.8936443328857422 -1.6216100454330444 -43.35875701904297 -0.8176718424752301 0.575684599431983 0 0 0 -1 0 0 0 0 0 0
-2.2286109924316406 -1.8556607961654663 -43.81938552856445 -0.2593944270118637 0.9657714694663468 0 0 0 -1 0 0 0 0 0 0
-2.6357650756835938 -1.820935606956482 -44.28001403808594 0.4191951348332227 0.9078961608753262 0 0 0 -1 0 0 0 0 0 0
-2.926258087158203 -1.53354012966156 -44.74064254760742 0.903349781296179 0.4289046195043201 0 0 0 -1 0 0 0 0 0 0
-2.965343475341797 -1.1267789602279663 -45.20127487182617 0.9684951747781474 -0.2490323200539354 0 0 0 -1 0 0 0 0 0 0
-2.734895706176758 -0.7893232107162476 -45.661903381347656 0.5844081687018399 -0.8114598525833314 0 0 0 -1 0 0 0 0 0 0
0.23002047836780548 -2.9930622577667236 -45.661903381347656 -0.6765036135078323 0.7364393124425431 0 0 0 1 0 0 0 0 0 0
0.40640828013420105 -2.695897340774536 -45.27214050292969 -0.970483410400708 0.24116788786447266 0 0 0 1 0 0 0 0 0 0
0.38963887095451355 -2.3507320880889893 -44.88237762451172 -0.9425335541077203 -0.33411150740593915 0 0 0 1 0 0 0 0 0 0
0.18527407944202423 -2.0720646381378174 -44.49261474609375 -0.6019208527197027 -0.7985557507533121 0 0 0 1 0 0 0 0 0 0
-0.13889507949352264 -1.9523404836654663 -44.10285186767578 -0.06164695516665525 -0.9980980176909883 0 0 0 1 0 0 0 0 0 0
-0.4753322899341583 -2.031266450881958 -43.71308898925781 0.49908547337458775 -0.8665527625404374 0 0 0 1 0 0 0 0 0 0
-0.7124367356300354 -2.2826664447784424 -43.323326110839844 0.8942577274508583 -0.4475523621817076 0 0 0 1 0 0 0 0 0 0
-0.771553099155426 -2.623143434524536 -42.933563232421875 0.9927840579619545 0.11991586324000053 0 0 0 1 0 0 0 0 0 0
-0.6330738663673401 -2.93975567817688 -42.543800354003906 0.7619822610709917 0.6475978951580517 0 0 0 1 0 0 0 0 0 0
-0.34293368458747864 -3.1274731159210205 -42.15403747558594 0.2784214328283511 0.960459007840422 0 0 0 1 0 0 0 0 0 0
0.002620655344799161 -3.124028444290161 -41.76427459716797 -0.2975025385377243 0.9547210270878137 0 0 0 1 0 0 0 0 0 0
0.28896138072013855 -2.9305660724639893 -41.37451171875 -0.7747358001234725 0.63228509393077 0 0 0 1 0 0 0 0 0 0
0.42110440135002136 -2.6112568378448486 -40.98474884033203 -0.9949771911095419 0.10010189394694846 0 0 0 1 0 0 0 0 0 0
0.35521313548088074 -2.2720234394073486 -40.59498596191406 -0.8851568667836004 -0.46529272634099866 0 0 0 1 0 0 0 0 0 0
0.11314578354358673 -2.0253994464874268 -40.205223083496094 -0.48170897870772694 -0.8763312500603632 0 0 0 1 0 0 0 0 0 0
-0.22479824721813202 -1.9531949758529663 -39.815460205078125 0.0815281951173159 -0.9966710356987972 0 0 0 1 0 0 0 0 0 0
-0.5465145707130432 -2.0793583393096924 -39.425697326660156 0.61771754419294 -0.7864000480647513 0 0 0 1 0 0 0 0 0 0
-0.7452850937843323 -2.3620426654815674 -39.03593444824219 0.9490042619782081 -0.3152632403995058 0 0 0 1 0 0 0 0 0 0
-0.7551727890968323 -2.707474946975708 -38.64617156982422 0.9654832080388159 0.26046530478180085 0 0 0 1 0 0 0 0 0 0
-0.5728970170021057 -3.0010616779327393 -38.25640869140625 0.661696641533942 0.7497716682982238 0 0 0 1 0 0 0 0 0 0
2.472993850708008 -0.8688253164291382 -38.25640869140625 -0.7341789922747981 -0.6789559686035332 0 0 0 -1 0 0 0 0 0 0
2.613191604614258 -1.1252835988998413 -38.59048843383789 -0.9678508632391872 -0.2515247632483927 0 0 0 -1 0 0 0 0 0 0
2.6155948638916016 -1.4175504446029663 -38.9245719909668 -0.9718521296786174 0.2355916765064836 0 0 0 -1 0 0 0 0 0 0
2.4796276092529297 -1.6762746572494507 -39.2586555480957 -0.7452419003980928 0.6667942035523696 0 0 0 -1 0 0 0 0 0 0
2.2375545501708984 -1.8400624990463257 -39.592735290527344 -0.3417872046407495 0.9397773708404892 0 0 0 -1 0 0 0 0 0 0
1.9468212127685547 -1.8700498342514038 -39.92681884765625 0.1427705043154053 0.9897558199361723 0 0 0 -1 0 0 0 0 0 0
1.676412582397461 -1.7591222524642944 -40.260902404785156 0.5934493050686045 0.8048713700421891 0 0 0 -1 0 0 0 0 0 0
1.490499496459961 -1.5335973501205444 -40.59498596191406 0.9033067443403456 0.4289952512898543 0 0 0 -1 0 0 0 0 0 0
1.4331951141357422 -1.246991515159607 -40.9290657043457 0.9988143079457141 -0.04868242231981009 0 0 0 -1 0 0 0 0 0 0
1.5180950164794922 -0.9673169851303101 -41.26314926147461 0.8573107187532576 -0.5147993118786901 0 0 0 -1 0 0 0 0 0 0
1.725057601928711 -0.7609380483627319 -41.597232818603516 0.5123773105746967 -0.858760439009763 0 0 0 -1 0 0 0 0 0 0
2.004972457885742 -0.6768277883529663 -41.93131637573242 0.04584381490151311 -0.9989486196172833 0 0 0 -1 0 0 0 0 0 0
2.291410446166992 -0.7349447011947632 -42.26539611816406 -0.4315456157129704 -0.9020911159960024 0 0 0 -1 0 0 0 0 0 0
2.516408920288086 -0.9214948415756226 -42.59947967529297 -0.806540875866177 -0.5911783280508685 0 0 0 -1 0 0 0 0 0 0
2.626577377319336 -1.1922162771224976 -42.933563232421875 -0.9901564350911978 -0.13996511725244404 0 0 0 -1 0 0 0 0 0 0
1.4510364532470703 1.1257463693618774 -42.933563232421875 0.9690753229690029 0.2467651077695605 0 0 0 1 0 0 0 0 0 0
1.6021785736083984 0.8556658029556274 -42.5925178527832 0.7171766755032614 0.6968913947768977 0 0 0 1 0 0 0 0 0 0
1.867818832397461 0.6968408823013306 -42.2514762878418 0.2744440121480436 0.9616030803798854 0 0 0 1 0 0 0 0 0 0
2.1772708892822266 0.6915346384048462 -41.91043472290039 -0.24131314604145795 0.9704473017879816 0 0 0 1 0 0 0 0 0 0
2.4481983184814453 0.8411585092544556 -41.569393157958984 -0.6928573232509919 0.7210747046024224 0 0 0 1 0 0 0 0 0 0
2.608510971069336 1.1059023141860962 -41.22834777832031 -0.9600492442153153 0.27983110742303413 0 0 0 1 0 0 0 0 0 0
2.6155529022216797 1.4153238534927368 -40.887306213378906 -0.9717841311427178 -0.23587200439898118 0 0 0 1 0 0 0 0 0 0
2.4674510955810547 1.6870867013931274 -40.5462646484375 -0.724945087643418 -0.6888066636594603 0 0 0 1 0 0 0 0 0 0
2.203611373901367 1.8488794565200806 -40.205223083496094 -0.28521543508075575 -0.9584634346659737 0 0 0 1 0 0 0 0 0 0
1.894235610961914 1.8576570749282837 -39.86417770385742 0.23042053336625654 -0.9730911456812305 0 0 0 1 0 0 0 0 0 0
1.6216487884521484 1.7110849618911743 -39.523136138916016 0.6847222378631878 -0.7288041279902496 0 0 0 1 0 0 0 0 0 0
1.4583721160888672 1.4481569528579712 -39.18209457397461 0.9568477697737862 -0.2905896513624176 0 0 0 1 0 0 0 0 0 0
1.4478588104248047 1.1388345956802368 -38.8410530090332 0.9743719043693595 0.22494308608096364 0 0 0 1 0 0 0 0 0 0
1.592905044555664 0.8654276132583618 -38.50000762939453 0.732630430006092 0.6806266620028111 0 0 0 1 0 0 0 0 0 0
1.854909896850586 0.7006822824478149 -38.158966064453125 0.2959538253979204 0.9552022472923404 0 0 0 1 0 0 0 0 0 0
2.1641674041748047 0.6884332895278931 -37.81792449951172 -0.21948149244055595 0.9756166636933106 0 0 0 1 0 0 0 0 0 0
2.438383102416992 0.8319383859634399 -37.47688293457031 -0.6765036184621784 0.7364393078914102 0 0 0 1 0 0 0 0 0 0
-0.5265312790870667 3.0356738567352295 -37.47688293457031 0.5844172409295861 -0.8114533187462173 0 0 0 -1 0 0 0 0 0 0
-0.19133763015270233 3.148604154586792 -37.86664581298828 0.025760247719873456 -0.9996681497564134 0 0 0 -1 0 0 0 0 0 0
0.1492290049791336 3.0530879497528076 -38.25640869140625 -0.5418481501095164 -0.8404764019429068 0 0 0 -1 0 0 0 0 0 0
0.3768100440502167 2.782320737838745 -38.64617156982422 -0.9211533613785048 -0.3891998006436817 0 0 0 -1 0 0 0 0 0 0
0.412319153547287 2.4303996562957764 -39.03593444824219 -0.980334369568321 0.19734366937675665 0 0 0 -1 0 0 0 0 0 0
0.24341388046741486 2.1196277141571045 -39.425697326660156 -0.6988263758804117 0.7152913367110282 0 0 0 -1 0 0 0 0 0 0
-0.07120518386363983 1.9580026865005493 -39.815460205078125 -0.17446080610734468 0.9846641189422795 0 0 0 -1 0 0 0 0 0 0
-0.42220309376716614 2.0016963481903076 -40.205223083496094 0.41053354857277086 0.9118454943115354 0 0 0 -1 0 0 0 0 0 0
-0.687599241733551 2.235518217086792 -40.59498596191406 0.8528587714221856 0.5221416627776796 0 0 0 -1 0 0 0 0 0 0
-0.7751598954200745 2.5782153606414795 -40.98474884033203 0.9987978448584076 -0.04901902800138423 0 0 0 -1 0 0 0 0 0 0
-0.6544590592384338 2.9106929302215576 -41.37451171875 0.7976275692834536 -0.6031502803770962 0 0 0 -1 0 0 0 0 0 0
-0.36744120717048645 3.1173999309539795 -41.76427459716797 0.3192638949874672 -0.9476658511086233 0 0 0 -1 0 0 0 0 0 0
-0.013853115029633045 3.126509428024292 -42.15403747558594 -0.27004856808322136 -0.9628467016489187 0 0 0 -1 0 0 0 0 0 0
0.2834281623363495 2.9348514080047607 -42.543800354003906 -0.7655180796626704 -0.6434143841332564 0 0 0 -1 0 0 0 0 0 0
0.42108723521232605 2.609034299850464 -42.933563232421875 -0.9949489337944936 -0.10038236469221261 0 0 0 -1 0 0 0 0 0 0
0.3512859046459198 2.262282133102417 -43.323326110839844 -0.8786140789836595 0.47753251220382437 0 0 0 -1 0 0 0 0 0 0
0.09828181564807892 2.0151050090789795 -43.71308898925781 -0.4569391680858748 0.8894979464107766 0 0 0 -1 0 0 0 0 0 0
-0.2500000298023224 1.95339834690094 -44.10285186767578 0.12352922633009582 0.992340934478815 0 0 0 -1 0 0 0 0 0 0
-0.5725250840187073 2.0986087322235107 -44.49261474609375 0.6610680429844055 0.7503259575309708 0 0 0 -1 0 0 0 0 0 0
-0.7572079300880432 2.40027117729187 -44.88237762451172 0.9688749017548959 0.24755085285541062 0 0 0 -1 0 0 0 0 0 0
-0.7398644089698792 2.753554105758667 -45.27214050292969 0.9399695480821925 -0.3412583312948699 0 0 0 -1 0 0 0 0 0 0
-0.5265255570411682 3.035677671432495 -45.661903381347656 0.5844098531750643 -0.8114586394338897 0 0 0 -1 0 0 0 0 0 0
-0.19133000075817108 3.148604154586792 -46.051666259765625 0.025749035540158047 -0.9996684386179007 0 0 0 -1 0 0 0 0 0 0
0.14923472702503204 3.053084135055542 -46.441429138183594 -0.5418611852212919 -0.8404679981716001 0 0 0 -1 0 0 0 0 0 0
0.3768138587474823 2.782313108444214 -46.83119201660156 -0.9211582334631108 -0.38918826925168337 0 0 0 -1 0 0 0 0 0 0
0.4123172461986542 2.430392026901245 -47.22095489501953 -0.9803321989154288 0.19735445211507235 0 0 0 -1 0 0 0 0 0 0
0.24341006577014923 2.119623899459839 -47.6107177734375 -0.6988178972823891 0.715299620045908 0 0 0 -1 0 0 0 0 0 0
-0.07121281325817108 1.9580026865005493 -48.00048065185547 -0.1744499278595744 0.9846660462663416 0 0 0 -1 0 0 0 0 0 0
-0.4222088158130646 2.0017001628875732 -48.39024353027344 0.41054707734906987 0.9118394032285164 0 0 0 -1 0 0 0 0 0 0
1.786153793334961 -1.8233007192611694 -32.02020263671875 0.4105517416650817 0.9118373031499468 0 0 0 -1 0 0 0 0 0 0
1.5302371978759766 -1.6044477224349976 -32.38560485839844 0.8370783063312853 0.5470830915588114 0 0 0 -1 0 0 0 0 0 0
1.4325122833251953 -1.2822011709213257 -32.751007080078125 0.9999499195754444 0.010007913921585374 0 0 0 -1 0 0 0 0 0 0
1.5237674713134766 -0.9580663442611694 -33.11640930175781 0.8478602353209385 -0.5302197859015854 0 0 0 -1 0 0 0 0 0 0
1.7752552032470703 -0.7341321706771851 -33.4818115234375 0.4287050290393667 -0.9034445185379985 0 0 0 -1 0 0 0 0 0 0
2.1077632904052734 -0.6809400320053101 -33.84721374511719 -0.12547073578946794 -0.9920973210630344 0 0 0 -1 0 0 0 0 0 0
2.4165592193603516 -0.8152364492416382 -34.212615966796875 -0.6401281155738708 -0.7682681795127564 0 0 0 -1 0 0 0 0 0 0
2.604379653930664 -1.0947240591049194 -34.57801818847656 -0.9531615477495626 -0.30246167342600355 0 0 0 -1 0 0 0 0 0 0
2.612070083618164 -1.4313749074935913 -34.943424224853516 -0.9659780386272406 0.25862410732541813 0 0 0 -1 0 0 0 0 0 0
2.4372005462646484 -1.71914803981781 -35.3088264465332 -0.6745247150774625 0.7382522663356126 0 0 0 -1 0 0 0 0 0 0
2.134855270385742 -1.8673986196517944 -35.67422866821289 -0.17061810589702653 0.9853372325960849 0 0 0 -1 0 0 0 0 0 0
1.8002643585205078 -1.82943856716156 -36.03963088989258 0.3870335275415722 0.9220656422179102 0 0 0 -1 0 0 0 0 0 0
1.5388164520263672 -1.61721932888031 -36.405033111572266 0.8227746018399267 0.5683677986719078 0 0 0 -1 0 0 0 0 0 0
1.4328632354736328 -1.2975858449935913 -36.77043533325195 0.9993645254731586 0.035644708244116904 0 0 0 -1 0 0 0 0 0 0
1.5157756805419922 -0.9712156057357788 -37.13583755493164 0.8611761435186264 -0.5083066494099663 0 0 0 -1 0 0 0 0 0 0
1.7614383697509766 -0.7409070730209351 -37.50123977661133 0.4517361082702392 -0.8921516062222042 0 0 0 -1 0 0 0 0 0 0
2.0924739837646484 -0.6792043447494507 -37.86664581298828 -0.09999026586935489 -0.9949884153754636 0 0 0 -1 0 0 0 0 0 0
-0.16990284621715546 -3.1511662006378174 -37.86664581298828 -0.00996315162601446 0.9999503665731 0 0 0 1 0 0 0 0 0 0
0.16148753464221954 -3.0473644733428955 -37.47688293457031 -0.5622800923418889 0.8269468530419574 0 0 0 1 0 0 0 0 0 0
0.3798637092113495 -2.7773525714874268 -37.087120056152344 -0.9262432959432134 0.3769261953224433 0 0 0 1 0 0 0 0 0 0
0.412075012922287 -2.431584596633911 -36.697357177734375 -0.9799280463753303 -0.19935150846439245 0 0 0 1 0 0 0 0 0 0
0.2473277598619461 -2.125882387161255 -36.307594299316406 -0.705348713619952 -0.7088604885269588 0 0 0 1 0 0 0 0 0 0
-0.05918697640299797 -1.9626554250717163 -35.91783142089844 -0.1944934043026082 -0.9809038259089329 0 0 0 1 0 0 0 0 0 0
-0.40479281544685364 -1.9965795278549194 -35.52806854248047 0.38151752805134115 -0.924361604454444 0 0 0 1 0 0 0 0 0 0
-0.6737175583839417 -2.216294527053833 -35.1383056640625 0.8297266251161873 -0.5581699808958754 0 0 0 1 0 0 0 0 0 0
-0.7758751511573792 -2.5481960773468018 -34.74854278564453 0.9999874800334924 -0.005003976045702526 0 0 0 1 0 0 0 0 0 0
-0.6770439743995667 -2.88110089302063 -34.35877990722656 0.8352726300976615 0.5498360059233437 0 0 0 1 0 0 0 0 0 0
-0.41033175587654114 -3.1034939289093018 -33.969017028808594 0.39075239648462745 0.9204958254340542 0 0 0 1 0 0 0 0 0 0
-0.0650825947523117 -3.1408779621124268 -33.579254150390625 -0.1846651649813193 0.9828014941189407 0 0 0 1 0 0 0 0 0 0
0.24304957687854767 -2.9807255268096924 -33.189491271972656 -0.6982245054360618 0.7158788584729732 0 0 0 1 0 0 0 0 0 0
-2.749298095703125 -0.8000272512435913 -33.189491271972656 0.6084216508062205 -0.7936139457130486 0 0 0 -1 0 0 0 0 0 0
-2.382863998413086 -0.6761983633041382 -33.62797164916992 -0.0023056407429950703 -0.9999973420068496 0 0 0 -1 0 0 0 0 0 0
-2.0170059204101562 -0.8017133474349976 -34.06645584106445 -0.6120661516735107 -0.7908065667251246 0 0 0 -1 0 0 0 0 0 0
-1.803762435913086 -1.1244100332260132 -34.504940032958984 -0.9674712751849798 -0.25298089195026 0 0 0 -1 0 0 0 0 0 0
-1.8317527770996094 -1.5101865530014038 -34.943424224853516 -0.9208213166539759 0.3899847468756159 0 0 0 -1 0 0 0 0 0 0
-2.089344024658203 -1.7987226247787476 -35.38190460205078 -0.4915072241716353 0.8708734974650991 0 0 0 -1 0 0 0 0 0 0
-2.4694900512695312 -1.8701108694076538 -35.82038879394531 0.14207475936966538 0.9898559302999865 0 0 0 -1 0 0 0 0 0 0
-2.814208984375 -1.694684386253357 -36.258872985839844 0.7166069445664696 0.6974772304520835 0 0 0 -1 0 0 0 0 0 0
-2.9802494049072266 -1.3453458547592163 -36.697357177734375 0.9933366548682695 0.11524881819401211 0 0 0 -1 0 0 0 0 0 0
-2.8986053466796875 -0.9672712087631226 -37.13583755493164 0.8572611856451825 -0.5148817918573307 0 0 0 -1 0 0 0 0 0 0
-2.603208541870117 -0.7175801992416382 -37.57432174682617 0.3649409919959605 -0.9310306506023334 0 0 0 -1 0 0 0 0 0 0
-2.216817855834961 -0.7000325918197632 -38.0128059387207 -0.2790520190194562 -0.9602759867252565 0 0 0 -1 0 0 0 0 0 0
-1.9000053405761719 -0.9219220876693726 -38.451290130615234 -0.8070672304433258 -0.5904595545374294 0 0 0 -1 0 0 0 0 0 0
-1.7844295501708984 -1.2910436391830444 -38.8897705078125 -0.9996939355640648 0.02473934510918681 0 0 0 -1 0 0 0 0 0 0
-1.9181232452392578 -1.653993010520935 -39.32825469970703 -0.7768718879457807 0.6296586930389816 0 0 0 -1 0 0 0 0 0 0
-2.245523452758789 -1.8599408864974976 -39.76673889160156 -0.23120439001761517 0.9729052009505256 0 0 0 -1 0 0 0 0 0 0
-2.630575180053711 -1.8233007192611694 -40.205223083496094 0.41054707734906987 0.9118394032285164 0 0 0 -1 0 0 0 0 0 0
-2.194561004638672 1.8430277109146118 -40.205223083496094 -0.3161452994525382 -0.9487107829228382 0 0 0 1 0 0 0 0 0 0
-2.5766353607177734 1.842119812965393 -39.78547668457031 0.3206505334476018 -0.9471975693590902 0 0 0 1 0 0 0 0 0 0
-2.880695343017578 1.6107584238052368 -39.36573028564453 0.8274146097954242 -0.5615915450726499 0 0 0 1 0 0 0 0 0 0
-2.9834423065185547 1.242754578590393 -38.945987701416016 0.998660315694032 0.05174527860487786 0 0 0 1 0 0 0 0 0 0
-2.8432140350341797 0.8873430490493774 -38.526241302490234 0.7649437831893195 0.6440970490229023 0 0 0 1 0 0 0 0 0 0
-2.5168704986572266 0.6886430978775024 -38.10649871826172 0.22104010653780706 0.9752647185773484 0 0 0 1 0 0 0 0 0 0
-2.136747360229492 0.7272287607192993 -37.68675231933594 -0.4125011412797367 0.910957083754726 0 0 0 1 0 0 0 0 0 0
-1.8569869995117188 0.9874521493911743 -37.26700973510742 -0.8787662520886613 0.47725242187970895 0 0 0 1 0 0 0 0 0 0
-1.7910327911376953 1.3637911081314087 -36.84726333618164 -0.9886883452625778 -0.1499845190076161 0 0 0 1 0 0 0 0 0 0
-1.9656314849853516 1.70364248752594 -36.427520751953125 -0.6976904908594633 -0.7163993153013766 0 0 0 1 0 0 0 0 0 0
-2.3099803924560547 1.869188904762268 -36.007774353027344 -0.12377512501704949 -0.9923102934198627 0 0 0 1 0 0 0 0 0 0
-2.6844444274902344 1.79330313205719 -35.58803176879883 0.5003306837869599 -0.8658343992134252 0 0 0 1 0 0 0 0 0 0
-2.9371776580810547 1.5067583322525024 -35.16828536987305 0.9215510869909749 -0.38825712365100606 0 0 0 1 0 0 0 0 0 0
-2.9656925201416016 1.1257463693618774 -34.74854278564453 0.9690749813668661 0.2467664492770599 0 0 0 1 0 0 0 0 0 0
0.4182109534740448 2.632784605026245 -34.74854278564453 -0.990156326051101 -0.1399658886335726 0 0 0 -1 0 0 0 0 0 0
0.3605155646800995 2.2799556255340576 -35.1383056640625 -0.8939936993497511 0.44807953035476483 0 0 0 -1 0 0 0 0 0 0
0.11237330734729767 2.0225818157196045 -35.52806854248047 -0.4804282559085233 0.877034030653711 0 0 0 -1 0 0 0 0 0 0
-0.23811154067516327 1.9520364999771118 -35.91783142089844 0.1037140332111853 0.994607158286662 0 0 0 -1 0 0 0 0 0 0
-0.5665035843849182 2.0933749675750732 -36.307594299316406 0.651035320208031 0.7590474371484477 0 0 0 -1 0 0 0 0 0 0
-0.7562065720558167 2.396406888961792 -36.697357177734375 0.9672067372050966 0.25399040829344555 0 0 0 -1 0 0 0 0 0 0
-0.7398682236671448 2.7535464763641357 -37.087120056152344 0.9399780523206129 -0.3412349061212041 0 0 0 -1 0 0 0 0 0 0
2.6167659759521484 1.1373697519302368 -37.087120056152344 -0.9738037896202347 0.22738992792397283 0 0 0 1 0 0 0 0 0 0
2.6010684967041016 1.4653955698013306 -36.725196838378906 -0.9476448914856309 -0.31932610234866027 0 0 0 1 0 0 0 0 0 0
2.415040969848633 1.7360254526138306 -36.36327362060547 -0.637596186595095 -0.770370756739502 0 0 0 1 0 0 0 0 0 0
2.1144046783447266 1.868181824684143 -36.00135040283203 -0.1365329886668646 -0.990635524805008 0 0 0 1 0 0 0 0 0 0
1.7892284393310547 1.8222795724868774 -35.639427185058594 0.40542525282710645 -0.9141281990892071 0 0 0 1 0 0 0 0 0 0
1.5369243621826172 1.6120668649673462 -35.277503967285156 0.8259262396892562 -0.5637781891779475 0 0 0 1 0 0 0 0 0 0
1.4330768585205078 1.3005167245864868 -34.91558074951172 0.9990085130466057 -0.04451955593231131 0 0 0 1 0 0 0 0 0 0
1.508798599243164 0.9809633493423462 -34.55366134643555 0.8728048903410105 0.4880692813492943 0 0 0 1 0 0 0 0 0 0
1.7413997650146484 0.7491403818130493 -34.19173812866211 0.48514272529027747 0.87443498105801 0 0 0 1 0 0 0 0 0 0
2.0612049102783203 0.6744905710220337 -33.82981491088867 -0.047874322598646005 0.9988533672345109 0 0 0 1 0 0 0 0 0 0
2.372404098510742 0.7793794870376587 -33.467891693115234 -0.5665354891770897 0.8240373410852666 0 0 0 1 0 0 0 0 0 0
2.5817737579345703 1.0323892831802368 -33.1059684753418 -0.9154855173814167 0.40235092576615256 0 0 0 1 0 0 0 0 0 0
2.626585006713867 1.3577181100845337 -32.74404525756836 -0.9901706439374187 -0.13986456264743252 0 0 0 1 0 0 0 0 0 0
2.4934215545654297 1.6579080820083618 -32.38212203979492 -0.7682323152108711 -0.6401711566961954 0 0 0 1 0 0 0 0 0 0
2.222169876098633 1.8430277109146118 -32.02020263671875 -0.31615034863183705 -0.9487091003358027 0 0 0 1 0 0 0 0 0 0
1.6674327850341797 -0.8000272512435913 -25.004470825195312 0.6084145843104833 -0.7936193631699656 0 0 0 -1 0 0 0 0 0 0
1.9366626739501953 -0.6838964223861694 -25.335769653320312 0.15969945580310652 -0.9871656820494681 0 0 0 -1 0 0 0 0 0 0
2.2287769317626953 -0.7092145681381226 -25.667068481445312 -0.3271560352667963 -0.9449703321208084 0 0 0 -1 0 0 0 0 0 0
2.4740123748779297 -0.8699315786361694 -25.998363494873047 -0.7358804722579549 -0.6771114609496794 0 0 0 -1 0 0 0 0 0 0
2.613809585571289 -1.1276715993881226 -26.329662322998047 -0.9688775873254293 -0.2475403417191934 0 0 0 -1 0 0 0 0 0 0
2.614778518676758 -1.4208768606185913 -26.660961151123047 -0.9704919376900089 0.24113357061739063 0 0 0 -1 0 0 0 0 0 0
2.4766902923583984 -1.6795324087142944 -26.992259979248047 -0.7403435450281406 0.6722287076101149 0 0 0 -1 0 0 0 0 0 0
2.232522964477539 -1.841870665550232 -27.323558807373047 -0.33340223176592293 0.9427846794753837 0 0 0 -1 0 0 0 0 0 0
1.9405803680419922 -1.8691190481185913 -27.654857635498047 0.15316996833960222 0.9881998587324555 0 0 0 -1 0 0 0 0 0 0
1.6705875396728516 -1.7547696828842163 -27.986156463623047 0.6031601594263964 0.7976200988445089 0 0 0 -1 0 0 0 0 0 0
1.487020492553711 -1.526135802268982 -28.317455291748047 0.9091046594006661 0.416567783507077 0 0 0 -1 0 0 0 0 0 0
1.4337100982666016 -1.2378171682357788 -28.648754119873047 0.9979522643062231 -0.06396310003496214 0 0 0 -1 0 0 0 0 0 0
1.523397445678711 -0.9586614370346069 -28.98004913330078 0.848482038180193 -0.529224178288923 0 0 0 -1 0 0 0 0 0 0
1.7346553802490234 -0.7553342580795288 -29.31134796142578 0.496382990884574 -0.8681036380297488 0 0 0 -1 0 0 0 0 0 0
2.017038345336914 -0.6763967275619507 -29.64264678955078 0.025738112027067443 -0.9996687199213958 0 0 0 -1 0 0 0 0 0 0
2.3031063079833984 -0.7406972646713257 -29.97394561767578 -0.4510331932948442 -0.8925071756273201 0 0 0 -1 0 0 0 0 0 0
2.5245532989501953 -0.9328778982162476 -30.30524444580078 -0.820112261133119 -0.5722026556554267 0 0 0 -1 0 0 0 0 0 0
2.6284847259521484 -1.2070478200912476 -30.63654327392578 -0.9933366548682695 -0.11524881819401211 0 0 0 -1 0 0 0 0 0 0
2.590085983276367 -1.4977315664291382 -30.96784210205078 -0.9293423298206401 0.36921922214795944 0 0 0 -1 0 0 0 0 0 0
2.418527603149414 -1.7355092763900757 -31.29914093017578 -0.6434078253246845 0.7655235922628122 0 0 0 -1 0 0 0 0 0 0
2.1547794342041016 -1.8636029958724976 -31.63043975830078 -0.20382790501538958 0.9790067339589841 0 0 0 -1 0 0 0 0 0 0
1.868551254272461 1.8509737253189087 -31.63043975830078 0.2732211697328682 -0.9619512422206249 0 0 0 1 0 0 0 0 0 0
1.6053638458251953 1.6951929330825806 -31.296356201171875 0.7118646284497501 -0.7023167026079467 0 0 0 1 0 0 0 0 0 0
1.4531536102294922 1.429930329322815 -30.96227264404297 0.9655494299938698 -0.26021971147188905 0 0 0 1 0 0 0 0 0 0
1.4514598846435547 1.124102234840393 -30.628192901611328 0.9683737520134709 0.24950406091154637 0 0 0 1 0 0 0 0 0 0
1.6007251739501953 0.8571687936782837 -30.294109344482422 0.7195997822912971 0.6943890504078516 0 0 0 1 0 0 0 0 0 0
1.8621692657470703 0.6984812021255493 -29.960025787353516 0.28385758963846647 0.9588664499317098 0 0 0 1 0 0 0 0 0 0
2.1678638458251953 0.6892763376235962 -29.62594223022461 -0.2256403415169884 0.9742106734583115 0 0 0 1 0 0 0 0 0 0
2.438383102416992 0.8319383859634399 -29.29186248779297 -0.6765036184621784 0.7364393078914102 0 0 0 1 0 0 0 0 0 0
-0.5265312790870667 3.0356738567352295 -29.29186248779297 0.5844172409295861 -0.8114533187462173 0 0 0 -1 0 0 0 0 0 0
-0.19133572280406952 3.148604154586792 -29.681625366210938 0.025754641631230698 -0.9996682942028556 0 0 0 -1 0 0 0 0 0 0
0.14923091232776642 3.0530879497528076 -30.071388244628906 -0.541852112880756 -0.8404738471640034 0 0 0 -1 0 0 0 0 0 0
0.3768119513988495 2.7823169231414795 -30.461151123046875 -0.9211582334631108 -0.38918826925168337 0 0 0 -1 0 0 0 0 0 0
0.412319153547287 2.4303958415985107 -30.850914001464844 -0.9803345880398613 0.1973425840834052 0 0 0 -1 0 0 0 0 0 0
0.24341197311878204 2.119623899459839 -31.240676879882812 -0.6988207675606088 0.7152968158925368 0 0 0 -1 0 0 0 0 0 0
-0.07121090590953827 1.9580026865005493 -31.63043975830078 -0.1744499278595744 0.9846660462663416 0 0 0 -1 0 0 0 0 0 0
-0.4222088158130646 2.0016963481903076 -32.02020263671875 0.410542877244731 0.9118412942741833 0 0 0 -1 0 0 0 0 0 0
-0.6876011490821838 2.2355258464813232 -32.40996551513672 0.8528652970568975 0.522131003749107 0 0 0 -1 0 0 0 0 0 0
-0.7751598954200745 2.5782229900360107 -32.79972839355469 0.9987972954765882 -0.049030220768961325 0 0 0 -1 0 0 0 0 0 0
-0.6544552445411682 2.9106967449188232 -33.189491271972656 0.7976201307332038 -0.6031601172567257 0 0 0 -1 0 0 0 0 0 0
-0.3674335777759552 3.117403745651245 -33.579254150390625 0.31925042431338624 -0.9476703892048769 0 0 0 -1 0 0 0 0 0 0
-0.013843578286468983 3.126509428024292 -33.969017028808594 -0.2700612528801849 -0.9628431438675693 0 0 0 -1 0 0 0 0 0 0
0.2834338843822479 2.9348437786102295 -34.35877990722656 -0.7655259281956069 -0.6434050460326328 0 0 0 -1 0 0 0 0 0 0
-2.7812576293945312 0.8239351511001587 -34.35877990722656 0.6616847185501903 0.7497821905307938 0 0 0 1 0 0 0 0 0 0
-2.4055023193359375 0.6741777658462524 -33.907474517822266 0.03542620122666019 0.9993722951266202 0 0 0 1 0 0 0 0 0 0
-2.0200843811035156 0.7969537973403931 -33.45616912841797 -0.6069371190873191 0.7947498559131582 0 0 0 1 0 0 0 0 0 0
-1.8001785278320312 1.1364542245864868 -33.00486373901367 -0.9734464418727654 0.2289148855038759 0 0 0 1 0 0 0 0 0 0
-1.8457317352294922 1.538378357887268 -32.55356216430664 -0.8975278403596136 -0.44095779364856197 0 0 0 1 0 0 0 0 0 0
-2.1360397338867188 1.820055603981018 -32.102256774902344 -0.4136765648063949 -0.9104239121035764 0 0 0 1 0 0 0 0 0 0
-2.539155960083008 1.8534609079360962 -31.650951385498047 0.2581825144563177 -0.9660961594111702 0 0 0 1 0 0 0 0 0 0
-2.871868133544922 1.623411774635315 -31.19964599609375 0.8127008163984631 -0.5826812018808152 0 0 0 1 0 0 0 0 0 0
-2.9829559326171875 1.23446524143219 -30.74834442138672 0.9978488350877118 0.06555686321123379 0 0 0 1 0 0 0 0 0 0
-2.821931838989258 0.8633981943130493 -30.297039031982422 0.7294750963930148 0.6840073711170092 0 0 0 1 0 0 0 0 0 0
-2.4619789123535156 0.6788583993911743 -29.845733642578125 0.12955358527661406 0.9915724222375162 0 0 0 1 0 0 0 0 0 0
-2.0666980743408203 0.7647234201431274 -29.394432067871094 -0.5292494093514876 0.8484663002742662 0 0 0 1 0 0 0 0 0 0
-1.8157424926757812 1.0819612741470337 -28.943126678466797 -0.9475060245184773 0.319737913768747 0 0 0 1 0 0 0 0 0 0
-1.823171615600586 1.4863916635513306 -28.4918212890625 -0.9351246677507976 -0.354318861710692 0 0 0 1 0 0 0 0 0 0
-2.0856094360351562 1.7942034006118774 -28.040515899658203 -0.4977257745703 -0.8673344529813138 0 0 0 1 0 0 0 0 0 0
-2.483776092529297 1.8654886484146118 -27.589214324951172 0.16588344190110013 -0.9861453664156439 0 0 0 1 0 0 0 0 0 0
-2.8367080688476562 1.6678568124771118 -27.137908935546875 0.7541033742830208 -0.6567557391412445 0 0 0 1 0 0 0 0 0 0
-2.983997344970703 1.291124939918518 -26.686603546142578 0.9995832260270164 -0.028868222068956957 0 0 0 1 0 0 0 0 0 0
-2.8586997985839844 0.9065233469009399 -26.23529815673828 0.7907529640577109 0.6121354015525852 0 0 0 1 0 0 0 0 0 0
-2.517763137817383 0.6888452768325806 -25.78399658203125 0.22252395500626454 0.9749272226419622 0 0 0 1 0 0 0 0 0 0
0.03728862479329109 3.1096560955047607 -25.78399658203125 -0.35528326010198436 -0.9347586881603753 0 0 0 -1 0 0 0 0 0 0
0.31230542063713074 2.8976199626922607 -26.17375946044922 -0.8136466722246484 -0.58135969311413 0 0 0 -1 0 0 0 0 0 0
0.42378613352775574 2.5687358379364014 -26.563522338867188 -0.9994480095879078 -0.03322162143498601 0 0 0 -1 0 0 0 0 0 0
0.3343906104564667 2.2331721782684326 -26.953285217285156 -0.8504549528886742 0.5260478810024075 0 0 0 -1 0 0 0 0 0 0
0.07406039535999298 2.003340482711792 -27.343048095703125 -0.41657241990148475 0.9091025349086983 0 0 0 -1 0 0 0 0 0 0
-0.2699947655200958 1.9562288522720337 -27.732810974121094 0.15685082890720817 0.9876223050696666 0 0 0 -1 0 0 0 0 0 0
-0.5825253129005432 2.107619047164917 -28.122573852539062 0.6777366162718164 0.7353047524424338 0 0 0 -1 0 0 0 0 0 0
-0.7588368058204651 2.4067981243133545 -28.51233673095703 0.9715880250925603 0.2366784939464049 0 0 0 -1 0 0 0 0 0 0
-0.7398682236671448 2.7535464763641357 -28.902099609375 0.9399780523206129 -0.3412349061212041 0 0 0 -1 0 0 0 0 0 0
2.6167659759521484 1.1373697519302368 -28.902099609375 -0.9738037896202347 0.22738992792397283 0 0 0 1 0 0 0 0 0 0
2.614297866821289 1.4204012155532837 -28.57729721069336 -0.9696920532171089 -0.24433035408558548 0 0 0 1 0 0 0 0 0 0
2.4823551177978516 1.6708093881607056 -28.25249481201172 -0.7497871027742726 -0.6616791522432623 0 0 0 1 0 0 0 0 0 0
2.2502994537353516 1.8328691720962524 -27.927692413330078 -0.36302661050099383 -0.9317787720634979 0 0 0 1 0 0 0 0 0 0
1.9697742462158203 1.8705164194107056 -27.602890014648438 0.10451132359173325 -0.9945236966714791 0 0 0 1 0 0 0 0 0 0
1.7031993865966797 1.7753740549087524 -27.278087615966797 0.5488064152649424 -0.8359494712983815 0 0 0 1 0 0 0 0 0 0
1.5099048614501953 1.5686136484146118 -26.953285217285156 0.870960000849459 -0.4913539222600248 0 0 0 1 0 0 0 0 0 0
1.432901382446289 1.2962480783462524 -26.628482818603516 0.9993001395656868 -0.037406297116911985 0 0 0 1 0 0 0 0 0 0
1.489328384399414 1.0188852548599243 -26.303680419921875 0.9052565832183366 0.4248652945815451 0 0 0 1 0 0 0 0 0 0
1.6666240692138672 0.7982546091079712 -25.978878021240234 0.6097671496668593 0.7925806098985477 0 0 0 1 0 0 0 0 0 0
1.9253368377685547 0.6834474802017212 -25.654075622558594 0.17857343059043015 0.9839265876513171 0 0 0 1 0 0 0 0 0 0
2.207895278930664 0.7000147104263306 -25.329273223876953 -0.29235164889291954 0.9563108874155889 0 0 0 1 0 0 0 0 0 0
2.451414108276367 0.8442713022232056 -25.004470825195312 -0.6982160272136922 0.7158871275151749 0 0 0 1 0 0 0 0 0 0
-2.221750259399414 0.6962267160415649 -25.39423370361328 -0.2708268045745457 0.96262809117745 0 0 0 1 0 0 0 0 0 0
-1.8700599670410156 0.9645906686782837 -24.893108367919922 -0.8569772146150517 0.5153542991288882 0 0 0 1 0 0 0 0 0 0
-1.7978954315185547 1.401049256324768 -24.391986846923828 -0.9772534097233277 -0.21207492351555762 0 0 0 1 0 0 0 0 0 0
-2.044485092163086 1.7683359384536743 -23.89086151123047 -0.5662688074675654 -0.8242206244017809 0 0 0 1 0 0 0 0 0 0
-2.475778579711914 1.866778016090393 -23.38973617553711 0.15255544019950043 -0.9882949143173492 0 0 0 1 0 0 0 0 0 0
-2.8573131561279297 1.6428667306900024 -22.888614654541016 0.7884421243486087 -0.6151089468969323 0 0 0 1 0 0 0 0 0 0
-2.9816761016845703 1.218321442604065 -22.387489318847656 0.9957152096900155 0.09247281325864658 0 0 0 1 0 0 0 0 0 0
-2.781261444091797 0.8239351511001587 -21.886367797851562 0.6616910259238478 0.7497766242100681 0 0 0 1 0 0 0 0 0 0
-1.9437370300292969 -0.8688253164291382 -21.886367797851562 -0.7341789922747981 -0.6789559686035332 0 0 0 -1 0 0 0 0 0 0
-1.7845268249511719 -1.2578595876693726 -22.359649658203125 -0.9995328608455336 -0.03056239666556176 0 0 0 -1 0 0 0 0 0 0
-1.9196701049804688 -1.6558927297592163 -22.832935333251953 -0.77429461376763 0.6328252927075818 0 0 0 -1 0 0 0 0 0 0
-2.2828330993652344 -1.867566466331482 -23.306217193603516 -0.16902391684765608 0.9856119497720573 0 0 0 -1 0 0 0 0 0 0
-2.695772171020508 -1.7889875173568726 -23.779499053955078 0.5192076537202778 0.8546481219298876 0 0 0 -1 0 0 0 0 0 0
-2.955810546875 -1.458722472190857 -24.252784729003906 0.9526050568868462 0.30420980522266 0 0 0 -1 0 0 0 0 0 0
-2.9353160858154297 -1.0388730764389038 -24.72606658935547 0.9184492388130262 -0.3955388675260281 0 0 0 -1 0 0 0 0 0 0
-2.64434814453125 -0.7355054616928101 -25.199352264404297 0.43350034797563547 -0.9011533988755759 0 0 0 -1 0 0 0 0 0 0
-2.225719451904297 -0.6975187063217163 -25.67263412475586 -0.26421184402188436 -0.9644646709333399 0 0 0 -1 0 0 0 0 0 0
-1.884897232055664 -0.9435552358627319 -26.145919799804688 -0.8322452921296588 -0.554407588086616 0 0 0 -1 0 0 0 0 0 0
-1.789163589477539 -1.352856993675232 -26.61920166015625 -0.9918052672604319 0.12775880335406753 0 0 0 -1 0 0 0 0 0 0
-1.9855060577392578 -1.7245343923568726 -27.092483520507812 -0.6645675087116861 0.7472282291005494 0 0 0 -1 0 0 0 0 0 0
-2.3775558471679688 -1.876160979270935 -27.56576919555664 -0.011152306721277157 0.9999378110936673 0 0 0 -1 0 0 0 0 0 0
-2.772890090942383 -1.7333158254623413 -28.039051055908203 0.6477402571949639 0.7618612466906306 0 0 0 -1 0 0 0 0 0 0
-2.9774723052978516 -1.3661092519760132 -28.51233673095703 0.9887086797234701 0.14985041421188308 0 0 0 -1 0 0 0 0 0 0
0.400875061750412 -2.385819673538208 -28.51233673095703 -0.9612652596061106 -0.2756249275272403 0 0 0 1 0 0 0 0 0 0
0.21350474655628204 -2.094712495803833 -28.122573852539062 -0.6489794555313874 -0.7608059320866155 0 0 0 1 0 0 0 0 0 0
-0.10350041091442108 -1.955579161643982 -27.732810974121094 -0.12063430546788331 -0.9926970153799604 0 0 0 1 0 0 0 0 0 0
-0.4446010887622833 -2.014737367630005 -27.343048095703125 0.44786422242130003 -0.8941015816309488 0 0 0 1 0 0 0 0 0 0
-0.6962414383888245 -2.2524921894073486 -26.953285217285156 0.867267965427242 -0.4978416175288 0 0 0 1 0 0 0 0 0 0
-0.7746468186378479 -2.589688539505005 -26.563522338867188 0.9979400025384946 0.0641541217184797 0 0 0 1 0 0 0 0 0 0
-0.6537113785743713 -2.9140751361846924 -26.17375946044922 0.7963793487613824 0.6047974312663674 0 0 0 1 0 0 0 0 0 0
-0.37369921803474426 -3.117650270462036 -25.78399658203125 0.32969465840453477 0.944087618931377 0 0 0 1 0 0 0 0 0 0
-0.027832072228193283 -3.132645845413208 -25.39423370361328 -0.24674931327522764 0.9690793447381921 0 0 0 1 0 0 0 0 0 0
0.2687492072582245 -2.9540646076202393 -25.004470825195312 -0.741055962029101 0.6714432672542957 0 0 0 1 0 0 0 0 0 0
0.41730305552482605 -2.6413662433624268 -24.614707946777344 -0.9886439096366028 0.1502771437659526 0 0 0 1 0 0 0 0 0 0
0.3683776557445526 -2.2986462116241455 -24.224945068359375 -0.9070990986587899 -0.42091712392395114 0 0 0 1 0 0 0 0 0 0
0.1382579356431961 -2.040005922317505 -23.835182189941406 -0.5235645988631599 -0.8519859804112146 0 0 0 1 0 0 0 0 0 0
-0.1964436024427414 -1.951550841331482 -23.445419311523438 0.03427081151350956 -0.9994125832098602 0 0 0 1 0 0 0 0 0 0
-0.524299681186676 -2.0627262592315674 -23.05565643310547 0.5806973748487259 -0.8141194991177881 0 0 0 1 0 0 0 0 0 0
-0.7361622452735901 -2.336522340774536 -22.6658935546875 0.9337995849526229 -0.3577964996227733 0 0 0 1 0 0 0 0 0 0
-0.7614975571632385 -2.6817867755889893 -22.27613067626953 0.9760265538920408 0.21765147851008743 0 0 0 1 0 0 0 0 0 0
2.6259288787841797 -1.1877607107162476 -22.27613067626953 -0.9890778615113481 -0.14739397500623425 0 0 0 -1 0 0 0 0 0 0
2.5924243927001953 -1.4917539358139038 -22.610210418701172 -0.9332348103122377 0.35926701605001515 0 0 0 -1 0 0 0 0 0 0
2.4134387969970703 -1.7397397756576538 -22.944293975830078 -0.6349274662247626 0.7725717524174714 0 0 0 -1 0 0 0 0 0 0
2.1354732513427734 -1.867291808128357 -23.278377532958984 -0.17165035684159247 0.9851579340370527 0 0 0 -1 0 0 0 0 0 0
1.8307476043701172 -1.8412679433822632 -23.61246109008789 0.33623120410601354 0.9417794738607441 0 0 0 -1 0 0 0 0 0 0
1.578439712524414 -1.66842782497406 -23.94654083251953 0.756737983600876 0.6537183064406873 0 0 0 -1 0 0 0 0 0 0
1.4440975189208984 -1.393678069114685 -24.280624389648438 0.9806449203881289 0.19579463761032947 0 0 0 -1 0 0 0 0 0 0
1.4626293182373047 -1.0884069204330444 -24.614707946777344 0.9497582170547402 -0.3129845509557953 0 0 0 -1 0 0 0 0 0 0
2.620584487915039 1.1549021005630493 -24.614707946777344 -0.9801694573494141 0.1981611336245204 0 0 0 1 0 0 0 0 0 0
2.5966434478759766 1.4780641794204712 -24.26824951171875 -0.9402665310974782 -0.34043920235177827 0 0 0 1 0 0 0 0 0 0
2.408143997192383 1.7416483163833618 -23.921794891357422 -0.6261005934171272 -0.7797422951993316 0 0 0 1 0 0 0 0 0 0
2.110067367553711 1.8687654733657837 -23.575340270996094 -0.12930656774060234 -0.9916046649442233 0 0 0 1 0 0 0 0 0 0
1.7893619537353516 1.8223367929458618 -23.2288818359375 0.4052003063831612 -0.9142279320317183 0 0 0 1 0 0 0 0 0 0
1.539571762084961 1.6159082651138306 -22.882427215576172 0.8215219376622285 -0.5701769075819341 0 0 0 1 0 0 0 0 0 0
1.4335575103759766 1.309691071510315 -22.535972595214844 0.998209631572256 -0.059812468903906936 0 0 0 1 0 0 0 0 0 0
1.5022449493408203 0.9930063486099243 -22.18951416015625 0.8837305982953967 0.4679959718164892 0 0 0 1 0 0 0 0 0 0
1.725595474243164 0.7582269906997681 -21.843059539794922 0.5114830707731841 0.8592933540487986 0 0 0 1 0 0 0 0 0 0
2.038461685180664 0.6738306283950806 -21.496604919433594 -0.00996303984859335 0.9999503676868045 0 0 0 1 0 0 0 0 0 0
-0.11589054763317108 3.145796537399292 -21.496604919433594 -0.09998471208562766 -0.9949889734811909 0 0 0 -1 0 0 0 0 0 0
0.21244044601917267 3.006190061569214 -21.886367797851562 -0.647206028809395 -0.7623151292430005 0 0 0 -1 0 0 0 0 0 0
0.4034671485424042 2.704859495162964 -22.27613067626953 -0.9655830929695719 -0.26009477228755495 0 0 0 -1 0 0 0 0 0 0
0.3896426856517792 2.3483493328094482 -22.6658935546875 -0.9425412465274271 0.33408980618169676 0 0 0 -1 0 0 0 0 0 0
0.1758555918931961 2.062716245651245 -23.05565643310547 -0.5862313509990184 0.8101436928754464 0 0 0 -1 0 0 0 0 0 0
-0.16230206191539764 1.9489542245864868 -23.445419311523438 -0.022635509857896387 0.9997437840234233 0 0 0 -1 0 0 0 0 0 0
-0.5052605271339417 2.0472934246063232 -23.835182189941406 0.5489586381133033 0.8358495161455723 0 0 0 -1 0 0 0 0 0 0
-0.7317562699317932 2.322962522506714 -24.224945068359375 0.926457542018385 0.3763992864462586 0 0 0 -1 0 0 0 0 0 0
-0.7616997361183167 2.678480863571167 -24.614707946777344 0.9763654570582461 -0.21612610731571075 0 0 0 -1 0 0 0 0 0 0
-0.5845070481300354 2.9881503582000732 -25.004470825195312 0.6810426494728384 -0.7322437501262927 0 0 0 -1 0 0 0 0 0 0
-0.26282885670661926 3.142470121383667 -25.39423370361328 0.14491380343032198 -0.9894442832091952 0 0 0 -1 0 0 0 0 0 0
2.2456531524658203 -0.7153409719467163 -17.598976135253906 -0.35528325052826726 -0.9347586917991555 0 0 0 -1 0 0 0 0 0 0
2.511747360229492 -0.9152196645736694 -17.956256866455078 -0.79877314422565 -0.6016323329608118 0 0 0 -1 0 0 0 0 0 0
2.630392074584961 -1.2261518239974976 -18.313541412353516 -0.996515515198273 -0.08340760138692564 0 0 0 -1 0 0 0 0 0 0
2.5650882720947266 -1.5524839162826538 -18.670822143554688 -0.8876726688842936 0.4604750079166458 0 0 0 -1 0 0 0 0 0 0
2.3359241485595703 -1.7938131093978882 -19.028106689453125 -0.505735912048892 0.8626883488630616 0 0 0 -1 0 0 0 0 0 0
2.0134029388427734 -1.8758939504623413 -19.385387420654297 0.03179658545126865 0.99949436074129 0 0 0 -1 0 0 0 0 0 0
1.6967525482177734 -1.7734769582748413 -19.742671966552734 0.5595480038591379 0.8287979436372017 0 0 0 -1 0 0 0 0 0 0
1.4833927154541016 -1.518067717552185 -20.099952697753906 0.9151496821967492 0.40311420115792124 0 0 0 -1 0 0 0 0 0 0
1.4389629364013672 -1.188245177268982 -20.457237243652344 0.9891979798112241 -0.14658566347836632 0 0 0 -1 0 0 0 0 0 0
1.5771350860595703 -0.8854840993881226 -20.814517974853516 0.7589127771837633 -0.6511922885194723 0 0 0 -1 0 0 0 0 0 0
1.8553943634033203 -0.7029279470443726 -21.171802520751953 0.2951468744449995 -0.9554518943962315 0 0 0 -1 0 0 0 0 0 0
2.188138961791992 -0.6967405080795288 -21.529083251953125 -0.259433864339975 -0.9657608762181389 0 0 0 -1 0 0 0 0 0 0
2.472993850708008 -0.8688253164291382 -21.886367797851562 -0.7341789922747981 -0.6789559686035332 0 0 0 -1 0 0 0 0 0 0
-0.5728970170021057 -3.0010616779327393 -21.886367797851562 0.661696641533942 0.7497716682982238 0 0 0 1 0 0 0 0 0 0
-0.24554257094860077 -3.147141695022583 -21.496604919433594 0.11610041516209094 0.9932374809677643 0 0 0 1 0 0 0 0 0 0
0.10667605698108673 -3.0804989337921143 -21.106842041015625 -0.47092973213612177 0.8821707246277222 0 0 0 1 0 0 0 0 0 0
0.35803791880607605 -2.8249294757843018 -20.717079162597656 -0.8898690944955095 0.4562159517835189 0 0 0 1 0 0 0 0 0 0
0.4188213050365448 -2.4716503620147705 -20.327316284179688 -0.9911718610458786 -0.13258333934114555 0 0 0 1 0 0 0 0 0 0
0.267330139875412 -2.1467678546905518 -19.93755340576172 -0.7386889047912727 -0.6740465131860485 0 0 0 1 0 0 0 0 0 0
-0.04236225411295891 -1.9662412405014038 -19.54779052734375 -0.22253180760842248 -0.9749254302778896 0 0 0 1 0 0 0 0 0 0
-0.39971354603767395 -1.9945119619369507 -19.15802764892578 0.3730489771364544 -0.9278116514990771 0 0 0 1 0 0 0 0 0 0
-0.6771698594093323 -2.2214863300323486 -18.768264770507812 0.835481295044828 -0.5495188855992277 0 0 0 1 0 0 0 0 0 0
-0.7756958603858948 -2.566148042678833 -18.378501892089844 0.9996894763446139 0.024918886127423105 0 0 0 1 0 0 0 0 0 0
-0.6601219773292542 -2.905472993850708 -17.988739013671875 0.8070672610032191 0.5904595127667617 0 0 0 1 0 0 0 0 0 0
-0.3717022240161896 -3.11834454536438 -17.598976135253906 0.326362879880249 0.9452445559939872 0 0 0 1 0 0 0 0 0 0
-0.013385814614593983 -3.1287739276885986 -17.209213256835938 -0.2708268121893673 0.9626280890350879 0 0 0 1 0 0 0 0 0 0
-2.471193313598633 -0.6825307607650757 -17.209213256835938 0.14490835427962642 -0.9894450812753431 0 0 0 -1 0 0 0 0 0 0
-2.0926761627197266 -0.7518056631088257 -17.637950897216797 -0.48594583278757264 -0.8739889287607667 0 0 0 -1 0 0 0 0 0 0
-1.834085464477539 -1.03677499294281 -18.066692352294922 -0.9169339040167981 -0.39903911545676 0 0 0 -1 0 0 0 0 0 0
-1.801788330078125 -1.4202207326889038 -18.49542999267578 -0.9707646068266165 0.24003349377277428 0 0 0 -1 0 0 0 0 0 0
-2.0090694427490234 -1.744428038597107 -18.92416763305664 -0.625296895128744 0.7803869507765698 0 0 0 -1 0 0 0 0 0 0
-2.37066650390625 -1.8760427236557007 -19.352909088134766 -0.022635771691097668 0.9997437780951419 0 0 0 -1 0 0 0 0 0 0
-2.7378501892089844 -1.7609304189682007 -19.781646728515625 0.5893378750674279 0.8078866684201498 0 0 0 -1 0 0 0 0 0 0
-2.9595890045166016 -1.4464353322982788 -20.21038818359375 0.958902745915841 0.28373495356592915 0 0 0 -1 0 0 0 0 0 0
-2.9446792602539062 -1.0619176626205444 -20.63912582397461 0.9340535410755426 -0.3571330038014402 0 0 0 -1 0 0 0 0 0 0
-2.699251174926758 -0.7655385732650757 -21.06786346435547 0.5250057488707255 -0.8510986803260175 0 0 0 -1 0 0 0 0 0 0
-2.3242568969726562 -0.6792043447494507 -21.496604919433594 -0.09998471208562766 -0.9949889734811909 0 0 0 -1 0 0 0 0 0 0
-2.378267288208008 0.6738306283950806 -21.496604919433594 -0.00996864911101473 0.9999503117829912 0 0 0 1 0 0 0 0 0 0
-1.9898090362548828 0.8216768503189087 -21.051162719726562 -0.6573997947095371 0.7535419762135739 0 0 0 1 0 0 0 0 0 0
-1.7906341552734375 1.1864877939224243 -20.605716705322266 -0.9893553349512494 0.1455198309630041 0 0 0 1 0 0 0 0 0 0
-1.8763256072998047 1.593199372291565 -20.160274505615234 -0.8465355759416331 -0.532332150696506 0 0 0 1 0 0 0 0 0 0
-2.205759048461914 1.8466402292251587 -19.714832305908203 -0.29747889025876517 -0.9547283958542417 0 0 0 1 0 0 0 0 0 0
-2.6208457946777344 1.825182557106018 -19.269386291503906 0.39433158124077883 -0.9189682279796986 0 0 0 1 0 0 0 0 0 0
-2.922393798828125 1.5391298532485962 -18.823944091796875 0.8969107394833971 -0.4422116296518509 0 0 0 1 0 0 0 0 0 0
-2.9656925201416016 1.1257463693618774 -18.378501892089844 0.9690749813668661 0.2467664492770599 0 0 0 1 0 0 0 0 0 0
0.4182109534740448 2.632784605026245 -18.378501892089844 -0.990156326051101 -0.1399658886335726 0 0 0 -1 0 0 0 0 0 0
0.36076924204826355 2.2804667949676514 -18.768264770507812 -0.8944193436317323 0.44722928989208804 0 0 0 -1 0 0 0 0 0 0
0.11337275803089142 2.0231311321258545 -19.15802764892578 -0.4820966110612221 0.8761180614524988 0 0 0 -1 0 0 0 0 0 0
-0.23641209304332733 1.9518648386001587 -19.54779052734375 0.10088217105226853 0.9948983805212374 0 0 0 -1 0 0 0 0 0 0
-0.5647717118263245 2.0918948650360107 -19.93755340576172 0.6481495523470185 0.7615130713207485 0 0 0 -1 0 0 0 0 0 0
-0.7554760575294495 2.3936526775360107 -20.327316284179688 0.9659896306150577 0.25858080660440413 0 0 0 -1 0 0 0 0 0 0
-0.7410240769386292 2.750330686569214 -20.717079162597656 0.9419070575965458 -0.335873629286101 0 0 0 -1 0 0 0 0 0 0
-0.5265312790870667 3.0356738567352295 -21.106842041015625 0.5844172409295861 -0.8114533187462173 0 0 0 -1 0 0 0 0 0 0
2.438383102416992 0.8319383859634399 -21.106842041015625 -0.6765036184621784 0.7364393078914102 0 0 0 1 0 0 0 0 0 0
2.606351852416992 1.09866201877594 -20.756053924560547 -0.956447761764059 0.291903544028711 0 0 0 1 0 0 0 0 0 0
2.6159420013427734 1.4137216806411743 -20.405269622802734 -0.972428736512387 -0.23320024100528391 0 0 0 1 0 0 0 0 0 0
2.464506149291992 1.6901651620864868 -20.054481506347656 -0.7200348769606736 -0.6939378761533542 0 0 0 1 0 0 0 0 0 0
2.193838119506836 1.8516985177993774 -19.703693389892578 -0.26892653750116163 -0.963160691384172 0 0 0 1 0 0 0 0 0 0
1.878641128540039 1.8537431955337524 -19.352909088134766 0.25640475048664035 -0.9665695028956189 0 0 0 1 0 0 0 0 0 0
1.6059017181396484 1.6957346200942993 -19.002120971679688 0.7109725763413605 -0.7032197349979082 0 0 0 1 0 0 0 0 0 0
1.4508914947509766 1.421282410621643 -18.651336669921875 0.9693199325206165 -0.24580249880387145 0 0 0 1 0 0 0 0 0 0
1.4563884735107422 1.1061235666275024 -18.300548553466797 0.9601544155095938 0.27947003126888303 0 0 0 1 0 0 0 0 0 0
1.6208782196044922 0.8372446298599243 -17.94976043701172 0.6860052320891155 0.7275966063323542 0 0 0 1 0 0 0 0 0 0
1.898965835571289 0.6888452768325806 -17.598976135253906 0.22252928701675664 0.9749260056126383 0 0 0 1 0 0 0 0 0 0
-2.7812576293945312 0.8239351511001587 -17.988739013671875 0.6616847185501903 0.7497821905307938 0 0 0 1 0 0 0 0 0 0
-2.4007015228271484 0.6740289926528931 -17.534015655517578 0.027426684128975257 0.9996238177422992 0 0 0 1 0 0 0 0 0 0
-2.0124969482421875 0.8028436899185181 -17.07929229736328 -0.6195849909357583 0.784929575826479 0 0 0 1 0 0 0 0 0 0
-1.797048568725586 1.1505190134048462 -16.624568939208984 -0.9786642705943616 0.20546592287288465 0 0 0 1 0 0 0 0 0 0
-1.8544769287109375 1.5554834604263306 -16.169845581054688 -0.8829507148518497 -0.46946569112407727 0 0 0 1 0 0 0 0 0 0
-2.1580944061279297 1.8295503854751587 -15.715123176574707 -0.3769213977636111 -0.9262452482511994 0 0 0 1 0 0 0 0 0 0
-2.5668067932128906 1.845354676246643 -15.26039981842041 0.30426721439894217 -0.9525867216384596 0 0 0 1 0 0 0 0 0 0
-2.8906822204589844 1.5955530405044556 -14.805676460266113 0.8440608746779314 -0.5362473681407913 0 0 0 1 0 0 0 0 0 0
-2.9792118072509766 1.1962305307388306 -14.350953102111816 0.9916075418987446 0.12928450351658427 0 0 0 1 0 0 0 0 0 0
-2.7912559509277344 0.8329569101333618 -13.89622974395752 0.6783465038861805 0.7347421456983368 0 0 0 1 0 0 0 0 0 0
-2.4141578674316406 0.6745477914810181 -13.441506385803223 0.04984920202181818 0.9987567557007001 0 0 0 1 0 0 0 0 0 0
-2.023160934448242 0.7946192026138306 -12.986783027648926 -0.6018079786688889 0.7986408183973983 0 0 0 1 0 0 0 0 0 0
-1.7999649047851562 1.1373697519302368 -12.532059669494629 -0.9738037896202347 0.22738992792397283 0 0 0 1 0 0 0 0 0 0
-2.948232650756836 -1.0714505910873413 -12.532059669494629 0.9399737900733004 -0.34124664683368666 0 0 0 -1 0 0 0 0 0 0
-2.6512928009033203 -0.7389005422592163 -13.008435249328613 0.44507160870143514 -0.8954949821902504 0 0 0 -1 0 0 0 0 0 0
-2.2069129943847656 -0.7030004262924194 -13.484814643859863 -0.29555232883415405 -0.9553265519814196 0 0 0 -1 0 0 0 0 0 0
-1.860443115234375 -0.9835714101791382 -13.961190223693848 -0.8730058675475068 -0.4877097038481245 0 0 0 -1 0 0 0 0 0 0
-1.8031730651855469 -1.4257062673568726 -14.437565803527832 -0.9684575498052312 0.24917859905145978 0 0 0 -1 0 0 0 0 0 0
-2.0667247772216797 -1.7852948904037476 -14.913945198059082 -0.5292019861577018 0.8484958796875467 0 0 0 -1 0 0 0 0 0 0
-2.505584716796875 -1.86380136013031 -15.390320777893066 0.20222809408523598 0.9793384491393425 0 0 0 -1 0 0 0 0 0 0
-2.877452850341797 -1.6178792715072632 -15.86669635772705 0.8220132188316487 0.5694684083125525 0 0 0 -1 0 0 0 0 0 0
-2.9770126342773438 -1.1833127737045288 -16.343074798583984 0.9879442351672711 -0.15481016826990265 0 0 0 -1 0 0 0 0 0 0
-2.749298095703125 -0.8000272512435913 -16.81945037841797 0.6084216508062205 -0.7936139457130486 0 0 0 -1 0 0 0 0 0 0
0.24304957687854767 -2.9807255268096924 -16.81945037841797 -0.6982245054360618 0.7158788584729732 0 0 0 1 0 0 0 0 0 0
0.4152068793773651 -2.654221773147583 -16.4296875 -0.9851481167106145 0.17170669218620782 0 0 0 1 0 0 0 0 0 0
0.3636607825756073 -2.288724184036255 -16.03992462158203 -0.899239150801685 -0.43745736896921095 0 0 0 1 0 0 0 0 0 0
0.1079215556383133 -2.0225613117218018 -15.650162696838379 -0.4730051943103743 -0.8810596382512395 0 0 0 1 0 0 0 0 0 0
-0.25522616505622864 -1.9564679861068726 -15.26039981842041 0.13224125625324673 -0.9912175594411972 0 0 0 1 0 0 0 0 0 0
-0.5883446335792542 -2.115453004837036 -14.870636940002441 0.6874388748637023 -0.7262422414911757 0 0 0 1 0 0 0 0 0 0
-0.7653656601905823 -2.439347505569458 -14.480874061584473 0.9824711899664118 -0.18641448679215636 0 0 0 1 0 0 0 0 0 0
-0.7192898392677307 -2.8055737018585205 -14.091111183166504 0.9056816263359349 0.4239584787658999 0 0 0 1 0 0 0 0 0 0
-0.4675579369068146 -3.0755321979522705 -13.701348304748535 0.48612583206511484 0.8738888232487013 0 0 0 1 0 0 0 0 0 0
-0.1054401844739914 -3.1470463275909424 -13.311585426330566 -0.11740367245043898 0.9930842752229794 0 0 0 1 0 0 0 0 0 0
0.23002047836780548 -2.9930622577667236 -12.921822547912598 -0.6765036135078323 0.7364393124425431 0 0 0 1 0 0 0 0 0 0
1.681833267211914 -0.7893232107162476 -12.921822547912598 0.5844081687018399 -0.8114598525833314 0 0 0 -1 0 0 0 0 0 0
1.9961071014404297 -0.6773008108139038 -13.27910327911377 0.06062005748321046 -0.9981609131952283 0 0 0 -1 0 0 0 0 0 0
2.321626663208008 -0.7504628896713257 -13.636387825012207 -0.4819071209005821 -0.8762223044555028 0 0 0 -1 0 0 0 0 0 0
2.557741165161133 -0.9861882925033569 -13.993668556213379 -0.8754297104291836 -0.4833454479954019 0 0 0 -1 0 0 0 0 0 0
2.631437301635742 -1.3115895986557007 -14.350953102111816 -0.9982583967372434 0.05899299402122447 0 0 0 -1 0 0 0 0 0 0
2.5199337005615234 -1.6260427236557007 -14.708233833312988 -0.8124176277150116 0.5830759797641408 0 0 0 -1 0 0 0 0 0 0
2.2577037811279297 -1.8323224782943726 -15.065518379211426 -0.3753683432759101 0.926875723528402 0 0 0 -1 0 0 0 0 0 0
1.925832748413086 -1.8666433095932007 -15.422799110412598 0.17775285349856515 0.9840751612926308 0 0 0 -1 0 0 0 0 0 0
1.6269397735595703 -1.7183889150619507 -15.780083656311035 0.6759070016764206 0.7369869232793692 0 0 0 -1 0 0 0 0 0 0
1.4534435272216797 -1.4334043264389038 -16.13736343383789 0.9650640515919934 0.26201407657766457 0 0 0 -1 0 0 0 0 0 0
1.458993911743164 -1.0998090505599976 -16.494647979736328 0.9558124795137509 -0.2939770467328627 0 0 0 -1 0 0 0 0 0 0
1.6418743133544922 -0.8207563161849976 -16.8519287109375 0.6510112520696978 -0.7590680797389943 0 0 0 -1 0 0 0 0 0 0
1.945535659790039 -0.6825307607650757 -17.209213256835938 0.14491384633696805 -0.9894442769250958 0 0 0 -1 0 0 0 0 0 0
2.194978713989258 0.6962267160415649 -17.209213256835938 -0.27083200294760534 0.9626266286465321 0 0 0 1 0 0 0 0 0 0
2.462800979614258 0.8556772470474243 -16.864421844482422 -0.7171931806240053 0.6968744088187071 0 0 0 1 0 0 0 0 0 0
2.6144886016845703 1.1279703378677368 -16.519630432128906 -0.9700130052689323 0.24305301810332286 0 0 0 1 0 0 0 0 0 0
2.6091136932373047 1.4396196603775024 -16.174842834472656 -0.9610525801819719 -0.27636558781001364 0 0 0 1 0 0 0 0 0 0
2.4481258392333984 1.7065187692642212 -15.830052375793457 -0.6927370895782676 -0.721190213967599 0 0 0 1 0 0 0 0 0 0
2.1749629974365234 1.8566385507583618 -15.485260963439941 -0.23746626557191491 -0.971395785823332 0 0 0 1 0 0 0 0 0 0
1.863351821899414 1.8494707345962524 -15.140473365783691 0.2818856745697005 -0.9594480009215638 0 0 0 1 0 0 0 0 0 0
1.5973834991455078 1.686949372291565 -14.795681953430176 0.7251638458927616 -0.6885763549600138 0 0 0 1 0 0 0 0 0 0
1.4488353729248047 1.4129282236099243 -14.45089054107666 0.9727451468845244 -0.23187686217603767 0 0 0 1 0 0 0 0 0 0
1.4577960968017578 1.1013628244400024 -14.10610294342041 0.9578099173956592 0.28740243933989157 0 0 0 1 0 0 0 0 0 0
1.621847152709961 0.8363329172134399 -13.761311531066895 0.6843922130887917 0.7291140505184532 0 0 0 1 0 0 0 0 0 0
1.8967151641845703 0.6893640756607056 -13.416520118713379 0.2262793189081107 0.9740624568447762 0 0 0 1 0 0 0 0 0 0
2.2082271575927734 0.7001177072525024 -13.071732521057129 -0.2929116865979821 0.9561395002060764 0 0 0 1 0 0 0 0 0 0
2.4723072052001953 0.8656908273696899 -12.726941108703613 -0.7330407997436524 0.680184670447068 0 0 0 1 0 0 0 0 0 0
2.6176929473876953 1.1414018869400024 -12.382149696350098 -0.9753488488608086 0.22066858187312363 0 0 0 1 0 0 0 0 0 0
2.6051464080810547 1.4528414011001587 -12.037362098693848 -0.9544408404796353 -0.298400204464621 0 0 0 1 0 0 0 0 0 0
2.438058853149414 1.7159677743911743 -11.692570686340332 -0.6759598251448414 -0.7369384742230218 0 0 0 1 0 0 0 0 0 0
2.1615161895751953 1.8597627878189087 -11.347779273986816 -0.2150601893301247 -0.9766007961113338 0 0 0 1 0 0 0 0 0 0
1.8501529693603516 1.84542715549469 -11.0029878616333 0.30388526524025783 -0.9527086362418775 0 0 0 1 0 0 0 0 0 0
1.587991714477539 1.6768251657485962 -10.65820026397705 0.7408187460016087 -0.6717049840313853 0 0 0 1 0 0 0 0 0 0
1.4457874298095703 1.399462342262268 -10.313408851623535 0.9778222765932334 -0.20943637553688213 0 0 0 1 0 0 0 0 0 0
1.4619159698486328 1.0881868600845337 -9.96861743927002 0.9509450648207352 0.30935979650414863 0 0 0 1 0 0 0 0 0 0
1.6320209503173828 0.8270021677017212 -9.62382984161377 0.6674390539546786 0.744664427279888 0 0 0 1 0 0 0 0 0 0
1.9102001190185547 0.6863962411880493 -9.279038429260254 0.2038063977716107 0.9790112114921667 0 0 0 1 0 0 0 0 0 0
2.2213802337646484 0.7043138742446899 -8.934247016906738 -0.3148372999571702 0.9491456550791764 0 0 0 1 0 0 0 0 0 0
2.4815807342529297 0.8759180307388306 -8.589459419250488 -0.7484971635111678 0.6631379918355877 0 0 0 1 0 0 0 0 0 0
2.620584487915039 1.1549021005630493 -8.244668006896973 -0.9801694573494141 0.1981611336245204 0 0 0 1 0 0 0 0 0 0
-0.7457371354103088 2.7365939617156982 -8.244668006896973 0.9497582256412515 -0.31298452489984463 0 0 0 -1 0 0 0 0 0 0
-0.5460396409034729 3.0210139751434326 -8.634430885314941 0.6169283011772622 -0.7870193588511893 0 0 0 -1 0 0 0 0 0 0
-0.22216038405895233 3.1470134258270264 -9.02419376373291 0.07713020113195218 -0.9970210289022716 0 0 0 -1 0 0 0 0 0 0
0.1172446757555008 3.0723254680633545 -9.413956642150879 -0.4885471583339056 -0.8725374915061621 0 0 0 -1 0 0 0 0 0 0
0.35831066966056824 2.822005033493042 -9.803719520568848 -0.8903185164289076 -0.4553382690965358 0 0 0 -1 0 0 0 0 0 0
0.420162171125412 2.480025053024292 -10.193482398986816 -0.9934080027997476 0.11463219431475828 0 0 0 -1 0 0 0 0 0 0
0.2820529639720917 2.1611239910125732 -10.583245277404785 -0.7632260466139891 0.6461315669196028 0 0 0 -1 0 0 0 0 0 0
-0.009687465615570545 1.972277283668518 -10.973008155822754 -0.27699045474339334 0.9608726700146322 0 0 0 -1 0 0 0 0 0 0
-0.3571834862232208 1.9768511056900024 -11.362771034240723 0.30217065449064245 0.9532538463414123 0 0 0 -1 0 0 0 0 0 0
-0.6438542008399963 2.1733005046844482 -11.752533912658691 0.7799551085745164 0.6258354644860854 0 0 0 -1 0 0 0 0 0 0
-0.7735291123390198 2.4957263469696045 -12.14229679107666 0.996080070032566 0.08845617041178336 0 0 0 -1 0 0 0 0 0 0
-0.7027035355567932 2.8359591960906982 -12.532059669494629 0.8780344798448209 -0.47859738006348823 0 0 0 -1 0 0 0 0 0 0
-0.4551372826099396 3.0798556804656982 -12.921822547912598 0.46542594781568053 -0.8850868246109391 0 0 0 -1 0 0 0 0 0 0
-0.11388592422008514 3.1455905437469482 -13.311585426330566 -0.10332767404279306 -0.9946473705675325 0 0 0 -1 0 0 0 0 0 0
0.20656771957874298 3.0111148357391357 -13.701348304748535 -0.6374158040550078 -0.7705200144972923 0 0 0 -1 0 0 0 0 0 0
0.3987140357494354 2.721541166305542 -14.091111183166504 -0.9576609224454883 -0.28789851965728586 0 0 0 -1 0 0 0 0 0 0
0.39809414744377136 2.3740146160125732 -14.480874061584473 -0.9566288967083001 0.2913093784667094 0 0 0 -1 0 0 0 0 0 0
0.20491404831409454 2.085127592086792 -14.870636940002441 -0.6346599798611834 0.7727915048462958 0 0 0 -1 0 0 0 0 0 0
-0.1160164326429367 1.9517961740493774 -15.26039981842041 -0.0997769528963506 0.9950098289317143 0 0 0 -1 0 0 0 0 0 0
-0.4570312798023224 2.018751859664917 -15.650162696838379 0.46858144165490506 0.8834203034437293 0 0 0 -1 0 0 0 0 0 0
-0.7037258744239807 2.2635295391082764 -16.03992462158203 0.8797396384698473 0.47545574820896036 0 0 0 -1 0 0 0 0 0 0
-0.7733364701271057 2.6040103435516357 -16.4296875 0.9957578437140564 -0.09201258980124866 0 0 0 -1 0 0 0 0 0 0
-0.6425114274024963 2.9259707927703857 -16.81945037841797 0.7777152540519993 -0.6286167223474366 0 0 0 -1 0 0 0 0 0 0
-0.35514071583747864 3.1213977336883545 -17.209213256835938 0.2987643094013811 -0.9543269290069917 0 0 0 -1 0 0 0 0 0 0
-0.00762943597510457 3.124727964401245 -17.598976135253906 -0.2804191854419759 -0.959877638262325 0 0 0 -1 0 0 0 0 0 0
0.2834338843822479 2.9348437786102295 -17.988739013671875 -0.7655259281956069 -0.6434050460326328 0 0 0 -1 0 0 0 0 0 0
-2.378267288208008 0.6738306283950806 3.0584518909454346 -0.00996864911101473 0.9999503117829912 0 0 0 1 0 0 0 0 0 0
-1.9898090362548828 0.8216768503189087 3.503901720046997 -0.6573997947095371 0.7535419762135739 0 0 0 1 0 0 0 0 0 0
-1.7906341552734375 1.1864877939224243 3.9493439197540283 -0.9893553349512494 0.1455198309630041 0 0 0 1 0 0 0 0 0 0
-1.8763256072998047 1.593199372291565 4.394786357879639 -0.8465355759416331 -0.532332150696506 0 0 0 1 0 0 0 0 0 0
-2.205759048461914 1.8466402292251587 4.84022855758667 -0.29747889025876517 -0.9547283958542417 0 0 0 1 0 0 0 0 0 0
-2.6208457946777344 1.825182557106018 5.285670757293701 0.39433158124077883 -0.9189682279796986 0 0 0 1 0 0 0 0 0 0
-2.922393798828125 1.5391298532485962 5.731112957000732 0.8969107394833971 -0.4422116296518509 0 0 0 1 0 0 0 0 0 0
-2.9656925201416016 1.1257463693618774 6.176555156707764 0.9690749813668661 0.2467664492770599 0 0 0 1 0 0 0 0 0 0
-1.7901535034179688 -1.1922162771224976 6.176555156707764 -0.9901563251925106 -0.1399658947074732 0 0 0 -1 0 0 0 0 0 0
-1.8776664733886719 -1.597718596458435 5.731112957000732 -0.8443028192010085 0.5358663541306069 0 0 0 -1 0 0 0 0 0 0
-2.2073402404785156 -1.8495229482650757 5.285670757293701 -0.29484500263419766 0.9555450928248442 0 0 0 -1 0 0 0 0 0 0
-2.621580123901367 -1.8272641897201538 4.84022855758667 0.3955551019316638 0.9184422471423181 0 0 0 -1 0 0 0 0 0 0
-2.9223690032958984 -1.5415738821029663 4.394786357879639 0.8968708096100215 0.4422926077490606 0 0 0 -1 0 0 0 0 0 0
-2.9659175872802734 -1.1290258169174194 3.9493439197540283 0.9694508975404681 -0.24528546075538402 0 0 0 -1 0 0 0 0 0 0
-2.7314090728759766 -0.7868322134017944 3.503901720046997 0.5786067896569538 -0.8156066349428955 0 0 0 -1 0 0 0 0 0 0
-2.3309459686279297 -0.6785711050033569 3.0584518909454346 -0.08883811888529405 -0.9960460775651507 0 0 0 -1 0 0 0 0 0 0
-1.955963134765625 -0.8559926748275757 2.6130096912384033 -0.7138065375732853 -0.7003429352236218 0 0 0 -1 0 0 0 0 0 0
-1.7857131958007812 -1.23428475856781 2.167567491531372 -0.9975572239714056 -0.06985402567113148 0 0 0 -1 0 0 0 0 0 0
-1.901580810546875 -1.6326154470443726 1.7221254110336304 -0.8044437424825922 0.5940288420443917 0 0 0 -1 0 0 0 0 0 0
-2.2481765747070312 -1.86056649684906 1.2766832113265991 -0.22678305148909977 0.9739453000848111 0 0 0 -1 0 0 0 0 0 0
-2.659820556640625 -1.8091710805892944 0.8312410116195679 0.45928983496741055 0.8882864670226653 0 0 0 -1 0 0 0 0 0 0
-2.939729690551758 -1.5029958486557007 0.38579878211021423 0.9258083836161743 0.37799317034307184 0 0 0 -1 0 0 0 0 0 0
-2.9541015625 -1.0884069204330444 -0.05965103581547737 0.9497582170547402 -0.3129845509557953 0 0 0 -1 0 0 0 0 0 0
0.4122180640697479 -2.6700985431671143 -0.05965103581547737 -0.980166839185572 0.1981740834745166 0 0 0 1 0 0 0 0 0 0
0.372554749250412 -2.3078510761260986 0.3301118314266205 -0.9140598348218171 -0.40557936136533407 0 0 0 1 0 0 0 0 0 0
0.1305827647447586 -2.035367250442505 0.7198747396469116 -0.510773585838768 -0.8597152691498546 0 0 0 1 0 0 0 0 0 0
-0.22443775832653046 -1.9531644582748413 1.1096376180648804 0.08092736025883704 -0.9967200019872865 0 0 0 1 0 0 0 0 0 0
-0.5615463852882385 -2.0915653705596924 1.4994004964828491 0.6427764318495227 -0.7660538222989268 0 0 0 1 0 0 0 0 0 0
-0.7563915848731995 -2.3995144367218018 1.8891633749008179 0.9675177145020513 -0.2528032280741823 0 0 0 1 0 0 0 0 0 0
-0.737098753452301 -2.763413667678833 2.278926134109497 0.9353629274744081 0.35368940315834346 0 0 0 1 0 0 0 0 0 0
-0.5107842087745667 -3.0490353107452393 2.668689012527466 0.5581674837585177 0.8297283049737939 0 0 0 1 0 0 0 0 0 0
-0.16093067824840546 -3.1510097980499268 3.0584518909454346 -0.024919028059210698 0.9996894728067233 0 0 0 1 0 0 0 0 0 0
0.1834067851305008 -3.0317280292510986 3.4482147693634033 -0.5988145300505737 0.8008877315830917 0 0 0 1 0 0 0 0 0 0
0.39521023631095886 -2.7351887226104736 3.837977647781372 -0.9518199105746532 0.30665755792684973 0 0 0 1 0 0 0 0 0 0
0.3963489234447479 -2.3707783222198486 4.22774076461792 -0.9537190727226814 -0.3006990693783215 0 0 0 1 0 0 0 0 0 0
0.18640322983264923 -2.0729191303253174 4.617503643035889 -0.6038060525151965 -0.7971312633098868 0 0 0 1 0 0 0 0 0 0
-0.1571827381849289 -1.951489806175232 5.007266521453857 -0.031162956610579932 -0.9995143171237154 0 0 0 1 0 0 0 0 0 0
-0.5076656937599182 -2.0512783527374268 5.397029399871826 0.5529746827366938 -0.8331980558380179 0 0 0 1 0 0 0 0 0 0
-0.7357617020606995 -2.335477113723755 5.786792278289795 0.9331314676925503 -0.3595353445795656 0 0 0 1 0 0 0 0 0 0
-0.7573280930519104 -2.6992504596710205 6.176555156707764 0.9690776696832609 0.24675589176605464 0 0 0 1 0 0 0 0 0 0
2.626577377319336 -1.1922162771224976 6.176555156707764 -0.9901564350911978 -0.13996511725244404 0 0 0 -1 0 0 0 0 0 0
2.5846614837646484 -1.5109342336654663 5.831767559051514 -0.9202930500029798 0.3912297306138849 0 0 0 -1 0 0 0 0 0 0
2.3842411041259766 -1.762269377708435 5.486979961395264 -0.5862641065261266 0.8101199895071857 0 0 0 -1 0 0 0 0 0 0
2.0828495025634766 -1.8740781545639038 5.142184734344482 -0.08394612051382647 0.9964702950167046 0 0 0 -1 0 0 0 0 0 0
1.7670001983642578 -1.8142675161361694 4.797397136688232 0.442472602294513 0.8967820226893053 0 0 0 -1 0 0 0 0 0 0
1.5273571014404297 -1.6000036001205444 4.452609539031982 0.8418740414837433 0.5396740667067746 0 0 0 -1 0 0 0 0 0 0
1.4327106475830078 -1.2927907705307007 4.107814311981201 0.9996174854620851 0.0276565138522256 0 0 0 -1 0 0 0 0 0 0
1.5102291107177734 -0.9808133840560913 3.763026475906372 0.8704213353477666 -0.49230752479665696 0 0 0 -1 0 0 0 0 0 0
1.737661361694336 -0.7536290884017944 3.418238878250122 0.4913720362234156 -0.8709497815704729 0 0 0 -1 0 0 0 0 0 0
2.0497188568115234 -0.6764463186264038 3.073443651199341 -0.02872248693611768 -0.999587424262733 0 0 0 -1 0 0 0 0 0 0
2.3568286895751953 -0.7714208364486694 2.728656053543091 -0.5405749855105846 -0.8412958368137996 0 0 0 -1 0 0 0 0 0 0
2.5708370208740234 -1.011292815208435 2.383868455886841 -0.8972588251742839 -0.4415049270923979 0 0 0 -1 0 0 0 0 0 0
2.630311965942383 -1.3272069692611694 2.0390732288360596 -0.9963800132818719 0.0850109941855568 0 0 0 -1 0 0 0 0 0 0
2.5181751251220703 -1.6284765005111694 1.6942857503890991 -0.80949326115379 0.5871291681960641 0 0 0 -1 0 0 0 0 0 0
2.2666263580322266 -1.828626036643982 1.3494981527328491 -0.3902438285252855 0.9207115478247939 0 0 0 -1 0 0 0 0 0 0
1.9478626251220703 -1.8701986074447632 1.0047029256820679 0.14103179684052414 0.9900050667950813 0 0 0 -1 0 0 0 0 0 0
1.653390884399414 -1.7412656545639038 0.6599153280258179 0.6318180384407743 0.7751167436592066 0 0 0 -1 0 0 0 0 0 0
1.4677371978759766 -1.478833556175232 0.3151277005672455 0.9412448844630937 0.33772483988012664 0 0 0 -1 0 0 0 0 0 0
1.444192886352539 -1.15823495388031 -0.02966751530766487 0.980483028897323 -0.19660373863264013 0 0 0 -1 0 0 0 0 0 0
1.589517593383789 -0.8714956045150757 -0.37445512413978577 0.7382736495117195 -0.6745013109228527 0 0 0 -1 0 0 0 0 0 0
1.8619976043701172 -0.7009290456771851 -0.7192426919937134 0.2841399004659731 -0.9587828309701769 0 0 0 -1 0 0 0 0 0 0
2.183412551879883 -0.6954892873764038 -1.0640379190444946 -0.25154578297612484 -0.9678454003956047 0 0 0 -1 0 0 0 0 0 0
2.4615039825439453 -0.8567441701889038 -1.4088255167007446 -0.7150334644122333 -0.6990902264877114 0 0 0 -1 0 0 0 0 0 0
2.616445541381836 -1.1384023427963257 -1.7536207437515259 -0.9732720374740866 -0.22965526571589887 0 0 0 -1 0 0 0 0 0 0
2.603761672973633 -1.4596151113510132 -2.0984084606170654 -0.9521311187001467 0.3056899291812002 0 0 0 -1 0 0 0 0 0 0
2.427091598510742 -1.7281774282455444 -2.4431960582733154 -0.6576821057544596 0.7532955912325385 0 0 0 -1 0 0 0 0 0 0
2.137147903442383 -1.8669980764389038 -2.7879912853240967 -0.17444454893711325 0.9846669992165509 0 0 0 -1 0 0 0 0 0 0
1.8642253875732422 1.8497263193130493 -2.7879912853240967 0.2804273653675148 -0.9598752485365138 0 0 0 1 0 0 0 0 0 0
1.600881576538086 1.690600037574768 -2.4539077281951904 0.7193297334448643 -0.6946687948815181 0 0 0 1 0 0 0 0 0 0
1.4510364532470703 1.421862244606018 -2.119824171066284 0.9690753229690029 -0.2467651077695605 0 0 0 1 0 0 0 0 0 0
1.4541034698486328 1.114184021949768 -1.7857404947280884 0.9639645449444033 0.26603074275378263 0 0 0 1 0 0 0 0 0 0
1.609273910522461 0.8484865427017212 -1.4516569375991821 0.7053487184373306 0.708860483733446 0 0 0 1 0 0 0 0 0 0
1.8757381439208984 0.6946398019790649 -1.1175733804702759 0.2612419070836117 0.9652733633449737 0 0 0 1 0 0 0 0 0 0
2.1834239959716797 0.6930986642837524 -0.7834898233413696 -0.25156680234791995 0.9678399371571945 0 0 0 1 0 0 0 0 0 0
2.451414108276367 0.8442713022232056 -0.449413925409317 -0.6982160272136922 0.7158871275151749 0 0 0 1 0 0 0 0 0 0
-0.540931761264801 3.0249736309051514 -0.449413925409317 0.6084181727834346 -0.793616612116245 0 0 0 -1 0 0 0 0 0 0
-0.21350865066051483 3.1476199626922607 -0.8391767740249634 0.0627128673443747 -0.998031610856814 0 0 0 -1 0 0 0 0 0 0
0.1266917735338211 3.0669238567352295 -1.2289396524429321 -0.5042909109754283 -0.863533830899272 0 0 0 -1 0 0 0 0 0 0
0.3641452491283417 2.8102824687957764 -1.6187025308609009 -0.9000410207716547 -0.43580518689928166 0 0 0 -1 0 0 0 0 0 0
0.4182147681713104 2.46484637260437 -2.008465528488159 -0.9901626546167228 0.13992111135337792 0 0 0 -1 0 0 0 0 0 0
0.27054211497306824 2.147921323776245 -2.398228406906128 -0.7440409859206054 0.6681339770362629 0 0 0 -1 0 0 0 0 0 0
-0.028728526085615158 1.9671274423599243 -2.7879912853240967 -0.24525635802468396 0.9694582604983403 0 0 0 -1 0 0 0 0 0 0
-0.37796977162361145 1.9838587045669556 -3.1777541637420654 0.33681599958487374 0.9415704872305855 0 0 0 -1 0 0 0 0 0 0
-0.6585846543312073 2.1924350261688232 -3.567517042160034 0.8045030747819037 0.5939484848591355 0 0 0 -1 0 0 0 0 0 0
-0.7752838730812073 2.5220248699188232 -3.957279920578003 0.9990034946371821 0.04463202552761692 0 0 0 -1 0 0 0 0 0 0
-0.6884384751319885 2.8607089519500732 -4.347042560577393 0.8542622698293227 -0.5198422590998675 0 0 0 -1 0 0 0 0 0 0
-0.4275379478931427 3.0934741497039795 -4.736805438995361 0.4194274089611437 -0.9077888788766589 0 0 0 -1 0 0 0 0 0 0
-0.0811806172132492 3.141279935836792 -5.12656831741333 -0.157839968582406 -0.9874647053530091 0 0 0 -1 0 0 0 0 0 0
0.23301692306995392 2.9878947734832764 -5.516331195831299 -0.6814931265672757 -0.731824513419412 0 0 0 -1 0 0 0 0 0 0
0.40836140513420105 2.685396909713745 -5.906094074249268 -0.9737409381002503 -0.2276589235405556 0 0 0 -1 0 0 0 0 0 0
0.3853091895580292 2.336519956588745 -6.295856952667236 -0.9353201830432907 0.35380242394854383 0 0 0 -1 0 0 0 0 0 0
0.17168612778186798 2.059725522994995 -6.685619831085205 -0.5792767745419357 0.8151309210650101 0 0 0 -1 0 0 0 0 0 0
-0.15996365249156952 1.9490152597427368 -7.075382709503174 -0.02652914197371027 0.9996480403752805 0 0 0 -1 0 0 0 0 0 0
-0.49701884388923645 2.0419795513153076 -7.465145587921143 0.535225036789212 0.8447095121957527 0 0 0 -1 0 0 0 0 0 0
-0.7250233292579651 2.307051420211792 -7.854904651641846 0.915234625680886 0.40292130739732346 0 0 0 -1 0 0 0 0 0 0
2.551729202270508 1.5744386911392212 -7.854904651641846 -0.8654114340890511 -0.5010619220694507 0 0 0 1 0 0 0 0 0 0
2.342020034790039 1.7877947092056274 -7.520824909210205 -0.5158909307677696 -0.856654275394435 0 0 0 1 0 0 0 0 0 0
2.055356979370117 1.8733659982681274 -7.186741352081299 -0.03812460287447289 -0.9992729930582852 0 0 0 1 0 0 0 0 0 0
1.7630062103271484 1.8098818063735962 -6.852657794952393 0.44912440997184283 -0.8934692296701907 0 0 0 1 0 0 0 0 0 0
1.537649154663086 1.61312735080719 -6.518574237823486 0.8247225722815846 -0.5655375131405929 0 0 0 1 0 0 0 0 0 0
1.435312271118164 1.3320108652114868 -6.18449068069458 0.9952828021580679 -0.09701620343212991 0 0 0 1 0 0 0 0 0 0
1.481435775756836 1.0364214181900024 -5.850407123565674 0.9184064067034038 0.39563830973016517 0 0 0 1 0 0 0 0 0 0
1.6645565032958984 0.7998529672622681 -5.516331195831299 0.6132156449724137 0.7899155478663948 0 0 0 1 0 0 0 0 0 0
1.9391422271728516 0.6811052560806274 -5.182247638702393 0.15557193484421702 0.9878245659472266 0 0 0 1 0 0 0 0 0 0
2.236936569213867 0.7097116708755493 -4.848164081573486 -0.340752839246984 0.940152914448027 0 0 0 1 0 0 0 0 0 0
2.4839000701904297 0.8785539865493774 -4.51408052444458 -0.7523646714054917 0.6587468415263229 0 0 0 1 0 0 0 0 0 0
2.6186389923095703 1.14565908908844 -4.179996967315674 -0.9769286276323392 0.21356604719007705 0 0 0 1 0 0 0 0 0 0
2.6076526641845703 1.4446207284927368 -3.8459136486053467 -0.9586162499464849 -0.28470139679765977 0 0 0 1 0 0 0 0 0 0
2.453676223754883 1.7011133432388306 -3.5118300914764404 -0.7019946867627935 -0.7121821815777246 0 0 0 1 0 0 0 0 0 0
2.194986343383789 1.851378083229065 -3.1777541637420654 -0.2708423996226421 -0.962623703513813 0 0 0 1 0 0 0 0 0 0
1.7861499786376953 -1.8233007192611694 -3.1777541637420654 0.4105517416650817 0.9118373031499468 0 0 0 -1 0 0 0 0 0 0
1.551797866821289 -1.6352819204330444 -3.5118300914764404 0.8011442994569038 0.5984712285880639 0 0 0 -1 0 0 0 0 0 0
1.437978744506836 -1.357221007347107 -3.8459136486053467 0.9908402015418802 0.13503960533282838 0 0 0 -1 0 0 0 0 0 0
1.4732379913330078 -1.0588430166244507 -4.179996967315674 0.9320764533084702 -0.36226162533161466 0 0 0 -1 0 0 0 0 0 0
1.6487293243408203 -0.8149656057357788 -4.51408052444458 0.6395893805099575 -0.768716738687853 0 0 0 -1 0 0 0 0 0 0
1.920450210571289 -0.6867498159408569 -4.848164081573486 0.18671922950476963 -0.9824133189921364 0 0 0 -1 0 0 0 0 0 0
2.220266342163086 -0.7063421010971069 -5.182247638702393 -0.3129744302832466 -0.9497615521744798 0 0 0 -1 0 0 0 0 0 0
2.472993850708008 -0.8688253164291382 -5.516331195831299 -0.7341789922747981 -0.6789559686035332 0 0 0 -1 0 0 0 0 0 0
-0.5728970170021057 -3.0010616779327393 -5.516331195831299 0.661696641533942 0.7497716682982238 0 0 0 1 0 0 0 0 0 0
-0.2504940330982208 -3.1465389728546143 -5.12656831741333 0.1243536701643846 0.9922379577080529 0 0 0 1 0 0 0 0 0 0
0.09783931076526642 -3.0851223468780518 -4.736805438995361 -0.4562025170498988 0.8898759820544302 0 0 0 1 0 0 0 0 0 0
0.35104748606681824 -2.8381550312042236 -4.347042560577393 -0.8782169664230318 0.47826243829797815 0 0 0 1 0 0 0 0 0 0
0.4211368262767792 -2.4914638996124268 -3.957279920578003 -0.9950323016439998 -0.09955259255812525 0 0 0 1 0 0 0 0 0 0
0.2837505042552948 -2.165532350540161 -3.567517042160034 -0.7660534345168293 -0.6427768940036428 0 0 0 1 0 0 0 0 0 0
-0.01336864847689867 -1.9736264944076538 -3.1777541637420654 -0.2708558205391983 -0.9626199273233635 0 0 0 1 0 0 0 0 0 0
-0.3669643700122833 -1.9824384450912476 -2.7879912853240967 0.3184720537193026 -0.9479322502161267 0 0 0 1 0 0 0 0 0 0
-0.6541557908058167 -2.1889050006866455 -2.398228406906128 0.7971217992648494 -0.6038185465326229 0 0 0 1 0 0 0 0 0 0
-0.7751350998878479 -2.5212795734405518 -2.008465528488159 0.9987561972576254 -0.049860389483908814 0 0 0 1 0 0 0 0 0 0
-0.6878624558448792 -2.864049196243286 -1.6187025308609009 0.8532990520737425 0.5214218328091493 0 0 0 1 0 0 0 0 0 0
-0.42266467213630676 -3.0980961322784424 -1.2289396524429321 0.4113026222034578 0.9114988496803271 0 0 0 1 0 0 0 0 0 0
-0.0717049092054367 -3.1420834064483643 -0.8391767740249634 -0.1736307594332789 0.9848108241579308 0 0 0 1 0 0 0 0 0 0
0.24304957687854767 -2.9807255268096924 -0.449413925409317 -0.6982245054360618 0.7158788584729732 0 0 0 1 0 0 0 0 0 0
-2.749298095703125 -0.8000272512435913 -0.449413925409317 0.6084216508062205 -0.7936139457130486 0 0 0 -1 0 0 0 0 0 0
-2.3663253784179688 -0.6764653921127319 -0.8991361856460571 -0.02986690209482332 -0.9995538845701407 0 0 0 -1 0 0 0 0 0 0
-1.991415023803711 -0.8226751089096069 -1.3488661050796509 -0.6547201436142142 -0.7558713736779443 0 0 0 -1 0 0 0 0 0 0
-1.7932071685791016 -1.1728872060775757 -1.7985883951187134 -0.9850640733886286 -0.17218818577069275 0 0 0 -1 0 0 0 0 0 0
-1.8608627319335938 -1.5695699453353882 -2.2483184337615967 -0.8723079244973236 0.48895693558755415 0 0 0 -1 0 0 0 0 0 0
-2.1639442443847656 -1.834290862083435 -2.698040723800659 -0.3671688337895448 0.9301543138069219 0 0 0 -1 0 0 0 0 0 0
-2.5661239624023438 -1.8479665517807007 -3.147770643234253 0.3031295597087059 0.952949353339833 0 0 0 -1 0 0 0 0 0 0
-2.8864917755126953 -1.6044515371322632 -3.5974929332733154 0.8370714891800755 0.5470935221713479 0 0 0 -1 0 0 0 0 0 0
-2.980937957763672 -1.2132810354232788 -4.04722261428833 0.9944870557084817 -0.1048594107759297 0 0 0 -1 0 0 0 0 0 0
-2.8069820404052734 -0.8504117727279663 -4.496944904327393 0.7045581367156825 -0.7096462724398163 0 0 0 -1 0 0 0 0 0 0
-2.44287109375 -0.6790670156478882 -4.946674823760986 0.09770619334379275 -0.9952153032295401 0 0 0 -1 0 0 0 0 0 0
-2.052389144897461 -0.7763265371322632 -5.396397113800049 -0.5530964793093521 -0.8331172093862901 0 0 0 -1 0 0 0 0 0 0
-1.8111839294433594 -1.0984357595443726 -5.846127033233643 -0.955105033380185 -0.29626740490954356 0 0 0 -1 0 0 0 0 0 0
-1.8277530670166016 -1.5005086660385132 -6.295856952667236 -0.9274884122620052 0.3738519026562586 0 0 0 -1 0 0 0 0 0 0
-2.094644546508789 -1.801679015159607 -6.745579242706299 -0.48267272654332005 0.8758007987272204 0 0 0 -1 0 0 0 0 0 0
-2.4918041229248047 -1.8664792776107788 -7.195309162139893 0.1792630808062994 0.9838011729307066 0 0 0 -1 0 0 0 0 0 0
-2.8405838012695312 -1.6657575368881226 -7.645031452178955 0.7605634211527104 0.6492636462982393 0 0 0 -1 0 0 0 0 0 0
-2.9840927124023438 -1.289807677268982 -8.094758033752441 0.9997426342647854 0.02268623444530555 0 0 0 -1 0 0 0 0 0 0
-2.8577804565429688 -0.9077314138412476 -8.54448413848877 0.789220799506915 -0.6141095420408855 0 0 0 -1 0 0 0 0 0 0
-2.518463134765625 -0.6913999319076538 -8.994210243225098 0.22369127500738245 -0.9746600502152386 0 0 0 -1 0 0 0 0 0 0
-2.118772506713867 -0.7381223440170288 -9.443940162658691 -0.4424546155794864 -0.8967908971172761 0 0 0 -1 0 0 0 0 0 0
-1.8384971618652344 -1.0268834829330444 -9.89366626739502 -0.9095838983083147 -0.41552031471186723 0 0 0 -1 0 0 0 0 0 0
-1.8037128448486328 -1.4277890920639038 -10.343392372131348 -0.9675558828045434 0.252657106866838 0 0 0 -1 0 0 0 0 0 0
-2.030061721801758 -1.7605031728744507 -10.793118476867676 -0.5903074192113706 0.8071785123651467 0 0 0 -1 0 0 0 0 0 0
-2.415731430053711 -1.8753713369369507 -11.242844581604004 0.052474623060331516 0.9986222578806643 0 0 0 -1 0 0 0 0 0 0
-2.7872390747070312 -1.720715880393982 -11.692570686340332 0.6716580202928794 0.7408613256043601 0 0 0 -1 0 0 0 0 0 0
-2.9774723052978516 -1.3661092519760132 -12.14229679107666 0.9887086797234701 0.14985041421188308 0 0 0 -1 0 0 0 0 0 0
-1.8074893951416016 1.4391809701919556 -12.14229679107666 -0.9612627097712642 -0.2756338201368012 0 0 0 1 0 0 0 0 0 0
-2.0415477752685547 1.7663027048110962 -11.69347858428955 -0.5711672119321575 -0.8208337322586384 0 0 0 1 0 0 0 0 0 0
-2.429624557495117 1.8720842599868774 -11.244660377502441 0.07563170967751107 -0.9971358204834769 0 0 0 1 0 0 0 0 0 0
-2.7973060607910156 1.708983063697815 -10.795842170715332 0.6884324124502027 -0.7253004987506861 0 0 0 1 0 0 0 0 0 0
-2.979351043701172 1.3503023386001587 -10.347023963928223 0.9918385726580454 -0.12749998348098493 0 0 0 1 0 0 0 0 0 0
-2.893939971923828 0.9572397470474243 -9.898205757141113 0.8494887952012258 0.5276066591956262 0 0 0 1 0 0 0 0 0 0
-2.5794620513916016 0.7064462900161743 -9.44939136505127 0.3253581973460287 0.9455908435574779 0 0 0 1 0 0 0 0 0 0
-2.1772499084472656 0.7106386423110962 -9.00057315826416 -0.3449939864329787 0.9386048952168753 0 0 0 1 0 0 0 0 0 0
-1.8680667877197266 0.9679285287857056 -8.55175495147705 -0.8602990057520473 0.5097897808921232 0 0 0 1 0 0 0 0 0 0
-1.7908668518066406 1.3626848459243774 -8.102936744689941 -0.9889673158116796 -0.14813388625240775 0 0 0 1 0 0 0 0 0 0
-1.9803466796875 1.71749746799469 -7.654118061065674 -0.6731660326646224 -0.7394913741664418 0 0 0 1 0 0 0 0 0 0
-2.351348876953125 1.8729006052017212 -7.20530366897583 -0.05483058989401724 -0.9984956717041261 0 0 0 1 0 0 0 0 0 0
-2.7371349334716797 1.7590547800064087 -6.756481647491455 0.5881496825193593 -0.8087520948673809 0 0 0 1 0 0 0 0 0 0
-2.964326858520508 1.4271265268325806 -6.307667255401611 0.9667987118854922 -0.2555391373088542 0 0 0 1 0 0 0 0 0 0
-2.930816650390625 1.0262895822525024 -5.858845233917236 0.9109465434058441 0.41252441752815644 0 0 0 1 0 0 0 0 0 0
-2.6516647338867188 0.7366930246353149 -5.410030841827393 0.4456960520474222 0.8951843548618025 0 0 0 1 0 0 0 0 0 0
-2.252328872680664 0.6884828805923462 -4.961208820343018 -0.21986672561441928 0.9755299190530211 0 0 0 1 0 0 0 0 0 0
-1.9122810363769531 0.9033304452896118 -4.512394428253174 -0.7866073280592846 0.6174535702734524 0 0 0 1 0 0 0 0 0 0
-1.7843456268310547 1.2846781015396118 -4.063572406768799 -0.9998356200388216 -0.018130992846088302 0 0 0 1 0 0 0 0 0 0
-1.9260196685791016 1.6611353158950806 -3.614758253097534 -0.7637117522951176 -0.6455574021001701 0 0 0 1 0 0 0 0 0 0
-2.273632049560547 1.8635164499282837 -3.165936231613159 -0.18435695377263298 -0.9828593559587634 0 0 0 1 0 0 0 0 0 0
-2.670957565307617 1.8008676767349243 -2.7171218395233154 0.47784994815343973 -0.8784414761665997 0 0 0 1 0 0 0 0 0 0
-2.9394283294677734 1.501341462135315 -2.2683074474334717 0.9253003948963181 -0.3792349920625968 0 0 0 1 0 0 0 0 0 0
-2.9583873748779297 1.0995546579360962 -1.8194853067398071 0.9569019308359098 0.29041125109490473 0 0 0 1 0 0 0 0 0 0
-2.7193145751953125 0.7760797739028931 -1.3706709146499634 0.5584449700575512 0.8295415694330338 0 0 0 1 0 0 0 0 0 0
-2.3296546936035156 0.6762911081314087 -0.9218488931655884 -0.09098641130864576 0.9958521340827533 0 0 0 1 0 0 0 0 0 0
-1.964529037475586 0.8450380563735962 -0.473034530878067 -0.6995297983301066 0.7146034293566189 0 0 0 1 0 0 0 0 0 0
-1.788034439086914 1.2064844369888306 -0.02421249821782112 -0.9936860282172233 0.11219660122249646 0 0 0 1 0 0 0 0 0 0
-1.8794918060302734 1.5981851816177368 0.42460188269615173 -0.8412537440825921 -0.5406404887418444 0 0 0 1 0 0 0 0 0 0
-2.1977977752685547 1.8440996408462524 0.8734239339828491 -0.3107445092265865 -0.9504934770873116 0 0 0 1 0 0 0 0 0 0
-2.5998973846435547 1.83370840549469 1.3222383260726929 0.35941773602157273 -0.9331767737321409 0 0 0 1 0 0 0 0 0 0
-2.905078887939453 1.57168447971344 1.7710603475570679 0.8680525155372294 -0.49647238621043965 0 0 0 1 0 0 0 0 0 0
-2.976186752319336 1.1757837533950806 2.219874620437622 0.9865648666744594 0.16337002125116487 0 0 0 1 0 0 0 0 0 0
-2.781261444091797 0.8239351511001587 2.668689012527466 0.6616910259238478 0.7497766242100681 0 0 0 1 0 0 0 0 0 0
0.2646274268627167 2.956171751022339 2.668689012527466 -0.7341846014153828 -0.6789499031920805 0 0 0 -1 0 0 0 0 0 0
0.4177837073802948 2.6357600688934326 2.278926134109497 -0.9894410601529872 -0.1449358081473759 0 0 0 -1 0 0 0 0 0 0
0.3629550635814667 2.2848803997039795 1.8891633749008179 -0.8980626238961157 0.43986762049601213 0 0 0 -1 0 0 0 0 0 0
0.1193503886461258 2.0264651775360107 1.4994004964828491 -0.4920585423306636 0.8705621120399293 0 0 0 -1 0 0 0 0 0 0
-0.22768597304821014 1.9510446786880493 1.1096376180648804 0.08634126963892684 0.9962656197807581 0 0 0 -1 0 0 0 0 0 0
-0.5565720200538635 2.0850398540496826 0.7198747396469116 0.6344812754743361 0.7729382323785385 0 0 0 -1 0 0 0 0 0 0
-0.7520886063575745 2.381514310836792 0.3301118314266205 0.9603462820210825 0.2788100044981948 0 0 0 -1 0 0 0 0 0 0
-0.7457371354103088 2.7365939617156982 -0.05965103581547737 0.9497582256412515 -0.31298452489984463 0 0 0 -1 0 0 0 0 0 0
2.620584487915039 1.1549021005630493 -0.05965103581547737 -0.9801694573494141 0.1981611336245204 0 0 0 1 0 0 0 0 0 0
2.595762252807617 1.4804826974868774 0.28908857703208923 -0.9387982042938974 -0.34446760604526183 0 0 0 1 0 0 0 0 0 0
2.4041194915771484 1.7448526620864868 0.6378206014633179 -0.6193910678942489 -0.7850826103110563 0 0 0 1 0 0 0 0 0 0
2.1024112701416016 1.8697153329849243 0.9865602254867554 -0.11654960850406805 -0.9931848713897874 0 0 0 1 0 0 0 0 0 0
1.7799930572509766 1.8180910348892212 1.3352922201156616 0.4208169116336549 -0.9071455929910658 0 0 0 1 0 0 0 0 0 0
1.5323505401611328 1.6052690744400024 1.6840318441390991 0.8335506676973968 -0.5524430146008038 0 0 0 1 0 0 0 0 0 0
1.4328327178955078 1.29427969455719 2.032763719558716 0.999417390456554 -0.03413033332699616 0 0 0 1 0 0 0 0 0 0
1.510904312133789 0.9772249460220337 2.381495714187622 0.8692961687219343 0.494291585044057 0 0 0 1 0 0 0 0 0 0
1.7434520721435547 0.7480074167251587 2.7302353382110596 0.4817180314672157 0.8763262738040841 0 0 0 1 0 0 0 0 0 0
2.0615978240966797 0.6745096445083618 3.078967332839966 -0.04852517272466042 0.9988219599168021 0 0 0 1 0 0 0 0 0 0
2.3711185455322266 0.7784982919692993 3.4277069568634033 -0.564392275805423 0.8255067286286499 0 0 0 1 0 0 0 0 0 0
2.580350875854492 1.0291811227798462 3.7764389514923096 -0.9131152835265811 0.40770145816537323 0 0 0 1 0 0 0 0 0 0
2.6273250579833984 1.3523088693618774 4.125171184539795 -0.9914030089174928 -0.13084370030437853 0 0 0 1 0 0 0 0 0 0
2.498128890991211 1.6521860361099243 4.473910808563232 -0.7760779638081713 -0.6306369748844124 0 0 0 1 0 0 0 0 0 0
2.2310237884521484 1.8400026559829712 4.822642803192139 -0.33090210681167004 -0.9436650866210947 0 0 0 1 0 0 0 0 0 0
1.9051227569580078 1.8601289987564087 5.171382427215576 0.21226521421210845 -0.9772120951131784 0 0 0 1 0 0 0 0 0 0
1.6169376373291016 1.7066103219985962 5.520114421844482 0.6925710634990381 -0.721349653083587 0 0 0 1 0 0 0 0 0 0
1.451822280883789 1.4249063730239868 5.86885404586792 0.9677693669943757 -0.2518381470454897 0 0 0 1 0 0 0 0 0 0
1.4586772918701172 1.0984560251235962 6.217586040496826 0.9563451256253412 0.2922396288880929 0 0 0 1 0 0 0 0 0 0
1.6354694366455078 0.8239351511001587 6.566318035125732 0.6616910259238478 0.7497766242100681 0 0 0 1 0 0 0 0 0 0
0.2834338843822479 2.9348437786102295 6.566318035125732 -0.7655259281956069 -0.6434050460326328 0 0 0 -1 0 0 0 0 0 0
0.421871155500412 2.6006686687469482 6.176555156707764 -0.9962563595988808 -0.08644805352803274 0 0 0 -1 0 0 0 0 0 0
0.3430614173412323 2.2476413249969482 5.786792278289795 -0.8649047611673206 0.5019360059909036 0 0 0 -1 0 0 0 0 0 0
0.07564349472522736 2.0040690898895264 5.397029399871826 -0.4192086530116441 0.9078899191202439 0 0 0 -1 0 0 0 0 0 0
-0.2831898033618927 1.9584757089614868 5.007266521453857 0.17884732164521752 0.9838768396198438 0 0 0 -1 0 0 0 0 0 0
-0.6030216813087463 2.1274325847625732 4.617503643035889 0.7118981010520721 0.7022827733316928 0 0 0 -1 0 0 0 0 0 0
-0.7676125168800354 2.4495341777801514 4.22774076461792 0.9862188583830173 0.1654459530169847 0 0 0 -1 0 0 0 0 0 0
-0.7171440720558167 2.8077151775360107 3.837977647781372 0.9021030016808042 -0.4315207693245866 0 0 0 -1 0 0 0 0 0 0
-0.4699573814868927 3.0717952251434326 3.4482147693634033 0.49012380142850026 -0.8716528318506607 0 0 0 -1 0 0 0 0 0 0
-0.11589054763317108 3.145796537399292 3.0584518909454346 -0.09998471208562766 -0.9949889734811909 0 0 0 -1 0 0 0 0 0 0
1.6674327850341797 -0.8000272512435913 40.47568893432617 0.6084145843104833 -0.7936193631699656 0 0 0 -1 0 0 0 0 0 0
1.953775405883789 -0.6813825368881226 40.134647369384766 0.13118034192170966 -0.9913585213701972 0 0 0 -1 0 0 0 0 0 0
2.2611217498779297 -0.7214673757553101 39.79360580444336 -0.38106579342404723 -0.924547922544906 0 0 0 -1 0 0 0 0 0 0
2.507455825805664 -0.9095891714096069 39.45256423950195 -0.7916231672597637 -0.6110096243576041 0 0 0 -1 0 0 0 0 0 0
2.627035140991211 -1.1955426931381226 39.11152267456055 -0.990924009470888 -0.13442324000759406 0 0 0 -1 0 0 0 0 0 0
2.5879573822021484 -1.5030187368392944 38.77048110961914 -0.9257910743318821 0.3780355627284546 0 0 0 -1 0 0 0 0 0 0
2.400644302368164 -1.7499669790267944 38.4294319152832 -0.6136018966108564 0.7896155472605384 0 0 0 -1 0 0 0 0 0 0
2.115083694458008 -1.870484709739685 38.0883903503418 -0.13766621421358993 0.9904786789548263 0 0 0 -1 0 0 0 0 0 0
1.8074817657470703 -1.832410216331482 37.74734878540039 0.3749994825928656 0.9270250201882813 0 0 0 -1 0 0 0 0 0 0
1.5599231719970703 -1.6459096670150757 37.406307220458984 0.7876006417848687 0.6161860344571781 0 0 0 -1 0 0 0 0 0 0
1.4384708404541016 -1.3607457876205444 37.06526565551758 0.9900209489569728 0.14092026336313396 0 0 0 -1 0 0 0 0 0 0
1.475534439086914 -1.0530179738998413 36.72422409057617 0.9282467037056878 -0.37196512882194344 0 0 0 -1 0 0 0 0 0 0
1.6612262725830078 -0.8048490285873413 36.383182525634766 0.6187566344831495 -0.7855827310239745 0 0 0 -1 0 0 0 0 0 0
1.9459896087646484 -0.6824659109115601 36.04214096069336 0.14415079763682132 -0.9895557324075627 0 0 0 -1 0 0 0 0 0 0
2.253835678100586 -0.7185224294662476 35.70109176635742 -0.36892491137566347 -0.9294592028520988 0 0 0 -1 0 0 0 0 0 0
2.5026111602783203 -0.9033979177474976 35.360050201416016 -0.7835466500160859 -0.6213329600532786 0 0 0 -1 0 0 0 0 0 0
2.6259288787841797 -1.1877607107162476 35.01900863647461 -0.9890778615113481 -0.14739397500623425 0 0 0 -1 0 0 0 0 0 0
-0.7614975571632385 -2.6817867755889893 35.01900863647461 0.9760265538920408 0.21765147851008743 0 0 0 1 0 0 0 0 0 0
-0.5852413773536682 -2.9898617267608643 35.40877151489258 0.682262530006196 0.7311072699334513 0 0 0 1 0 0 0 0 0 0
-0.2657356560230255 -3.1444294452667236 35.79853439331055 0.14975631269754117 0.9887229373324139 0 0 0 1 0 0 0 0 0 0
0.08521266281604767 -3.0914089679718018 36.188297271728516 -0.43515911069303237 0.9003535685389652 0 0 0 1 0 0 0 0 0 0
0.34479519724845886 -2.849351167678833 36.578060150146484 -0.8677953890268709 0.4969216867713682 0 0 0 1 0 0 0 0 0 0
0.422176331281662 -2.502957582473755 36.96782302856445 -0.9967626574629606 -0.08040027790609001 0 0 0 1 0 0 0 0 0 0
0.29027554392814636 -2.1734440326690674 37.35758590698242 -0.7769270687690195 -0.6295906049282972 0 0 0 1 0 0 0 0 0 0
-0.004747432190924883 -1.9761213064193726 37.74734878540039 -0.2852206932148425 -0.9584618699573002 0 0 0 1 0 0 0 0 0 0
-0.3596554100513458 -1.9800351858139038 38.13711166381836 0.30628783043528984 -0.9519389502101714 0 0 0 1 0 0 0 0 0 0
-0.6502571702003479 -2.1838161945343018 38.52687454223633 0.7906231687298253 -0.6123030336913334 0 0 0 1 0 0 0 0 0 0
-0.7748585343360901 -2.5161564350128174 38.9166374206543 0.9982933557931687 -0.058398422745942945 0 0 0 1 0 0 0 0 0 0
-0.689857542514801 -2.8607609272003174 39.306400299072266 0.8566255054528962 0.5159387012112683 0 0 0 1 0 0 0 0 0 0
-0.4250011742115021 -3.0970356464385986 39.696163177490234 0.41520273019049686 0.9097289117326971 0 0 0 1 0 0 0 0 0 0
-0.0729694813489914 -3.1423046588897705 40.0859260559082 -0.1715213357450928 0.9851804055015606 0 0 0 1 0 0 0 0 0 0
0.24304957687854767 -2.9807255268096924 40.47568893432617 -0.6982245054360618 0.7158788584729732 0 0 0 1 0 0 0 0 0 0
-2.749298095703125 -0.8000272512435913 40.47568893432617 0.6084216508062205 -0.7936139457130486 0 0 0 -1 0 0 0 0 0 0
-2.369129180908203 -0.6763890981674194 40.03325271606445 -0.02519402058396965 -0.9996825802857697 0 0 0 -1 0 0 0 0 0 0
-1.9956722259521484 -0.8190206289291382 39.590824127197266 -0.6476220396313815 -0.7619617403673818 0 0 0 -1 0 0 0 0 0 0
-1.7947158813476562 -1.1646093130111694 39.14838790893555 -0.9825537642961626 -0.18597876294738924 0 0 0 -1 0 0 0 0 0 0
-1.8554668426513672 -1.5597318410873413 38.70595932006836 -0.8813028556607039 0.47255187715666586 0 0 0 -1 0 0 0 0 0 0
-2.150960922241211 -1.8289884328842163 38.26352310180664 -0.3888082492838069 0.9213186990878136 0 0 0 -1 0 0 0 0 0 0
-2.550016403198242 -1.852845549583435 37.82108688354492 0.27628410785632035 0.9610760072679148 0 0 0 -1 0 0 0 0 0 0
-2.8754806518554688 -1.620709776878357 37.378658294677734 0.8187224199415372 0.5741895149557096 0 0 0 -1 0 0 0 0 0 0
-2.9828739166259766 -1.2356351613998413 36.936222076416016 0.9977118319862626 -0.0676099128428363 0 0 0 -1 0 0 0 0 0 0
-2.8245201110839844 -0.8685697317123413 36.4937858581543 0.7337909184244311 -0.6793753660811007 0 0 0 -1 0 0 0 0 0 0
-2.470714569091797 -0.6824620962142944 36.05135726928711 0.14411234432307268 -0.9895613332248326 0 0 0 -1 0 0 0 0 0 0
-2.0785255432128906 -0.7599271535873413 35.60892105102539 -0.5095364935359585 -0.8604490465768906 0 0 0 -1 0 0 0 0 0 0
-1.8220539093017578 -1.0665830373764038 35.16648483276367 -0.9369884842098236 -0.349360244530166 0 0 0 -1 0 0 0 0 0 0
-1.815155029296875 -1.466290831565857 34.724056243896484 -0.9484850843962142 0.316821786936925 0 0 0 -1 0 0 0 0 0 0
-2.060894012451172 -1.7816098928451538 34.281620025634766 -0.5389229947020447 0.8423550354698307 0 0 0 -1 0 0 0 0 0 0
-2.4501781463623047 -1.8725637197494507 33.83918380737305 0.10988598452879546 0.9939441988382133 0 0 0 -1 0 0 0 0 0 0
-2.810192108154297 -1.698773741722107 33.39675521850586 0.709908933750163 0.7042934798659624 0 0 0 -1 0 0 0 0 0 0
-2.981119155883789 -1.3373883962631226 32.95431900024414 0.994785759150222 0.10198673145030443 0 0 0 -1 0 0 0 0 0 0
-2.887075424194336 -0.9488385915756226 32.51189041137695 0.8380456872385088 -0.545600060576367 0 0 0 -1 0 0 0 0 0 0
-2.569812774658203 -0.7056134939193726 32.069454193115234 0.30927709937818215 -0.9509719637298557 0 0 0 -1 0 0 0 0 0 0
-2.1701717376708984 -0.7156881093978882 31.627017974853516 -0.35679138453389614 -0.9341840867422145 0 0 0 -1 0 0 0 0 0 0
-1.8655643463134766 -0.9745877981185913 31.184589385986328 -0.8644741356076712 -0.502677300925126 0 0 0 -1 0 0 0 0 0 0
-1.7912158966064453 -1.3673795461654663 30.74215316772461 -0.9883849241064555 0.15197118739773013 0 0 0 -1 0 0 0 0 0 0
-1.9801292419433594 -1.7196935415267944 30.29971694946289 -0.6735329092363108 0.7391572364359773 0 0 0 -1 0 0 0 0 0 0
-2.3484420776367188 -1.8751271963119507 29.857288360595703 -0.059677643613798376 0.9982177011317244 0 0 0 -1 0 0 0 0 0 0
-2.7326507568359375 -1.76468026638031 29.414852142333984 0.580675553693169 0.8141350633298701 0 0 0 -1 0 0 0 0 0 0
-2.962190628051758 -1.437379240989685 28.972415924072266 0.9632422920800956 0.26863411315073793 0 0 0 -1 0 0 0 0 0 0
-2.9351673126220703 -1.038525938987732 28.529987335205078 0.918198490744484 -0.3961206023353892 0 0 0 -1 0 0 0 0 0 0
-2.663572311401367 -0.7451833486557007 28.08755111694336 0.46554156843682987 -0.8850260154692496 0 0 0 -1 0 0 0 0 0 0
-2.2679786682128906 -0.6875699758529663 27.64511489868164 -0.19377995255788502 -0.9810450193475649 0 0 0 -1 0 0 0 0 0 0
-1.9239978790283203 -0.8912671804428101 27.202686309814453 -0.7670810865026834 -0.641550159169073 0 0 0 -1 0 0 0 0 0 0
-1.7843360900878906 -1.2658437490463257 26.760250091552734 -0.9998511053221733 -0.017255931908427852 0 0 0 -1 0 0 0 0 0 0
-1.9109916687011719 -1.6450170278549194 26.317813873291016 -0.7887622103884845 0.6146984427042843 0 0 0 -1 0 0 0 0 0 0
-2.2477378845214844 -1.8604635000228882 25.875385284423828 -0.22751192964584183 0.9737752933140301 0 0 0 -1 0 0 0 0 0 0
-2.6450843811035156 -1.8165334463119507 25.43294906616211 0.4347299262354936 0.9005608759186035 0 0 0 -1 0 0 0 0 0 0
-2.926637649536133 -1.5327352285385132 24.990520477294922 0.9039860188664631 0.42756201619643763 0 0 0 -1 0 0 0 0 0 0
-2.967409133911133 -1.135053038597107 24.548084259033203 0.9719366833786235 -0.23524260562866048 0 0 0 -1 0 0 0 0 0 0
-2.749298095703125 -0.8000272512435913 24.105648040771484 0.6084216508062205 -0.7936139457130486 0 0 0 -1 0 0 0 0 0 0
0.24304957687854767 -2.9807255268096924 24.105648040771484 -0.6982245054360618 0.7158788584729732 0 0 0 1 0 0 0 0 0 0
0.41170498728752136 -2.6726086139678955 24.495410919189453 -0.9793137354217788 0.20234773933563524 0 0 0 1 0 0 0 0 0 0
0.3789806067943573 -2.322880983352661 24.885173797607422 -0.9247700923912574 -0.3805263147519044 0 0 0 1 0 0 0 0 0 0
0.15608973801136017 -2.0514042377471924 25.27493667602539 -0.5532908833288558 -0.8329881142160279 0 0 0 1 0 0 0 0 0 0
-0.1805763691663742 -1.951215147972107 25.66469955444336 0.007825762245440062 -0.9999693782537931 0 0 0 1 0 0 0 0 0 0
-0.515632688999176 -2.056657075881958 26.054462432861328 0.5662521973593702 -0.8242320358889752 0 0 0 1 0 0 0 0 0 0
-0.7342472672462463 -2.331589937210083 26.444225311279297 0.9306106997032706 -0.36601055394317417 0 0 0 1 0 0 0 0 0 0
-0.7614975571632385 -2.6817867755889893 26.833988189697266 0.9760265538920408 0.21765147851008743 0 0 0 1 0 0 0 0 0 0
2.6259288787841797 -1.1877607107162476 26.833988189697266 -0.9890778615113481 -0.14739397500623425 0 0 0 -1 0 0 0 0 0 0
2.5913524627685547 -1.4945157766342163 26.495067596435547 -0.9314508732109571 0.36386710595290894 0 0 0 -1 0 0 0 0 0 0
2.408842086791992 -1.743481993675232 26.156139373779297 -0.6272694317426305 0.7788023240856935 0 0 0 -1 0 0 0 0 0 0
2.126707077026367 -1.8687528371810913 25.817218780517578 -0.15704217958803304 0.9875918963976161 0 0 0 -1 0 0 0 0 0 0
1.8196277618408203 -1.837170958518982 25.478290557861328 0.35475908227133857 0.9349577496047603 0 0 0 -1 0 0 0 0 0 0
1.5688953399658203 -1.6570981740951538 25.13936996459961 0.7726474369407687 0.6348353630579042 0 0 0 -1 0 0 0 0 0 0
1.4408740997314453 -1.3761953115463257 24.80044174194336 0.9860147154812976 0.16665827568511407 0 0 0 -1 0 0 0 0 0 0
1.4694576263427734 -1.0688260793685913 24.46152114868164 0.9383731876110382 -0.34562372715526846 0 0 0 -1 0 0 0 0 0 0
1.6470775604248047 -0.8163465261459351 24.12259292602539 0.642340473925445 -0.7664194123045388 0 0 0 -1 0 0 0 0 0 0
1.926717758178711 -0.6855939626693726 23.783672332763672 0.17627330184835352 -0.9843412635135637 0 0 0 -1 0 0 0 0 0 0
2.2343502044677734 -0.7111753225326538 23.444744110107422 -0.3364451395390454 -0.9417030678937773 0 0 0 -1 0 0 0 0 0 0
2.4885501861572266 -0.8863233327865601 23.105823516845703 -0.7601136576176759 -0.6497901411248701 0 0 0 -1 0 0 0 0 0 0
2.6220264434814453 -1.164674162864685 22.766902923583984 -0.9825731810434327 -0.18587615203191 0 0 0 -1 0 0 0 0 0 0
2.599447250366211 -1.4725431203842163 22.427974700927734 -0.9449401777583697 0.3272431213302744 0 0 0 -1 0 0 0 0 0 0
2.426786422729492 -1.7284406423568726 22.089054107666016 -0.6571723039050187 0.753740381683355 0 0 0 -1 0 0 0 0 0 0
2.149751663208008 -1.864625334739685 21.750125885009766 -0.195447222616746 0.9807142209488959 0 0 0 -1 0 0 0 0 0 0
1.8416767120361328 -1.8450483083724976 21.411205291748047 0.31801113901126576 0.9480869767404029 0 0 0 -1 0 0 0 0 0 0
1.5841083526611328 -1.6748937368392944 21.072277069091797 0.7472947882404465 0.6644926632165821 0 0 0 -1 0 0 0 0 0 0
1.4452266693115234 -1.39920175075531 20.733356475830078 0.9787606878904903 0.20500613610361593 0 0 0 -1 0 0 0 0 0 0
1.4617977142333984 -1.0909513235092163 20.394428253173828 0.9511446579208213 -0.30874559058986434 0 0 0 -1 0 0 0 0 0 0
1.6294307708740234 -0.8317350149154663 20.05550765991211 0.6717581021506741 -0.7407705800009371 0 0 0 -1 0 0 0 0 0 0
1.9037532806396484 -0.6901677846908569 19.71657943725586 0.21455270810793828 -0.9767124118406348 0 0 0 -1 0 0 0 0 0 0
2.2121524810791016 -0.7037290334701538 19.37765884399414 -0.29945343170698885 -0.9541109171573857 0 0 0 -1 0 0 0 0 0 0
2.472993850708008 -0.8688253164291382 19.03873062133789 -0.7341789922747981 -0.6789559686035332 0 0 0 -1 0 0 0 0 0 0
1.6354694366455078 0.8239351511001587 19.03873062133789 0.6616847185501903 0.7497821905307938 0 0 0 1 0 0 0 0 0 0
1.9106578826904297 0.6863008737564087 19.376529693603516 0.20304374233977152 0.9791696679823474 0 0 0 1 0 0 0 0 0 0
2.217885971069336 0.7031656503677368 19.71432113647461 -0.3090020977061998 0.9510613563872566 0 0 0 1 0 0 0 0 0 0
2.476358413696289 0.8701006174087524 20.052112579345703 -0.7397933366457101 0.6728341690599602 0 0 0 1 0 0 0 0 0 0
2.6180973052978516 1.1432024240493774 20.389911651611328 -0.9760241662393867 0.21766218531639808 0 0 0 1 0 0 0 0 0 0
2.6058292388916016 1.4506479501724243 20.727703094482422 -0.9555774375101688 -0.29474015831151973 0 0 0 1 0 0 0 0 0 0
2.442781448364258 1.7115885019302368 21.065502166748047 -0.6838306499611362 -0.7296407624123875 0 0 0 1 0 0 0 0 0 0
2.1718311309814453 1.8573976755142212 21.40329360961914 -0.23224743315030755 -0.9726567379065924 0 0 0 1 0 0 0 0 0 0
1.864236831665039 1.849730134010315 21.741085052490234 0.2804036703610485 -0.9598821707105787 0 0 0 1 0 0 0 0 0 0
1.6008853912353516 1.6906038522720337 22.07888412475586 0.7193297334448643 -0.6946687948815181 0 0 0 1 0 0 0 0 0 0
1.451040267944336 1.4218660593032837 22.416675567626953 0.9690746397591584 -0.24676779079867237 0 0 0 1 0 0 0 0 0 0
1.4541034698486328 1.1141916513442993 22.754474639892578 0.9639674221283622 0.2660203170346202 0 0 0 1 0 0 0 0 0 0
1.6092700958251953 0.8484903573989868 23.092266082763672 0.7053543282393913 0.7088549016787266 0 0 0 1 0 0 0 0 0 0
1.8757343292236328 0.6946398019790649 23.430057525634766 0.2612495317562152 0.9652712997687016 0 0 0 1 0 0 0 0 0 0
2.1834239959716797 0.6930986642837524 23.76785659790039 -0.25156953409448957 0.9678392271010104 0 0 0 1 0 0 0 0 0 0
2.451414108276367 0.8442713022232056 24.105648040771484 -0.6982160272136922 0.7158871275151749 0 0 0 1 0 0 0 0 0 0
-0.540931761264801 3.0249736309051514 24.105648040771484 0.6084181727834346 -0.793616612116245 0 0 0 -1 0 0 0 0 0 0
-0.2126503437757492 3.1476733684539795 23.715885162353516 0.06128229256626564 -0.998120473999919 0 0 0 -1 0 0 0 0 0 0
0.12817759811878204 3.066054105758667 23.326122283935547 -0.5067639042141439 -0.8620848829353396 0 0 0 -1 0 0 0 0 0 0
0.3652648627758026 2.807955503463745 22.936359405517578 -0.901910152958122 -0.4319236923243005 0 0 0 -1 0 0 0 0 0 0
0.4177226722240448 2.461439847946167 22.54659652709961 -0.9893437879905627 0.14559831442872018 0 0 0 -1 0 0 0 0 0 0
0.2676543891429901 2.144728422164917 22.15683364868164 -0.7392238451723127 0.6734598033503266 0 0 0 -1 0 0 0 0 0 0
-0.03374103829264641 1.9658838510513306 21.767070770263672 -0.2369057433160625 0.9715326390728537 0 0 0 -1 0 0 0 0 0 0
-0.38363268971443176 1.985918641090393 21.377307891845703 0.34625320332056775 0.9381410976981263 0 0 0 -1 0 0 0 0 0 0
-0.6626434922218323 2.1979968547821045 20.987545013427734 0.8112650845517252 0.5846785121648325 0 0 0 -1 0 0 0 0 0 0
-0.7755795121192932 2.5297648906707764 20.597782135009766 0.9994964979752718 0.03172933240973305 0 0 0 -1 0 0 0 0 0 0
-0.6839123368263245 2.8680293560028076 20.208019256591797 0.8467144132835477 -0.5320476504392231 0 0 0 -1 0 0 0 0 0 0
-0.4189129173755646 3.0973803997039795 19.818256378173828 0.40505345510950763 -0.9142930047330834 0 0 0 -1 0 0 0 0 0 0
-0.07099728286266327 3.1395633220672607 19.42849349975586 -0.1748096464164568 -0.9846022483824385 0 0 0 -1 0 0 0 0 0 0
0.24113459885120392 2.9801928997039795 19.03873062133789 -0.6950282785031731 -0.7189824003971973 0 0 0 -1 0 0 0 0 0 0
0.41098782420158386 2.673640012741089 18.648967742919922 -0.9781141905892317 -0.2080688111370178 0 0 0 -1 0 0 0 0 0 0
0.380611389875412 2.3244922161102295 18.259204864501953 -0.9274884183874942 0.3738518874595452 0 0 0 -1 0 0 0 0 0 0
0.16036982834339142 2.0518786907196045 17.869441986083984 -0.5604207402416671 0.8282080619669081 0 0 0 -1 0 0 0 0 0 0
-0.1745949238538742 1.9488054513931274 17.479679107666016 -0.0021429796972983976 0.9999977038163722 0 0 0 -1 0 0 0 0 0 0
-0.5099983811378479 2.0504367351531982 17.089916229248047 0.5568564362337748 0.83060875833633 0 0 0 -1 0 0 0 0 0 0
-0.7314072251319885 2.3221042156219482 16.700153350830078 0.9258737704319272 0.3778329805961455 0 0 0 -1 0 0 0 0 0 0
-0.763282835483551 2.6711184978485107 16.31039047241211 0.9789997873535101 -0.20386126743886918 0 0 0 -1 0 0 0 0 0 0
-0.5947476029396057 2.97839617729187 15.920626640319824 0.6981138416098123 -0.7159867765209006 0 0 0 -1 0 0 0 0 0 0
-0.28330233693122864 3.1391093730926514 15.530863761901855 0.179032506316768 -0.9838431590868215 0 0 0 -1 0 0 0 0 0 0
0.06479068100452423 3.0984179973602295 15.141100883483887 -0.40111839494952223 -0.9160262186384835 0 0 0 -1 0 0 0 0 0 0
0.33077237010002136 2.8702075481414795 14.751338005065918 -0.8444245414130768 -0.5356745223167844 0 0 0 -1 0 0 0 0 0 0
0.42389294505119324 2.5323398113250732 14.36157512664795 -0.9996233604518198 0.027443345987895915 0 0 0 -1 0 0 0 0 0 0
0.3123798072338104 2.2000911235809326 13.97181224822998 -0.8137732801510884 0.581182457161379 0 0 0 -1 0 0 0 0 0 0
0.03428264334797859 1.986815094947815 13.582049369812012 -0.35027479470505224 0.9366469816287958 0 0 0 -1 0 0 0 0 0 0
-0.3155193626880646 1.9652773141860962 13.192286491394043 0.23272905106343167 0.9725416128840527 0 0 0 -1 0 0 0 0 0 0
-0.6176796555519104 2.1428287029266357 12.802523612976074 0.7363265033444648 0.6766263965236015 0 0 0 -1 0 0 0 0 0 0
-0.7691078782081604 2.4588916301727295 12.412760734558105 0.9887088076607609 0.1498495700829222 0 0 0 -1 0 0 0 0 0 0
-1.8074893951416016 1.4391809701919556 12.412760734558105 -0.9612627097712642 -0.2756338201368012 0 0 0 1 0 0 0 0 0 0
-2.0368614196777344 1.7630106210708618 12.848383903503418 -0.5789748049963309 -0.815345433040169 0 0 0 1 0 0 0 0 0 0
-2.418193817138672 1.8728395700454712 13.2839994430542 0.05658104826498055 -0.9983980093015188 0 0 0 1 0 0 0 0 0 0
-2.7846755981445312 1.7206331491470337 13.71961498260498 0.6673800619821998 -0.7447172972804077 0 0 0 1 0 0 0 0 0 0
-2.9759960174560547 1.3729654550552368 14.155230522155762 0.9862472227884624 -0.1652767846433514 0 0 0 1 0 0 0 0 0 0
-2.9084644317626953 0.9819208383560181 14.590853691101074 0.8736993655252874 0.48646625646668434 0 0 0 1 0 0 0 0 0 0
-2.611621856689453 0.7185541391372681 15.026469230651855 0.37895741999136456 0.9254141093767095 0 0 0 1 0 0 0 0 0 0
-2.2153186798095703 0.6980730295181274 15.462084770202637 -0.2815454690478387 0.9595478877360071 0 0 0 1 0 0 0 0 0 0
-1.8929100036621094 0.9294382333755493 15.897700309753418 -0.8188939065424209 0.5739449188098914 0 0 0 1 0 0 0 0 0 0
-1.7854290008544922 1.3114382028579712 16.333316802978516 -0.9980305794340646 -0.06272927956309594 0 0 0 1 0 0 0 0 0 0
-1.9398918151855469 1.6769739389419556 16.768939971923828 -0.740594632406796 -0.6719520745188918 0 0 0 1 0 0 0 0 0 0
-2.2887306213378906 1.8661524057388306 17.20455551147461 -0.15919504759605016 -0.9872471508294623 0 0 0 1 0 0 0 0 0 0
-2.679351806640625 1.7962137460708618 17.64017105102539 0.4918398547962901 -0.8706856822263499 0 0 0 1 0 0 0 0 0 0
-2.940885543823242 1.4977556467056274 18.075786590576172 0.9277289061771739 -0.37325470746302025 0 0 0 1 0 0 0 0 0 0
-2.95892333984375 1.1013323068618774 18.511409759521484 0.9577957085769143 0.287449788018093 0 0 0 1 0 0 0 0 0 0
-2.7255802154541016 0.7803522348403931 18.947025299072266 0.5688887605616997 0.8224144807252443 0 0 0 1 0 0 0 0 0 0
-2.342924118041992 0.6752268075942993 19.382640838623047 -0.06887236418492115 0.9976254795521112 0 0 0 1 0 0 0 0 0 0
-1.9783439636230469 0.8319383859634399 19.818256378173828 -0.6765066609095607 0.7364365130444013 0 0 0 1 0 0 0 0 0 0
-2.734895706176758 -0.7893232107162476 19.818256378173828 0.5844081687018399 -0.8114598525833314 0 0 0 -1 0 0 0 0 0 0
-2.351846694946289 -0.6770719289779663 19.376529693603516 -0.05400035316076679 -0.9985409164668779 0 0 0 -1 0 0 0 0 0 0
-1.9831371307373047 -0.8299802541732788 18.934795379638672 -0.6685152010747194 -0.7436984778336093 0 0 0 -1 0 0 0 0 0 0
-1.7919483184814453 -1.180371642112732 18.493061065673828 -0.9871636270412382 -0.15971215810572284 0 0 0 -1 0 0 0 0 0 0
-1.8628978729248047 -1.5731710195541382 18.051334381103516 -0.8689169037621687 0.49495799251690636 0 0 0 -1 0 0 0 0 0 0
-2.164581298828125 -1.8345426321029663 17.609600067138672 -0.3661094963291698 0.9305717794440155 0 0 0 -1 0 0 0 0 0 0
-2.563486099243164 -1.848798155784607 17.16787338256836 0.2987355647634904 0.9543359274099651 0 0 0 -1 0 0 0 0 0 0
-2.8830623626708984 -1.6096395254135132 16.726139068603516 0.8313592051478491 0.5557354334716627 0 0 0 -1 0 0 0 0 0 0
-2.981874465942383 -1.2229055166244507 16.284412384033203 0.9960481071762187 -0.08881536010551157 0 0 0 -1 0 0 0 0 0 0
-2.816192626953125 -0.8597577810287476 15.842677116394043 0.7199137681005431 -0.6940635176259284 0 0 0 -1 0 0 0 0 0 0
-2.459341049194336 -0.6809171438217163 15.4009428024292 0.12515593659547924 -0.9921370830358618 0 0 0 -1 0 0 0 0 0 0
-2.069255828857422 -0.7655309438705444 14.959216117858887 -0.5249844810698031 -0.8511117991403182 0 0 0 -1 0 0 0 0 0 0
-1.8185768127441406 -1.076154112815857 14.517481803894043 -0.9427834323157407 -0.3334057584250027 0 0 0 -1 0 0 0 0 0 0
-1.8182487487792969 -1.47531259059906 14.07575511932373 -0.9433299534659373 0.3318562925333083 0 0 0 -1 0 0 0 0 0 0
-2.06842041015625 -1.78634774684906 13.634020805358887 -0.5263775964056407 0.8502509194362687 0 0 0 -1 0 0 0 0 0 0
-2.4583663940429688 -1.8716024160385132 13.192286491394043 0.12353483672749675 0.99234023606559 0 0 0 -1 0 0 0 0 0 0
-2.815509796142578 -1.6933454275131226 12.75055980682373 0.7187699634048711 0.6952479699409125 0 0 0 -1 0 0 0 0 0 0
-2.9817867279052734 -1.3304685354232788 12.308825492858887 0.9959006981888887 0.09045329925925431 0 0 0 -1 0 0 0 0 0 0
-2.883607864379883 -0.9435743093490601 11.867098808288574 0.8322728955025868 -0.5543661492296769 0 0 0 -1 0 0 0 0 0 0
-2.564422607421875 -0.7038892507553101 11.42536449432373 0.3002962722882451 -0.9538459775298023 0 0 0 -1 0 0 0 0 0 0
-2.165496826171875 -0.7174962759017944 10.983630180358887 -0.3645850554191623 -0.9311700904587769 0 0 0 -1 0 0 0 0 0 0
-1.8633842468261719 -0.9783681631088257 10.541903495788574 -0.8681036380297488 -0.496382990884574 0 0 0 -1 0 0 0 0 0 0
-1.7917919158935547 -1.3710530996322632 10.10016918182373 -0.9874253642849936 0.15808589426842512 0 0 0 -1 0 0 0 0 0 0
-1.9824066162109375 -1.7217572927474976 9.658442497253418 -0.6697342576186978 0.7426008511791053 0 0 0 -1 0 0 0 0 0 0
-2.3508663177490234 -1.8752683401107788 9.216708183288574 -0.05563282519509794 0.9984512951370295 0 0 0 -1 0 0 0 0 0 0
-2.734098434448242 -1.76364266872406 8.77497386932373 0.5830886997508471 0.8124084983694264 0 0 0 -1 0 0 0 0 0 0
-2.962495803833008 -1.4362882375717163 8.333247184753418 0.9637477334744159 0.26681511618146037 0 0 0 -1 0 0 0 0 0 0
-2.9349727630615234 -1.0380796194076538 7.891513347625732 0.9178778032258565 -0.3968631229344391 0 0 0 -1 0 0 0 0 0 0
-2.6637134552001953 -0.7452558279037476 7.44978666305542 0.4657767206536956 -0.8849022807616044 0 0 0 -1 0 0 0 0 0 0
-2.268768310546875 -0.6874135732650757 7.008052349090576 -0.19246191451572467 -0.9813044438200318 0 0 0 -1 0 0 0 0 0 0
-1.9249305725097656 -0.8901532888412476 6.566318035125732 -0.7655259145883191 -0.6434050622226387 0 0 0 -1 0 0 0 0 0 0
-2.7812576293945312 0.8239351511001587 6.566318035125732 0.6616847185501903 0.7497821905307938 0 0 0 1 0 0 0 0 0 0
-2.4007015228271484 0.6740289926528931 7.021045207977295 0.027426684128975257 0.9996238177422992 0 0 0 1 0 0 0 0 0 0
-2.0124969482421875 0.8028436899185181 7.475764751434326 -0.6195849909357583 0.784929575826479 0 0 0 1 0 0 0 0 0 0
-1.797048568725586 1.1505190134048462 7.930491924285889 -0.9786642705943616 0.20546592287288465 0 0 0 1 0 0 0 0 0 0
-1.8544769287109375 1.5554834604263306 8.385210990905762 -0.8829507148518497 -0.46946569112407727 0 0 0 1 0 0 0 0 0 0
-2.1580944061279297 1.8295503854751587 8.839938163757324 -0.3769213977636111 -0.9262452482511994 0 0 0 1 0 0 0 0 0 0
-2.5668067932128906 1.845354676246643 9.294657707214355 0.30426721439894217 -0.9525867216384596 0 0 0 1 0 0 0 0 0 0
-2.8906822204589844 1.5955530405044556 9.749384880065918 0.8440608746779314 -0.5362473681407913 0 0 0 1 0 0 0 0 0 0
-2.9792118072509766 1.1962305307388306 10.20410442352295 0.9916075418987446 0.12928450351658427 0 0 0 1 0 0 0 0 0 0
-2.7912559509277344 0.8329569101333618 10.658831596374512 0.6783465038861805 0.7347421456983368 0 0 0 1 0 0 0 0 0 0
-2.4141578674316406 0.6745477914810181 11.113551139831543 0.04984920202181818 0.9987567557007001 0 0 0 1 0 0 0 0 0 0
-2.023160934448242 0.7946192026138306 11.568278312683105 -0.6018079786688889 0.7986408183973983 0 0 0 1 0 0 0 0 0 0
-1.7999649047851562 1.1373697519302368 12.022997856140137 -0.9738037896202347 0.22738992792397283 0 0 0 1 0 0 0 0 0 0
-0.7398682236671448 2.7535464763641357 12.022997856140137 0.9399780523206129 -0.3412349061212041 0 0 0 -1 0 0 0 0 0 0
-0.523160994052887 3.0380847454071045 11.633234977722168 0.5787972490487042 -0.8154714860089544 0 0 0 -1 0 0 0 0 0 0
-0.18305210769176483 3.1487605571746826 11.2434720993042 0.011948924168239406 -0.9999286090572777 0 0 0 -1 0 0 0 0 0 0
0.1596049815416336 3.0462443828582764 10.85370922088623 -0.5591456064088236 -0.8290694728632269 0 0 0 -1 0 0 0 0 0 0
0.38304898142814636 2.7669665813446045 10.463946342468262 -0.9315516733005096 -0.3636089657461988 0 0 0 -1 0 0 0 0 0 0
0.4078807532787323 2.4101665019989014 10.074183464050293 -0.9729398005564378 0.23105874684417185 0 0 0 -1 0 0 0 0 0 0
0.2252769023180008 2.1026294231414795 9.684420585632324 -0.6686007800287654 0.74362154147451 0 0 0 -1 0 0 0 0 0 0
-0.09987644851207733 1.9536348581314087 9.294657707214355 -0.1266758842389703 0.9919441619124915 0 0 0 -1 0 0 0 0 0 0
-0.45203784108161926 2.0161311626434326 8.904894828796387 0.4602613256832267 0.8877834826579726 0 0 0 -1 0 0 0 0 0 0
-0.7060700058937073 2.267908811569214 8.515131950378418 0.8836472095938831 0.4681534032525493 0 0 0 -1 0 0 0 0 0 0
-0.7717018723487854 2.6194980144500732 8.12536907196045 0.9930338578458087 -0.1178293561548655 0 0 0 -1 0 0 0 0 0 0
-0.6256161332130432 2.945967435836792 7.735606670379639 0.7495559138520995 -0.6619410336346767 0 0 0 -1 0 0 0 0 0 0
-0.3197193443775177 3.1313083171844482 7.34584379196167 0.23973096965959736 -0.9708393596193292 0 0 0 -1 0 0 0 0 0 0
0.03728862479329109 3.1096560955047607 6.956080913543701 -0.35528326010198436 -0.9347586881603753 0 0 0 -1 0 0 0 0 0 0
1.898965835571289 0.6888452768325806 6.956080913543701 0.22252928701675664 0.9749260056126383 0 0 0 1 0 0 0 0 0 0
2.209951400756836 0.7006479501724243 7.295009136199951 -0.2957741693865461 0.9552578922593097 0 0 0 1 0 0 0 0 0 0
2.473196029663086 0.8666521310806274 7.63392972946167 -0.7345242146163271 0.67858247703744 0 0 0 1 0 0 0 0 0 0
2.617868423461914 1.1421877145767212 7.97285795211792 -0.9756447044088755 0.21935681151703035 0 0 0 1 0 0 0 0 0 0
2.6050548553466797 1.4531351327896118 8.31177806854248 -0.9542903285309499 -0.2988811952470281 0 0 0 1 0 0 0 0 0 0
2.438199996948242 1.715838074684143 8.65070629119873 -0.6761939363994999 -0.7367236662253689 0 0 0 1 0 0 0 0 0 0
2.162191390991211 1.8596140146255493 8.98962688446045 -0.21618197133381992 -0.9763530894457308 0 0 0 1 0 0 0 0 0 0
1.8512859344482422 1.8457895517349243 9.3285551071167 0.3019984322068588 -0.9533084217317077 0 0 0 1 0 0 0 0 0 0
1.589132308959961 1.6780802011489868 9.667475700378418 0.7389162478547173 -0.673797283057973 0 0 0 1 0 0 0 0 0 0
1.4462528228759766 1.4016023874282837 10.006403923034668 0.9770529640737772 -0.2129964915078326 0 0 0 1 0 0 0 0 0 0
1.4610881805419922 1.090746521949768 10.345324516296387 0.9523218305237919 0.3050952820150032 0 0 0 1 0 0 0 0 0 0
1.6296520233154297 0.8291383981704712 10.684252738952637 0.6713873523905107 0.7411066205682285 0 0 0 1 0 0 0 0 0 0
1.9065876007080078 0.6871591806411743 11.023173332214355 0.20983020369902813 0.9777378409449153 0 0 0 1 0 0 0 0 0 0
2.217397689819336 0.7030054330825806 11.362101554870605 -0.3081921704143238 0.9513241225236059 0 0 0 1 0 0 0 0 0 0
2.478456497192383 0.8724199533462524 11.701022148132324 -0.7432891252878011 0.6689703104240841 0 0 0 1 0 0 0 0 0 0
2.6195316314697266 1.1498171091079712 12.039950370788574 -0.9784160140149984 0.20664487295600298 0 0 0 1 0 0 0 0 0 0
2.6026744842529297 1.460569977760315 12.378870964050293 -0.9503185844179454 -0.31127895545615136 0 0 0 1 0 0 0 0 0 0
2.432413101196289 1.7210794687271118 12.717791557312012 -0.6665511492056505 -0.7454592983474194 0 0 0 1 0 0 0 0 0 0
2.1545581817626953 1.861254334449768 13.056719779968262 -0.2034573517604604 -0.9790838094946827 0 0 0 1 0 0 0 0 0 0
1.8438587188720703 1.843382477760315 13.39564037322998 0.3143759139031439 -0.9492985751372237 0 0 0 1 0 0 0 0 0 0
1.5839061737060547 1.6722742319107056 13.73456859588623 0.7476271735148927 -0.6641186711892177 0 0 0 1 0 0 0 0 0 0
1.4446392059326172 1.3939653635025024 14.07348918914795 0.9797403064858423 -0.20027214446105018 0 0 0 1 0 0 0 0 0 0
1.4635181427001953 1.0833269357681274 14.4124174118042 0.9482718597595422 0.3174594147102574 0 0 0 1 0 0 0 0 0 0
1.6354694366455078 0.8239351511001587 14.751338005065918 0.6616910259238478 0.7497766242100681 0 0 0 1 0 0 0 0 0 0
2.491800308227539 -0.8901532888412476 14.751338005065918 -0.7655282368839068 -0.6434022991359428 0 0 0 -1 0 0 0 0 0 0
2.623281478881836 -1.1715329885482788 14.410296440124512 -0.9846669992165509 -0.17444454893711325 0 0 0 -1 0 0 0 0 0 0
2.596464157104492 -1.4809545278549194 14.069254875183105 -0.9399701911768283 0.341256559935478 0 0 0 -1 0 0 0 0 0 0
2.4185237884521484 -1.7355130910873413 13.7282133102417 -0.6434078253246845 0.7655235922628122 0 0 0 -1 0 0 0 0 0 0
2.137147903442383 -1.8669980764389038 13.387171745300293 -0.17444454893711325 0.9846669992165509 0 0 0 -1 0 0 0 0 0 0
1.8277263641357422 -1.8401769399642944 13.046130180358887 0.34126015890589706 0.9399688845613572 0 0 0 -1 0 0 0 0 0 0
1.5731678009033203 -1.6622403860092163 12.70508861541748 0.7655235922628122 0.6434078253246845 0 0 0 -1 0 0 0 0 0 0
1.4416828155517578 -1.380860686302185 12.364039421081543 0.9846689263729691 0.17443367059001108 0 0 0 -1 0 0 0 0 0 0
1.4685039520263672 -1.0714391469955444 12.022997856140137 0.9399652855169915 -0.3412700719708078 0 0 0 -1 0 0 0 0 0 0
1.6464405059814453 -0.8168805837631226 11.68195629119873 0.6434022991359428 -0.7655282368839068 0 0 0 -1 0 0 0 0 0 0
1.927816390991211 -0.6853955984115601 11.340914726257324 0.1744426217453335 -0.9846673406377479 0 0 0 -1 0 0 0 0 0 0
2.237241744995117 -0.7122167348861694 10.999873161315918 -0.3412700719708078 -0.9399652855169915 0 0 0 -1 0 0 0 0 0 0
2.491800308227539 -0.8901532888412476 10.658831596374512 -0.7655282368839068 -0.6434022991359428 0 0 0 -1 0 0 0 0 0 0
2.623281478881836 -1.1715329885482788 10.317790031433105 -0.9846669992165509 -0.17444454893711325 0 0 0 -1 0 0 0 0 0 0
2.596464157104492 -1.4809545278549194 9.9767484664917 -0.9399701911768283 0.341256559935478 0 0 0 -1 0 0 0 0 0 0
2.4185237884521484 -1.7355130910873413 9.635699272155762 -0.6434078253246845 0.7655235922628122 0 0 0 -1 0 0 0 0 0 0
2.137147903442383 -1.8669980764389038 9.294657707214355 -0.17444454893711325 0.9846669992165509 0 0 0 -1 0 0 0 0 0 0
1.8277263641357422 -1.8401769399642944 8.95361614227295 0.34126015890589706 0.9399688845613572 0 0 0 -1 0 0 0 0 0 0
1.5731678009033203 -1.6622403860092163 8.612574577331543 0.7655235922628122 0.6434078253246845 0 0 0 -1 0 0 0 0 0 0
1.4416828155517578 -1.380860686302185 8.271533012390137 0.9846689263729691 0.17443367059001108 0 0 0 -1 0 0 0 0 0 0
1.4685039520263672 -1.0714391469955444 7.930491924285889 0.9399652855169915 -0.3412700719708078 0 0 0 -1 0 0 0 0 0 0
1.6464405059814453 -0.8168805837631226 7.589450359344482 0.6434022991359428 -0.7655282368839068 0 0 0 -1 0 0 0 0 0 0
1.927816390991211 -0.6853955984115601 7.248408794403076 0.1744426217453335 -0.9846673406377479 0 0 0 -1 0 0 0 0 0 0
2.237241744995117 -0.7122167348861694 6.90736722946167 -0.3412700719708078 -0.9399652855169915 0 0 0 -1 0 0 0 0 0 0
2.491800308227539 -0.8901532888412476 6.566318035125732 -0.7655282368839068 -0.6434022991359428 0 0 0 -1 0 0 0 0 0 0
-0.5728932023048401 -3.001065492630005 6.566318035125732 0.661687921530931 0.7497793638798526 0 0 0 1 0 0 0 0 0 0
-0.2531872093677521 -3.146195650100708 6.956080913543701 0.1288414847086122 0.9916652014758209 0 0 0 1 0 0 0 0 0 0
0.09299273788928986 -3.0875790119171143 7.34584379196167 -0.4481288858156641 0.8939689601421359 0 0 0 1 0 0 0 0 0 0
0.34709927439689636 -2.8452885150909424 7.735606670379639 -0.8716354656504193 0.49015468478876806 0 0 0 1 0 0 0 0 0 0
0.4221210181713104 -2.502293825149536 8.12536907196045 -0.9966733543956167 -0.08149984440346712 0 0 0 1 0 0 0 0 0 0
0.2923679053783417 -2.176041841506958 8.515131950378418 -0.7804143547810466 -0.625262692675393 0 0 0 1 0 0 0 0 0 0
0.0022716105449944735 -1.9782575368881226 8.904894828796387 -0.29692491990113506 -0.9549008283281069 0 0 0 1 0 0 0 0 0 0
-0.3488312065601349 -1.9766629934310913 9.294657707214355 0.28825057598660175 -0.9575550143168758 0 0 0 1 0 0 0 0 0 0
-0.6407108902931213 -2.17181134223938 9.684420585632324 0.774715858661111 -0.6323095273194745 0 0 0 1 0 0 0 0 0 0
-0.7734165787696838 -2.4968693256378174 10.074183464050293 0.9958925174190472 -0.09054332525787333 0 0 0 1 0 0 0 0 0 0
-0.7015095353126526 -2.8405354022979736 10.463946342468262 0.8760431846192498 0.48223266032296364 0 0 0 1 0 0 0 0 0 0
-0.44960978627204895 -3.085118532180786 10.85370922088623 0.45621152285073174 0.8898713650962233 0 0 0 1 0 0 0 0 0 0
-0.1039772480726242 -3.1468746662139893 11.2434720993042 -0.11984265862582574 0.9927928974229688 0 0 0 1 0 0 0 0 0 0
0.21703143417835236 -3.0046474933624268 11.633234977722168 -0.6548581283109464 0.7557518321414008 0 0 0 1 0 0 0 0 0 0
0.40349575877189636 -2.7071468830108643 12.022997856140137 -0.9656311965724677 0.25991612532896946 0 0 0 1 0 0 0 0 0 0
0.39156338572502136 -2.3562443256378174 12.412760734558105 -0.9457408078188566 -0.32492202822544475 0 0 0 1 0 0 0 0 0 0
0.18531794846057892 -2.072098970413208 12.802523612976074 -0.601999713173372 -0.7984963026459032 0 0 0 1 0 0 0 0 0 0
-0.14461331069469452 -1.9520124197006226 13.192286491394043 -0.052115420972649415 -0.998641068100468 0 0 0 1 0 0 0 0 0 0
-0.4852505028247833 -2.03710675239563 13.582049369812012 0.5156156431117473 -0.856819997769928 0 0 0 1 0 0 0 0 0 0
-0.7199516892433167 -2.2982380390167236 13.97181224822998 0.9067808835366654 -0.4216022168495612 0 0 0 1 0 0 0 0 0 0
-0.7683468461036682 -2.64599347114563 14.36157512664795 0.9874397939264105 0.1579957384569848 0 0 0 1 0 0 0 0 0 0
-0.6138611435890198 -2.9612858295440674 14.751338005065918 0.7299664132036543 0.6834830177806848 0 0 0 1 0 0 0 0 0 0
-0.30939868092536926 -3.1361515522003174 15.141100883483887 0.22252634740790136 0.9749266765810125 0 0 0 1 0 0 0 0 0 0
0.040784794837236404 -3.1107113361358643 15.530863761901855 -0.3611107278425656 0.9325229446169206 0 0 0 1 0 0 0 0 0 0
0.3167743384838104 -2.89367413520813 15.920626640319824 -0.8210958870796254 0.570790280419107 0 0 0 1 0 0 0 0 0 0
0.42406269907951355 -2.559361696243286 16.31039047241211 -0.9999073871751799 0.013609447913304241 0 0 0 1 0 0 0 0 0 0
0.3259105384349823 -2.2222530841827393 16.700153350830078 -0.8363216269241488 -0.5482391233202394 0 0 0 1 0 0 0 0 0 0
0.055929142981767654 -1.9977887868881226 17.089916229248047 -0.3863515728278688 -0.9223515935766752 0 0 0 1 0 0 0 0 0 0
-0.293430358171463 -1.9628232717514038 17.479679107666016 0.19591226022048006 -0.9806214286335493 0 0 0 1 0 0 0 0 0 0
-0.6025391221046448 -2.129338502883911 17.869441986083984 0.7110897361134697 -0.7031012638262544 0 0 0 1 0 0 0 0 0 0
-0.7655468583106995 -2.440312623977661 18.259204864501953 0.9827740584163628 -0.18481112007623227 0 0 0 1 0 0 0 0 0 0
-0.7266350388526917 -2.7892544269561768 18.648967742919922 0.9179216629742232 0.39676166730499157 0 0 0 1 0 0 0 0 0 0
-0.49912646412849426 -3.0566799640655518 19.03873062133789 0.5387395787680197 0.8424723534151473 0 0 0 1 0 0 0 0 0 0
-0.16093067824840546 -3.1510097980499268 19.42849349975586 -0.024919028059210698 0.9996894728067233 0 0 0 1 0 0 0 0 0 0
0.1721457988023758 -3.0399487018585205 19.818256378173828 -0.580046760746524 0.81458317890039 0 0 0 1 0 0 0 0 0 0
0.3860473334789276 -2.7615177631378174 20.208019256591797 -0.9365523895650337 0.3505276331475524 0 0 0 1 0 0 0 0 0 0
0.4075259864330292 -2.4110729694366455 20.597782135009766 -0.9723477754392419 -0.23353758498014326 0 0 0 1 0 0 0 0 0 0
0.22922702133655548 -2.1086056232452393 20.987545013427734 -0.6751838646708773 -0.7376494756238212 0 0 0 1 0 0 0 0 0 0
-0.08779339492321014 -1.9577001333236694 21.377307891845703 -0.1468156530975078 -0.9891638711586429 0 0 0 1 0 0 0 0 0 0
-0.43497851490974426 -2.0100224018096924 21.767070770263672 0.43182645922972696 -0.9019567113277207 0 0 0 1 0 0 0 0 0 0
-0.6934414505958557 -2.2476627826690674 22.15683364868164 0.8625954340664661 -0.5058943734888586 0 0 0 1 0 0 0 0 0 0
-0.7746754288673401 -2.5892422199249268 22.54659652709961 0.9979880534847131 0.0634022483969876 0 0 0 1 0 0 0 0 0 0
-0.6508617997169495 -2.9177944660186768 22.936359405517578 0.7916361478793869 0.6109928063166421 0 0 0 1 0 0 0 0 0 0
-0.36440280079841614 -3.1208126544952393 23.326122283935547 0.31420244871112535 0.9493560034170178 0 0 0 1 0 0 0 0 0 0
-0.013385814614593983 -3.1287739276885986 23.715885162353516 -0.2708268121893673 0.9626280890350879 0 0 0 1 0 0 0 0 0 0
-2.471193313598633 -0.6825307607650757 23.715885162353516 0.14490835427962642 -0.9894450812753431 0 0 0 -1 0 0 0 0 0 0
-2.046304702758789 -0.7804197072982788 23.214763641357422 -0.5632344662866661 -0.8262971233078176 0 0 0 -1 0 0 0 0 0 0
-1.7998809814453125 -1.1401265859603882 22.713642120361328 -0.973945011565709 -0.2267842905632375 0 0 0 -1 0 0 0 0 0 0
-1.8620548248291016 -1.5716909170150757 22.212512969970703 -0.8703185581632911 0.49248919512672545 0 0 0 -1 0 0 0 0 0 0
-2.1999950408935547 -1.8472074270248413 21.71139144897461 -0.307086534604406 0.9516815960523021 0 0 0 -1 0 0 0 0 0 0
-2.6352367401123047 -1.821179747581482 21.210269927978516 0.4183152384573618 0.9083019108613394 0 0 0 -1 0 0 0 0 0 0
-2.9379329681396484 -1.5073484182357788 20.709148406982422 0.9228114798364571 0.3852518302124576 0 0 0 -1 0 0 0 0 0 0
-2.948232650756836 -1.0714505910873413 20.208019256591797 0.9399737900733004 -0.34124664683368666 0 0 0 -1 0 0 0 0 0 0
-1.7999649047851562 1.1373697519302368 20.208019256591797 -0.9738037896202347 0.22738992792397283 0 0 0 1 0 0 0 0 0 0
-1.8509082794189453 1.5486665964126587 20.68130111694336 -0.8888953011353857 -0.45811040549133103 0 0 0 1 0 0 0 0 0 0
-2.15631103515625 1.8288217782974243 21.154590606689453 -0.37989331027218665 -0.9250303091307011 0 0 0 1 0 0 0 0 0 0
-2.570465087890625 1.8441721200942993 21.627872467041016 0.31036670970997626 -0.9506169078571048 0 0 0 1 0 0 0 0 0 0
-2.895772933959961 1.5873972177505493 22.101154327392578 0.8525431161982009 -0.5226568999095497 0 0 0 1 0 0 0 0 0 0
-2.9770259857177734 1.1810022592544556 22.57443618774414 0.987967070104238 0.15466437336907105 0 0 0 1 0 0 0 0 0 0
-2.775461196899414 0.8188844919204712 23.047725677490234 0.6520281754544925 0.7581947364717625 0 0 0 1 0 0 0 0 0 0
-2.3872432708740234 0.6738115549087524 23.521007537841797 0.004992813103153774 0.9999875358309807 0 0 0 1 0 0 0 0 0 0
-1.9975967407226562 0.8149973154067993 23.99428939819336 -0.6444134858313368 0.7646772255525239 0 0 0 1 0 0 0 0 0 0
-1.7924232482910156 1.1750856637954712 24.467571258544922 -0.9863728409168272 0.16452543481683174 0 0 0 1 0 0 0 0 0 0
-1.8696136474609375 1.5822702646255493 24.940853118896484 -0.8577244928332451 -0.5141096132090435 0 0 0 1 0 0 0 0 0 0
-2.192340850830078 1.842283844947815 25.414142608642578 -0.3198454988409611 -0.9474697129044162 0 0 0 1 0 0 0 0 0 0
-2.606626510620117 1.8310686349868774 25.88742446899414 0.370632254126137 -0.9287797005756416 0 0 0 1 0 0 0 0 0 0
-2.914813995361328 1.5539804697036743 26.360706329345703 0.8842773064520781 -0.46696214546133974 0 0 0 1 0 0 0 0 0 0
-2.9698638916015625 1.1432138681411743 26.833988189697266 0.9760268154889394 0.2176503054133395 0 0 0 1 0 0 0 0 0 0
0.41756436228752136 2.637240171432495 26.833988189697266 -0.9890779843370051 -0.14739315079014628 0 0 0 -1 0 0 0 0 0 0
0.36350247263908386 2.2860019207000732 26.444225311279297 -0.8989766787141155 0.43799649670760854 0 0 0 -1 0 0 0 0 0 0
0.12021823227405548 2.0269572734832764 26.054462432861328 -0.49350138076899125 0.8697450127359736 0 0 0 -1 0 0 0 0 0 0
-0.22694019973278046 1.9509798288345337 25.66469955444336 0.08509640508300595 0.9963727223493972 0 0 0 -1 0 0 0 0 0 0
-0.5561867356300354 2.0847232341766357 25.27493667602539 0.63384037648644 0.7734638822437205 0 0 0 -1 0 0 0 0 0 0
-0.7520199418067932 2.3812739849090576 24.885173797607422 0.9602293280372372 0.2792125311964992 0 0 0 -1 0 0 0 0 0 0
-0.7457371354103088 2.7365939617156982 24.495410919189453 0.9497582256412515 -0.31298452489984463 0 0 0 -1 0 0 0 0 0 0
2.620584487915039 1.1549021005630493 24.495410919189453 -0.9801694573494141 0.1981611336245204 0 0 0 1 0 0 0 0 0 0
2.5993518829345703 1.4704233407974243 24.84280776977539 -0.9447797956053908 -0.32770587089009534 0 0 0 1 0 0 0 0 0 0
2.420652389526367 1.731321930885315 25.190204620361328 -0.6469485868838248 -0.7625336228187068 0 0 0 1 0 0 0 0 0 0
2.134122848510742 1.865130066871643 25.537601470947266 -0.1694056891323627 -0.9855464030118466 0 0 0 1 0 0 0 0 0 0
1.819356918334961 1.834673523902893 25.884998321533203 0.35521697630046606 -0.9347838786307527 0 0 0 1 0 0 0 0 0 0
1.5637989044189453 1.6484133005142212 26.232402801513672 0.7811401985049846 -0.6243556600845334 0 0 0 1 0 0 0 0 0 0
1.4384326934814453 1.358091950416565 26.57979965209961 0.9900832357484508 -0.14048197852350108 0 0 0 1 0 0 0 0 0 0
1.4780864715576172 1.0443559885025024 26.927196502685547 0.9239927738799856 0.3824099290258688 0 0 0 1 0 0 0 0 0 0
1.6717472076416016 0.7943559885025024 27.274593353271484 0.6012289680790044 0.7990767972746146 0 0 0 1 0 0 0 0 0 0
1.9656124114990234 0.6775385141372681 27.621990203857422 0.11145601309147692 0.9937693681864783 0 0 0 1 0 0 0 0 0 0
2.278055191040039 0.7263590097427368 27.96938705444336 -0.40928300679512897 0.912407485912264 0 0 0 1 0 0 0 0 0 0
2.522279739379883 0.9272524118423462 28.316783905029297 -0.8163308682129398 0.5775845510422761 0 0 0 1 0 0 0 0 0 0
2.6304454803466797 1.224413514137268 28.664180755615234 -0.9966069234209521 0.08230820244315973 0 0 0 1 0 0 0 0 0 0
2.5725040435791016 1.5352922677993774 29.011577606201172 -0.9000344826592844 -0.4358186893930022 0 0 0 1 0 0 0 0 0 0
2.3645496368408203 1.7735315561294556 29.35897445678711 -0.5534464105359922 -0.8328847883500009 0 0 0 1 0 0 0 0 0 0
2.064352035522461 1.87295401096344 29.706371307373047 -0.05311413898705185 -0.9985884478801386 0 0 0 1 0 0 0 0 0 0
1.755300521850586 1.8059412240982056 30.053768157958984 0.4619711917858738 -0.8868949306202734 0 0 0 1 0 0 0 0 0 0
1.5232486724853516 1.5911051034927368 30.401165008544922 0.8487223765547439 -0.5288386592669521 0 0 0 1 0 0 0 0 0 0
1.4326534271240234 1.2881227731704712 30.74856185913086 0.9997152098082467 -0.023864184001415656 0 0 0 1 0 0 0 0 0 0
1.5086841583251953 0.9811655282974243 31.095958709716797 0.8729936444465537 0.487731582692698 0 0 0 1 0 0 0 0 0 0
1.7302188873291016 0.7554994821548462 31.443355560302734 0.5037740565632263 0.8638354588310387 0 0 0 1 0 0 0 0 0 0
2.0357227325439453 0.6738115549087524 31.790760040283203 -0.005396654201336127 0.999985437955689 0 0 0 1 0 0 0 0 0 0
2.340322494506836 0.7587915658950806 32.13815689086914 -0.5130645308969773 0.8583500376509952 0 0 0 1 0 0 0 0 0 0
2.559408187866211 0.9868379831314087 32.48555374145508 -0.8782109631872757 0.4782734616698672 0 0 0 1 0 0 0 0 0 0
2.6321239471435547 1.2946001291275024 32.832950592041016 -0.9993988625197776 -0.03466862550166277 0 0 0 1 0 0 0 0 0 0
2.5382633209228516 1.5965830087661743 33.18034744262695 -0.8429641046896826 -0.537969811610951 0 0 0 1 0 0 0 0 0 0
2.303903579711914 1.8089014291763306 33.52774429321289 -0.4523672137656717 -0.8918317688386544 0 0 0 1 0 0 0 0 0 0
1.9941463470458984 1.872576355934143 33.87514114379883 0.06389605724896776 -0.9979565591086802 0 0 0 1 0 0 0 0 0 0
1.6950397491455078 1.7699190378189087 34.222537994384766 0.562410061691338 -0.8268584658261324 0 0 0 1 0 0 0 0 0 0
1.4896717071533203 1.52944815158844 34.5699348449707 0.9046844012903816 -0.42608230902240435 0 0 0 1 0 0 0 0 0 0
1.4350872039794922 1.2179590463638306 34.91733169555664 0.9956597995046739 0.09306752199512372 0 0 0 1 0 0 0 0 0 0
1.5464534759521484 0.9219843149185181 35.26472854614258 0.8100488875134912 0.5863623451741725 0 0 0 1 0 0 0 0 0 0
1.7928333282470703 0.7237421274185181 35.612125396728516 0.3994140107874591 0.9167706626996064 0 0 0 1 0 0 0 0 0 0
2.105783462524414 0.6782976388931274 35.95952224731445 -0.12217169478155732 0.9925089808128701 0 0 0 1 0 0 0 0 0 0
2.398374557495117 0.7982774972915649 36.30691909790039 -0.6098240777076704 0.7925368093962508 0 0 0 1 0 0 0 0 0 0
2.589323043823242 1.050352692604065 36.65431594848633 -0.9280668032790532 0.37241376001887877 0 0 0 1 0 0 0 0 0 0
2.625589370727539 1.364500641822815 37.001712799072266 -0.9885089121447249 -0.15116259659867068 0 0 0 1 0 0 0 0 0 0
2.4970951080322266 1.6534525156021118 37.349117279052734 -0.7743555592951323 -0.6327507153601037 0 0 0 1 0 0 0 0 0 0
2.2395381927490234 1.83694326877594 37.69651412963867 -0.34509384214287797 -0.938568186183117 0 0 0 1 0 0 0 0 0 0
1.9244670867919922 1.864000916481018 38.04391098022461 0.1800197635564092 -0.9836629934734225 0 0 0 1 0 0 0 0 0 0
1.6393985748291016 1.7271066904067993 38.39130783081055 0.6551381058035386 -0.7555091411254741 0 0 0 1 0 0 0 0 0 0
1.463521957397461 1.4642893075942993 38.738704681396484 0.9482673513794838 -0.3174728812162365 0 0 0 1 0 0 0 0 0 0
1.445699691772461 1.148558259010315 39.08610153198242 0.9779708839457723 0.20874134749571038 0 0 0 1 0 0 0 0 0 0
1.5908756256103516 0.8676210641860962 39.43349838256836 0.7360148624836421 0.6769653774035902 0 0 0 1 0 0 0 0 0 0
1.8587284088134766 0.6995111703872681 39.7808952331543 0.28959103202752384 0.9571504762414497 0 0 0 1 0 0 0 0 0 0
2.174844741821289 0.6909357309341431 40.128292083740234 -0.2372733418334243 0.9714429274307363 0 0 0 1 0 0 0 0 0 0
2.451414108276367 0.8442713022232056 40.47568893432617 -0.6982160272136922 0.7158871275151749 0 0 0 1 0 0 0 0 0 0
-2.517763137817383 0.6888452768325806 31.51114273071289 0.22252395500626454 0.9749272226419622 0 0 0 1 0 0 0 0 0 0
-2.1058998107910156 0.7422739267349243 31.973087310791016 -0.4639105667162331 0.8858820384729693 0 0 0 1 0 0 0 0 0 0
-1.8274002075195312 1.050371766090393 32.43502426147461 -0.9280792142592251 0.37238282997471767 0 0 0 1 0 0 0 0 0 0
-1.8157005310058594 1.4655214548110962 32.896968841552734 -0.9475740678379346 -0.31953620446057296 0 0 0 1 0 0 0 0 0 0
-2.0764083862304688 1.7888132333755493 33.35890579223633 -0.5130645308969773 -0.8583500376509952 0 0 0 1 0 0 0 0 0 0
-2.484609603881836 1.8653475046157837 33.82085037231445 0.16726932858362234 -0.9859112392681119 0 0 0 1 0 0 0 0 0 0
-2.844724655151367 1.6584573984146118 34.28279495239258 0.7674620299871374 -0.6410944021967608 0 0 0 1 0 0 0 0 0 0
-2.984210968017578 1.2672678232192993 34.74473190307617 0.999940654835787 0.010894347459935361 0 0 0 1 0 0 0 0 0 0
-2.8362388610839844 0.8792101144790649 35.2066764831543 0.7533195460051665 0.6576546674407244 0 0 0 1 0 0 0 0 0 0
-2.4717044830322266 0.6802088022232056 35.66861343383789 0.14576627871933634 0.989319054697885 0 0 0 1 0 0 0 0 0 0
-2.065265655517578 0.7656198740005493 36.130558013916016 -0.5316388114422869 0.8469711767045162 0 0 0 1 0 0 0 0 0 0
-1.8116607666015625 1.09451162815094 36.59249496459961 -0.9543110301402181 0.2988150895666343 0 0 0 1 0 0 0 0 0 0
-1.8323974609375 1.50930655002594 37.054439544677734 -0.9197483588323522 -0.3925085431238344 0 0 0 1 0 0 0 0 0 0
-2.1175403594970703 1.811266541481018 37.51637649536133 -0.4445143398447067 -0.8957717352497927 0 0 0 1 0 0 0 0 0 0
-2.5304698944091797 1.855711579322815 37.97832107543945 0.24370229453323564 -0.9698500871986536 0 0 0 1 0 0 0 0 0 0
-2.873340606689453 1.6213480234146118 38.44025802612305 0.8151569871600963 -0.5792400938160913 0 0 0 1 0 0 0 0 0 0
-2.981870651245117 1.2204653024673462 38.90220260620117 0.9960411120250029 0.08889377456265318 0 0 0 1 0 0 0 0 0 0
-2.8040637969970703 0.8451372385025024 39.3641471862793 0.6996969852272497 0.7144397307428375 0 0 0 1 0 0 0 0 0 0
-2.42510986328125 0.6751962900161743 39.82608413696289 0.06810358529284627 0.9976782555865694 0 0 0 1 0 0 0 0 0 0
-2.0265769958496094 0.7920633554458618 40.288028717041016 -0.5961208202278456 0.802894742597609 0 0 0 1 0 0 0 0 0 0
-1.7994136810302734 1.1397463083267212 40.74996566772461 -0.9747203062858373 0.2234285669157899 0 0 0 1 0 0 0 0 0 0
-1.8524608612060547 1.5516573190689087 41.211910247802734 -0.8863100160339439 -0.46309238330802865 0 0 0 1 0 0 0 0 0 0
-2.1603012084960938 1.830443024635315 41.67384719848633 -0.3732402225420784 -0.9277347337880262 0 0 0 1 0 0 0 0 0 0
-2.575439453125 1.8425241708755493 42.13579177856445 0.31865522571890126 -0.9478706911399023 0 0 0 1 0 0 0 0 0 0
-2.8989715576171875 1.5821176767349243 42.59772872924805 0.8578733350757776 -0.5138612078820141 0 0 0 1 0 0 0 0 0 0
-2.9758853912353516 1.1739870309829712 43.05967330932617 0.9860660068914935 0.16635453120689264 0 0 0 1 0 0 0 0 0 0
-2.769329071044922 0.8136812448501587 43.5216178894043 0.6418063327353521 0.7668667623914852 0 0 0 1 0 0 0 0 0 0
-2.378267288208008 0.6738306283950806 43.98355484008789 -0.00996864911101473 0.9999503117829912 0 0 0 1 0 0 0 0 0 0
-2.3242568969726562 -0.6792043447494507 43.98355484008789 -0.09998471208562766 -0.9949889734811909 0 0 0 -1 0 0 0 0 0 0
-1.9061908721923828 -0.9136213064193726 43.463871002197266 -0.7967618691760338 -0.6042934087238688 0 0 0 -1 0 0 0 0 0 0
-1.7931900024414062 -1.379407286643982 42.94418716430664 -0.985095337483365 0.17200923250958103 0 0 0 -1 0 0 0 0 0 0
-2.057363510131836 -1.7793363332748413 42.424503326416016 -0.5448069294391188 0.8385615121355852 0 0 0 -1 0 0 0 0 0 0
-2.5301342010498047 -1.8581899404525757 41.90481948852539 0.2431480411150168 0.9699891907139636 0 0 0 -1 0 0 0 0 0 0
-2.9098072052001953 -1.565656065940857 41.385135650634766 0.8759364739465417 0.48242646445867743 0 0 0 -1 0 0 0 0 0 0
-2.9541015625 -1.0884069204330444 40.86545181274414 0.9497582170547402 -0.3129845509557953 0 0 0 -1 0 0 0 0 0 0
0.4122180640697479 -2.6700985431671143 40.86545181274414 -0.980166839185572 0.1981740834745166 0 0 0 1 0 0 0 0 0 0
0.37816426157951355 -2.320908784866333 41.25521469116211 -0.9234100204196903 -0.3838149738982406 0 0 0 1 0 0 0 0 0 0
0.15466494858264923 -2.0504581928253174 41.64497756958008 -0.5509090981543524 -0.8345652554298904 0 0 0 1 0 0 0 0 0 0
-0.1818562000989914 -1.9512265920639038 42.03474044799805 0.0099574340762717 -0.9999504235243949 0 0 0 1 0 0 0 0 0 0
-0.5163365006446838 -2.0571415424346924 42.424503326416016 0.5674251706269565 -0.8234249666721124 0 0 0 1 0 0 0 0 0 0
-0.734403669834137 -2.331986665725708 42.814266204833984 0.9308712581247184 -0.3653473700429551 0 0 0 1 0 0 0 0 0 0
-0.7614975571632385 -2.6817867755889893 43.20402908325195 0.9760265538920408 0.21765147851008743 0 0 0 1 0 0 0 0 0 0
2.6259288787841797 -1.1877607107162476 43.20402908325195 -0.9890778615113481 -0.14739397500623425 0 0 0 -1 0 0 0 0 0 0
2.5924243927001953 -1.4917539358139038 42.86994552612305 -0.9332348103122377 0.35926701605001515 0 0 0 -1 0 0 0 0 0 0
2.4134387969970703 -1.7397397756576538 42.53586196899414 -0.6349274662247626 0.7725717524174714 0 0 0 -1 0 0 0 0 0 0
2.1354732513427734 -1.867291808128357 42.201786041259766 -0.17165035684159247 0.9851579340370527 0 0 0 -1 0 0 0 0 0 0
1.8307476043701172 -1.8412679433822632 41.86770248413086 0.33623120410601354 0.9417794738607441 0 0 0 -1 0 0 0 0 0 0
1.578439712524414 -1.66842782497406 41.53361892700195 0.756737983600876 0.6537183064406873 0 0 0 -1 0 0 0 0 0 0
1.4440975189208984 -1.393678069114685 41.19953536987305 0.9806449203881289 0.19579463761032947 0 0 0 -1 0 0 0 0 0 0
1.4626293182373047 -1.0884069204330444 40.86545181274414 0.9497582170547402 -0.3129845509557953 0 0 0 -1 0 0 0 0 0 0
2.620584487915039 1.1549021005630493 40.86545181274414 -0.9801694573494141 0.1981611336245204 0 0 0 1 0 0 0 0 0 0
2.608243942260742 1.4426218271255493 41.17726516723633 -0.9595999260317464 -0.28136805426321365 0 0 0 1 0 0 0 0 0 0
2.4632625579833984 1.6914507150650024 41.489070892333984 -0.7179668265576401 -0.6960773203910262 0 0 0 1 0 0 0 0 0 0
2.2190418243408203 1.8440614938735962 41.80088424682617 -0.3109316353809342 -0.9504322796071994 0 0 0 1 0 0 0 0 0 0
1.9318408966064453 1.8653017282485962 42.11269760131836 0.16773485279466266 -0.9858321455288181 0 0 0 1 0 0 0 0 0 0
1.667825698852539 1.75027334690094 42.424503326416016 0.6077607345279021 -0.7941201984373052 0 0 0 1 0 0 0 0 0 0
1.4878215789794922 1.52548086643219 42.7363166809082 0.9077721147135323 -0.4194636906199649 0 0 0 1 0 0 0 0 0 0
1.4332904815673828 1.2427088022232056 43.04812240600586 0.9986562390496428 0.05182389610230763 0 0 0 1 0 0 0 0 0 0
1.5167980194091797 0.9670969247817993 43.35993576049805 0.859473407341622 0.5111804594001833 0 0 0 1 0 0 0 0 0 0
1.719106674194336 0.7621446847915649 43.6717414855957 0.5222902539007503 0.8527677823887873 0 0 0 1 0 0 0 0 0 0
1.9936084747314453 0.6750627756118774 43.98355484008789 0.06479351654313498 0.9978986923600885 0 0 0 1 0 0 0 0 0 0
2.277067184448242 0.7259165048599243 44.29536819458008 -0.40764215343457183 0.9131417604858649 0 0 0 1 0 0 0 0 0 0
2.504179000854492 0.9029909372329712 44.607173919677734 -0.7861656983407741 0.618015772252103 0 0 0 1 0 0 0 0 0 0
2.6226253509521484 1.1654878854751587 44.91898727416992 -0.9835705510900493 0.18052415635702837 0 0 0 1 0 0 0 0 0 0
2.6051158905029297 1.452940583229065 45.23079299926758 -0.954388898641219 -0.2985662910484045 0 0 0 1 0 0 0 0 0 0
2.455690383911133 1.6991220712661743 45.542606353759766 -0.7053431086803269 -0.7088660656549817 0 0 0 1 0 0 0 0 0 0
-0.653867781162262 2.186129331588745 45.542606353759766 0.7966378351526505 0.6044569129419387 0 0 0 -1 0 0 0 0 0 0
-0.7750168442726135 2.5165812969207764 45.1528434753418 0.9985572543712528 0.053697390463086754 0 0 0 -1 0 0 0 0 0 0
-0.6900063157081604 2.858118772506714 44.76308059692383 0.8568760757113277 -0.5155224445875805 0 0 0 -1 0 0 0 0 0 0
-0.4280853569507599 3.0932223796844482 44.37331771850586 0.4203387987853899 -0.9073672322911245 0 0 0 -1 0 0 0 0 0 0
-0.07938389480113983 3.1409900188446045 43.98355484008789 -0.16083001995471105 -0.9869821197374182 0 0 0 -1 0 0 0 0 0 0
0.2361125499010086 2.9849917888641357 43.59379196166992 -0.686657461184871 -0.7269811077319323 0 0 0 -1 0 0 0 0 0 0
0.40984341502189636 2.67889666557312 43.20402908325195 -0.9762113435283061 -0.2168211538726318 0 0 0 -1 0 0 0 0 0 0
0.3820285499095917 2.3280398845672607 42.814266204833984 -0.9298499273646237 0.3679390066030024 0 0 0 -1 0 0 0 0 0 0
0.16223712265491486 2.053145170211792 42.424503326416016 -0.5635314133286887 0.8260946351307278 0 0 0 -1 0 0 0 0 0 0
-0.17389874160289764 1.9488054513931274 42.03474044799805 -0.003304180335493996 0.9999945411812559 0 0 0 -1 0 0 0 0 0 0
-0.5107174515724182 2.0509212017059326 41.64497756958008 0.5580538641429891 0.829804726857517 0 0 0 -1 0 0 0 0 0 0
-0.7323208451271057 2.3243587017059326 41.25521469116211 0.9273980453233771 0.37407601571121785 0 0 0 -1 0 0 0 0 0 0
-0.7624550461769104 2.6750247478485107 40.86545181274414 0.977622022041419 -0.2103691565311968 0 0 0 -1 0 0 0 0 0 0
-0.5907517075538635 2.9822566509246826 40.47568893432617 0.691448359143934 -0.7224258900656602 0 0 0 -1 0 0 0 0 0 0
-0.2762928307056427 3.1403415203094482 40.0859260559082 0.16735292899425572 -0.9858970520074819 0 0 0 -1 0 0 0 0 0 0
0.07271762192249298 3.0948779582977295 39.696163177490234 -0.4143303519534536 -0.9101265623253324 0 0 0 -1 0 0 0 0 0 0
0.33618542551994324 2.8615100383758545 39.306400299072266 -0.853446956990916 -0.5211797114268218 0 0 0 -1 0 0 0 0 0 0
0.42345234751701355 2.5205447673797607 38.9166374206543 -0.9988906922667729 0.047089116606781806 0 0 0 -1 0 0 0 0 0 0
0.3044891059398651 2.1892993450164795 38.52687454223633 -0.8006236208793572 0.5991676040057803 0 0 0 -1 0 0 0 0 0 0
0.020233113318681717 1.9817568063735962 38.13711166381836 -0.3268557367830374 0.9450742443490975 0 0 0 -1 0 0 0 0 0 0
-0.33150675892829895 1.9693361520767212 37.74734878540039 0.2593757904590727 0.9657764748241341 0 0 0 -1 0 0 0 0 0 0
-0.6296959519386292 2.156306028366089 37.35758590698242 0.7563528575600652 0.6541638593355058 0 0 0 -1 0 0 0 0 0 0
-0.7717304825782776 2.47833514213562 36.96782302856445 0.9930791203250889 0.11744726805825448 0 0 0 -1 0 0 0 0 0 0
-0.7087326645851135 2.824610471725464 36.578060150146484 0.8880835874892491 -0.45968200055280084 0 0 0 -1 0 0 0 0 0 0
-0.4623852074146271 3.0759799480438232 36.188297271728516 0.4775061653180139 -0.8786283981771164 0 0 0 -1 0 0 0 0 0 0
-0.11745266616344452 3.145949125289917 35.79853439331055 -0.09738173985231333 -0.9952471033584254 0 0 0 -1 0 0 0 0 0 0
0.20737643539905548 3.0104434490203857 35.40877151489258 -0.6387652083627491 -0.7694017211998513 0 0 0 -1 0 0 0 0 0 0
0.400325745344162 2.716089963912964 35.01900863647461 -0.9603462786141878 -0.27881001623306334 0 0 0 -1 0 0 0 0 0 0
0.3950042426586151 2.364168882369995 34.62924575805664 -0.9514760242742043 0.30772288707756795 0 0 0 -1 0 0 0 0 0 0
0.19324298202991486 2.0757815837860107 34.23948287963867 -0.6152043541983789 0.7883676823509166 0 0 0 -1 0 0 0 0 0 0
-0.13553433120250702 1.9501596689224243 33.8497200012207 -0.06724539690513154 0.9977364665055954 0 0 0 -1 0 0 0 0 0 0
-0.4781933128833771 2.0305278301239014 33.459957122802734 0.5038480046442884 0.8637923293338331 0 0 0 -1 0 0 0 0 0 0
-0.7168293595314026 2.2892329692840576 33.070194244384766 0.9015771662429143 0.4326183229006793 0 0 0 -1 0 0 0 0 0 0
-0.7693272233009338 2.6372554302215576 32.6804313659668 0.9890730778320375 -0.1474260720085166 0 0 0 -1 0 0 0 0 0 0
-0.6176205277442932 2.9548404216766357 32.29066848754883 0.7362325259310365 -0.6767286515001457 0 0 0 -1 0 0 0 0 0 0
-0.31391528248786926 3.1327083110809326 31.90090560913086 0.23005506874385448 -0.9731776124352945 0 0 0 -1 0 0 0 0 0 0
0.03728862479329109 3.1096560955047607 31.51114273071289 -0.35528326010198436 -0.9347586881603753 0 0 0 -1 0 0 0 0 0 0
2.491800308227539 -0.8901532888412476 47.49142074584961 -0.7655282368839068 -0.6434022991359428 0 0 0 -1 0 0 0 0 0 0
2.622865676879883 -1.1691983938217163 47.166622161865234 -0.9839693886103148 -0.1783374393610143 0 0 0 -1 0 0 0 0 0 0
2.598062515258789 -1.4764951467514038 46.84181594848633 -0.9426331096165778 0.33383052684645376 0 0 0 -1 0 0 0 0 0 0
2.423940658569336 -1.730908751487732 46.51701736450195 -0.652423450184625 0.7578546309479083 0 0 0 -1 0 0 0 0 0 0
2.1464672088623047 -1.8652700185775757 46.19221115112305 -0.18997167094651052 0.9817895722800231 0 0 0 -1 0 0 0 0 0 0
1.8389034271240234 -1.8441098928451538 45.86741256713867 0.3226360056059072 0.9465231153472509 0 0 0 -1 0 0 0 0 0 0
1.5824451446533203 -1.673016905784607 45.542606353759766 0.7500607883661597 0.6613688938523906 0 0 0 -1 0 0 0 0 0 0
1.4447994232177734 -1.3971532583236694 45.21780776977539 0.9794692945328758 0.20159340531691539 0 0 0 -1 0 0 0 0 0 0
1.4623165130615234 -1.0893605947494507 44.893001556396484 0.9502810392905277 -0.31139355543253366 0 0 0 -1 0 0 0 0 0 0
1.630361557006836 -0.8308919668197632 44.56820297241211 0.6702029379626289 -0.7421778910384361 0 0 0 -1 0 0 0 0 0 0
1.9045696258544922 -0.6899923086166382 44.2433967590332 0.2131855740574829 -0.9770117251158154 0 0 0 -1 0 0 0 0 0 0
2.212553024291992 -0.7038549184799194 43.91859817504883 -0.3001136587735601 -0.9539034499453009 0 0 0 -1 0 0 0 0 0 0
2.472993850708008 -0.8688253164291382 43.59379196166992 -0.7341789922747981 -0.6789559686035332 0 0 0 -1 0 0 0 0 0 0
-0.5728970170021057 -3.0010616779327393 43.59379196166992 0.661696641533942 0.7497716682982238 0 0 0 1 0 0 0 0 0 0
-0.24684719741344452 -3.1469852924346924 43.98355484008789 0.11827294562340226 0.9929811228485482 0 0 0 1 0 0 0 0 0 0
0.10435481369495392 -3.081731081008911 44.37331771850586 -0.46705987081608125 0.8842256935156687 0 0 0 1 0 0 0 0 0 0
0.356227844953537 -2.8284313678741455 44.76308059692383 -0.886848579854759 0.4620601653568474 0 0 0 1 0 0 0 0 0 0
0.4194965064525604 -2.47686505317688 45.1528434753418 -0.9922962494968565 -0.12388766377033782 0 0 0 1 0 0 0 0 0 0
0.27173230051994324 -2.151646852493286 45.542606353759766 -0.7460229721150736 -0.6659202092417619 0 0 0 1 0 0 0 0 0 0
-0.03468708321452141 -1.96804940700531 45.932369232177734 -0.23532458373998696 -0.9719168381541715 0 0 0 1 0 0 0 0 0 0
-0.39115336537361145 -1.9911435842514038 46.3221321105957 0.3587878478052738 -0.9334191342945888 0 0 0 1 0 0 0 0 0 0
-0.6713162064552307 -2.2127506732940674 46.71189498901367 0.8257209664681596 -0.5640787937291105 0 0 0 1 0 0 0 0 0 0
-0.7758732438087463 -2.5543224811553955 47.10165786743164 0.9999864489292796 0.005205954072891862 0 0 0 1 0 0 0 0 0 0
-0.6677647233009338 -2.8947842121124268 47.49142074584961 0.8198039737450913 0.5726442566129147 0 0 0 1 0 0 0 0 0 0
-0.38530924916267395 -3.11346173286438 47.88118362426758 0.34904585172987995 0.937105646867077 0 0 0 1 0 0 0 0 0 0
-0.02862362191081047 -3.1328442096710205 48.27094650268555 -0.24543322207553228 0.9694134997521039 0 0 0 1 0 0 0 0 0 0
0.27586743235588074 -2.9460651874542236 48.660709381103516 -0.7529168244738109 0.6581156854416045 0 0 0 1 0 0 0 0 0 0
0.4202365577220917 -2.6193249225616455 49.050472259521484 -0.9935330348507536 0.11354342191536812 0 0 0 1 0 0 0 0 0 0
0.3533134162425995 -2.268437623977661 49.44023513793945 -0.8819886861465872 -0.4712705778100485 0 0 0 1 0 0 0 0 0 0
0.09881587326526642 -2.0177738666534424 49.82999801635742 -0.4578316370791916 -0.8890389148340961 0 0 0 1 0 0 0 0 0 0
-0.25304797291755676 -1.9561818838119507 50.21976089477539 0.12861247133693984 -0.9916949290061963 0 0 0 1 0 0 0 0 0 0
-0.5775585770606995 -2.1054890155792236 50.60952377319336 0.6694630076686884 -0.7428453953301413 0 0 0 1 0 0 0 0 0 0
-0.7596970200538635 -2.41277813911438 50.99928665161133 0.9730249416849723 -0.23069994117675063 0 0 0 1 0 0 0 0 0 0
-0.7349033951759338 -2.769131898880005 51.3890495300293 0.9317008378258392 0.36322658051776596 0 0 0 1 0 0 0 0 0 0
-0.5119648575782776 -3.0482380390167236 51.778812408447266 0.5601346421278429 0.8284015829827424 0 0 0 1 0 0 0 0 0 0
-0.16990284621715546 -3.1511662006378174 52.168575286865234 -0.00996315162601446 0.9999503665731 0 0 0 1 0 0 0 0 0 0
-2.3242568969726562 -0.6792043447494507 52.168575286865234 -0.09998471208562766 -0.9949889734811909 0 0 0 -1 0 0 0 0 0 0
-1.9551963806152344 -0.8567746877670288 51.71003341674805 -0.7150861799836172 -0.6990363046340567 0 0 0 -1 0 0 0 0 0 0
-1.7860450744628906 -1.22976815700531 51.25148391723633 -0.9970015174308967 -0.07738200204497866 0 0 0 -1 0 0 0 0 0 0
-1.8956165313720703 -1.6243947744369507 50.79294204711914 -0.8143826447286118 0.5803282760342042 0 0 0 -1 0 0 0 0 0 0
-2.2328567504882812 -1.8567861318588257 50.33440017700195 -0.25231205262395656 0.9676459208309028 0 0 0 -1 0 0 0 0 0 0
-2.640634536743164 -1.8186582326889038 49.875850677490234 0.42731692328062215 0.9041019008264405 0 0 0 -1 0 0 0 0 0 0
-2.928953170776367 -1.527783751487732 49.41730880737305 0.9078424460379935 0.4193114512766767 0 0 0 -1 0 0 0 0 0 0
-2.9634742736816406 -1.1196874380111694 48.95876693725586 0.9653803465273725 -0.2608462891027781 0 0 0 -1 0 0 0 0 0 0
-2.7281150817871094 -0.7845128774642944 48.50021743774414 0.5731136533380252 -0.8194758937012985 0 0 0 -1 0 0 0 0 0 0
-2.3325366973876953 -0.6784299612045288 48.04167556762695 -0.08618442824314516 -0.9962791999878359 0 0 0 -1 0 0 0 0 0 0
-1.961050033569336 -0.8508695363998413 47.583133697509766 -0.705326223106281 -0.7088828669100621 0 0 0 -1 0 0 0 0 0 0
-1.7867469787597656 -1.2214826345443726 47.12458419799805 -0.9958331659459598 -0.09119378050090146 0 0 0 -1 0 0 0 0 0 0
-1.890838623046875 -1.6175893545150757 46.66604232788086 -0.8223480697831236 0.5689847556165024 0 0 0 -1 0 0 0 0 0 0
-2.224824905395508 -1.8546308279037476 46.20749282836914 -0.2657053652511036 0.9640542821214879 0 0 0 -1 0 0 0 0 0 0
-2.6330909729003906 -1.8221601247787476 45.74895095825195 0.414741451180065 0.9099392994442286 0 0 0 -1 0 0 0 0 0 0
-2.925413131713867 -1.53531014919281 45.290409088134766 0.9019426477598277 0.43185583260156524 0 0 0 -1 0 0 0 0 0 0
-2.965587615966797 -1.127728819847107 44.83185958862305 0.9689004853302348 -0.24745070120497847 0 0 0 -1 0 0 0 0 0 0
-2.734895706176758 -0.7893232107162476 44.37331771850586 0.5844081687018399 -0.8114598525833314 0 0 0 -1 0 0 0 0 0 0
-1.9783439636230469 0.8319383859634399 44.37331771850586 -0.6765066609095607 0.7364365130444013 0 0 0 1 0 0 0 0 0 0
-1.7926502227783203 1.17373526096344 44.8150520324707 -0.9859939596169487 0.1667810288938495 0 0 0 1 0 0 0 0 0 0
-1.8556041717529297 1.5575929880142212 45.256778717041016 -0.8810691573492856 -0.4729874628019436 0 0 0 1 0 0 0 0 0 0
-2.140748977661133 1.82217276096344 45.69851303100586 -0.40582510230522484 -0.913950757064599 0 0 0 1 0 0 0 0 0 0
-2.5282344818115234 1.8562685251235962 46.14023971557617 0.23997931962861943 -0.9707780004463354 0 0 0 1 0 0 0 0 0 0
-2.855203628540039 1.645556092262268 46.581974029541016 0.7849241193551395 -0.6195919034772474 0 0 0 1 0 0 0 0 0 0
-2.9842281341552734 1.27859365940094 47.02370834350586 0.9999680919419432 -0.007988435265384553 0 0 0 1 0 0 0 0 0 0
-2.8610782623291016 0.9096170663833618 47.46543502807617 0.7947205804722881 0.6069754517060716 0 0 0 1 0 0 0 0 0 0
-2.537515640258789 0.6937090158462524 47.907169342041016 0.2554444524128087 0.9668237335375669 0 0 0 1 0 0 0 0 0 0
-2.149534225463867 0.7216173410415649 48.34889602661133 -0.39118768080380806 0.9203109248440648 0 0 0 1 0 0 0 0 0 0
-1.8602027893066406 0.9816080331802368 48.79063034057617 -0.873407375992647 0.4869903033548396 0 0 0 1 0 0 0 0 0 0
-1.791128158569336 1.36440908908844 49.232364654541016 -0.988532755636681 -0.15100659268174413 0 0 0 1 0 0 0 0 0 0
-1.9713420867919922 1.7091280221939087 49.67409133911133 -0.6881763204059902 -0.725543487347569 0 0 0 1 0 0 0 0 0 0
-2.325101852416992 1.87087881565094 50.11582565307617 -0.09857610818615108 -0.995129514633584 0 0 0 1 0 0 0 0 0 0
-2.7037181854248047 1.781675934791565 50.557552337646484 0.5324534526049842 -0.846459284791083 0 0 0 1 0 0 0 0 0 0
-2.9480628967285156 1.4790140390396118 50.99928665161133 0.93969248736894 -0.3420205098855549 0 0 0 1 0 0 0 0 0 0
0.3879337012767792 2.3435885906219482 50.99928665161133 -0.9396924924957176 0.34202049579986504 0 0 0 -1 0 0 0 0 0 0
0.16876597702503204 2.057661771774292 50.60952377319336 -0.5744137399486855 0.818565119803039 0 0 0 -1 0 0 0 0 0 0
-0.17465786635875702 1.9488054513931274 50.21976089477539 -0.002042002027844936 0.9999979151116857 0 0 0 -1 0 0 0 0 0 0
-0.5185204148292542 2.056257963180542 49.82999801635742 0.5710624105330561 0.8209066471141376 0 0 0 -1 0 0 0 0 0 0
-0.7388554215431213 2.3412883281707764 49.44023513793945 0.9382873726432681 0.3458566268530831 0 0 0 -1 0 0 0 0 0 0
-0.7562218308448792 2.7011325359344482 49.050472259521484 0.9672357410050372 -0.25387993485590155 0 0 0 -1 0 0 0 0 0 0
-0.5643635392189026 3.006056547164917 48.660709381103516 0.6474732373582675 -0.7620881884039437 0 0 0 -1 0 0 0 0 0 0
-0.23244480788707733 3.146132230758667 48.27094650268555 0.09426690813880935 -0.9955469602333933 0 0 0 -1 0 0 0 0 0 0
0.11986346542835236 3.0708491802215576 47.88118362426758 -0.49291121466724136 -0.8700796138602862 0 0 0 -1 0 0 0 0 0 0
0.3655490577220917 2.8073604106903076 47.49142074584961 -0.9023865087514873 -0.43092759116039653 0 0 0 -1 0 0 0 0 0 0
0.41603466868400574 2.4506518840789795 47.10165786743164 -0.9865294380733445 0.16358382503991956 0 0 0 -1 0 0 0 0 0 0
0.25312039256095886 2.129328489303589 46.71189498901367 -0.7150029474544586 0.6991214380430888 0 0 0 -1 0 0 0 0 0 0
-0.06446270644664764 1.9592386484146118 46.3221321105957 -0.18569662514837149 0.9826071256654438 0 0 0 -1 0 0 0 0 0 0
-0.422214537858963 2.0017001628875732 45.932369232177734 0.41055640594886594 0.9118352030571917 0 0 0 -1 0 0 0 0 0 0
2.194986343383789 1.851378083229065 45.932369232177734 -0.2708423996226421 -0.962623703513813 0 0 0 1 0 0 0 0 0 0
1.7994213104248047 1.82668936252594 46.3221321105957 0.38843365570370986 -0.9214766926605642 0 0 0 1 0 0 0 0 0 0
1.5055484771728516 1.5607553720474243 46.71189498901367 0.8782229544888918 -0.4782514424534462 0 0 0 1 0 0 0 0 0 0
1.441598892211914 1.169615387916565 47.10165786743164 0.9848079462834002 0.17364708156796566 0 0 0 1 0 0 0 0 0 0
1.6354694366455078 0.8239351511001587 47.49142074584961 0.6616910259238478 0.7497766242100681 0 0 0 1 0 0 0 0 0 0
-2.9698638916015625 1.1432138681411743 51.3890495300293 0.9760268154889394 0.2176503054133395 0 0 0 1 0 0 0 0 0 0
-2.750396728515625 0.7984758615493774 51.83449172973633 0.6102490391856179 0.7922096377683311 0 0 0 1 0 0 0 0 0 0
-2.3610706329345703 0.6742502450942993 52.27993392944336 -0.03862960789554184 0.9992535981390495 0 0 0 1 0 0 0 0 0 0
-1.9824962615966797 0.8281618356704712 52.72537612915039 -0.6695837555477689 0.7427365578093928 0 0 0 1 0 0 0 0 0 0
-1.7902965545654297 1.18881094455719 53.17082595825195 -0.9899170427964478 0.14164832643252792 0 0 0 1 0 0 0 0 0 0
-1.8736381530761719 1.5888887643814087 53.616268157958984 -0.851011262386528 -0.5251474376699252 0 0 0 1 0 0 0 0 0 0
-2.1938552856445312 1.8427950143814087 54.061710357666016 -0.3173197894923285 -0.9483185916117769 0 0 0 1 0 0 0 0 0 0
-2.602397918701172 1.8327394723892212 54.50715255737305 0.3635857074744046 -0.9315607512773049 0 0 0 1 0 0 0 0 0 0
-2.909738540649414 1.5633875131607056 54.95259475708008 0.8758202543209654 -0.4826374230425561 0 0 0 1 0 0 0 0 0 0
-2.973297119140625 1.1596933603286743 55.39803695678711 0.9817483725656481 0.19018447088209253 0 0 0 1 0 0 0 0 0 0
-2.7635879516601562 0.8089357614517212 55.84347915649414 0.6322355686296406 0.7747762165680843 0 0 0 1 0 0 0 0 0 0
-2.377901077270508 0.6738344430923462 56.2889289855957 -0.010574562437792532 0.999944087751535 0 0 0 1 0 0 0 0 0 0
-1.995157241821289 0.8170648813247681 56.7343635559082 -0.6484798201010704 0.7612318457091003 0 0 0 1 0 0 0 0 0 0
-1.7929153442382812 1.172178864479065 57.179813385009766 -0.9855521830410142 0.1693720593931929 0 0 0 1 0 0 0 0 0 0
-1.864999771118164 1.5744386911392212 57.625247955322266 -0.8654114340890511 -0.5010619220694507 0 0 0 1 0 0 0 0 0 0
-2.9333877563476562 -1.5179494619369507 57.625247955322266 0.91523461145068 0.4029213397211957 0 0 0 -1 0 0 0 0 0 0
-2.9694766998291016 -1.14389169216156 57.203006744384766 0.9753842825259685 -0.22051190761793737 0 0 0 -1 0 0 0 0 0 0
-2.775989532470703 -0.8217328786849976 56.780765533447266 0.6529024455004241 -0.7574420087766229 0 0 0 -1 0 0 0 0 0 0
-2.4288272857666016 -0.6778577566146851 56.358524322509766 0.07430293569907691 -0.9972357162408989 0 0 0 -1 0 0 0 0 0 0
-2.064176559448242 -0.7686971426010132 55.936283111572266 -0.5334517149147574 -0.8458305195809055 0 0 0 -1 0 0 0 0 0 0
-1.8250846862792969 -1.05862557888031 55.514041900634766 -0.9319367504011519 -0.36262086709363706 0 0 0 -1 0 0 0 0 0 0
-1.8053436279296875 -1.4339040517807007 55.091800689697266 -0.9648383503660851 0.26284397969679957 0 0 0 -1 0 0 0 0 0 0
-2.012697219848633 -1.747315764427185 54.669551849365234 -0.6192466004630491 0.7851965663545384 0 0 0 -1 0 0 0 0 0 0
-2.365804672241211 -1.8759130239486694 54.247310638427734 -0.03073631015711774 0.9995275280040693 0 0 0 -1 0 0 0 0 0 0
-2.726146697998047 -1.7692540884017944 53.825069427490234 0.5698302870216002 0.821762401179855 0 0 0 -1 0 0 0 0 0 0
-2.9523658752441406 -1.4691747426986694 53.402828216552734 0.9468671485786024 0.3216249414187695 0 0 0 -1 0 0 0 0 0 0
-2.955720901489258 -1.093396544456482 52.9805793762207 0.9524576214444801 -0.30467110029066347 0 0 0 -1 0 0 0 0 0 0
-2.734895706176758 -0.7893232107162476 52.5583381652832 0.5844081687018399 -0.8114598525833314 0 0 0 -1 0 0 0 0 0 0
0.23002047836780548 -2.9930622577667236 52.5583381652832 -0.6765036135078323 0.7364393124425431 0 0 0 1 0 0 0 0 0 0
0.40732380747795105 -2.6921589374542236 52.94810104370117 -0.9720096271310711 0.23494102401350803 0 0 0 1 0 0 0 0 0 0
0.387020081281662 -2.343491792678833 53.33786392211914 -0.9381706048037458 -0.3461732460519928 0 0 0 1 0 0 0 0 0 0
0.17598529160022736 -2.0652058124542236 53.72762680053711 -0.586449525748361 -0.8099857737945294 0 0 0 1 0 0 0 0 0 0
-0.15427403151988983 -1.9515851736068726 54.11738967895508 -0.036014894113139906 -0.9993512532648463 0 0 0 1 0 0 0 0 0 0
-0.4918537437915802 -2.04113507270813 54.50715255737305 0.5266172399339449 -0.8501025129973171 0 0 0 1 0 0 0 0 0 0
-0.7223721146583557 -2.303513765335083 54.896915435791016 0.9108181962934696 -0.4128077195265499 0 0 0 1 0 0 0 0 0 0
-0.7677231431007385 -2.6498119831085205 55.286678314208984 0.986400899710053 0.16435712656042079 0 0 0 1 0 0 0 0 0 0
-0.6125374436378479 -2.9626972675323486 55.67644119262695 0.7277571895242464 0.6858348730531059 0 0 0 1 0 0 0 0 0 0
-0.30939868092536926 -3.1361515522003174 56.06620407104492 0.22252634740790136 0.9749266765810125 0 0 0 1 0 0 0 0 0 0
2.2456531524658203 -0.7153409719467163 56.06620407104492 -0.35528325052826726 -0.9347586917991555 0 0 0 -1 0 0 0 0 0 0
2.5060291290283203 -0.9077504873275757 55.710330963134766 -0.7892434595363882 -0.6140804194721028 0 0 0 -1 0 0 0 0 0 0
2.628530502319336 -1.2074369192123413 55.35446548461914 -0.9934119820290715 -0.11459770486825391 0 0 0 -1 0 0 0 0 0 0
2.577482223510742 -1.5271466970443726 54.998592376708984 -0.9083333761272753 0.4182469101060113 0 0 0 -1 0 0 0 0 0 0
2.3677539825439453 -1.773785948753357 54.64271926879883 -0.5587843554351426 0.8293129952683319 0 0 0 -1 0 0 0 0 0 0
2.060403823852539 -1.8755468130111694 54.2868537902832 -0.04652831208189897 0.9989169716121603 0 0 0 -1 0 0 0 0 0 0
1.7449283599853516 -1.8028005361557007 53.93098068237305 0.47926084758108106 0.8776725129431044 0 0 0 -1 0 0 0 0 0 0
1.513174057006836 -1.5767301321029663 53.57510757446289 0.8655125610435482 0.500887219517366 0 0 0 -1 0 0 0 0 0 0
1.4326229095458984 -1.26315438747406 53.219242095947266 0.9997635767842232 -0.021743747046368726 0 0 0 -1 0 0 0 0 0 0
1.5267276763916016 -0.9533780813217163 52.86336898803711 0.8429256739932566 -0.5380300252987877 0 0 0 -1 0 0 0 0 0 0
1.7680912017822266 -0.7375921010971069 52.507503509521484 0.4406537936623804 -0.8976771324540648 0 0 0 -1 0 0 0 0 0 0
2.0864315032958984 -0.6786283254623413 52.15163040161133 -0.08991459901500774 -0.9959494790821322 0 0 0 -1 0 0 0 0 0 0
2.389066696166992 -0.7936528921127319 51.79575729370117 -0.5943068278738367 -0.8042383939744098 0 0 0 -1 0 0 0 0 0 0
2.5878772735595703 -1.049176573753357 51.43989181518555 -0.9256539724508148 -0.378371144890868 0 0 0 -1 0 0 0 0 0 0
2.624979019165039 -1.370801329612732 51.08401870727539 -0.9874917601975726 0.15767061724335318 0 0 0 -1 0 0 0 0 0 0
2.4895687103271484 -1.6648801565170288 50.728145599365234 -0.7618072545377184 0.647803756498605 0 0 0 -1 0 0 0 0 0 0
2.221071243286133 -1.8457883596420288 50.37228012084961 -0.314308551406754 0.9493208806892366 0 0 0 -1 0 0 0 0 0 0
1.8976688385009766 -1.8608564138412476 50.01640701293945 0.22468578681362192 0.9744312685889875 0 0 0 -1 0 0 0 0 0 0
1.613515853881836 -1.7056936025619507 49.6605339050293 0.6982785650690633 0.7158261280262755 0 0 0 -1 0 0 0 0 0 0
1.4513492584228516 -1.425477385520935 49.30466842651367 0.968555452540114 0.24879778004398478 0 0 0 -1 0 0 0 0 0 0
1.4583873748779297 -1.1017965078353882 48.948795318603516 0.9568240343588095 -0.2906677953838918 0 0 0 -1 0 0 0 0 0 0
1.6325817108154297 -0.8288968801498413 48.59292221069336 0.6664976731267409 -0.745507110440028 0 0 0 -1 0 0 0 0 0 0
1.923208236694336 -0.6862310171127319 48.237056732177734 0.18212782929047291 -0.9832748617746415 0 0 0 -1 0 0 0 0 0 0
2.2456531524658203 -0.7153409719467163 47.88118362426758 -0.35528325052826726 -0.9347586917991555 0 0 0 -1 0 0 0 0 0 0
1.898965835571289 0.6888452768325806 47.88118362426758 0.22252928701675664 0.9749260056126383 0 0 0 1 0 0 0 0 0 0
2.208230972290039 0.7001177072525024 48.22597122192383 -0.2929116865979821 0.9561395002060764 0 0 0 1 0 0 0 0 0 0
2.470743179321289 0.8640123605728149 48.57076644897461 -0.730438230779242 0.6829787632248098 0 0 0 1 0 0 0 0 0 0
2.616659164428711 1.136919617652893 48.91555404663086 -0.9736277601895571 0.22814246555226503 0 0 0 1 0 0 0 0 0 0
2.607168197631836 1.446245789527893 49.26034164428711 -0.9578099173956592 -0.28740243933989157 0 0 0 1 0 0 0 0 0 0
2.444791793823242 1.7096964120864868 49.60513687133789 -0.6871824099874678 -0.7264849175336097 0 0 0 1 0 0 0 0 0 0
2.1727237701416016 1.8571840524673462 49.94992446899414 -0.2337374450246609 -0.9722997515135668 0 0 0 1 0 0 0 0 0 0
1.8633480072021484 1.8494707345962524 50.29471206665039 0.281892968277826 -0.9594458580011258 0 0 0 1 0 0 0 0 0 0
1.5989704132080078 1.6886125802993774 50.63950729370117 0.7225192811948791 -0.6913507708114858 0 0 0 1 0 0 0 0 0 0
1.4499187469482422 1.4173990488052368 50.98429489135742 0.9709390742264693 -0.23932679361125986 0 0 0 1 0 0 0 0 0 0
1.455850601196289 1.1079851388931274 51.32908248901367 0.9610534371116716 0.2763626078467241 0 0 0 1 0 0 0 0 0 0
1.6151866912841797 0.8426843881607056 51.67387771606445 0.6954902018539059 0.718535579581981 0 0 0 1 0 0 0 0 0 0
1.8855342864990234 0.6920763254165649 52.0186653137207 0.24491612333146554 0.9695442705375997 0 0 0 1 0 0 0 0 0 0
2.194978713989258 0.6962267160415649 52.363460540771484 -0.27083200294760534 0.9626266286465321 0 0 0 1 0 0 0 0 0 0
2.461191177368164 0.8540292978286743 52.708248138427734 -0.7145118286368398 0.6996233606291599 0 0 0 1 0 0 0 0 0 0
2.6133556365966797 1.1235109567642212 53.053035736083984 -0.9681220541536047 0.2504789177982944 0 0 0 1 0 0 0 0 0 0
2.6109867095947266 1.432970643043518 53.397830963134766 -0.9641721108890329 -0.2652774784707258 0 0 0 1 0 0 0 0 0 0
2.454713821411133 1.7000871896743774 53.742618560791016 -0.7037215889789001 -0.7104758442093664 0 0 0 1 0 0 0 0 0 0
2.186117172241211 1.8538004159927368 54.087406158447266 -0.25605476540632405 -0.9666622766575265 0 0 0 1 0 0 0 0 0 0
1.8766460418701172 1.8532129526138306 54.43220138549805 0.2597227953457734 -0.965683213884231 0 0 0 1 0 0 0 0 0 0
1.608633041381836 1.6984812021255493 54.7769889831543 0.7064164313291363 -0.7077964577109774 0 0 0 1 0 0 0 0 0 0
1.453378677368164 1.430773377418518 55.12177658081055 0.9651709688000322 -0.261619955251138 0 0 0 1 0 0 0 0 0 0
1.4521846771240234 1.1213022470474243 55.46657180786133 0.967159357788842 0.25417076275896644 0 0 0 1 0 0 0 0 0 0
1.6053714752197266 0.8524042367935181 55.81135940551758 0.7118534849627046 0.7023279974103643 0 0 0 1 0 0 0 0 0 0
1.872182846069336 0.6956125497817993 56.15614700317383 0.26716411499475606 0.9636510445483204 0 0 0 1 0 0 0 0 0 0
2.181638717651367 0.6926370859146118 56.50093460083008 -0.24859480280693044 0.9686075696676045 0 0 0 1 0 0 0 0 0 0
2.451414108276367 0.8442713022232056 56.84572219848633 -0.6982160272136922 0.7158871275151749 0 0 0 1 0 0 0 0 0 0
-0.540931761264801 3.0249736309051514 56.84572219848633 0.6084181727834346 -0.793616612116245 0 0 0 -1 0 0 0 0 0 0
-0.21001248061656952 3.14782977104187 56.45596694946289 0.056884277479571733 -0.9983807785487595 0 0 0 -1 0 0 0 0 0 0
0.13272090256214142 3.0633533000946045 56.06620407104492 -0.5143431171055884 -0.8575844902317828 0 0 0 -1 0 0 0 0 0 0
0.36864086985588074 2.80078387260437 55.67644119262695 -0.9075359739700388 -0.41997435153858276 0 0 0 -1 0 0 0 0 0 0
0.4160918891429901 2.4509952068328857 55.286678314208984 -0.9866241669123824 0.16301151267455816 0 0 0 -1 0 0 0 0 0 0
0.2586497962474823 2.1350619792938232 54.896915435791016 -0.7242233245418255 0.6895654981142731 0 0 0 -1 0 0 0 0 0 0
-0.04919246956706047 1.962328553199768 54.50715255737305 -0.21114775954849296 0.97745415423827 0 0 0 -1 0 0 0 0 0 0
-0.400882750749588 1.9925867319107056 54.11738967895508 0.37500028132286806 0.9270246970862048 0 0 0 -1 0 0 0 0 0 0
-0.6746979355812073 2.2153613567352295 53.72762680053711 0.8313592322191036 0.5557353929740867 0 0 0 -1 0 0 0 0 0 0
-0.7758637070655823 2.5535457134246826 53.33786392211914 0.9999687165905967 -0.007909857151359155 0 0 0 -1 0 0 0 0 0 0
-0.6693649888038635 2.8900859355926514 52.94810104370117 0.8224720298974029 -0.568805555560462 0 0 0 -1 0 0 0 0 0 0
-0.392063170671463 3.108504056930542 52.5583381652832 0.3603023192851435 -0.932835590400445 0 0 0 -1 0 0 0 0 0 0
-0.03993610665202141 3.1332004070281982 52.168575286865234 -0.22657625489065464 -0.9739934295054178 0 0 0 -1 0 0 0 0 0 0
0.2651366889476776 2.955622434616089 51.778812408447266 -0.7350331188077964 -0.6780312044852241 0 0 0 -1 0 0 0 0 0 0
0.41756436228752136 2.637240171432495 51.3890495300293 -0.9890779843370051 -0.14739315079014628 0 0 0 -1 0 0 0 0 0 0
2.5181751251220703 -1.6284765005111694 71.26695251464844 -0.80949326115379 0.5871291681960641 0 0 0 -1 0 0 0 0 0 0
2.258359909057617 -1.8320554494857788 70.90837097167969 -0.37646492173257634 0.9264308731388894 0 0 0 -1 0 0 0 0 0 0
1.930185317993164 -1.867413878440857 70.54978942871094 0.17049450818921338 0.9853586264286309 0 0 0 -1 0 0 0 0 0 0
1.6329669952392578 -1.7238439321517944 70.19120788574219 0.6658639199340974 0.7460732136526534 0 0 0 -1 0 0 0 0 0 0
1.4566593170166016 -1.4448026418685913 69.83262634277344 0.9597056785051231 0.28100713628842516 0 0 0 -1 0 0 0 0 0 0
1.4546146392822266 -1.1147359609603882 69.47404479980469 0.9631109312396672 -0.26910468990090297 0 0 0 -1 0 0 0 0 0 0
1.6274547576904297 -0.8335317373275757 69.11546325683594 0.675046078246526 -0.7377755703762392 0 0 0 -1 0 0 0 0 0 0
1.922872543334961 -0.6862958669662476 68.75688171386719 0.1826794231547338 -0.9831725323440712 0 0 0 -1 0 0 0 0 0 0
2.2514591217041016 -0.7175840139389038 68.39830017089844 -0.3649555801563611 -0.93102493227235 0 0 0 -1 0 0 0 0 0 0
2.5137767791748047 -0.9179319143295288 68.03971862792969 -0.8021557346158878 -0.5971148779111484 0 0 0 -1 0 0 0 0 0 0
2.6304378509521484 -1.2267011404037476 67.68113708496094 -0.9965911834310428 -0.08249856427546814 0 0 0 -1 0 0 0 0 0 0
2.566133499145508 -1.5504506826400757 67.32255554199219 -0.8894199679556076 0.4570909325307666 0 0 0 -1 0 0 0 0 0 0
2.340330123901367 -1.7912038564682007 66.96397399902344 -0.5130777381701966 0.8583421430840706 0 0 0 -1 0 0 0 0 0 0
2.0213565826416016 -1.8760961294174194 66.60539245605469 0.01854608361099936 0.9998280066004822 0 0 0 -1 0 0 0 0 0 0
1.7057514190673828 -1.7794355154037476 66.24681091308594 0.5445564503387658 0.8387241932807491 0 0 0 -1 0 0 0 0 0 0
1.4890308380126953 -1.5304769277572632 65.88822937011719 0.9057550177549891 0.4238016609354656 0 0 0 -1 0 0 0 0 0 0
1.4367733001708984 -1.2045644521713257 65.52964782714844 0.9928476625109837 -0.11938810261695268 0 0 0 -1 0 0 0 0 0 0
1.5648021697998047 -0.9003309011459351 65.17106628417969 0.7794679434107571 -0.6264421163962434 0 0 0 -1 0 0 0 0 0 0
1.8343677520751953 -0.7098478078842163 64.81248474121094 0.33019549359287736 -0.9439125679907839 0 0 0 -1 0 0 0 0 0 0
2.163888931274414 -0.6907628774642944 64.45390319824219 -0.21900891380074125 -0.9757228580267143 0 0 0 -1 0 0 0 0 0 0
2.453641891479492 -0.8488515615463257 64.09532165527344 -0.7019268839498556 -0.7122490081344064 0 0 0 -1 0 0 0 0 0 0
2.615938186645508 -1.1362699270248413 63.73674392700195 -0.9724255819618528 -0.2332133948686305 0 0 0 -1 0 0 0 0 0 0
2.6016597747802734 -1.46603524684906 63.3781623840332 -0.9486271845311014 0.3163960568158138 0 0 0 -1 0 0 0 0 0 0
2.4151248931884766 -1.7383512258529663 63.01958084106445 -0.6377378464798148 0.7702534902013027 0 0 0 -1 0 0 0 0 0 0
2.112791061401367 -1.8707975149154663 62.66098403930664 -0.13385089145418363 0.9910014827723117 0 0 0 -1 0 0 0 0 0 0
1.7861499786376953 -1.8233007192611694 62.30240249633789 0.4105517416650817 0.9118373031499468 0 0 0 -1 0 0 0 0 0 0
2.194986343383789 1.851378083229065 62.30240249633789 -0.2708423996226421 -0.962623703513813 0 0 0 1 0 0 0 0 0 0
1.8844280242919922 1.8552500009536743 62.64345169067383 0.246754571268792 -0.9690780059200368 0 0 0 1 0 0 0 0 0 0
1.6135425567626953 1.703325867652893 62.984500885009766 0.698233135118764 -0.7158704415061582 0 0 0 1 0 0 0 0 0 0
1.4549083709716797 1.4363123178482056 63.32553482055664 0.9626207782865849 -0.27085279620290037 0 0 0 1 0 0 0 0 0 0
1.4510364532470703 1.1257539987564087 63.66658401489258 0.9690806887713646 0.24674403468051187 0 0 0 1 0 0 0 0 0 0
1.602956771850586 0.8548647165298462 64.00761413574219 0.7158704415061582 0.698233135118764 0 0 0 1 0 0 0 0 0 0
1.8699703216552734 0.6962305307388306 64.34866333007812 0.2708557215077253 0.9626199551881988 0 0 0 1 0 0 0 0 0 0
2.1805248260498047 0.6923547983169556 64.689697265625 -0.24673349800472297 0.9690833715229838 0 0 0 1 0 0 0 0 0 0
2.451414108276367 0.8442713022232056 65.03074645996094 -0.6982160272136922 0.7158871275151749 0 0 0 1 0 0 0 0 0 0
-0.540931761264801 3.0249736309051514 65.03074645996094 0.6084181727834346 -0.793616612116245 0 0 0 -1 0 0 0 0 0 0
-0.20926479995250702 3.147871732711792 64.64097595214844 0.05563841767417546 -0.998450983513319 0 0 0 -1 0 0 0 0 0 0
0.13400454819202423 3.0625827312469482 64.251220703125 -0.516477622807943 -0.8563006861720105 0 0 0 -1 0 0 0 0 0 0
0.3695811927318573 2.7987430095672607 63.861454010009766 -0.9091056385736299 -0.41656564658362366 0 0 0 -1 0 0 0 0 0 0
0.41559597849845886 2.448042631149292 63.47169876098633 -0.9857977841683941 0.16793668071235743 0 0 0 -1 0 0 0 0 0 0
0.2560596168041229 2.132357358932495 63.08192825317383 -0.7199027742330742 0.6940749207769455 0 0 0 -1 0 0 0 0 0 0
-0.05358509346842766 1.9613977670669556 62.69217300415039 -0.20382784555209438 0.9790067463391616 0 0 0 -1 0 0 0 0 0 0
-0.4057331383228302 1.9945741891860962 62.30240249633789 0.3830835481537144 0.9237136976000524 0 0 0 -1 0 0 0 0 0 0
-0.6780014634132385 2.2203586101531982 61.91264724731445 0.8368654621766115 0.5474086208819937 0 0 0 -1 0 0 0 0 0 0
-0.7757721543312073 2.5602824687957764 61.52287673950195 0.9998170121642006 -0.019129615444408374 0 0 0 -1 0 0 0 0 0 0
-0.665067732334137 2.8962161540985107 61.133121490478516 0.815308463409451 -0.579026864223863 0 0 0 -1 0 0 0 0 0 0
-0.38436129689216614 3.1114184856414795 60.743350982666016 0.3474665471811996 -0.9376923795093863 0 0 0 -1 0 0 0 0 0 0
-0.03120235726237297 3.131098508834839 60.35359573364258 -0.2411335809370354 -0.970491935125935 0 0 0 -1 0 0 0 0 0 0
0.2716769874095917 2.9484164714813232 59.96382522583008 -0.7459305095706055 -0.6660237795242274 0 0 0 -1 0 0 0 0 0 0
0.4190196692943573 2.6268603801727295 59.57406997680664 -0.9915018699904387 -0.13009243561969142 0 0 0 -1 0 0 0 0 0 0
0.3596191108226776 2.2781779766082764 59.18429946899414 -0.8925015245174959 0.4510443755706814 0 0 0 -1 0 0 0 0 0 0
0.11412043869495392 2.023543119430542 58.7945442199707 -0.4833411403129616 0.8754320887887113 0 0 0 -1 0 0 0 0 0 0
-0.23215870559215546 1.9514490365982056 58.4047737121582 0.09379110558495497 0.9955918985775003 0 0 0 -1 0 0 0 0 0 0
-0.5588818192481995 2.086947202682495 58.015018463134766 0.6383330029057449 0.7697603376384979 0 0 0 -1 0 0 0 0 0 0
-0.7525044083595276 2.3829524517059326 57.625247955322266 0.9610368284778307 0.2764203579862971 0 0 0 -1 0 0 0 0 0 0
-0.7457371354103088 2.7365939617156982 57.23549270629883 0.9497582256412515 -0.31298452489984463 0 0 0 -1 0 0 0 0 0 0
2.620584487915039 1.1549021005630493 57.23549270629883 -0.9801694573494141 0.1981611336245204 0 0 0 1 0 0 0 0 0 0
2.6020565032958984 1.462450623512268 57.5695686340332 -0.949287420566398 -0.3144095945647883 0 0 0 1 0 0 0 0 0 0
2.4333324432373047 1.7202516794204712 57.90365982055664 -0.6680834140470202 -0.7440863873739917 0 0 0 1 0 0 0 0 0 0
2.1589107513427734 1.8603311777114868 58.237735748291016 -0.21070585550185875 -0.9775495089545234 0 0 0 1 0 0 0 0 0 0
1.8511524200439453 1.8457437753677368 58.57182693481445 0.3022147681248787 -0.9532398616965332 0 0 0 1 0 0 0 0 0 0
1.591207504272461 1.6803423166275024 58.90590286254883 0.735460794276698 -0.677567280852528 0 0 0 1 0 0 0 0 0 0
1.447622299194336 1.4077402353286743 59.239994049072266 0.9747665074891243 -0.22322691566532707 0 0 0 1 0 0 0 0 0 0
1.458261489868164 1.0998178720474243 59.57406997680664 0.9570352553913333 0.28997158470796025 0 0 0 1 0 0 0 0 0 0
1.6203174591064453 0.8377748727798462 59.908145904541016 0.6869459985305015 0.7267084663762575 0 0 0 1 0 0 0 0 0 0
1.8910579681396484 0.6907068490982056 60.24223709106445 0.23571337836849768 0.9718226192356862 0 0 0 1 0 0 0 0 0 0
2.1990909576416016 0.6973978281021118 60.57631301879883 -0.27767611193166647 0.9606747508197104 0 0 0 1 0 0 0 0 0 0
2.463193893432617 0.8560816049575806 60.910404205322266 -0.7178507770047361 0.6961969993857318 0 0 0 1 0 0 0 0 0 0
2.613718032836914 1.1249147653579712 61.24448013305664 -0.9687231549023594 0.24814400890615787 0 0 0 1 0 0 0 0 0 0
2.6109752655029297 1.4330087900161743 61.57857131958008 -0.9641533111796239 -0.2653457980473166 0 0 0 1 0 0 0 0 0 0
2.455690383911133 1.6991220712661743 61.91264724731445 -0.7053431086803269 -0.7088660656549817 0 0 0 1 0 0 0 0 0 0
1.5544986724853516 -1.638867735862732 61.91264724731445 0.7966432057513108 0.6044498347508044 0 0 0 -1 0 0 0 0 0 0
1.4384937286376953 -1.3609250783920288 61.58784866333008 0.9899795400231275 0.14121087187464393 0 0 0 -1 0 0 0 0 0 0
1.472158432006836 -1.0616353750228882 61.26303482055664 0.9338726169452486 -0.35760583792750533 0 0 0 -1 0 0 0 0 0 0
1.6470050811767578 -0.8164075613021851 60.938236236572266 0.6424626719587432 -0.7663169808503739 0 0 0 -1 0 0 0 0 0 0
1.9189815521240234 -0.6870321035385132 60.61343765258789 0.18916573138449744 -0.9819451746761466 0 0 0 -1 0 0 0 0 0 0
2.2195568084716797 -0.7061055898666382 60.288639068603516 -0.31179479097632556 -0.9501494663051856 0 0 0 -1 0 0 0 0 0 0
2.472993850708008 -0.8688253164291382 59.96382522583008 -0.7341789922747981 -0.6789559686035332 0 0 0 -1 0 0 0 0 0 0
-0.5728970170021057 -3.0010616779327393 59.96382522583008 0.661696641533942 0.7497716682982238 0 0 0 1 0 0 0 0 0 0
-0.2504940330982208 -3.1465389728546143 60.35359573364258 0.1243536701643846 0.9922379577080529 0 0 0 1 0 0 0 0 0 0
0.09783931076526642 -3.0851223468780518 60.743350982666016 -0.4562025170498988 0.8898759820544302 0 0 0 1 0 0 0 0 0 0
0.35104748606681824 -2.8381550312042236 61.133121490478516 -0.8782169664230318 0.47826243829797815 0 0 0 1 0 0 0 0 0 0
0.4211368262767792 -2.4914638996124268 61.52287673950195 -0.9950323016439998 -0.09955259255812525 0 0 0 1 0 0 0 0 0 0
0.283748596906662 -2.165532350540161 61.91264724731445 -0.7660511167232694 -0.6427796563108014 0 0 0 1 0 0 0 0 0 0
-0.013370555825531483 -1.9736264944076538 62.30240249633789 -0.270850622212221 -0.9626213899801171 0 0 0 1 0 0 0 0 0 0
-0.36696627736091614 -1.9824384450912476 62.69217300415039 0.3184770945936067 -0.9479305566439004 0 0 0 1 0 0 0 0 0 0
-0.6541557908058167 -2.188908815383911 63.08192825317383 0.7971251541700686 -0.6038141175803563 0 0 0 1 0 0 0 0 0 0
-0.7751350998878479 -2.5212795734405518 63.47169876098633 0.9987561972576254 -0.049860389483908814 0 0 0 1 0 0 0 0 0 0
-0.6878624558448792 -2.864049196243286 63.861454010009766 0.8532990520737425 0.5214218328091493 0 0 0 1 0 0 0 0 0 0
-0.42266467213630676 -3.0980961322784424 64.251220703125 0.4113026222034578 0.9114988496803271 0 0 0 1 0 0 0 0 0 0
-0.0717049092054367 -3.1420834064483643 64.64097595214844 -0.1736307594332789 0.9848108241579308 0 0 0 1 0 0 0 0 0 0
0.24305148422718048 -2.9807255268096924 65.03074645996094 -0.6982217722897395 0.7158815242067471 0 0 0 1 0 0 0 0 0 0
0.4122180640697479 -2.6700985431671143 65.42050170898438 -0.980166839185572 0.1981740834745166 0 0 0 1 0 0 0 0 0 0
-2.9541015625 -1.0884069204330444 65.42050170898438 0.9497582170547402 -0.3129845509557953 0 0 0 -1 0 0 0 0 0 0
-2.6975231170654297 -0.7644780874252319 64.96578979492188 0.5221269622771061 -0.8528677712654416 0 0 0 -1 0 0 0 0 0 0
-2.2923450469970703 -0.6832784414291382 64.51106262207031 -0.15317166658525028 -0.9881995955046212 0 0 0 -1 0 0 0 0 0 0
-1.9307594299316406 -0.8833249807357788 64.05633544921875 -0.7558088275358504 -0.6547923458768308 0 0 0 -1 0 0 0 0 0 0
-1.784280776977539 -1.2697309255599976 63.60161209106445 -0.999941992340801 -0.01077088452770487 0 0 0 -1 0 0 0 0 0 0
-1.922393798828125 -1.6592000722885132 63.14690017700195 -0.7697580948562112 0.6383357074481548 0 0 0 -1 0 0 0 0 0 0
-2.279582977294922 -1.8669980764389038 62.69217300415039 -0.17443910977154617 0.9846679628088397 0 0 0 -1 0 0 0 0 0 0
-2.5525035858154297 1.8497263193130493 62.69217300415039 0.2804325340897248 -0.9598737384802312 0 0 0 1 0 0 0 0 0 0
-2.866413116455078 1.6308962106704712 63.11441421508789 0.8036084689002793 -0.5951583223914026 0 0 0 1 0 0 0 0 0 0
-2.9842071533203125 1.2668215036392212 63.53665542602539 0.9999323132241993 0.01163481714948436 0 0 0 1 0 0 0 0 0 0
-2.857973098754883 0.9055849313735962 63.95889663696289 0.7895424830630462 0.6136959079533116 0 0 0 1 0 0 0 0 0 0
-2.5390586853027344 0.6941171884536743 64.38113403320312 0.2580194753622193 0.9661397157418823 0 0 0 1 0 0 0 0 0 0
-2.157175064086914 0.7184320688247681 64.80339050292969 -0.378454156335968 0.9256200362740808 0 0 0 1 0 0 0 0 0 0
-1.8676509857177734 0.9686342477798462 65.22563171386719 -0.8609956512618879 0.5086123165124076 0 0 0 1 0 0 0 0 0 0
-1.7882461547851562 1.3429590463638306 65.64787292480469 -0.9933353703664939 -0.11525988885497251 0 0 0 1 0 0 0 0 0 0
-1.9512577056884766 1.6891580820083618 66.07011413574219 -0.721651833107024 -0.6922561894077017 0 0 0 1 0 0 0 0 0 0
-2.2903823852539062 1.8664156198501587 66.49235534667969 -0.15644104247266347 -0.9876872988097328 0 0 0 1 0 0 0 0 0 0
-2.6676864624023438 1.8026338815689087 66.91459655761719 0.47239918319584434 -0.8813847126629206 0 0 0 1 0 0 0 0 0 0
-2.9297046661376953 1.5237566232681274 67.33683776855469 0.9090961613505024 -0.4165863288896807 0 0 0 1 0 0 0 0 0 0
-2.9698638916015625 1.1432138681411743 67.75907897949219 0.9760268154889394 0.2176503054133395 0 0 0 1 0 0 0 0 0 0
0.41756436228752136 2.637240171432495 67.75907897949219 -0.9890779843370051 -0.14739315079014628 0 0 0 -1 0 0 0 0 0 0
0.36350247263908386 2.2860019207000732 67.36932373046875 -0.8989766787141155 0.43799649670760854 0 0 0 -1 0 0 0 0 0 0
0.12021823227405548 2.0269572734832764 66.97955322265625 -0.49350138076899125 0.8697450127359736 0 0 0 -1 0 0 0 0 0 0
-0.22694019973278046 1.9509798288345337 66.58979797363281 0.08509640508300595 0.9963727223493972 0 0 0 -1 0 0 0 0 0 0
-0.5561867356300354 2.0847232341766357 66.20002746582031 0.63384037648644 0.7734638822437205 0 0 0 -1 0 0 0 0 0 0
-0.7520199418067932 2.3812739849090576 65.81027221679688 0.9602293280372372 0.2792125311964992 0 0 0 -1 0 0 0 0 0 0
-0.7457371354103088 2.7365939617156982 65.42050170898438 0.9497582256412515 -0.31298452489984463 0 0 0 -1 0 0 0 0 0 0
2.620584487915039 1.1549021005630493 65.42050170898438 -0.9801694573494141 0.1981611336245204 0 0 0 1 0 0 0 0 0 0
2.5919628143310547 1.490557312965393 65.78590393066406 -0.9324646158834996 -0.3612613183351318 0 0 0 1 0 0 0 0 0 0
2.3869762420654297 1.7578836679458618 66.15132141113281 -0.5908216737821411 -0.8068021751267587 0 0 0 1 0 0 0 0 0 0
2.070241928100586 1.8726145029067993 66.5167236328125 -0.06293078777796429 -0.9980178936019357 0 0 0 1 0 0 0 0 0 0
1.7416057586669922 1.7985788583755493 66.88212585449219 0.48479106364474267 -0.8746299929742859 0 0 0 1 0 0 0 0 0 0
1.5046634674072266 1.5591188669204712 67.24752807617188 0.8797025812619623 -0.4755243090747733 0 0 0 1 0 0 0 0 0 0
1.434103012084961 1.2297197580337524 67.61293029785156 0.9972976730791644 0.07346666775405418 0 0 0 1 0 0 0 0 0 0
1.552175521850586 0.9142137765884399 67.97833251953125 0.8005153625998972 0.5993122343499715 0 0 0 1 0 0 0 0 0 0
1.8216533660888672 0.7120653390884399 68.34373474121094 0.3513804069500181 0.9362327753350871 0 0 0 1 0 0 0 0 0 0
2.157590866088867 0.6869913339614868 68.70913696289062 -0.20851756444962735 0.978018622172398 0 0 0 1 0 0 0 0 0 0
2.454092025756836 0.8468996286392212 69.07453918457031 -0.7026837295709321 0.7115023374496284 0 0 0 1 0 0 0 0 0 0
2.617685317993164 1.1413789987564087 69.43994140625 -0.9753410574940671 0.22070301666799869 0 0 0 1 0 0 0 0 0 0
2.5968074798583984 1.4776064157485962 69.80534362792969 -0.9405416530709764 -0.3396783755827197 0 0 0 1 0 0 0 0 0 0
2.398038864135742 1.7495867013931274 70.17074584960938 -0.6092600832812823 -0.7929704603073715 0 0 0 1 0 0 0 0 0 0
2.0840320587158203 1.8715845346450806 70.53614807128906 -0.08590869571320973 -0.9963030141482335 0 0 0 1 0 0 0 0 0 0
1.7537784576416016 1.80514395236969 70.90155029296875 0.46450623693052123 -0.8855698480936702 0 0 0 1 0 0 0 0 0 0
1.5113773345947266 1.5712076425552368 71.26695251464844 0.868507459013595 -0.4956760975049621 0 0 0 1 0 0 0 0 0 0
