t = 0
b = 216 216 216
E = 0 0 0
-1.817878246307373 1.4178168773651123 71.69026184082031 -0.9690749813668661 -0.2467664492770599 0 0 0 -1 0 0 0 0 0 0
-1.8782191276550293 0.9723555445671082 71.30050659179688 -0.8685073835437129 0.4956762297407996 0 0 0 -1 0 0 0 0 0 0
-2.1925997734069824 0.706497848033905 70.85078430175781 -0.3445390792678401 0.9387719759650205 0 0 0 -1 0 0 0 0 0 0
-2.6043219566345215 0.7058684229850769 70.40104675292969 0.34166373027422536 0.9398222679927845 0 0 0 -1 0 0 0 0 0 0
-2.9195151329040527 0.9707610011100769 69.95132446289062 0.8669850626309372 0.4983341260387754 0 0 0 -1 0 0 0 0 0 0
-2.989762783050537 1.3764464855194092 69.50160217285156 0.9840648149886958 -0.17781012316868777 0 0 0 -1 0 0 0 0 0 0
-2.7819876670837402 1.731896162033081 69.0518798828125 0.6377743495009012 -0.7702232657604562 0 0 0 -1 0 0 0 0 0 0
-2.3940234184265137 1.8697364330291748 68.60214233398438 -0.00883555972480521 -0.9999609656803357 0 0 0 -1 0 0 0 0 0 0
-2.0085577964782715 1.7250640392303467 68.15242004394531 -0.6512795628166057 -0.7588378819335598 0 0 0 -1 0 0 0 0 0 0
-1.8070921897888184 1.3659980297088623 67.70269775390625 -0.9870526236052651 -0.1603967525667618 0 0 0 -1 0 0 0 0 0 0
-1.8844962120056152 0.9616171717643738 67.25297546386719 -0.8580462436221022 0.5135724328719367 0 0 0 -1 0 0 0 0 0 0
-2.2043185234069824 0.7023321986198425 66.80323791503906 -0.32500916256092044 0.9457108671530898 0 0 0 -1 0 0 0 0 0 0
-2.615966320037842 0.7102362513542175 66.353515625 0.36106895473982337 0.9325391197816268 0 0 0 -1 0 0 0 0 0 0
-2.9256014823913574 0.9816061854362488 65.90379333496094 0.8771268591820293 0.4802587561944797 0 0 0 -1 0 0 0 0 0 0
-2.987424373626709 1.3886611461639404 65.45405578613281 0.9801692370622764 -0.19816222323327695 0 0 0 -1 0 0 0 0 0 0
-2.81825590133667 1.6992919445037842 65.06430053710938 0.6982189022252391 -0.7158843234597206 0 0 0 -1 0 0 0 0 0 0
-2.4739184379577637 1.865105390548706 64.64205932617188 0.1243260976310813 -0.9922414128869178 0 0 0 -1 0 0 0 0 0 0
-2.099313259124756 1.7893683910369873 64.21981811523438 -0.5000173744994826 -0.8660153723801005 0 0 0 -1 0 0 0 0 0 0
-1.846433162689209 1.502812147140503 63.79757308959961 -0.9214847242514906 -0.38841460190259897 0 0 0 -1 0 0 0 0 0 0
-1.8178801536560059 1.121697187423706 63.37531661987305 -0.9690749813668661 0.2467664492770599 0 0 0 -1 0 0 0 0 0 0
-2.025237560272217 0.8006560206413269 62.95307540893555 -0.6234764588237114 0.7818421229971207 0 0 0 -1 0 0 0 0 0 0
-2.3843741416931152 0.6699454188346863 62.53083419799805 -0.024918744197251808 0.9996894798824442 0 0 0 -1 0 0 0 0 0 0
-2.7495760917663574 0.7826010584831238 62.10859298706055 0.5837522445557972 0.8119318425681238 0 0 0 -1 0 0 0 0 0 0
-2.9726691246032715 1.0929152965545654 61.68635177612305 0.9555769501709519 0.294741738309969 0 0 0 -1 0 0 0 0 0 0
-2.9631381034851074 1.474980115890503 61.26411056518555 0.9396882251255206 -0.34203222006186607 0 0 0 -1 0 0 0 0 0 0
-2.7248473167419434 1.7737815380096436 60.84186935424805 0.5425346682782749 -0.8400334122617876 0 0 0 -1 0 0 0 0 0 0
-2.354480266571045 1.8680808544158936 60.41962814331055 -0.074740578319572 -0.9972030114036238 0 0 0 -1 0 0 0 0 0 0
-2.0023093223571777 1.719628095626831 59.997371673583984 -0.6616910259238478 -0.7497766242100681 0 0 0 -1 0 0 0 0 0 0
-1.813706874847412 1.4003493785858154 59.60761642456055 -0.9760268154889394 -0.2176503054133395 0 0 0 -1 0 0 0 0 0 0
-1.8511977195739746 1.0257155895233154 59.18241500854492 -0.9135457822273362 0.4067359140457656 0 0 0 -1 0 0 0 0 0 0
-2.1045241355895996 0.74717777967453 58.75722885131836 -0.4913320237782661 0.8709723545612417 0 0 0 -1 0 0 0 0 0 0
-2.473933696746826 0.6744162440299988 58.332027435302734 0.1243467842619929 0.9922388206695509 0 0 0 -1 0 0 0 0 0 0
-2.813964366912842 0.8360869288444519 57.90682601928711 0.6910696972707492 0.7227881249122147 0 0 0 -1 0 0 0 0 0 0
-2.990720272064209 1.168522596359253 57.48163986206055 0.985661785915163 0.16873305481301448 0 0 0 -1 0 0 0 0 0 0
-2.9346041679382324 1.5408217906951904 57.05643844604492 0.8921379831930951 -0.45176301192567403 0 0 0 -1 0 0 0 0 0 0
-2.667710781097412 1.806389570236206 56.63125228881836 0.4473123260726867 -0.894377818901745 0 0 0 -1 0 0 0 0 0 0
-2.295133113861084 1.8606460094451904 56.206050872802734 -0.17365252224772876 -0.9848069869355123 0 0 0 -1 0 0 0 0 0 0
-1.9635844230651855 1.6822288036346436 55.78085708618164 -0.7262368334503686 -0.6874445881232769 0 0 0 -1 0 0 0 0 0 0
-1.8036150932312012 1.3413970470428467 55.355655670166016 -0.9928475825506973 -0.11938876757566512 0 0 0 -1 0 0 0 0 0 0
-1.8782191276550293 0.9723555445671082 54.93046188354492 -0.8685073835437129 0.4956762297407996 0 0 0 -1 0 0 0 0 0 0
-2.231067180633545 0.6938368678092957 54.54069900512695 -0.28043248690011296 0.9598737522669417 0 0 0 -1 0 0 0 0 0 0
-2.584023952484131 0.6988951563835144 54.150936126708984 0.30783427400992497 0.951439992718817 0 0 0 -1 0 0 0 0 0 0
-2.8730502128601074 0.9015433192253113 53.761173248291016 0.7895423981194722 0.6136960172363454 0 0 0 -1 0 0 0 0 0 0
-2.9981112480163574 1.2316405773162842 53.37141036987305 0.9979794798635228 0.06353705825211221 0 0 0 -1 0 0 0 0 0 0
-2.915919780731201 1.5749289989471436 52.98164749145508 0.8609956512618879 -0.5086123165124076 0 0 0 -1 0 0 0 0 0 0
-2.654923915863037 1.812596082687378 52.59188461303711 0.426000728222036 -0.9047228191851331 0 0 0 -1 0 0 0 0 0 0
-2.305459499359131 1.8623740673065186 52.20212173461914 -0.15644104247266347 -0.9876872988097328 0 0 0 -1 0 0 0 0 0 0
-1.98848295211792 1.707035779953003 51.81235885620117 -0.6847393950037223 -0.7287880082231981 0 0 0 -1 0 0 0 0 0 0
-1.813706874847412 1.4003493785858154 51.4225959777832 -0.9760268154889394 -0.2176503054133395 0 0 0 -1 0 0 0 0 0 0
-1.835507869720459 1.064549207687378 51.032833099365234 -0.93969248736894 0.3420205098855549 0 0 0 -1 0 0 0 0 0 0
-2.0957159996032715 0.75224369764328 50.57962417602539 -0.5060138114730623 0.8625253750461512 0 0 0 -1 0 0 0 0 0 0
-2.4952807426452637 0.6774832606315613 50.126407623291016 0.159930635937327 0.9871282549338167 0 0 0 -1 0 0 0 0 0 0
-2.8508009910583496 0.8745772242546082 49.67319869995117 0.7524584416414253 0.65863972974803 0 0 0 -1 0 0 0 0 0 0
-2.999091625213623 1.2530639171600342 49.2199821472168 0.9996128143167389 0.02782483519752075 0 0 0 -1 0 0 0 0 0 0
-2.872087001800537 1.639214277267456 48.76677322387695 0.787935234038629 -0.615758123747053 0 0 0 -1 0 0 0 0 0 0
-2.528083324432373 1.8557822704315186 48.31355667114258 0.21460022329796238 -0.9767019730503593 0 0 0 -1 0 0 0 0 0 0
-2.124978542327881 1.8033645153045654 47.860347747802734 -0.4572426751887961 -0.8893419679663124 0 0 0 -1 0 0 0 0 0 0
-1.8477988243103027 1.5060241222381592 47.40713119506836 -0.9192059534909344 -0.39377711343705846 0 0 0 -1 0 0 0 0 0 0
-1.8237719535827637 1.1002357006072998 46.953922271728516 -0.9592535861894518 0.2825465579027213 0 0 0 -1 0 0 0 0 0 0
-2.0639243125915527 0.7722594141960144 46.50070571899414 -0.5589984588427866 0.8291686939407379 0 0 0 -1 0 0 0 0 0 0
-2.45802640914917 0.6726385951042175 46.0474967956543 0.09783506031177429 0.9952026431706216 0 0 0 -1 0 0 0 0 0 0
-2.8251852989196777 0.8470999598503113 45.59428024291992 0.7097719498625903 0.704431529098646 0 0 0 -1 0 0 0 0 0 0
-2.9968714714050293 1.2155616283416748 45.14107131958008 0.9959119000337108 0.09032988083266852 0 0 0 -1 0 0 0 0 0 0
-2.8942809104919434 1.6089026927947998 44.6878547668457 0.8249284002390128 -0.5652372373429613 0 0 0 -1 0 0 0 0 0 0
-2.5645041465759277 1.8465774059295654 44.23464584350586 0.27529751652888496 -0.9613590782808618 0 0 0 -1 0 0 0 0 0 0
-2.1589083671569824 1.8194892406463623 43.781429290771484 -0.4006946411688252 -0.9162116592461516 0 0 0 -1 0 0 0 0 0 0
-1.863664150238037 1.540074110031128 43.32822036743164 -0.8927639090420794 -0.45052480809818457 0 0 0 -1 0 0 0 0 0 0
-1.8142905235290527 1.1365859508514404 42.875003814697266 -0.9750558128934173 0.2219598201088593 0 0 0 -1 0 0 0 0 0 0
-2.0334486961364746 0.7942244410514832 42.42179489135742 -0.6097920054976294 0.7925614865934246 0 0 0 -1 0 0 0 0 0 0
-2.4205431938171387 0.6701361536979675 41.96857833862305 0.035364563926461236 0.9993744781703658 0 0 0 -1 0 0 0 0 0 0
-2.797900676727295 0.8212782740592957 41.5153694152832 0.6642968950888559 0.7474688188649112 0 0 0 -1 0 0 0 0 0 0
-2.992307186126709 1.1782729625701904 41.06215286254883 0.988305453198522 0.15248715086217654 0 0 0 -1 0 0 0 0 0 0
-2.9145350456237793 1.577263593673706 40.608943939208984 0.8586855069931152 -0.5125028781187252 0 0 0 -1 0 0 0 0 0 0
-2.600278377532959 1.835106611251831 40.15572738647461 0.3349258872344296 -0.9422444746774746 0 0 0 -1 0 0 0 0 0 0
-2.193782329559326 1.8334548473358154 39.702518463134766 -0.34257081261942635 -0.9394920107916117 0 0 0 -1 0 0 0 0 0 0
-1.8816313743591309 1.5730674266815186 39.24930191040039 -0.8628192217770286 -0.5055126017539847 0 0 0 -1 0 0 0 0 0 0
-1.8071036338806152 1.1734588146209717 38.79609298706055 -0.9870360542207917 0.16049868431937553 0 0 0 -1 0 0 0 0 0 0
-2.0044054985046387 0.8180548548698425 38.34287643432617 -0.6581994492676887 0.7528435992845469 0 0 0 -1 0 0 0 0 0 0
-2.3829779624938965 0.6699835658073425 37.88966751098633 -0.027241385765149173 0.9996288845874725 0 0 0 -1 0 0 0 0 0 0
-2.769052028656006 0.7972151637077332 37.43645095825195 0.616214238391852 0.7875785753835297 0 0 0 -1 0 0 0 0 0 0
-2.985419750213623 1.1413428783416748 36.98324203491211 0.9768276816633585 0.21402728876521424 0 0 0 -1 0 0 0 0 0 0
-2.932769298553467 1.5444190502166748 36.530033111572266 0.8890745392744415 -0.4577624532592638 0 0 0 -1 0 0 0 0 0 0
-2.635262966156006 1.8214232921600342 36.07681655883789 0.3932312988942238 -0.9194395823380466 0 0 0 -1 0 0 0 0 0 0
-2.229461193084717 1.8452155590057373 35.62360763549805 -0.2831052801677367 -0.959088838607325 0 0 0 -1 0 0 0 0 0 0
-1.901628017425537 1.6048705577850342 35.17039108276367 -0.8294937863597933 -0.5585159428257116 0 0 0 -1 0 0 0 0 0 0
-1.8022360801696777 1.2107093334197998 34.71718215942383 -0.9951450742133042 0.09841890707073113 0 0 0 -1 0 0 0 0 0 0
-1.9769110679626465 0.8436514735221863 34.26396560668945 -0.7040201993057386 0.7101799483014909 0 0 0 -1 0 0 0 0 0 0
-2.345475673675537 0.6721808314323425 33.81075668334961 -0.08974563906824484 0.9959647183852611 0 0 0 -1 0 0 0 0 0 0
-2.738755702972412 0.7750021815299988 33.357540130615234 0.5657223143696488 0.8245958179764487 0 0 0 -1 0 0 0 0 0 0
-2.976235866546631 1.1049163341522217 32.90433120727539 0.9615167498118226 0.27474631904960833 0 0 0 -1 0 0 0 0 0 0
-2.948911190032959 1.5104987621307373 32.451114654541016 0.9159780220693432 -0.4012284425186401 0 0 0 -1 0 0 0 0 0 0
-2.6693243980407715 1.805577039718628 31.997905731201172 0.4499983896972751 -0.8930293664095595 0 0 0 -1 0 0 0 0 0 0
-2.265807628631592 1.8547179698944092 31.544689178466797 -0.22252395500626454 -0.9749272226419622 0 0 0 -1 0 0 0 0 0 0
-2.0023131370544434 1.719628095626831 31.154926300048828 -0.6616847185501903 -0.7497821905307938 0 0 0 -1 0 0 0 0 0 0
-1.8004889488220215 1.3071372509002686 30.667720794677734 -0.9980579881117463 -0.062291671725307064 0 0 0 -1 0 0 0 0 0 0
-1.9494566917419434 0.8727499842643738 30.180522918701172 -0.7497821035568047 0.661684817103984 0 0 0 -1 0 0 0 0 0 0
-2.3619494438171387 0.6709257960319519 29.693317413330078 -0.06229166082631741 0.9980579887919835 0 0 0 -1 0 0 0 0 0 0
-2.7963366508483887 0.8198935389518738 29.206111907958984 0.6616877852808243 0.749779484121937 0 0 0 -1 0 0 0 0 0 0
-2.9981589317321777 1.2323882579803467 28.71890640258789 0.9980579881117463 0.062291671725307064 0 0 0 -1 0 0 0 0 0 0
-2.849191188812256 1.6667754650115967 28.231708526611328 0.7497766242100681 -0.6616910259238478 0 0 0 -1 0 0 0 0 0 0
-2.4366965293884277 1.868595838546753 27.744503021240234 0.06228608364922254 -0.9980583368639541 0 0 0 -1 0 0 0 0 0 0
-2.0023093223571777 1.719628095626831 27.25729751586914 -0.6616910259238478 -0.7497766242100681 0 0 0 -1 0 0 0 0 0 0
-1.813706874847412 1.4003493785858154 26.867534637451172 -0.9760268154889394 -0.2176503054133395 0 0 0 -1 0 0 0 0 0 0
-1.8653082847595215 0.9962164759635925 26.414325714111328 -0.8900291919418547 0.45590353967843794 0 0 0 -1 0 0 0 0 0 0
-2.1631293296813965 0.7182051539421082 25.961109161376953 -0.3936572022741403 0.9192573127790155 0 0 0 -1 0 0 0 0 0 0
-2.569854259490967 0.69450443983078 25.50790023803711 0.28421816219513124 0.9587596342558555 0 0 0 -1 0 0 0 0 0 0
-2.8979525566101074 0.9360396265983582 25.054683685302734 0.8310459881759896 0.5562037086684993 0 0 0 -1 0 0 0 0 0 0
-2.9961447715759277 1.331444501876831 24.60147476196289 0.9947013922582749 -0.10280632392732143 0 0 0 -1 0 0 0 0 0 0
-2.8191580772399902 1.6984107494354248 24.148258209228516 0.6997225190674058 -0.7144147229095744 0 0 0 -1 0 0 0 0 0 0
-2.448596477508545 1.8677337169647217 23.695049285888672 0.08212248967614104 -0.9966222437259726 0 0 0 -1 0 0 0 0 0 0
-2.05531644821167 1.7613494396209717 23.241832733154297 -0.5733418585067864 -0.8193162474185314 0 0 0 -1 0 0 0 0 0 0
-1.8206496238708496 1.4283034801483154 22.788623809814453 -0.9644581693323319 -0.26423557596986713 0 0 0 -1 0 0 0 0 0 0
-1.8527960777282715 1.022160291671753 22.335407257080078 -0.9108793095778058 0.41267285273332405 0 0 0 -1 0 0 0 0 0 0
-2.136931896209717 0.7301756739616394 21.882198333740234 -0.43731754258592004 0.8993071593991745 0 0 0 -1 0 0 0 0 0 0
-2.542050838470459 0.6869856715202332 21.42898178100586 0.23788121794840925 0.9712942531217724 0 0 0 -1 0 0 0 0 0 0
-2.8813624382019043 0.9124953150749207 20.975772857666016 0.8033986733881385 0.5954414930101691 0 0 0 -1 0 0 0 0 0 0
-2.9984164237976074 1.3027312755584717 20.52255630493164 0.9984888734655164 -0.05495424974980447 0 0 0 -1 0 0 0 0 0 0
-2.8392462730407715 1.6777656078338623 20.069347381591797 0.7332081466738347 -0.6800042747300347 0 0 0 -1 0 0 0 0 0 0
-2.4772372245788574 1.8646819591522217 19.616130828857422 0.12985574815385786 -0.9915328964141341 0 0 0 -1 0 0 0 0 0 0
-2.0793051719665527 1.7772910594940186 19.162921905517578 -0.5333621845084123 -0.8458869783466433 0 0 0 -1 0 0 0 0 0 0
-1.828925609588623 1.4558913707733154 18.709712982177734 -0.9506664479077326 -0.3102149332680396 0 0 0 -1 0 0 0 0 0 0
-1.8415427207946777 1.0486724376678467 18.25649642944336 -0.9296366544609584 0.36847753077038037 0 0 0 -1 0 0 0 0 0 0
-2.1113390922546387 0.7433897852897644 17.803287506103516 -0.4799698791427226 0.8772849680210644 0 0 0 -1 0 0 0 0 0 0
-2.5139174461364746 0.6808058619499207 17.35007095336914 0.1909879451131469 0.9815923822144597 0 0 0 -1 0 0 0 0 0 0
-2.8636603355407715 0.8897711634635925 16.896862030029297 0.773892973954162 0.6333164018595941 0 0 0 -1 0 0 0 0 0 0
-2.9993090629577637 1.2739417552947998 16.443645477294922 0.999975726987038 -0.006967455543064639 0 0 0 -1 0 0 0 0 0 0
-2.8583197593688965 1.6561858654022217 15.990436553955078 0.7649900391341877 -0.6440421104442424 0 0 0 -1 0 0 0 0 0 0
-2.5056986808776855 1.8602569103240967 15.537220001220703 0.17729362306194 -0.9841580011469554 0 0 0 -1 0 0 0 0 0 0
-2.104030132293701 1.7920653820037842 15.08401107788086 -0.49215910691765696 -0.8705052633258541 0 0 0 -1 0 0 0 0 0 0
-1.8385157585144043 1.4830520153045654 14.630794525146484 -0.9346816861872432 -0.3554857880509034 0 0 0 -1 0 0 0 0 0 0
-1.8315749168395996 1.0756957530975342 14.17758560180664 -0.9462480486904886 0.323441850027857 0 0 0 -1 0 0 0 0 0 0
-2.0864100456237793 0.7578169703483582 13.724369049072266 -0.5215202727415863 0.8532388910027141 0 0 0 -1 0 0 0 0 0 0
-2.485520839691162 0.6759840846061707 13.271160125732422 0.14366164000165177 0.9896268656377694 0 0 0 -1 0 0 0 0 0 0
-2.8448901176452637 0.8679282069206238 12.817943572998047 0.7426141665526981 0.6697194932471665 0 0 0 -1 0 0 0 0 0 0
-2.998818874359131 1.2451446056365967 12.364734649658203 0.9991578989417949 0.04103039095863345 0 0 0 -1 0 0 0 0 0 0
-2.8763346672058105 1.6337096691131592 11.911518096923828 0.7950194481925354 -0.6065839406014937 0 0 0 -1 0 0 0 0 0 0
-2.533914089202881 1.8544700145721436 11.458309173583984 0.22431701451379646 -0.9745162271607473 0 0 0 -1 0 0 0 0 0 0
-2.1294360160827637 1.8056342601776123 11.00509262084961 -0.4498146725029424 -0.8931219179938821 0 0 0 -1 0 0 0 0 0 0
-1.8493971824645996 1.5097205638885498 10.551883697509766 -0.9165425189836577 -0.39993725869827534 0 0 0 -1 0 0 0 0 0 0
-1.8229155540466309 1.1031653881072998 10.09866714477539 -0.9606781762049387 0.2776642608683242 0 0 0 -1 0 0 0 0 0 0
-2.062201976776123 0.7734267115592957 9.645458221435547 -0.5618746970880985 0.8272223550969579 0 0 0 -1 0 0 0 0 0 0
-2.456925868988037 0.67253178358078 9.192241668701172 0.096001640388001 0.9953811757526927 0 0 0 -1 0 0 0 0 0 0
-2.82509183883667 0.8470045924186707 8.739032745361328 0.7096098415522538 0.7045948288003434 0 0 0 -1 0 0 0 0 0 0
-2.996945858001709 1.2164008617401123 8.285816192626953 0.9960370930152049 0.08893879545968797 0 0 0 -1 0 0 0 0 0 0
-2.8932528495788574 1.6103980541229248 7.832607269287109 0.8232165830516922 -0.5677274499165038 0 0 0 -1 0 0 0 0 0 0
-2.5618205070495605 1.8473365306854248 7.379390716552734 0.2708268045745457 -0.96262809117745 0 0 0 -1 0 0 0 0 0 0
-2.265807628631592 1.8547179698944092 6.989627838134766 -0.22252395500626454 -0.9749272226419622 0 0 0 -1 0 0 0 0 0 0
-1.9377779960632324 1.6531341075897217 6.560894012451172 -0.7692388161488265 -0.6389613789032572 0 0 0 -1 0 0 0 0 0 0
-1.7998003959655762 1.2936866283416748 6.132152557373047 -0.9992046912487366 -0.03987461581654766 0 0 0 -1 0 0 0 0 0 0
-1.9086947441101074 0.9243857264518738 5.703411102294922 -0.8177130379568875 0.5756260831089203 0 0 0 -1 0 0 0 0 0 0
-2.2196173667907715 0.6973044276237488 5.274677276611328 -0.2995108604791566 0.954092890894296 0 0 0 -1 0 0 0 0 0 0
-2.604539394378662 0.7059447169303894 4.845935821533203 0.34202540713680113 0.9396907048986413 0 0 0 -1 0 0 0 0 0 0
-2.9049582481384277 0.9467512965202332 4.417194366455078 0.8427195102244369 0.5383528834204244 0 0 0 -1 0 0 0 0 0 0
-2.997169017791748 1.3205649852752686 3.9884605407714844 0.996408629079948 -0.08467493073524493 0 0 0 -1 0 0 0 0 0 0
-2.8432021141052246 1.6734588146209717 3.5597190856933594 0.7397958762415633 -0.6728313767178057 0 0 0 -1 0 0 0 0 0 0
-2.506455898284912 1.8601195812225342 3.1309776306152344 0.17855516641831543 -0.9839299022518463 0 0 0 -1 0 0 0 0 0 0
-2.1255946159362793 1.8036811351776123 2.7022361755371094 -0.4562159651279366 -0.8898690876541252 0 0 0 -1 0 0 0 0 0 0
-1.857450008392334 1.5273902416229248 2.2735023498535156 -0.9031247681678192 -0.4293782168692574 0 0 0 -1 0 0 0 0 0 0
-1.812436580657959 1.145012617111206 1.8447608947753906 -0.9781473579629736 0.20791283296144647 0 0 0 -1 0 0 0 0 0 0
-2.0090880393981934 0.8140036463737488 1.4160194396972656 -0.6503948126900335 0.759596332025041 0 0 0 -1 0 0 0 0 0 0
-2.3664298057556152 0.6706625819206238 0.9872856140136719 -0.05482498731864155 0.998495979343688 0 0 0 -1 0 0 0 0 0 0
-2.7373175621032715 0.7740179896354675 0.5585441589355469 0.5633217728699462 0.8262376051782323 0 0 0 -1 0 0 0 0 0 0
-2.9690260887145996 1.0815093517303467 0.12980273365974426 0.9495058378199712 0.3137493648532126 0 0 0 -1 0 0 0 0 0 0
-2.9661459922790527 1.466515302658081 -0.2989310920238495 0.9447059388052769 -0.32791872344536943 0 0 0 -1 0 0 0 0 0 0
-2.7298617362976074 1.7705047130584717 -0.7276725769042969 0.5508961327861188 -0.8345738139201943 0 0 0 -1 0 0 0 0 0 0
-2.357469081878662 1.8682982921600342 -1.1564140319824219 -0.06975834162297476 -0.9975639196432539 0 0 0 -1 0 0 0 0 0 0
-2.0023131370544434 1.719628095626831 -1.5851554870605469 -0.6616847185501903 -0.7497821905307938 0 0 0 -1 0 0 0 0 0 0
-1.817878246307373 1.4178168773651123 -1.9749183654785156 -0.9690749813668661 -0.2467664492770599 0 0 0 -1 0 0 0 0 0 0
-1.8918585777282715 0.9496352076530457 -2.4760398864746094 -0.8457739722792931 0.5335413646709181 0 0 0 -1 0 0 0 0 0 0
-2.2825331687927246 0.6812369227409363 -2.977161407470703 -0.19465084658562384 0.9808725951536722 0 0 0 -1 0 0 0 0 0 0
-2.746093273162842 0.7801176905632019 -3.478282928466797 0.5779528171864539 0.8160701814833338 0 0 0 -1 0 0 0 0 0 0
-2.9932456016540527 1.1845672130584717 -3.979412078857422 0.9898687756471077 0.1419852351439955 0 0 0 -1 0 0 0 0 0 0
-2.869750499725342 1.6421821117401123 -4.480533599853516 0.78404832704949 -0.6206997831890197 0 0 0 -1 0 0 0 0 0 0
-2.4526782035827637 1.8673827648162842 -4.981655120849609 0.08892160208912912 -0.9960386281073154 0 0 0 -1 0 0 0 0 0 0
-2.0023093223571777 1.719628095626831 -5.482784271240234 -0.6616910259238478 -0.7497766242100681 0 0 0 -1 0 0 0 0 0 0
-1.813706874847412 1.4003493785858154 -5.872547149658203 -0.9760268154889394 -0.2176503054133395 0 0 0 -1 0 0 0 0 0 0
-1.8621859550476074 1.0024001598358154 -6.322269439697266 -0.8952313145698504 0.4456017206133045 0 0 0 -1 0 0 0 0 0 0
-2.150458812713623 0.7238051295280457 -6.771999359130859 -0.4147734881896929 0.9099246966067878 0 0 0 -1 0 0 0 0 0 0
-2.549834728240967 0.6889464259147644 -7.221721649169922 0.25085036444095676 0.9680258749950019 0 0 0 -1 0 0 0 0 0 0
-2.882016658782959 0.9133803248405457 -7.671451568603516 0.8044863004323242 0.5939712050400358 0 0 0 -1 0 0 0 0 0 0
-2.9987101554870605 1.2969138622283936 -8.121173858642578 0.9989752379645608 -0.04526006996955276 0 0 0 -1 0 0 0 0 0 0
-2.847817897796631 1.6683242321014404 -8.570899963378906 0.7474897855008442 -0.66427330261866 0 0 0 -1 0 0 0 0 0 0
-2.496703624725342 1.8618056774139404 -9.0206298828125 0.16229900912366968 -0.9867416235456347 0 0 0 -1 0 0 0 0 0 0
-2.1021170616149902 1.790978193283081 -9.470355987548828 -0.495344289370757 -0.8686967451232795 0 0 0 -1 0 0 0 0 0 0
-1.8402113914489746 1.487461805343628 -9.920082092285156 -0.9318543593475156 -0.3628325412156848 0 0 0 -1 0 0 0 0 0 0
-1.8279128074645996 1.0867583751678467 -10.369808197021484 -0.9523499941492481 0.30500735834390463 0 0 0 -1 0 0 0 0 0 0
-2.0707106590270996 0.7677504420280457 -10.819534301757812 -0.5476872275693138 0.836683154340661 0 0 0 -1 0 0 0 0 0 0
-2.460212230682373 0.6728598475456238 -11.26926040649414 0.10148307711717817 0.9948372656162559 0 0 0 -1 0 0 0 0 0 0
-2.8225302696228027 0.8444411158561707 -11.718986511230469 0.7053402021345295 0.7088689577438281 0 0 0 -1 0 0 0 0 0 0
-2.976081371307373 1.1043822765350342 -12.108749389648438 0.9612627097712642 0.2756338201368012 0 0 0 -1 0 0 0 0 0 0
-2.9514899253845215 1.504521131515503 -12.558475494384766 0.9202774957926918 -0.39126631689621866 0 0 0 -1 0 0 0 0 0 0
-2.6803946495056152 1.7998549938201904 -13.008201599121094 0.4684482294992171 -0.88349094861184 0 0 0 -1 0 0 0 0 0 0
-2.283820629119873 1.8585364818572998 -13.457927703857422 -0.19250396712265946 -0.981296195163335 0 0 0 -1 0 0 0 0 0 0
-1.938809871673584 1.6543738842010498 -13.90765380859375 -0.7675205104782715 -0.6410243879878315 0 0 0 -1 0 0 0 0 0 0
-1.7993884086608887 1.2785041332244873 -14.357379913330078 -0.9998937879897379 -0.014574386420465438 0 0 0 -1 0 0 0 0 0 0
-1.9277968406677246 0.8987318873405457 -14.807106018066406 -0.7858763620820094 0.6183836539889669 0 0 0 -1 0 0 0 0 0 0
-2.266709804534912 0.6845976710319519 -15.256832122802734 -0.22102164283690123 0.9752689031224554 0 0 0 -1 0 0 0 0 0 0
-2.6648268699645996 0.7317015528678894 -15.706558227539062 0.4425040536424686 0.8967665038960717 0 0 0 -1 0 0 0 0 0 0
-2.94441556930542 1.0190093517303467 -16.156288146972656 0.9084834240610673 0.41792088749699835 0 0 0 -1 0 0 0 0 0 0
-2.9806571006774902 1.4182631969451904 -16.606014251708984 0.9688863468745024 -0.24750605414854235 0 0 0 -1 0 0 0 0 0 0
-2.757373332977295 1.7512176036834717 -17.055740356445312 0.5967512092730552 -0.802426317010569 0 0 0 -1 0 0 0 0 0 0
-2.374244213104248 1.869236707687378 -17.50546646118164 -0.04179901471449555 -0.9991260392807793 0 0 0 -1 0 0 0 0 0 0
-2.0023131370544434 1.719628095626831 -17.95519256591797 -0.6616847185501903 -0.7497821905307938 0 0 0 -1 0 0 0 0 0 0
-1.817878246307373 1.4178168773651123 -18.344955444335938 -0.9690749813668661 -0.2467664492770599 0 0 0 -1 0 0 0 0 0 0
-1.8600478172302246 1.006737470626831 -18.799678802490234 -0.8987919512316773 0.4383754422879482 0 0 0 -1 0 0 0 0 0 0
-2.158019542694092 0.7204214930534363 -19.25440216064453 -0.402172040809451 0.9155641154999256 0 0 0 -1 0 0 0 0 0 0
-2.57045316696167 0.6946837306022644 -19.709125518798828 0.28521538715721206 0.9584634489268549 0 0 0 -1 0 0 0 0 0 0
-2.901711940765381 0.941727340221405 -20.163848876953125 0.837313086011088 0.5467236925491601 0 0 0 -1 0 0 0 0 0 0
-2.994666576385498 1.3443725109100342 -20.618572235107422 0.9922372600936495 -0.12435923641550495 0 0 0 -1 0 0 0 0 0 0
-2.8052268028259277 1.7116248607635498 -21.07329559326172 0.6765066609095607 -0.7364365130444013 0 0 0 -1 0 0 0 0 0 0
-2.405303478240967 1.8697326183319092 -21.463058471679688 0.00996864911101473 -0.9999503117829912 0 0 0 -1 0 0 0 0 0 0
-2.0159430503845215 1.7313010692596436 -21.90850067138672 -0.6389674557092034 -0.7692337684634672 0 0 0 -1 0 0 0 0 0 0
-1.808438777923584 1.3739440441131592 -22.35394287109375 -0.9848098648946098 -0.1736362001607403 0 0 0 -1 0 0 0 0 0 0
-1.8812155723571777 0.9671675562858582 -22.799388885498047 -0.863513384914156 0.5043259204860447 0 0 0 -1 0 0 0 0 0 0
-2.199754238128662 0.7039229273796082 -23.244831085205078 -0.33261435408277723 0.9430629308047778 0 0 0 -1 0 0 0 0 0 0
-2.6129584312438965 0.7090803980827332 -23.69027328491211 0.3560563879695178 0.9344644715483302 0 0 0 -1 0 0 0 0 0 0
-2.9248251914978027 0.9801947474479675 -24.13571548461914 0.8758335852913905 0.4826132311443899 0 0 0 -1 0 0 0 0 0 0
-2.987424373626709 1.3886611461639404 -24.581161499023438 0.9801692370622764 -0.19816222323327695 0 0 0 -1 0 0 0 0 0 0
-2.81825590133667 1.6992919445037842 -24.970924377441406 0.6982189022252391 -0.7158843234597206 0 0 0 -1 0 0 0 0 0 0
-2.442656993865967 1.8681952953338623 -25.425647735595703 0.07222055830649644 -0.9973886859985419 0 0 0 -1 0 0 0 0 0 0
-2.0466437339782715 1.7551658153533936 -25.88037109375 -0.5877993843592556 -0.8090067266388336 0 0 0 -1 0 0 0 0 0 0
-1.8167834281921387 1.4134528636932373 -26.335094451904297 -0.970900312385219 -0.2394839940586522 0 0 0 -1 0 0 0 0 0 0
-1.8613696098327637 1.0040442943572998 -26.789817810058594 -0.8965898752224881 0.4428618245553831 0 0 0 -1 0 0 0 0 0 0
-2.1593985557556152 0.7198187708854675 -27.24454116821289 -0.3998750737869963 0.9165696511252401 0 0 0 -1 0 0 0 0 0 0
-2.5704588890075684 0.6946837306022644 -27.699264526367188 0.28522569408771564 0.958460381774949 0 0 0 -1 0 0 0 0 0 0
-2.900895595550537 0.9404799342155457 -28.153987884521484 0.8359528485493559 0.5488012709553595 0 0 0 -1 0 0 0 0 0 0
-2.9950308799743652 1.341404676437378 -28.60871124267578 0.9928448424708282 -0.11941155211735685 0 0 0 -1 0 0 0 0 0 0
-2.808518886566162 1.7085769176483154 -29.063434600830078 0.6819953841343455 -0.731356476705749 0 0 0 -1 0 0 0 0 0 0
-2.429225444793701 1.8690154552459717 -29.518157958984375 0.04983801017592293 -0.9987573142368994 0 0 0 -1 0 0 0 0 0 0
-2.03584623336792 1.7471320629119873 -29.972881317138672 -0.6057950651881494 -0.7956207255933481 0 0 0 -1 0 0 0 0 0 0
-1.813706874847412 1.4003493785858154 -30.42760467529297 -0.9760268154889394 -0.2176503054133395 0 0 0 -1 0 0 0 0 0 0
-1.835507869720459 1.064549207687378 -30.817367553710938 -0.93969248736894 0.3420205098855549 0 0 0 -1 0 0 0 0 0 0
-2.1345114707946777 0.7313620448112488 -31.337051391601562 -0.4413562422269498 0.8973319717068516 0 0 0 -1 0 0 0 0 0 0
-2.5809378623962402 0.6979071497917175 -31.856735229492188 0.3026899835681798 0.9530890692099534 0 0 0 -1 0 0 0 0 0 0
-2.926257610321045 0.9828116297721863 -32.37641906738281 0.8782228808575301 0.47825157766420434 0 0 0 -1 0 0 0 0 0 0
-2.97822904586792 1.4274604320526123 -32.89610290527344 0.9648415831912606 -0.262832112469123 0 0 0 -1 0 0 0 0 0 0
-2.707915782928467 1.7843215465545654 -33.41578674316406 0.5143208498846239 -0.8575978447815492 0 0 0 -1 0 0 0 0 0 0
-2.265807628631592 1.8547179698944092 -33.93547058105469 -0.22252395500626454 -0.9749272226419622 0 0 0 -1 0 0 0 0 0 0
-2.0023131370544434 1.719628095626831 -34.325233459472656 -0.6616847185501903 -0.7497821905307938 0 0 0 -1 0 0 0 0 0 0
-1.8063902854919434 1.3615729808807373 -34.774959564208984 -0.9882240166220437 -0.15301402867513364 0 0 0 -1 0 0 0 0 0 0
-1.8848471641540527 0.9610335230827332 -35.22468566894531 -0.8574616625597915 0.5145478570941658 0 0 0 -1 0 0 0 0 0 0
-2.2013773918151855 0.70335453748703 -35.67441177368164 -0.3299090432468118 0.9440127240583006 0 0 0 -1 0 0 0 0 0 0
-2.609506130218506 0.707779586315155 -36.12413787841797 0.3503031314035479 0.936636384158158 0 0 0 -1 0 0 0 0 0 0
-2.9203734397888184 0.9722601771354675 -36.5738639831543 0.8684176952781592 0.49583334551819974 0 0 0 -1 0 0 0 0 0 0
-2.9901270866394043 1.3744094371795654 -37.023590087890625 0.9846729509970344 -0.1744109502720285 0 0 0 -1 0 0 0 0 0 0
-2.786487102508545 1.7281310558319092 -37.47331619262695 0.6452743241625125 -0.763950945137587 0 0 0 -1 0 0 0 0 0 0
-2.4036879539489746 1.869744062423706 -37.92304229736328 0.007270413498710179 -0.9999735701945115 0 0 0 -1 0 0 0 0 0 0
-2.018868923187256 1.7337157726287842 -38.37276840209961 -0.6340903220950693 -0.7732589885836255 0 0 0 -1 0 0 0 0 0 0
-1.810105800628662 1.3829925060272217 -38.82249450683594 -0.9820318464599852 -0.18871526842943018 0 0 0 -1 0 0 0 0 0 0
-1.874000072479248 0.9798704981803894 -39.272220611572266 -0.8755365327619911 0.48315192206914687 0 0 0 -1 0 0 0 0 0 0
-2.18098783493042 0.7108961939811707 -39.721946716308594 -0.36389518463120424 0.9314399039134096 0 0 0 -1 0 0 0 0 0 0
-2.5890097618103027 0.7005354762077332 -40.17167282104492 0.31614524687202833 0.9487108004445952 0 0 0 -1 0 0 0 0 0 0
-2.9185709953308105 0.9691244959831238 -40.56143569946289 0.865411358071044 0.5010620533642828 0 0 0 -1 0 0 0 0 0 0
-2.983018398284912 1.4086883068084717 -41.048641204833984 0.9728252319013956 -0.23154064044136113 0 0 0 -1 0 0 0 0 0 0
-2.727454662322998 1.7720839977264404 -41.53584289550781 0.5468850466318479 -0.8372077076630872 0 0 0 -1 0 0 0 0 0 0
-2.2919955253601074 1.860081434249878 -42.023048400878906 -0.17888198251784262 -0.9838705383994818 0 0 0 -1 0 0 0 0 0 0
-1.9153780937194824 1.6244361400604248 -42.510250091552734 -0.806579386336005 -0.5911257848697125 0 0 0 -1 0 0 0 0 0 0
-1.8040823936462402 1.194340467453003 -42.99745559692383 -0.9920676110614706 0.12570542980630067 0 0 0 -1 0 0 0 0 0 0
-2.0191283226013184 0.8055922389030457 -43.484657287597656 -0.6336558203129963 0.7736150860624835 0 0 0 -1 0 0 0 0 0 0
-2.4426169395446777 0.6713263392448425 -43.97186279296875 0.07215438616134622 0.9973934752933162 0 0 0 -1 0 0 0 0 0 0
-2.8423686027526855 0.8651472926139832 -44.45906448364258 0.7384048800798753 0.6743576447807389 0 0 0 -1 0 0 0 0 0 0
-2.999223232269287 1.2808005809783936 -44.94626998901367 0.9998307005587266 -0.0184002777219776 0 0 0 -1 0 0 0 0 0 0
-2.8271822929382324 1.6903998851776123 -45.4334716796875 0.7130977623091179 -0.701064605717425 0 0 0 -1 0 0 0 0 0 0
-2.420569896697998 1.8693854808807373 -45.920677185058594 0.035409392783703406 -0.9993728908183819 0 0 0 -1 0 0 0 0 0 0
-2.0023093223571777 1.719628095626831 -46.40787887573242 -0.6616910259238478 -0.7497766242100681 0 0 0 -1 0 0 0 0 0 0
-1.813706874847412 1.4003493785858154 -46.79764175415039 -0.9760268154889394 -0.2176503054133395 0 0 0 -1 0 0 0 0 0 0
-1.8580050468444824 1.0109679698944092 -47.24308395385742 -0.9021993374608394 0.4313193196289988 0 0 0 -1 0 0 0 0 0 0
-2.133237361907959 0.7319876551628113 -47.68852996826172 -0.4434757101011754 0.896286390921037 0 0 0 -1 0 0 0 0 0 0
-2.5219855308532715 0.6824347376823425 -48.13397216796875 0.20443539371106448 0.9788800589439964 0 0 0 -1 0 0 0 0 0 0
-2.858405590057373 0.883438766002655 -48.57941436767578 0.7651333493133665 0.6438718488709612 0 0 0 -1 0 0 0 0 0 0
-2.9989733695983887 1.2492568492889404 -49.02486038208008 0.9994158586173394 0.03417515975334166 0 0 0 -1 0 0 0 0 0 0
-2.8837218284606934 1.6238219738006592 -49.47030258178711 0.8073301669698786 -0.5900999927981594 0 0 0 -1 0 0 0 0 0 0
-2.5618205070495605 1.8473365306854248 -49.91574478149414 0.2708268045745457 -0.96262809117745 0 0 0 -1 0 0 0 0 0 0
-2.265807628631592 1.8547179698944092 -50.30550765991211 -0.22252395500626454 -0.9749272226419622 0 0 0 -1 0 0 0 0 0 0
-1.9299559593200684 1.643517255783081 -50.75094985961914 -0.7822799420524259 -0.6229270360663866 0 0 0 -1 0 0 0 0 0 0
-1.7993254661560059 1.2689025402069092 -51.19639587402344 -0.9999989848187457 0.001424907533190626 0 0 0 -1 0 0 0 0 0 0
-1.931027889251709 0.8946616053581238 -51.64183807373047 -0.780494228108942 0.6251629866591805 0 0 0 -1 0 0 0 0 0 0
-2.267482280731201 0.6844260096549988 -52.0872802734375 -0.21973908322124913 0.9755586785555674 0 0 0 -1 0 0 0 0 0 0
-2.6615824699401855 0.7301108241081238 -52.53272247314453 0.437096337691999 0.8994146938849963 0 0 0 -1 0 0 0 0 0 0
-2.9410147666931152 1.0117461681365967 -52.97816848754883 0.9028153032257836 0.43002852028829003 0 0 0 -1 0 0 0 0 0 0
-2.9836058616638184 1.406193494796753 -53.42361068725586 0.9738037896202347 -0.22738992792397283 0 0 0 -1 0 0 0 0 0 0
-2.8052268028259277 1.7116248607635498 -53.81337356567383 0.6765066609095607 -0.7364365130444013 0 0 0 -1 0 0 0 0 0 0
-2.4460959434509277 1.8679358959197998 -54.24211120605469 0.07795422823438773 -0.9969569390401879 0 0 0 -1 0 0 0 0 0 0
-2.06703519821167 1.7693450450897217 -54.67085266113281 -0.5538169776726607 -0.8326384300772571 0 0 0 -1 0 0 0 0 0 0
-1.8295741081237793 1.4578673839569092 -55.09959030151367 -0.9495842823954268 -0.3135118668050098 0 0 0 -1 0 0 0 0 0 0
-1.834897518157959 1.0662314891815186 -55.5283317565918 -0.9407085685495463 0.3392158443490865 0 0 0 -1 0 0 0 0 0 0
-2.0807414054870605 0.7613264918327332 -55.957069396972656 -0.5309717256024494 0.8473895365242348 0 0 0 -1 0 0 0 0 0 0
-2.4623427391052246 0.67308109998703 -56.38581085205078 0.10503313894014604 0.9944687223459467 0 0 0 -1 0 0 0 0 0 0
-2.8170905113220215 0.83909672498703 -56.81454849243164 0.6962793456715527 0.7177709055062029 0 0 0 -1 0 0 0 0 0 0
-2.993813991546631 1.188633680343628 -57.2432861328125 0.990817157251784 0.13520858292095786 0 0 0 -1 0 0 0 0 0 0
-2.9172072410583496 1.5727393627166748 -57.672027587890625 0.8631391177323682 -0.5049662002948206 0 0 0 -1 0 0 0 0 0 0
-2.6199164390563965 1.8277366161346436 -58.100765228271484 0.3676551660614583 -0.929962192171446 0 0 0 -1 0 0 0 0 0 0
-2.228623867034912 1.8449676036834717 -58.529502868652344 -0.2844974330772693 -0.9586768019371518 0 0 0 -1 0 0 0 0 0 0
-1.910071849822998 1.6170814037322998 -58.95824432373047 -0.8154201886334943 -0.5788695154945686 0 0 0 -1 0 0 0 0 0 0
-1.800004482269287 1.2411925792694092 -59.38698196411133 -0.9988656995599244 0.04761632327955609 0 0 0 -1 0 0 0 0 0 0
-1.9453253746032715 0.8774802088737488 -59.81572341918945 -0.75666787418262 0.6537994556283713 0 0 0 -1 0 0 0 0 0 0
-2.2841086387634277 0.6809279322624207 -60.24446105957031 -0.19202566821184652 0.9813899035285586 0 0 0 -1 0 0 0 0 0 0
-2.6719889640808105 0.7352949976921082 -60.67319869995117 0.4544422917181221 0.8907761803606903 0 0 0 -1 0 0 0 0 0 0
-2.9436774253845215 1.0174148082733154 -61.1019401550293 0.9072543817068865 0.4205823187839153 0 0 0 -1 0 0 0 0 0 0
-2.9834017753601074 1.407067060470581 -61.530677795410156 0.9734620285200606 -0.22884859411761488 0 0 0 -1 0 0 0 0 0 0
-2.7742323875427246 1.7382094860076904 -61.95941925048828 0.6248482803911247 -0.780746198512842 0 0 0 -1 0 0 0 0 0 0
-2.405303478240967 1.8697326183319092 -62.38815689086914 0.00996864911101473 -0.9999503117829912 0 0 0 -1 0 0 0 0 0 0
-2.0023093223571777 1.719628095626831 -62.77791976928711 -0.6616910259238478 -0.7497766242100681 0 0 0 -1 0 0 0 0 0 0
-1.8062701225280762 1.3607947826385498 -63.238548278808594 -0.9884228760638314 -0.15172415125385874 0 0 0 -1 0 0 0 0 0 0
-1.885657787322998 0.9596869349479675 -63.69917678833008 -0.8561107302047063 0.5167924318605726 0 0 0 -1 0 0 0 0 0 0
-2.203601360321045 0.7025801539421082 -64.15980529785156 -0.3262001581245726 0.9453007229657153 0 0 0 -1 0 0 0 0 0 0
-2.6124415397644043 0.7088858485221863 -64.62043762207031 0.35519358442644683 0.9347927671854831 0 0 0 -1 0 0 0 0 0 0
-2.9223074913024902 0.9756705164909363 -65.08106231689453 0.8716367306209133 0.4901524353020042 0 0 0 -1 0 0 0 0 0 0
-2.9892897605895996 1.3790366649627686 -65.54169464111328 0.9832746756929079 -0.18212883390887535 0 0 0 -1 0 0 0 0 0 0
-2.7822794914245605 1.731652021408081 -66.0023193359375 0.6382621712207528 -0.769819070164263 0 0 0 -1 0 0 0 0 0 0
-2.39741849899292 1.8697593212127686 -66.46295166015625 -0.0031751570582733203 -0.9999949591761228 0 0 0 -1 0 0 0 0 0 0
-2.0134425163269043 1.729210615158081 -66.92357635498047 -0.6431394593574254 -0.7657490684404642 0 0 0 -1 0 0 0 0 0 0
-1.8086771965026855 1.3752868175506592 -67.38420867919922 -0.984411587862381 -0.17588014578759492 0 0 0 -1 0 0 0 0 0 0
-1.8782191276550293 0.9723555445671082 -67.84484100341797 -0.8685073835437129 0.4956762297407996 0 0 0 -1 0 0 0 0 0 0
-2.231067180633545 0.6938368678092957 -68.23460388183594 -0.28043248690011296 0.9598737522669417 0 0 0 -1 0 0 0 0 0 0
-2.584023952484131 0.6988951563835144 -68.6243667602539 0.30783427400992497 0.951439992718817 0 0 0 -1 0 0 0 0 0 0
-2.8730502128601074 0.9015433192253113 -69.01412963867188 0.7895423981194722 0.6136960172363454 0 0 0 -1 0 0 0 0 0 0
-2.9981112480163574 1.2316405773162842 -69.40389251708984 0.9979794798635228 0.06353705825211221 0 0 0 -1 0 0 0 0 0 0
-2.915919780731201 1.5749289989471436 -69.79365539550781 0.8609956512618879 -0.5086123165124076 0 0 0 -1 0 0 0 0 0 0
-2.654923915863037 1.812596082687378 -70.18341827392578 0.426000728222036 -0.9047228191851331 0 0 0 -1 0 0 0 0 0 0
-2.305459499359131 1.8623740673065186 -70.57318115234375 -0.15644104247266347 -0.9876872988097328 0 0 0 -1 0 0 0 0 0 0
-1.98848295211792 1.707035779953003 -70.96294403076172 -0.6847393950037223 -0.7287880082231981 0 0 0 -1 0 0 0 0 0 0
-1.813706874847412 1.4003493785858154 -71.35270690917969 -0.9760268154889394 -0.2176503054133395 0 0 0 -1 0 0 0 0 0 0
-1.835507869720459 1.064549207687378 -71.74246215820312 -0.93969248736894 0.3420205098855549 0 0 0 -1 0 0 0 0 0 0
-2.9631400108337402 -1.0750267505645752 -71.74246215820312 0.93969248736894 -0.3420205098855549 0 0 0 1 0 0 0 0 0 0
-2.9927706718444824 -1.3686745166778564 -71.35270690917969 0.9890779833848764 0.14739315717938326 0 0 0 1 0 0 0 0 0 0
-2.842240810394287 -1.684993028640747 -70.96294403076172 0.7381906648912676 0.6745921303034806 0 0 0 1 0 0 0 0 0 0
-2.54072904586792 -1.863337755203247 -70.57318115234375 0.23567629092211606 0.9718316139626216 0 0 0 1 0 0 0 0 0 0
-2.191016674041748 -1.8429176807403564 -70.18341827392578 -0.3471771373367901 0.9377995709695284 0 0 0 1 0 0 0 0 0 0
-1.91231107711792 -1.6306946277618408 -69.79365539550781 -0.8116854071502208 0.584094855155719 0 0 0 1 0 0 0 0 0 0
-1.7996172904968262 -1.2990105152130127 -69.40389251708984 -0.9995102957375294 0.03129167165040292 0 0 0 1 0 0 0 0 0 0
-1.8913493156433105 -0.9609254002571106 -69.01412963867188 -0.8466283954930728 -0.532184516821774 0 0 0 1 0 0 0 0 0 0
-2.156238079071045 -0.7316887974739075 -68.6243667602539 -0.4051451699301291 -0.9142523673922244 0 0 0 1 0 0 0 0 0 0
-2.5039877891540527 -0.689437210559845 -68.23460388183594 0.17443721274725366 -0.9846682988747884 0 0 0 1 0 0 0 0 0 0
-2.885018825531006 -0.9279587864875793 -67.84484100341797 0.809488011988461 -0.587136405315638 0 0 0 1 0 0 0 0 0 0
-2.9980311393737793 -1.3195908069610596 -67.3993911743164 0.9978466326862224 0.06559037762330251 0 0 0 1 0 0 0 0 0 0
-2.8347296714782715 -1.693061113357544 -66.95394897460938 0.725677260533588 0.6880352560330517 0 0 0 1 0 0 0 0 0 0
-2.47047758102417 -1.8760063648223877 -66.50850677490234 0.11858664991497832 0.9929437075997523 0 0 0 1 0 0 0 0 0 0
-2.0733866691589355 -1.783992052078247 -66.06306457519531 -0.5432259243061235 0.8395865620421507 0 0 0 1 0 0 0 0 0 0
-1.8267226219177246 -1.4594833850860596 -65.61762237548828 -0.9543359274099651 0.2987355647634904 0 0 0 1 0 0 0 0 0 0
-1.844327449798584 -1.052253007888794 -65.17218017578125 -0.9249950671577445 -0.3799791122336065 0 0 0 1 0 0 0 0 0 0
-2.1180739402770996 -0.7502396702766418 -64.72673797607422 -0.46874535949184293 -0.8833333390939476 0 0 0 1 0 0 0 0 0 0
-2.521623134613037 -0.6928361058235168 -64.28128814697266 0.20383331676348743 -0.9790056072245941 0 0 0 1 0 0 0 0 0 0
-2.868730068206787 -0.9065316319465637 -63.835845947265625 0.7823477075333981 -0.62284192578634 0 0 0 1 0 0 0 0 0 0
-2.999194622039795 -1.2926971912384033 -63.390403747558594 0.9997845630403164 0.02075638471130721 0 0 0 1 0 0 0 0 0 0
-2.8528075218200684 -1.6731178760528564 -62.94496154785156 0.7558088275358504 0.6547923458768308 0 0 0 1 0 0 0 0 0 0
-2.497127056121826 -1.8722145557403564 -62.49951934814453 0.16300515671067087 0.9866252170331598 0 0 0 1 0 0 0 0 0 0
-2.096309185028076 -1.798102617263794 -62.054073333740234 -0.5050243975970131 0.8631050676666043 0 0 0 1 0 0 0 0 0 0
-1.8353381156921387 -1.4849846363067627 -61.6086311340332 -0.9399737900733004 0.34124664683368666 0 0 0 1 0 0 0 0 0 0
-1.806098461151123 -1.1903259754180908 -61.218868255615234 -0.988707017371453 -0.14986138195160711 0 0 0 1 0 0 0 0 0 0
-1.9904417991638184 -0.8411324620246887 -60.78233337402344 -0.6814670050109923 -0.7318488375896681 0 0 0 1 0 0 0 0 0 0
-2.3518729209899902 -0.6821168065071106 -60.34579849243164 -0.07908746781786127 -0.9968676805043679 0 0 0 1 0 0 0 0 0 0
-2.7338576316833496 -0.7821572422981262 -59.909263610839844 0.5575593227651552 -0.8301370980733612 0 0 0 1 0 0 0 0 0 0
-2.9709525108337402 -1.0979149341583252 -59.47273254394531 0.9527124024677549 -0.3038734575182881 0 0 0 1 0 0 0 0 0 0
-2.9604697227478027 -1.4926445484161377 -59.036197662353516 0.9352397790817336 0.35401490875830394 0 0 0 1 0 0 0 0 0 0
-2.7069506645202637 -1.795375108718872 -58.59966278076172 0.512715160026124 0.8585587718260094 0 0 0 1 0 0 0 0 0 0
-2.3201956748962402 -1.8749992847442627 -58.16312789916992 -0.13188114172309742 0.9912655368052559 0 0 0 1 0 0 0 0 0 0
-1.9677119255065918 -1.6970245838165283 -57.726593017578125 -0.7193544813683759 0.6946431674861813 0 0 0 1 0 0 0 0 0 0
-1.8021636009216309 -1.338538408279419 -57.29005813598633 -0.9952684964593772 0.09716285275500475 0 0 0 1 0 0 0 0 0 0
-1.895249843597412 -0.9548028111457825 -56.85352325439453 -0.8401247220604412 -0.5423932626636012 0 0 0 1 0 0 0 0 0 0
-2.206653118133545 -0.7120164036750793 -56.416988372802734 -0.3211210343502166 -0.9470381625350939 0 0 0 1 0 0 0 0 0 0
-2.6015067100524902 -0.7153313755989075 -55.9804573059082 0.33697320921131707 -0.9415142358317403 0 0 0 1 0 0 0 0 0 0
-2.908790111541748 -0.9633095860481262 -55.543922424316406 0.8491058871656235 -0.5282226731035686 0 0 0 1 0 0 0 0 0 0
-2.995421886444092 -1.3485558032989502 -55.10738754272461 0.9934971116505994 0.11385731922857026 0 0 0 1 0 0 0 0 0 0
-2.8238768577575684 -1.7042114734649658 -54.67085266113281 0.7075918699028878 0.7066213594615822 0 0 0 1 0 0 0 0 0 0
-2.4684557914733887 -1.8762428760528564 -54.234317779541016 0.11522114135373493 0.9933398655974411 0 0 0 1 0 0 0 0 0 0
-2.0830931663513184 -1.790137529373169 -53.79778289794922 -0.5270549091141548 0.8498312319388305 0 0 0 1 0 0 0 0 0 0
-1.8346915245056152 -1.483191728591919 -53.36124801635742 -0.941055353719032 0.33825259974869004 0 0 0 1 0 0 0 0 0 0
-1.8308367729187012 -1.0883476734161377 -52.924713134765625 -0.9474793603972701 -0.3198169189101481 0 0 0 1 0 0 0 0 0 0
-2.07319974899292 -0.7766106724739075 -52.48817825317383 -0.543540685866336 -0.8393828225595 0 0 0 1 0 0 0 0 0 0
-2.4568095207214355 -0.68299800157547 -52.0516471862793 0.09581055098074996 -0.9953995872617011 0 0 0 1 0 0 0 0 0 0
-2.815520763397217 -0.8480599522590637 -51.6151123046875 0.6936664616834365 -0.7202963556311954 0 0 0 1 0 0 0 0 0 0
-2.993974208831787 -1.2002975940704346 -51.1785774230957 0.9910845523574868 -0.1332344177694337 0 0 0 1 0 0 0 0 0 0
-2.9148802757263184 -1.5871613025665283 -50.742042541503906 0.8592598904429591 0.5115392855646124 0 0 0 1 0 0 0 0 0 0
-2.612494945526123 -1.8410942554473877 -50.30550765991211 0.35528325052826726 0.9347586917991555 0 0 0 1 0 0 0 0 0 0
-2.312377452850342 -1.8739044666290283 -49.91574478149414 -0.14490835427962642 0.9894450812753431 0 0 0 1 0 0 0 0 0 0
-1.9423766136169434 -1.6690819263458252 -49.448028564453125 -0.7615777987431923 0.6480734961881048 0 0 0 1 0 0 0 0 0 0
-1.799394130706787 -1.2710754871368408 -48.980316162109375 -0.9998834064409233 -0.015270020435331572 0 0 0 1 0 0 0 0 0 0
-1.954465389251709 -0.8776238560676575 -48.51259994506836 -0.7414319282730061 -0.6710280886351718 0 0 0 1 0 0 0 0 0 0
-2.3305468559265137 -0.6841958165168762 -48.044883728027344 -0.11463221926918546 -0.9934079999201845 0 0 0 1 0 0 0 0 0 0
-2.740800380706787 -0.7868874669075012 -47.57716751098633 0.5691254620776921 -0.8222506968162772 0 0 0 1 0 0 0 0 0 0
-2.981400966644287 -1.1346886157989502 -47.10945129394531 0.9701309493212927 -0.24258182365743577 0 0 0 1 0 0 0 0 0 0
-2.93281888961792 -1.5547974109649658 -46.64173889160156 0.8891594754070103 0.4575974511444857 0 0 0 1 0 0 0 0 0 0
-2.619189739227295 -1.8385040760040283 -46.17402267456055 0.36644196096026865 0.9304409112069356 0 0 0 1 0 0 0 0 0 0
-2.196326732635498 -1.844855546951294 -45.70630645751953 -0.33832929323781596 0.9410277835097113 0 0 0 1 0 0 0 0 0 0
-1.874316692352295 -1.5706970691680908 -45.238590240478516 -0.8750143245503536 0.48409702729069615 0 0 0 1 0 0 0 0 0 0
-1.8131365776062012 -1.1522362232208252 -44.7708740234375 -0.9769774662778143 -0.21334251893465137 0 0 0 1 0 0 0 0 0 0
-2.0431838035583496 -0.7973702549934387 -44.30316162109375 -0.5935702978394958 -0.8047821453801844 0 0 0 1 0 0 0 0 0 0
-2.450164318084717 -0.6823952794075012 -43.835445404052734 0.08473064132577368 -0.9964038932182687 0 0 0 1 0 0 0 0 0 0
-2.831887722015381 -0.8644402623176575 -43.36772918701172 0.7209401883227349 -0.6929972906593357 0 0 0 1 0 0 0 0 0 0
-2.9987082481384277 -1.253058671951294 -42.9000129699707 0.9989731963231744 -0.045305110394530154 0 0 0 1 0 0 0 0 0 0
-2.867745876312256 -1.6551811695098877 -42.43229675292969 0.7807034973028242 0.6249016316982532 0 0 0 1 0 0 0 0 0 0
-2.5040640830993652 -1.871028184890747 -41.96458435058594 0.1745661350113788 0.9846454511686878 0 0 0 1 0 0 0 0 0 0
-2.088346004486084 -1.793360948562622 -41.49686813354492 -0.518299602508448 0.8551991125109897 0 0 0 1 0 0 0 0 0 0
-1.8271269798278809 -1.4607689380645752 -41.029151916503906 -0.9536624977070974 0.30087844799363794 0 0 0 1 0 0 0 0 0 0
-1.8501830101013184 -1.0384857654571533 -40.56143569946289 -0.91523461145068 -0.4029213397211957 0 0 0 1 0 0 0 0 0 0
-2.1529955863952637 -0.7331345677375793 -40.17167282104492 -0.4105429428707673 -0.911841264727041 0 0 0 1 0 0 0 0 0 0
-2.618983745574951 -0.7218926548957825 -39.65199279785156 0.36609601781229834 -0.9305770821065698 0 0 0 1 0 0 0 0 0 0
-2.952399730682373 -1.0476295948028564 -39.13230895996094 0.9217920059096071 -0.3876847918620783 0 0 0 1 0 0 0 0 0 0
-2.9520182609558105 -1.5137550830841064 -38.61262512207031 0.921154204492819 0.38919780516493385 0 0 0 1 0 0 0 0 0 0
-2.618068218231201 -1.8389427661895752 -38.09294128417969 0.3645753269832614 0.9311738994167783 0 0 0 1 0 0 0 0 0 0
-2.1521010398864746 -1.8269379138946533 -37.57325744628906 -0.4120392479583753 0.9111660979985464 0 0 0 1 0 0 0 0 0 0
-1.8353381156921387 -1.4849846363067627 -37.05357360839844 -0.9399737900733004 0.34124664683368666 0 0 0 1 0 0 0 0 0 0
-1.806098461151123 -1.1903259754180908 -36.66381072998047 -0.988707017371453 -0.14986138195160711 0 0 0 1 0 0 0 0 0 0
-1.9974989891052246 -0.8346627354621887 -36.214080810546875 -0.6697052299456239 -0.742627029526585 0 0 0 1 0 0 0 0 0 0
-2.3709826469421387 -0.6809075474739075 -35.76435470581055 -0.04723465823629955 -0.9988838206024261 0 0 0 1 0 0 0 0 0 0
-2.7573065757751465 -0.7987321019172668 -35.31462860107422 0.5966360643584696 -0.80251193555413 0 0 0 1 0 0 0 0 0 0
-2.9814162254333496 -1.1347458362579346 -34.86490249633789 0.9701533889072409 -0.24249206583266966 0 0 0 1 0 0 0 0 0 0
-2.9417567253112793 -1.536689043045044 -34.41517639160156 0.9040557136562748 0.4274146307807488 0 0 0 1 0 0 0 0 0 0
-2.656299114227295 -1.8224213123321533 -33.965450286865234 0.4282922747845261 0.9036402643529649 0 0 0 1 0 0 0 0 0 0
-2.2543978691101074 -1.8624718189239502 -33.515724182128906 -0.24154288637414412 0.9703901452725329 0 0 0 1 0 0 0 0 0 0
-1.9181666374206543 -1.6386902332305908 -33.06599807739258 -0.8019305720297637 0.5974172391587104 0 0 0 1 0 0 0 0 0 0
-1.7999663352966309 -1.252478837966919 -32.61627197265625 -0.9989289684258037 -0.04627003392866746 0 0 0 1 0 0 0 0 0 0
-1.9533591270446777 -0.8788483738899231 -32.16654586791992 -0.7432761018868973 -0.6689847803678486 0 0 0 1 0 0 0 0 0 0
-2.308835506439209 -0.6871026158332825 -31.716819763183594 -0.15081604236596138 -0.9885618449874892 0 0 0 1 0 0 0 0 0 0
-2.7053160667419434 -0.7641289830207825 -31.267093658447266 0.5099868290963013 -0.8601822098534124 0 0 0 1 0 0 0 0 0 0
-2.9631400108337402 -1.0750267505645752 -30.817367553710938 0.93969248736894 -0.3420205098855549 0 0 0 1 0 0 0 0 0 0
-2.9927706718444824 -1.3686745166778564 -30.42760467529297 0.9890779833848764 0.14739315717938326 0 0 0 1 0 0 0 0 0 0
-2.7821059226989746 -1.742274522781372 -29.95578384399414 0.6379734814802612 0.7700583334578976 0 0 0 1 0 0 0 0 0 0
-2.375842571258545 -1.8797791004180908 -29.483966827392578 -0.03913416725806218 0.9992339650717534 0 0 0 1 0 0 0 0 0 0
-1.9815783500671387 -1.7109215259552002 -29.012149810791016 -0.6962452696636607 0.7178039596372928 0 0 0 1 0 0 0 0 0 0
-1.800778865814209 -1.3219902515411377 -28.540328979492188 -0.9975760608760034 0.06958450091159868 0 0 0 1 0 0 0 0 0 0
-1.925830364227295 -0.9117234349250793 -28.068511962890625 -0.7891574274734376 -0.6141909757262035 0 0 0 1 0 0 0 0 0 0
-2.292832851409912 -0.6897652745246887 -27.596694946289062 -0.17748426267012038 -0.9841236388302254 0 0 0 1 0 0 0 0 0 0
-2.71425199508667 -0.7695344090461731 -27.124874114990234 0.5248822784109911 -0.8511748315182299 0 0 0 1 0 0 0 0 0 0
-2.9747462272644043 -1.110266923904419 -26.653057098388672 0.9590355830137941 -0.283285634145807 0 0 0 1 0 0 0 0 0 0
-2.9412035942077637 -1.5378563404083252 -26.18124008178711 0.9031311873633974 0.4293647149121361 0 0 0 1 0 0 0 0 0 0
-2.630765438079834 -1.8338043689727783 -25.709423065185547 0.3857344195881166 0.9226098620462599 0 0 0 1 0 0 0 0 0 0
-2.2020621299743652 -1.8468849658966064 -25.23760223388672 -0.32877170442336373 0.944409427298646 0 0 0 1 0 0 0 0 0 0
-1.8741583824157715 -1.5704147815704346 -24.765785217285156 -0.8752755940868826 0.48362447663022046 0 0 0 1 0 0 0 0 0 0
-1.8146109580993652 -1.145667314529419 -24.293968200683594 -0.9745241490336835 -0.2242825961820826 0 0 0 1 0 0 0 0 0 0
-2.0538439750671387 -0.7896836400032043 -23.822147369384766 -0.5758004097398421 -0.8175902935721716 0 0 0 1 0 0 0 0 0 0
-2.4696154594421387 -0.684371292591095 -23.350330352783203 0.11715080038955644 -0.9931141374323931 0 0 0 1 0 0 0 0 0 0
-2.8494696617126465 -0.8835404515266418 -22.87851333618164 0.7502420048761324 -0.6611633187945636 0 0 0 1 0 0 0 0 0 0
-2.9993014335632324 -1.2854187488555908 -22.406692504882812 0.99996277844804 0.008627961432211239 0 0 0 1 0 0 0 0 0 0
-2.8425498008728027 -1.6846535205841064 -21.93487548828125 0.7387102573796275 0.6740231120978899 0 0 0 1 0 0 0 0 0 0
-2.4593138694763184 -1.8772308826446533 -21.463058471679688 0.09998471208562766 0.9949889734811909 0 0 0 1 0 0 0 0 0 0
-2.048675060272217 -1.7671120166778564 -21.07329559326172 -0.5844134893536541 0.8114560206576118 0 0 0 1 0 0 0 0 0 0
-1.826423168182373 -1.4585258960723877 -20.64022445678711 -0.9548333641088063 0.2971417957552583 0 0 0 1 0 0 0 0 0 0
-1.8343234062194824 -1.078315019607544 -20.2071533203125 -0.9416708154393755 -0.33653539984634895 0 0 0 1 0 0 0 0 0 0
-2.0691981315612793 -0.7792237401008606 -19.774085998535156 -0.550209087392748 -0.8350269218117697 0 0 0 1 0 0 0 0 0 0
-2.436692714691162 -0.6814034581184387 -19.341014862060547 0.06228050646433359 -0.9980586849051244 0 0 0 1 0 0 0 0 0 0
-2.7891764640808105 -0.8241532444953918 -18.907943725585938 0.6497541550208987 -0.7601444191948514 0 0 0 1 0 0 0 0 0 0
-2.985045909881592 -1.150122880935669 -18.474876403808594 0.9762015775781762 -0.21686511921902085 0 0 0 1 0 0 0 0 0 0
-2.945615291595459 -1.5283653736114502 -18.041805267333984 0.9104830568750322 0.4135463736311768 0 0 0 1 0 0 0 0 0 0
-2.686723232269287 -1.8069298267364502 -17.60873794555664 0.47899637219594204 0.8778168803475624 0 0 0 1 0 0 0 0 0 0
-2.312377452850342 -1.8739044666290283 -17.17566680908203 -0.14490835427962642 0.9894450812753431 0 0 0 1 0 0 0 0 0 0
-2.0342745780944824 -1.7564079761505127 -16.785903930664062 -0.6084181175764412 0.793616654440127 0 0 0 1 0 0 0 0 0 0
-1.809201717376709 -1.3886597156524658 -16.318187713623047 -0.9835373803085884 0.18070479112552404 0 0 0 1 0 0 0 0 0 0
-1.8888583183288574 -0.9649232029914856 -15.850471496582031 -0.8507757972382951 -0.5255288220769088 0 0 0 1 0 0 0 0 0 0
-2.232112407684326 -0.7040093541145325 -15.382755279541016 -0.2786857354233965 -0.9603823513952766 0 0 0 1 0 0 0 0 0 0
-2.661710262298584 -0.7406533360481262 -14.915042877197266 0.437308606518793 -0.899311504799417 0 0 0 1 0 0 0 0 0 0
-2.955817699432373 -1.0559303760528564 -14.44732666015625 0.9274884122620052 -0.3738519026562586 0 0 0 1 0 0 0 0 0 0
-2.9625601768493652 -1.487036943435669 -13.979610443115234 0.9387248863877218 0.3446673580082088 0 0 0 1 0 0 0 0 0 0
-2.6784567832946777 -1.8113548755645752 -13.511894226074219 0.46522173594300426 0.8851941800566573 0 0 0 1 0 0 0 0 0 0
-2.250213146209717 -1.861415147781372 -13.044181823730469 -0.24851571467399913 0.968627864331845 0 0 0 1 0 0 0 0 0 0
-1.8989691734313965 -1.611365556716919 -12.576465606689453 -0.8339269662270743 0.5518748182326386 0 0 0 1 0 0 0 0 0 0
-1.806098461151123 -1.1903259754180908 -12.108749389648438 -0.988707017371453 -0.14986138195160711 0 0 0 1 0 0 0 0 0 0
-1.9213385581970215 -0.9175675511360168 -11.718986511230469 -0.796643290167393 -0.604449723493419 0 0 0 1 0 0 0 0 0 0
-2.3182787895202637 -0.6857369542121887 -11.199302673339844 -0.1350741752889984 -0.9908354894582637 0 0 0 1 0 0 0 0 0 0
-2.7627882957458496 -0.8028596043586731 -10.679618835449219 0.6057755373299253 -0.7956355939578373 0 0 0 1 0 0 0 0 0 0
-2.9939589500427246 -1.2001831531524658 -10.159934997558594 0.9910589498536985 -0.13342472752411566 0 0 0 1 0 0 0 0 0 0
-2.8761000633239746 -1.644496202468872 -9.640251159667969 0.7946259021441905 0.6070993951912085 0 0 0 1 0 0 0 0 0 0
-2.478391170501709 -1.875006914138794 -9.120567321777344 0.13177494125570496 0.9912796602659893 0 0 0 1 0 0 0 0 0 0
-2.0342745780944824 -1.7564079761505127 -8.600883483886719 -0.6084181175764412 0.793616654440127 0 0 0 1 0 0 0 0 0 0
-1.8294692039489746 -1.4680283069610596 -8.21112060546875 -0.9497582170547402 0.3129845509557953 0 0 0 1 0 0 0 0 0 0
-1.8438410758972168 -1.0534393787384033 -7.765678405761719 -0.9258044572419791 -0.3780027869617955 0 0 0 1 0 0 0 0 0 0
-2.1237502098083496 -0.74726802110672 -7.320232391357422 -0.4592899064896976 -0.8882864300419571 0 0 0 1 0 0 0 0 0 0
-2.5353941917419434 -0.6958726048469543 -6.874790191650391 0.2267830902099672 -0.9739452910686607 0 0 0 1 0 0 0 0 0 0
-2.8819899559020996 -0.9238236546516418 -6.429347991943359 0.8044438262559299 -0.5940287285971272 0 0 0 1 0 0 0 0 0 0
-2.9978575706481934 -1.322150468826294 -5.983905792236328 0.9975572239714056 0.06985402567113148 0 0 0 1 0 0 0 0 0 0
-2.8276076316833496 -1.700446367263794 -5.538463592529297 0.7138065375732853 0.7003429352236218 0 0 0 1 0 0 0 0 0 0
-2.452624797821045 -1.8778679370880127 -5.093021392822266 0.0888371260943524 0.9960461661124429 0 0 0 1 0 0 0 0 0 0
-2.052161693572998 -1.7696030139923096 -4.647571563720703 -0.5786067896569538 0.8156066349428955 0 0 0 1 0 0 0 0 0 0
-1.8176531791687012 -1.4274094104766846 -4.202129364013672 -0.9694508975404681 0.24528546075538402 0 0 0 1 0 0 0 0 0 0
-1.8612017631530762 -1.0148613452911377 -3.7566871643066406 -0.8968663589554396 -0.44230163256991556 0 0 0 1 0 0 0 0 0 0
-2.1619906425476074 -0.7291749119758606 -3.3112449645996094 -0.395555165619874 -0.9184422197130497 0 0 0 1 0 0 0 0 0 0
-2.576230525970459 -0.7069123387336731 -2.865802764892578 0.2948418910174201 -0.9555460529463097 0 0 0 1 0 0 0 0 0 0
-2.9059042930603027 -0.9587166905403137 -2.420360565185547 0.844297822320058 -0.5358742270585588 0 0 0 1 0 0 0 0 0 0
-2.993417263031006 -1.364222764968872 -1.9749183654785156 0.9901547702152433 0.13997689459335394 0 0 0 1 0 0 0 0 0 0
-2.858640193939209 -1.6662819385528564 -1.5851554870605469 0.7655259145883191 0.6434050622226387 0 0 0 1 0 0 0 0 0 0
-2.5089259147644043 -1.870143175125122 -1.1338462829589844 0.18266857782676169 0.983174547409944 0 0 0 1 0 0 0 0 0 0
-2.1093249320983887 -1.8054993152618408 -0.6825447082519531 -0.4833368493897006 0.8754344578676567 0 0 0 1 0 0 0 0 0 0
-1.8417201042175293 -1.501776933670044 -0.23123547434806824 -0.9293384799446883 0.36922891232147076 0 0 0 1 0 0 0 0 0 0
-1.8279204368591309 -1.0972168445587158 0.220066100358963 -0.952339172703842 -0.30504114498500323 0 0 0 1 0 0 0 0 0 0
-2.0742030143737793 -0.7759621739387512 0.6713676452636719 -0.5418703451937539 -0.8404620925417171 0 0 0 1 0 0 0 0 0 0
-2.4684691429138184 -0.6842377781867981 1.1226768493652344 0.11524330291589505 -0.9933372947458659 0 0 0 1 0 0 0 0 0 0
-2.831264019012451 -0.8637917637825012 1.5739784240722656 0.7198972385709702 -0.694080662385786 0 0 0 1 0 0 0 0 0 0
-2.997453212738037 -1.2329018115997314 2.025279998779297 0.99688277109573 -0.07889702587866397 0 0 0 1 0 0 0 0 0 0
-2.891395092010498 -1.6235573291778564 2.4765892028808594 0.8201140978678509 0.572200023137365 0 0 0 1 0 0 0 0 0 0
-2.5613627433776855 -1.8579437732696533 2.9278907775878906 0.2700641626854904 0.9628423277115444 0 0 0 1 0 0 0 0 0 0
-2.1575751304626465 -1.829383134841919 3.379192352294922 -0.4029125032078847 0.9152385015714518 0 0 0 1 0 0 0 0 0 0
-1.8638243675231934 -1.550868272781372 3.8305015563964844 -0.892497001218363 0.4510533259119473 0 0 0 1 0 0 0 0 0 0
-1.8138136863708496 -1.1491730213165283 4.281803131103516 -0.9758487629419741 -0.21844722901565639 0 0 0 1 0 0 0 0 0 0
-2.0303092002868652 -0.8071358799934387 4.733112335205078 -0.6150240709153381 -0.7885083336241447 0 0 0 1 0 0 0 0 0 0
-2.4147658348083496 -0.6804383397102356 5.184413909912109 0.025738116537686654 -0.9996687198052626 0 0 0 1 0 0 0 0 0 0
-2.7921957969665527 -0.8267510533332825 5.635715484619141 0.6547864517115165 -0.7558139338852135 0 0 0 1 0 0 0 0 0 0
-2.99080228805542 -1.1794769763946533 6.087024688720703 0.9857977829323528 -0.16793668796798944 0 0 0 1 0 0 0 0 0 0
-2.9201884269714355 -1.5780632495880127 6.538326263427734 0.868109854925864 0.49637211825463695 0 0 0 1 0 0 0 0 0 0
-2.612494945526123 -1.8410942554473877 6.989627838134766 0.35528325052826726 0.9347586917991555 0 0 0 1 0 0 0 0 0 0
-2.312377452850342 -1.8739044666290283 7.379390716552734 -0.14490835427962642 0.9894450812753431 0 0 0 1 0 0 0 0 0 0
-1.9292807579040527 -1.6531479358673096 7.866596221923828 -0.7834029251093128 0.6215141647059804 0 0 0 1 0 0 0 0 0 0
-1.801440715789795 -1.2298805713653564 8.353801727294922 -0.9964712730064862 -0.08393451061889133 0 0 0 1 0 0 0 0 0 0
-1.998279094696045 -0.8339608311653137 8.841007232666016 -0.6684061260785478 -0.7437965115679616 0 0 0 1 0 0 0 0 0 0
-2.4129042625427246 -0.6803925633430481 9.328205108642578 0.02263577565831396 -0.999743778005318 0 0 0 1 0 0 0 0 0 0
-2.8201537132263184 -0.8525689244270325 9.815410614013672 0.7013814734805405 -0.7127861030198791 0 0 0 1 0 0 0 0 0 0
-2.9988741874694824 -1.2569916248321533 10.302616119384766 0.9992492609664559 -0.03874163726524412 0 0 0 1 0 0 0 0 0 0
-2.85200834274292 -1.674037218093872 10.78982162475586 0.7544741073577239 0.6563298113957384 0 0 0 1 0 0 0 0 0 0
-2.4593138694763184 -1.8772308826446533 11.277019500732422 0.09998471208562766 0.9949889734811909 0 0 0 1 0 0 0 0 0 0
-2.048675060272217 -1.7671120166778564 11.66678237915039 -0.5844134893536541 0.8114560206576118 0 0 0 1 0 0 0 0 0 0
-1.817267894744873 -1.425879716873169 12.14316177368164 -0.970091990607206 0.242737573852399 0 0 0 1 0 0 0 0 0 0
-1.860703945159912 -1.015876054763794 12.61954116821289 -0.8976992409825352 -0.4406087524543517 0 0 0 1 0 0 0 0 0 0
-2.1584696769714355 -0.7307046055793762 13.09591293334961 -0.4014262223984971 -0.9158913625375404 0 0 0 1 0 0 0 0 0 0
-2.5699667930603027 -0.7050164341926575 13.57229232788086 0.28440371048363566 -0.9587046101188521 0 0 0 1 0 0 0 0 0 0
-2.900886058807373 -0.9509461522102356 14.04867172241211 0.8359376456928709 -0.5488244277667135 0 0 0 1 0 0 0 0 0 0
-2.994973659515381 -1.352362871170044 14.525043487548828 0.9927488015238599 0.12020739192304324 0 0 0 1 0 0 0 0 0 0
-2.807799816131592 -1.7197258472442627 15.001422882080078 0.6807927181243391 0.732476125855904 0 0 0 1 0 0 0 0 0 0
-2.4277472496032715 -1.8795654773712158 15.477802276611328 0.047369514745631114 0.9988774344596857 0 0 0 1 0 0 0 0 0 0
-2.0342745780944824 -1.7564079761505127 15.954174041748047 -0.6084181175764412 0.793616654440127 0 0 0 1 0 0 0 0 0 0
-1.8294692039489746 -1.4680283069610596 16.343936920166016 -0.9497582170547402 0.3129845509557953 0 0 0 1 0 0 0 0 0 0
-1.844043254852295 -1.052943468093872 16.782421112060547 -0.9254693718206115 -0.37882244102212653 0 0 0 1 0 0 0 0 0 0
-2.124701976776123 -0.7467759251594543 17.220905303955078 -0.4577023303177819 -0.8891054925157488 0 0 0 1 0 0 0 0 0 0
-2.5369582176208496 -0.6962388157844543 17.65938949584961 0.2293929999189882 -0.973333884948103 0 0 0 1 0 0 0 0 0 0
-2.8832602500915527 -0.9255478978157043 18.09787368774414 0.806559500706815 -0.591152917458396 0 0 0 1 0 0 0 0 0 0
-2.9976649284362793 -1.324824571609497 18.536357879638672 0.9972353315228754 0.07430809890221364 0 0 0 1 0 0 0 0 0 0
-2.8253512382507324 -1.702735185623169 18.974842071533203 0.7100430203128986 0.7041582984705475 0 0 0 1 0 0 0 0 0 0
-2.4488883018493652 -1.8781883716583252 19.413318634033203 0.08261091995649171 0.9965818761667011 0 0 0 1 0 0 0 0 0 0
-2.048675060272217 -1.7671120166778564 19.851802825927734 -0.5844134893536541 0.8114560206576118 0 0 0 1 0 0 0 0 0 0
-1.8353381156921387 -1.4849846363067627 20.241565704345703 -0.9399737900733004 0.34124664683368666 0 0 0 1 0 0 0 0 0 0
-1.842179775238037 -1.0575478076934814 20.716060638427734 -0.9285702872648698 -0.3711565998454522 0 0 0 1 0 0 0 0 0 0
-2.131844997406006 -0.7431595921516418 21.190555572509766 -0.4457994202153027 -0.8951328822782122 0 0 0 1 0 0 0 0 0 0
-2.557290554046631 -0.7014077305793762 21.665050506591797 0.2632774146433125 -0.9647201682035746 0 0 0 1 0 0 0 0 0 0
-2.9025473594665527 -0.9534867405891418 22.139545440673828 0.8387022453437109 -0.5445902529934022 0 0 0 1 0 0 0 0 0 0
-2.9923529624938965 -1.3714401721954346 22.61404037475586 0.9883798677738901 0.1520040689562869 0 0 0 1 0 0 0 0 0 0
-2.7811179161071777 -1.7430946826934814 23.08852767944336 0.6363193651892487 0.7714257355605602 0 0 0 1 0 0 0 0 0 0
-2.3760714530944824 -1.879786729812622 23.56302261352539 -0.03875284012193614 0.9992488265604738 0 0 0 1 0 0 0 0 0 0
-1.9828295707702637 -1.712134599685669 24.037517547607422 -0.6941577872055288 0.7198228715885067 0 0 0 1 0 0 0 0 0 0
-1.801013469696045 -1.3252365589141846 24.512012481689453 -0.9971841019465085 0.07499244512039496 0 0 0 1 0 0 0 0 0 0
-1.9229178428649902 -0.9154961705207825 24.986507415771484 -0.7940105047022913 -0.6079040371821959 0 0 0 1 0 0 0 0 0 0
-2.286660671234131 -0.6909096837043762 25.461002349853516 -0.18777201938138388 -0.98221263926781 0 0 0 1 0 0 0 0 0 0
-2.7075953483581543 -0.765487015247345 25.935497283935547 0.5137812268108122 -0.8579212382129123 0 0 0 1 0 0 0 0 0 0
-2.972041606903076 -1.1013672351837158 26.409992218017578 0.9545286772469235 -0.298119110949363 0 0 0 1 0 0 0 0 0 0
-2.94575834274292 -1.5280487537384033 26.884479522705078 0.910722709683682 0.41301833623510203 0 0 0 1 0 0 0 0 0 0
-2.642087459564209 -1.8289330005645752 27.35897445678711 0.40460761147802093 0.9144903940086254 0 0 0 1 0 0 0 0 0 0
-2.2151827812194824 -1.851283311843872 27.83346939086914 -0.30690246751447225 0.9517409707654328 0 0 0 1 0 0 0 0 0 0
-1.8817534446716309 -1.5837547779083252 28.307964324951172 -0.8626144064076624 0.5058620225495847 0 0 0 1 0 0 0 0 0 0
-1.8110594749450684 -1.1621506214141846 28.782459259033203 -0.98044039505713 -0.19681623850744315 0 0 0 1 0 0 0 0 0 0
-2.038987636566162 -0.80049067735672 29.256954193115234 -0.6005564356437249 -0.7995823707454441 0 0 0 1 0 0 0 0 0 0
-2.4498324394226074 -0.6823685765266418 29.731449127197266 0.08418102363773375 -0.9964504780767097 0 0 0 1 0 0 0 0 0 0
-2.835038661956787 -0.8677437901496887 30.205936431884766 0.7261933048284941 -0.6874905701333435 0 0 0 1 0 0 0 0 0 0
-2.999061107635498 -1.2625114917755127 30.680431365966797 0.9995632237443318 -0.029552694256847794 0 0 0 1 0 0 0 0 0 0
-2.858640193939209 -1.6662819385528564 31.154926300048828 0.7655259145883191 0.6434050622226387 0 0 0 1 0 0 0 0 0 0
-2.612494945526123 -1.8410942554473877 31.544689178466797 0.35528325052826726 0.9347586917991555 0 0 0 1 0 0 0 0 0 0
-2.1926207542419434 -1.8435089588165283 32.01650619506836 -0.3445058433535286 0.9387841732236829 0 0 0 1 0 0 0 0 0 0
-1.8739752769470215 -1.5700790882110596 32.48832321166992 -0.8755837387369116 0.4830663685866482 0 0 0 1 0 0 0 0 0 0
-1.8126025199890137 -1.1547081470489502 32.960147857666016 -0.9778676323143675 -0.20922450542872104 0 0 0 1 0 0 0 0 0 0
-2.038560390472412 -0.8008149266242981 33.43196487426758 -0.6012756869616789 -0.7990416436386536 0 0 0 1 0 0 0 0 0 0
-2.441190242767334 -0.6817010045051575 33.90378189086914 0.06977510141498858 -0.9975627475114174 0 0 0 1 0 0 0 0 0 0
-2.8233180046081543 -0.8557046055793762 34.3755989074707 0.7066551323055016 -0.7075581417709036 0 0 0 1 0 0 0 0 0 0
-2.9978079795837402 -1.2376129627227783 34.847415924072266 0.9974732588171403 -0.07104293029368906 0 0 0 1 0 0 0 0 0 0
-2.879207134246826 -1.6403954029083252 35.31923294067383 0.799803388942528 0.600262058634433 0 0 0 1 0 0 0 0 0 0
-2.5255980491638184 -1.8668015003204346 35.79105758666992 0.21045841993093967 0.9776028096728099 0 0 0 1 0 0 0 0 0 0
-2.1101489067077637 -1.8059570789337158 36.262874603271484 -0.48195535845744286 0.8761957729036118 0 0 0 1 0 0 0 0 0 0
-1.8363165855407715 -1.4876549243927002 36.73469161987305 -0.9383480014248906 0.3456921003174841 0 0 0 1 0 0 0 0 0 0
-1.8381991386413574 -1.0677788257598877 37.20650863647461 -0.935205838704824 -0.35410455977353156 0 0 0 1 0 0 0 0 0 0
-2.114877223968506 -0.7519486546516418 37.67832565307617 -0.4740751407419745 -0.8804843899413987 0 0 0 1 0 0 0 0 0 0
-2.5308547019958496 -0.6948350071907043 38.150142669677734 0.21921614523927369 -0.9756763201320576 0 0 0 1 0 0 0 0 0 0
-2.8824191093444824 -0.9244034886360168 38.62196731567383 0.8051577121599192 -0.5930607545179537 0 0 0 1 0 0 0 0 0 0
-2.997401714324951 -1.3282310962677002 39.09378433227539 0.9967960566911261 0.07998513214980317 0 0 0 1 0 0 0 0 0 0
-2.8194937705993652 -1.7085602283477783 39.56560134887695 0.7002778381854342 0.7138704009456724 0 0 0 1 0 0 0 0 0 0
-2.435819149017334 -1.879126787185669 40.037418365478516 0.06082194743665313 0.9981486315724791 0 0 0 1 0 0 0 0 0 0
-2.0342745780944824 -1.7564079761505127 40.50923538208008 -0.6084181175764412 0.793616654440127 0 0 0 1 0 0 0 0 0 0
-1.8294692039489746 -1.4680283069610596 40.89899826049805 -0.9497582170547402 0.3129845509557953 0 0 0 1 0 0 0 0 0 0
-1.844043254852295 -1.052943468093872 41.33748245239258 -0.9254693718206115 -0.37882244102212653 0 0 0 1 0 0 0 0 0 0
-2.124701976776123 -0.7467759251594543 41.77596664428711 -0.4577023303177819 -0.8891054925157488 0 0 0 1 0 0 0 0 0 0
-2.5369582176208496 -0.6962388157844543 42.21445083618164 0.2293929999189882 -0.973333884948103 0 0 0 1 0 0 0 0 0 0
-2.8832602500915527 -0.9255478978157043 42.65293502807617 0.806559500706815 -0.591152917458396 0 0 0 1 0 0 0 0 0 0
-2.9976649284362793 -1.324824571609497 43.09141159057617 0.9972353315228754 0.07430809890221364 0 0 0 1 0 0 0 0 0 0
-2.8253512382507324 -1.702735185623169 43.5298957824707 0.7100430203128986 0.7041582984705475 0 0 0 1 0 0 0 0 0 0
-2.4488883018493652 -1.8781883716583252 43.968379974365234 0.08261091995649171 0.9965818761667011 0 0 0 1 0 0 0 0 0 0
-2.048675060272217 -1.7671120166778564 44.406864166259766 -0.5844134893536541 0.8114560206576118 0 0 0 1 0 0 0 0 0 0
-1.8353381156921387 -1.4849846363067627 44.796627044677734 -0.9399737900733004 0.34124664683368666 0 0 0 1 0 0 0 0 0 0
-1.8390860557556152 -1.065455675125122 45.28383255004883 -0.9337309607755737 -0.3579755478927628 0 0 0 1 0 0 0 0 0 0
-2.116757869720459 -0.7509415745735168 45.77103805541992 -0.4709432060626032 -0.8821635317011672 0 0 0 1 0 0 0 0 0 0
-2.532588481903076 -0.6952241063117981 46.258235931396484 0.2221045960599367 -0.9750228450703359 0 0 0 1 0 0 0 0 0 0
-2.8832602500915527 -0.9255478978157043 46.74544143676758 0.806559500706815 -0.591152917458396 0 0 0 1 0 0 0 0 0 0
-2.9973158836364746 -1.3292953968048096 47.23264694213867 0.9966522102834149 0.0817580071747344 0 0 0 1 0 0 0 0 0 0
-2.818986415863037 -1.7090561389923096 47.719852447509766 0.6994362235566549 0.7146950182957799 0 0 0 1 0 0 0 0 0 0
-2.435464382171631 -1.8791496753692627 48.20705032348633 0.0602330374364212 0.9981843422941389 0 0 0 1 0 0 0 0 0 0
-2.0342745780944824 -1.7564079761505127 48.69425582885742 -0.6084181175764412 0.793616654440127 0 0 0 1 0 0 0 0 0 0
-1.8294692039489746 -1.4680283069610596 49.08401870727539 -0.9497582170547402 0.3129845509557953 0 0 0 1 0 0 0 0 0 0
-1.8415274620056152 -1.0591881275177002 49.53874588012695 -0.9296589160470184 -0.36842136177790047 0 0 0 1 0 0 0 0 0 0
-2.112800121307373 -0.7530739903450012 49.993465423583984 -0.4775416375914166 -0.8786091192142885 0 0 0 1 0 0 0 0 0 0
-2.5172228813171387 -0.6919358372688293 50.44819259643555 0.1965002096090398 -0.9805037825646586 0 0 0 1 0 0 0 0 0 0
-2.8668570518493652 -0.90418940782547 50.90291213989258 0.7792199086994926 -0.6267506153857005 0 0 0 1 0 0 0 0 0 0
-2.999223232269287 -1.2911980152130127 51.35763931274414 0.99983316842961 0.018265686628401882 0 0 0 1 0 0 0 0 0 0
-2.852811336517334 -1.6731102466583252 51.81235885620117 0.7558143801499114 0.654785936591956 0 0 0 1 0 0 0 0 0 0
-2.4956603050231934 -1.8724548816680908 52.267086029052734 0.16055880250773197 0.9870262767207788 0 0 0 1 0 0 0 0 0 0
-2.0937399864196777 -1.7965881824493408 52.721805572509766 -0.5093071581950676 0.8605848119803557 0 0 0 1 0 0 0 0 0 0
-1.8338274955749512 -1.4807732105255127 53.17653274536133 -0.9424938268485066 0.334223557446894 0 0 0 1 0 0 0 0 0 0
-1.836707592010498 -1.0717651844024658 53.63125228881836 -0.9376971855010521 -0.34745357719183945 0 0 0 1 0 0 0 0 0 0
-2.101039409637451 -0.7596352696418762 54.08597946166992 -0.4971373212859151 -0.8676718756446269 0 0 0 1 0 0 0 0 0 0
-2.5039877891540527 -0.689437210559845 54.54069900512695 0.17443721274725366 -0.9846682988747884 0 0 0 1 0 0 0 0 0 0
-2.885018825531006 -0.9279587864875793 54.93046188354492 0.809488011988461 -0.587136405315638 0 0 0 1 0 0 0 0 0 0
-2.9987730979919434 -1.3059532642364502 55.37106704711914 0.999081119095431 0.04285927515743985 0 0 0 1 0 0 0 0 0 0
-2.8530688285827637 -1.672816514968872 55.81166458129883 0.7562381811993752 0.6542964261680336 0 0 0 1 0 0 0 0 0 0
-2.5109705924987793 -1.8697617053985596 56.25226974487305 0.18607727104133154 0.9825351134701553 0 0 0 1 0 0 0 0 0 0
-2.1205496788024902 -1.8115417957305908 56.692867279052734 -0.46462631275770644 0.8855068545715374 0 0 0 1 0 0 0 0 0 0
-1.8507895469665527 -1.5233643054962158 57.13346481323242 -0.9142237757072119 0.40520968390655426 0 0 0 1 0 0 0 0 0 0
-1.8184504508972168 -1.129950761795044 57.57407760620117 -0.9681220541536047 -0.2504789177982944 0 0 0 1 0 0 0 0 0 0
-2.037532329559326 -0.80158931016922 58.01467514038086 -0.6029848187327295 -0.7977526611537297 0 0 0 1 0 0 0 0 0 0
-2.413205623626709 -0.6804001927375793 58.45527267456055 0.023135048145789282 -0.9997323489551051 0 0 0 1 0 0 0 0 0 0
-2.7828726768493652 -0.8188393712043762 58.895870208740234 0.6392492804725897 -0.7689995821944745 0 0 0 1 0 0 0 0 0 0
-2.986527919769287 -1.1569855213165283 59.336483001708984 0.9786735307675047 -0.20542181036848536 0 0 0 1 0 0 0 0 0 0
-2.9360251426696777 -1.5484802722930908 59.77708053588867 0.8944989853244444 0.4470699780275335 0 0 0 1 0 0 0 0 0 0
-2.6532206535339355 -1.8238708972930908 60.21767807006836 0.4231649158150667 0.9060526772893656 0 0 0 1 0 0 0 0 0 0
-2.260524272918701 -1.8639633655548096 60.65827560424805 -0.23133408900963162 0.9728743697220539 0 0 0 1 0 0 0 0 0 0
-1.927903652191162 -1.651404619216919 61.0988883972168 -0.7856987191093755 0.6186093458636773 0 0 0 1 0 0 0 0 0 0
-1.7993273735046387 -1.278193712234497 61.539485931396484 -0.9999941832528311 -0.003410785906964222 0 0 0 1 0 0 0 0 0 0
-1.930448055267334 -0.905867874622345 61.98008346557617 -0.7814618216678922 -0.6239530601539667 0 0 0 1 0 0 0 0 0 0
-2.2645106315612793 -0.6955826878547668 62.42068099975586 -0.22469115183219449 -0.9744300314996054 0 0 0 1 0 0 0 0 0 0
-2.6569247245788574 -0.7383530735969543 62.86129379272461 0.42933515326141575 -0.9031452409075721 0 0 0 1 0 0 0 0 0 0
-2.937842845916748 -1.0156662464141846 63.3018913269043 0.8975289311546215 -0.44095557343165825 0 0 0 1 0 0 0 0 0 0
-2.985673427581787 -1.407496690750122 63.742488861083984 0.9772485065609284 0.21209751630897222 0 0 0 1 0 0 0 0 0 0
-2.7797160148620605 -1.7442467212677002 64.18309020996094 0.633982575329807 0.7733473308793313 0 0 0 1 0 0 0 0 0 0
-2.4091124534606934 -1.8801605701446533 64.62370300292969 0.016313458839357697 0.9998669266760934 0 0 0 1 0 0 0 0 0 0
-2.0342745780944824 -1.7564079761505127 65.06430053710938 -0.6084181175764412 0.793616654440127 0 0 0 1 0 0 0 0 0 0
-1.8294692039489746 -1.4680283069610596 65.45405578613281 -0.9497582170547402 0.3129845509557953 0 0 0 1 0 0 0 0 0 0
-1.844043254852295 -1.052943468093872 65.89254760742188 -0.9254693718206115 -0.37882244102212653 0 0 0 1 0 0 0 0 0 0
-2.124701976776123 -0.7467759251594543 66.33102416992188 -0.4577023303177819 -0.8891054925157488 0 0 0 1 0 0 0 0 0 0
-2.5369582176208496 -0.6962388157844543 66.76951599121094 0.2293929999189882 -0.973333884948103 0 0 0 1 0 0 0 0 0 0
-2.8832602500915527 -0.9255478978157043 67.20799255371094 0.806559500706815 -0.591152917458396 0 0 0 1 0 0 0 0 0 0
-2.9976649284362793 -1.324824571609497 67.646484375 0.9972353315228754 0.07430809890221364 0 0 0 1 0 0 0 0 0 0
-2.8253512382507324 -1.702735185623169 68.0849609375 0.7100430203128986 0.7041582984705475 0 0 0 1 0 0 0 0 0 0
-2.4488883018493652 -1.8781883716583252 68.52345275878906 0.08261091995649171 0.9965818761667011 0 0 0 1 0 0 0 0 0 0
-2.048675060272217 -1.7671120166778564 68.96192932128906 -0.5844134893536541 0.8114560206576118 0 0 0 1 0 0 0 0 0 0
-1.8353381156921387 -1.4849846363067627 69.3516845703125 -0.9399737900733004 0.34124664683368666 0 0 0 1 0 0 0 0 0 0
-1.8143439292907715 -1.146826982498169 69.741455078125 -0.9749666017794564 -0.2223513557741866 0 0 0 1 0 0 0 0 0 0
-1.97987699508667 -0.85121089220047 70.13121032714844 -0.6990733608381433 -0.7150499536161534 0 0 0 1 0 0 0 0 0 0
-2.2791552543640137 -0.69239741563797 70.52098083496094 -0.2002829485411816 -0.9797380979239555 0 0 0 1 0 0 0 0 0 0
-2.6167521476745605 -0.7210190892219543 70.91073608398438 0.36237918176850914 -0.9320307551903991 0 0 0 1 0 0 0 0 0 0
-2.885018825531006 -0.9279587864875793 71.30050659179688 0.809488011988461 -0.587136405315638 0 0 0 1 0 0 0 0 0 0
-2.993417263031006 -1.364222764968872 71.69026184082031 0.9901547702152433 0.13997689459335394 0 0 0 1 0 0 0 0 0 0
0.3904881775379181 -2.407183885574341 71.69026184082031 -0.9690780059200368 -0.246754571268792 0 0 0 -1 0 0 0 0 0 0
0.33014538884162903 -2.8526451587677 71.30050659179688 -0.868507459013595 0.4956760975049621 0 0 0 -1 0 0 0 0 0 0
0.08701756596565247 -3.086962938308716 70.91073608398438 -0.46329246036339117 0.8862054480595545 0 0 0 -1 0 0 0 0 0 0
-0.24414774775505066 -3.15287709236145 70.52098083496094 0.08864690196363545 0.9960631138498452 0 0 0 -1 0 0 0 0 0 0
-0.5584692358970642 -3.0295135974884033 70.13121032714844 0.6125150069704941 0.7904589592356682 0 0 0 -1 0 0 0 0 0 0
-0.7563948035240173 -2.7559425830841064 69.741455078125 0.9423941391820994 0.3345045387363675 0 0 0 -1 0 0 0 0 0 0
-0.7752413153648376 -2.4188072681427 69.3516845703125 0.9738037850879803 -0.22738994733347997 0 0 0 -1 0 0 0 0 0 0
-0.5968603491783142 -2.1133759021759033 68.96192932128906 0.6765035709236632 -0.7364393515609633 0 0 0 -1 0 0 0 0 0 0
-0.27001139521598816 -1.9604713916778564 68.57215881347656 0.13175289148273317 -0.9912825911847435 0 0 0 -1 0 0 0 0 0 0
0.08543065190315247 -2.0226891040802 68.18240356445312 -0.4606533043306488 -0.887580155934806 0 0 0 -1 0 0 0 0 0 0
0.34090283513069153 -2.2775299549102783 67.79263305664062 -0.8864377611336823 -0.46284781044778056 0 0 0 -1 0 0 0 0 0 0
0.40400364995002747 -2.632819414138794 67.40287780761719 -0.9916045711460356 0.1293072870424818 0 0 0 -1 0 0 0 0 0 0
0.2519097626209259 -2.9600441455841064 67.01310729980469 -0.7381158083282232 0.6746740349946585 0 0 0 -1 0 0 0 0 0 0
-0.06036898493766785 -3.140856981277466 66.62335205078125 -0.2176491137086344 0.9760270812338384 0 0 0 -1 0 0 0 0 0 0
-0.41988131403923035 -3.109851121902466 66.23358154296875 0.38153574091885734 0.924354087134091 0 0 0 -1 0 0 0 0 0 0
-0.696593701839447 -2.8782455921173096 65.84382629394531 0.8427246544856923 0.5383448306819438 0 0 0 -1 0 0 0 0 0 0
-0.7904199957847595 -2.529811143875122 65.45405578613281 0.9991017019417368 -0.04237675279118598 0 0 0 -1 0 0 0 0 0 0
-0.6674227118492126 -2.1905739307403564 65.06430053710938 0.7941106066517434 -0.6077732672660091 0 0 0 -1 0 0 0 0 0 0
-0.37209078669548035 -1.9832336902618408 64.67453002929688 0.3018849065391072 -0.9533443780732512 0 0 0 -1 0 0 0 0 0 0
-0.011245219968259335 -1.9827873706817627 64.28477478027344 -0.2995211262689855 -0.9540896681751451 0 0 0 -1 0 0 0 0 0 0
0.28459981083869934 -2.1893913745880127 63.89500045776367 -0.7925977107679296 -0.6097449211641186 0 0 0 -1 0 0 0 0 0 0
0.4084363281726837 -2.5283234119415283 63.505245208740234 -0.9989934416939044 -0.044856476149689795 0 0 0 -1 0 0 0 0 0 0
0.3154740631580353 -2.876990556716919 63.115474700927734 -0.844059259910223 0.5362499097993458 0 0 0 -1 0 0 0 0 0 0
0.03933766484260559 -3.1092827320098877 62.7257194519043 -0.3838265445365066 0.9234052110039044 0 0 0 -1 0 0 0 0 0 0
-0.3200964629650116 -3.1411774158477783 62.3359489440918 0.21522776740412045 0.9765638781658054 0 0 0 -1 0 0 0 0 0 0
-0.6328234076499939 -2.9611427783966064 61.94619369506836 0.7364392677759349 0.6765036621317321 0 0 0 -1 0 0 0 0 0 0
-0.7857279181480408 -2.634291887283325 61.55642318725586 0.991282589663175 0.13175290293071143 0 0 0 -1 0 0 0 0 0 0
-0.7235082983970642 -2.2788498401641846 61.16666793823242 0.8875824310131136 -0.4606489207160386 0 0 0 -1 0 0 0 0 0 0
-0.46866747736930847 -2.0233757495880127 60.77689743041992 0.46284781044778056 -0.8864377611336823 0 0 0 -1 0 0 0 0 0 0
-0.11337992548942566 -1.9602768421173096 60.387142181396484 -0.12930249025501367 -0.9916051966452436 0 0 0 -1 0 0 0 0 0 0
0.21384671330451965 -2.112372636795044 59.997371673583984 -0.6746768256945153 -0.7381132574820566 0 0 0 -1 0 0 0 0 0 0
0.3946576416492462 -2.4246513843536377 59.60761642456055 -0.9760291988583734 -0.21763961720211195 0 0 0 -1 0 0 0 0 0 0
0.37285664677619934 -2.760451555252075 59.21784591674805 -0.93969248736894 0.3420205098855549 0 0 0 -1 0 0 0 0 0 0
0.17528584599494934 -3.0304901599884033 58.82809066772461 -0.6104072722483067 0.7920877236685223 0 0 0 -1 0 0 0 0 0 0
-0.1361822783946991 -3.1527321338653564 58.43832015991211 -0.09129544675562022 0.9958238505888938 0 0 0 -1 0 0 0 0 0 0
-0.46468493342399597 -3.0891640186309814 58.04856491088867 0.456206968016554 0.8898737002143297 0 0 0 -1 0 0 0 0 0 0
-0.7080625891685486 -2.859545946121216 57.65879440307617 0.8618424594928549 0.5071760789068298 0 0 0 -1 0 0 0 0 0 0
-0.7906278967857361 -2.535296678543091 57.269039154052734 0.9994476430437143 -0.03323264681550892 0 0 0 -1 0 0 0 0 0 0
-0.6867021918296814 -2.2172462940216064 56.879268646240234 0.8262401327563671 -0.5633180655923802 0 0 0 -1 0 0 0 0 0 0
-0.42860743403434753 -2.004309892654419 56.4895133972168 0.39608137378236746 -0.9182154133658792 0 0 0 -1 0 0 0 0 0 0
-0.09660670161247253 -1.962702989578247 56.09975051879883 -0.1572553131814743 -0.9875579813237277 0 0 0 -1 0 0 0 0 0 0
0.20605328679084778 -2.1053688526153564 55.70998764038086 -0.6616823028826574 -0.749784322356705 0 0 0 -1 0 0 0 0 0 0
0.3904881775379181 -2.407183885574341 55.32022476196289 -0.9690780059200368 -0.246754571268792 0 0 0 -1 0 0 0 0 0 0
0.3657231628894806 -2.779078722000122 54.93046188354492 -0.9278043136681247 0.37306722656757213 0 0 0 -1 0 0 0 0 0 0
0.1261449158191681 -3.0645973682403564 54.54069900512695 -0.5285055163384342 0.8489298670678544 0 0 0 -1 0 0 0 0 0 0
-0.23579928278923035 -3.153559923171997 54.150936126708984 0.07473499976273958 0.9972034295019563 0 0 0 -1 0 0 0 0 0 0
-0.5804399847984314 -3.01164174079895 53.761173248291016 0.6491335460375248 0.7606744634919388 0 0 0 -1 0 0 0 0 0 0
-0.7747873663902283 -2.6936066150665283 53.37141036987305 0.9730465693310558 0.23060870302974865 0 0 0 -1 0 0 0 0 0 0
-0.7438444495201111 -2.3221771717071533 52.98164749145508 0.9214749865880872 -0.3884377029749875 0 0 0 -1 0 0 0 0 0 0
-0.49955126643180847 -2.0406792163848877 52.59188461303711 0.5143208498846239 -0.8575978447815492 0 0 0 -1 0 0 0 0 0 0
-0.13617846369743347 -1.9577438831329346 52.20212173461914 -0.09129998980163023 -0.9958234340796676 0 0 0 -1 0 0 0 0 0 0
0.2060551941394806 -2.105372667312622 51.81235885620117 -0.6616878691748063 -0.7497794100846624 0 0 0 -1 0 0 0 0 0 0
0.3946576416492462 -2.4246513843536377 51.4225959777832 -0.9760291988583734 -0.21763961720211195 0 0 0 -1 0 0 0 0 0 0
0.36756375432014465 -2.7744476795196533 51.032833099365234 -0.9308712464247785 0.36534739985331677 0 0 0 -1 0 0 0 0 0 0
0.14949467778205872 -3.0492966175079346 50.643070220947266 -0.5674198690288248 0.8234286199976967 0 0 0 -1 0 0 0 0 0 0
-0.18498370051383972 -3.155207872390747 50.2533073425293 -0.009957542299733552 0.9999504224467077 0 0 0 -1 0 0 0 0 0 0
-0.5215067267417908 -3.055976152420044 49.86354446411133 0.5509181104825494 0.8345593061864072 0 0 0 -1 0 0 0 0 0 0
-0.7450041174888611 -2.785529375076294 49.47378158569336 0.9234100010507112 0.3838150204975381 0 0 0 -1 0 0 0 0 0 0
-0.7790598273277283 -2.4363396167755127 49.08401870727539 0.980169233620261 -0.1981622402585069 0 0 0 -1 0 0 0 0 0 0
-0.6098913550376892 -2.125708818435669 48.69425582885742 0.6982188573034435 -0.715884367273007 0 0 0 -1 0 0 0 0 0 0
-0.31100794672966003 -1.967372179031372 48.30449295043945 0.20008025064543156 -0.9797795125953906 0 0 0 -1 0 0 0 0 0 0
0.026026280596852303 -1.9958488941192627 47.914730072021484 -0.3616458911099753 -0.9323155310533402 0 0 0 -1 0 0 0 0 0 0
0.29410603642463684 -2.202094316482544 47.524967193603516 -0.8084424495897605 -0.5885752336798648 0 0 0 -1 0 0 0 0 0 0
0.4080376923084259 -2.5205605030059814 47.13520431518555 -0.998327960203026 -0.05780383963773871 0 0 0 -1 0 0 0 0 0 0
0.3316178619861603 -2.850051164627075 46.74544143676758 -0.870960000849459 0.4913539222600248 0 0 0 -1 0 0 0 0 0 0
0.08913090825080872 -3.085852861404419 46.35567855834961 -0.4668156579759154 0.884354646885803 0 0 0 -1 0 0 0 0 0 0
-0.24236628413200378 -3.153033494949341 45.96591567993164 0.08567942627954588 0.9963227568977875 0 0 0 -1 0 0 0 0 0 0
-0.557525098323822 -3.0302422046661377 45.57615280151367 0.6109421580214034 0.7916752361619949 0 0 0 -1 0 0 0 0 0 0
-0.756194531917572 -2.7565033435821533 45.1863899230957 0.9420624547832869 0.33543752218213135 0 0 0 -1 0 0 0 0 0 0
-0.7752413153648376 -2.4188072681427 44.796627044677734 0.9738037850879803 -0.22738994733347997 0 0 0 -1 0 0 0 0 0 0
-0.5968603491783142 -2.1133759021759033 44.406864166259766 0.6765035709236632 -0.7364393515609633 0 0 0 -1 0 0 0 0 0 0
-0.25961825251579285 -1.9591820240020752 44.0171012878418 0.1144303397178613 -0.9934312745993327 0 0 0 -1 0 0 0 0 0 0
0.10384991765022278 -2.032660722732544 43.62733840942383 -0.49134966678511965 -0.8709624015709014 0 0 0 -1 0 0 0 0 0 0
0.3547101318836212 -2.305751085281372 43.23757553100586 -0.9094493829326162 -0.41581464606659047 0 0 0 -1 0 0 0 0 0 0
0.3971429169178009 -2.6741364002227783 42.84781265258789 -0.9801692370622764 0.19816222323327695 0 0 0 -1 0 0 0 0 0 0
0.21493962407112122 -2.997107744216919 42.45804977416992 -0.6764949848013029 0.736447238801725 0 0 0 -1 0 0 0 0 0 0
-0.12230440974235535 -3.1512978076934814 42.06828689575195 -0.11442480328963506 0.9934319123080999 0 0 0 -1 0 0 0 0 0 0
-0.48577257990837097 -3.077815294265747 41.678524017333984 0.4913539222600248 0.870960000849459 0 0 0 -1 0 0 0 0 0 0
-0.7366308569908142 -2.804724931716919 41.288761138916016 0.9094503377262647 0.41581255778244974 0 0 0 -1 0 0 0 0 0 0
-0.7790598273277283 -2.4363396167755127 40.89899826049805 0.980169233620261 -0.1981622402585069 0 0 0 -1 0 0 0 0 0 0
-0.6098913550376892 -2.125708818435669 40.50923538208008 0.6982188573034435 -0.715884367273007 0 0 0 -1 0 0 0 0 0 0
-0.29387232661247253 -1.9641296863555908 40.11947250366211 0.1715213357450928 -0.9851804055015606 0 0 0 -1 0 0 0 0 0 0
0.05815938115119934 -2.0093986988067627 39.72970962524414 -0.4151938495452571 -0.9097329648307741 0 0 0 -1 0 0 0 0 0 0
0.3230176270008087 -2.2456772327423096 39.33994674682617 -0.8566269754132634 -0.5159362605926473 0 0 0 -1 0 0 0 0 0 0
0.40801671147346497 -2.590277910232544 38.9501838684082 -0.9982933554942365 0.05839842785604708 0 0 0 -1 0 0 0 0 0 0
0.2834153473377228 -2.9226181507110596 38.560420989990234 -0.7906285663067348 0.6122960641223796 0 0 0 -1 0 0 0 0 0 0
-0.007184474729001522 -3.1264030933380127 38.170658111572266 -0.3062895429537013 0.9519383992030223 0 0 0 -1 0 0 0 0 0 0
-0.36209437251091003 -3.130316972732544 37.7808952331543 0.2852257420126844 0.9584603675130828 0 0 0 -1 0 0 0 0 0 0
-0.6571173071861267 -2.932990312576294 37.39113235473633 0.7769325090515492 0.6295838914543992 0 0 0 -1 0 0 0 0 0 0
-0.7890161871910095 -2.6034767627716064 37.00136947631836 0.9967635556974227 0.08038914126566374 0 0 0 -1 0 0 0 0 0 0
-0.7116369605064392 -2.257086992263794 36.61160659790039 0.8677967445060093 -0.4969193196332498 0 0 0 -1 0 0 0 0 0 0
-0.4520544707775116 -2.0150253772735596 36.22184371948242 0.43515926239617236 -0.90035349521775 0 0 0 -1 0 0 0 0 0 0
-0.10110613703727722 -1.9620048999786377 35.83208084106445 -0.14975469427116123 -0.9887231824650168 0 0 0 -1 0 0 0 0 0 0
0.2183995544910431 -2.1165764331817627 35.442317962646484 -0.6822624816896068 -0.7311073150220417 0 0 0 -1 0 0 0 0 0 0
0.3946576416492462 -2.4246513843536377 35.052555084228516 -0.9760291988583734 -0.21763961720211195 0 0 0 -1 0 0 0 0 0 0
0.37285664677619934 -2.760451555252075 34.66279220581055 -0.93969248736894 0.3420205098855549 0 0 0 -1 0 0 0 0 0 0
0.1592870056629181 -3.04240345954895 34.27302932739258 -0.5837396135056978 0.8119409237279633 0 0 0 -1 0 0 0 0 0 0
-0.17600199580192566 -3.1550514698028564 33.88326644897461 -0.024930240821004868 0.9996891932458841 0 0 0 -1 0 0 0 0 0 0
-0.5164865851402283 -3.059252977371216 33.49350357055664 0.5425487917579255 0.8400242904595171 0 0 0 -1 0 0 0 0 0 0
-0.7438444495201111 -2.7882988452911377 33.10374069213867 0.9214749865880872 0.3884377029749875 0 0 0 -1 0 0 0 0 0 0
-0.7790617346763611 -2.4363510608673096 32.7139778137207 0.9801714127954533 -0.19815146110630874 0 0 0 -1 0 0 0 0 0 0
-0.6099008917808533 -2.1257164478302 32.324214935302734 0.6982330901988776 -0.7158704853193251 0 0 0 -1 0 0 0 0 0 0
-0.2951464354991913 -1.9643547534942627 31.934452056884766 0.17364708156796566 -0.9848079462834002 0 0 0 -1 0 0 0 0 0 0
0.05581524968147278 -2.008338212966919 31.544689178466797 -0.411293300482027 -0.9115030559348669 0 0 0 -1 0 0 0 0 0 0
0.3210168182849884 -2.2423813343048096 31.154926300048828 -0.8532959763029105 -0.5214268662288724 0 0 0 -1 0 0 0 0 0 0
0.4082951843738556 -2.5851471424102783 30.76516342163086 -0.9987567557007001 0.04984920202181818 0 0 0 -1 0 0 0 0 0 0
0.28731968998908997 -2.91752552986145 30.37540054321289 -0.7971292107916557 0.6038087621943493 0 0 0 -1 0 0 0 0 0 0
0.00013020732149016112 -3.1239960193634033 29.985637664794922 -0.3184820321674355 0.9479288977484023 0 0 0 -1 0 0 0 0 0 0
-0.3534655272960663 -3.1328117847442627 29.595874786376953 0.27084532483295887 0.9626228804761131 0 0 0 -1 0 0 0 0 0 0
-0.6505884528160095 -2.9409096240997314 29.206111907958984 0.7660455423077811 0.6427862997220595 0 0 0 -1 0 0 0 0 0 0
-0.7879785895347595 -2.614978075027466 28.816349029541016 0.9950312444858062 0.09956315833192446 0 0 0 -1 0 0 0 0 0 0
-0.7178911566734314 -2.2682831287384033 28.426586151123047 0.878218222015439 -0.47826013268935685 0 0 0 -1 0 0 0 0 0 0
-0.46468111872673035 -2.021315813064575 28.036823272705078 0.45620708053941955 -0.8898736425278028 0 0 0 -1 0 0 0 0 0 0
-0.11634775996208191 -1.959895372390747 27.64706039428711 -0.12435371331366324 -0.9922379523003055 0 0 0 -1 0 0 0 0 0 0
0.2060551941394806 -2.105372667312622 27.25729751586914 -0.6616878691748063 -0.7497794100846624 0 0 0 -1 0 0 0 0 0 0
0.3946576416492462 -2.4246513843536377 26.867534637451172 -0.9760291988583734 -0.21763961720211195 0 0 0 -1 0 0 0 0 0 0
0.37193921208381653 -2.762953996658325 26.477771759033203 -0.9381626394130083 0.34619483244210586 0 0 0 -1 0 0 0 0 0 0
0.16946271061897278 -3.0349228382110596 26.088008880615234 -0.6007034683171607 0.799471915173844 0 0 0 -1 0 0 0 0 0 0
-0.1481146514415741 -3.1537086963653564 25.698246002197266 -0.07140731317542735 0.9974472395194977 0 0 0 -1 0 0 0 0 0 0
-0.47937342524528503 -3.081374406814575 25.308483123779297 0.48068777730849677 0.87689181815445 0 0 0 -1 0 0 0 0 0 0
-0.7185282111167908 -2.841017961502075 24.918720245361328 0.8792832342847339 0.47629926926857463 0 0 0 -1 0 0 0 0 0 0
-0.789205014705658 -2.5094025135040283 24.52895736694336 0.9970776377541675 -0.07639492319892273 0 0 0 -1 0 0 0 0 0 0
-0.6688341498374939 -2.1924240589141846 24.13919448852539 0.7964620446425356 -0.6046885243196133 0 0 0 -1 0 0 0 0 0 0
-0.3958544433116913 -1.991309404373169 23.749431610107422 0.34149351544505585 -0.9398841305761991 0 0 0 -1 0 0 0 0 0 0
-0.05744311213493347 -1.970282793045044 23.359668731689453 -0.22252638906472008 -0.974926667072871 0 0 0 -1 0 0 0 0 0 0
0.20605328679084778 -2.1053688526153564 22.969905853271484 -0.6616823028826574 -0.749784322356705 0 0 0 -1 0 0 0 0 0 0
0.3911156952381134 -2.4096710681915283 22.580142974853516 -0.9701230276437437 -0.24261350175811805 0 0 0 -1 0 0 0 0 0 0
0.3710809051990509 -2.765265703201294 22.190380096435547 -0.9367333868697675 0.35004365716792285 0 0 0 -1 0 0 0 0 0 0
0.15300992131233215 -3.0468552112579346 21.800617218017578 -0.5732793518378374 0.819359984839624 0 0 0 -1 0 0 0 0 0 0
-0.18625971674919128 -3.155219316482544 21.41085433959961 -0.00783136902119344 0.9999693343594362 0 0 0 -1 0 0 0 0 0 0
-0.5271868109703064 -3.052180528640747 21.02109146118164 0.5603781285633178 0.8282368942687073 0 0 0 -1 0 0 0 0 0 0
-0.7496408820152283 -2.774043321609497 20.631328582763672 0.9311351285720658 0.36467433737388527 0 0 0 -1 0 0 0 0 0 0
-0.7752413153648376 -2.4188072681427 20.241565704345703 0.9738037850879803 -0.22738994733347997 0 0 0 -1 0 0 0 0 0 0
-0.5968603491783142 -2.1133759021759033 19.851802825927734 0.6765035709236632 -0.7364393515609633 0 0 0 -1 0 0 0 0 0 0
-0.25961825251579285 -1.9591820240020752 19.462039947509766 0.1144303397178613 -0.9934312745993327 0 0 0 -1 0 0 0 0 0 0
0.10384991765022278 -2.032660722732544 19.072277069091797 -0.49134966678511965 -0.8709624015709014 0 0 0 -1 0 0 0 0 0 0
0.3547101318836212 -2.305751085281372 18.682514190673828 -0.9094493829326162 -0.41581464606659047 0 0 0 -1 0 0 0 0 0 0
0.3971429169178009 -2.6741364002227783 18.29275131225586 -0.9801692370622764 0.19816222323327695 0 0 0 -1 0 0 0 0 0 0
0.21493962407112122 -2.997107744216919 17.90298843383789 -0.6764949848013029 0.736447238801725 0 0 0 -1 0 0 0 0 0 0
-0.12230440974235535 -3.1512978076934814 17.513225555419922 -0.11442480328963506 0.9934319123080999 0 0 0 -1 0 0 0 0 0 0
-0.48577257990837097 -3.077815294265747 17.123462677001953 0.4913539222600248 0.870960000849459 0 0 0 -1 0 0 0 0 0 0
-0.7366308569908142 -2.804724931716919 16.733699798583984 0.9094503377262647 0.41581255778244974 0 0 0 -1 0 0 0 0 0 0
-0.7790598273277283 -2.4363396167755127 16.343936920166016 0.980169233620261 -0.1981622402585069 0 0 0 -1 0 0 0 0 0 0
-0.6098913550376892 -2.125708818435669 15.954174041748047 0.6982188573034435 -0.715884367273007 0 0 0 -1 0 0 0 0 0 0
-0.3095678985118866 -1.967078447341919 15.564411163330078 0.19768017289326925 -0.9802665705025788 0 0 0 -1 0 0 0 0 0 0
0.02876332588493824 -1.9969170093536377 15.17464828491211 -0.3662035508482038 -0.9305347706271739 0 0 0 -1 0 0 0 0 0 0
0.29668667912483215 -2.205664873123169 14.78488540649414 -0.8127407101624303 -0.5826255556055435 0 0 0 -1 0 0 0 0 0 0
0.40834859013557434 -2.5264275074005127 14.395122528076172 -0.9988463560759812 -0.048020380607970696 0 0 0 -1 0 0 0 0 0 0
0.3279710114002228 -2.8564255237579346 14.005359649658203 -0.8648810289698741 0.5019768976038754 0 0 0 -1 0 0 0 0 0 0
0.08130696415901184 -3.0899078845977783 13.615596771240234 -0.45377627326911585 0.8911156455915206 0 0 0 -1 0 0 0 0 0 0
-0.25260111689567566 -3.152064561843872 13.225833892822266 0.10273359242726757 0.9947089066591231 0 0 0 -1 0 0 0 0 0 0
-0.5667566657066345 -3.022975206375122 12.836071014404297 0.6263245828200651 0.7795623881096826 0 0 0 -1 0 0 0 0 0 0
-0.7604917883872986 -2.7440025806427 12.446308135986328 0.9492238099042587 0.31460158726688553 0 0 0 -1 0 0 0 0 0 0
-0.7717260718345642 -2.4045441150665283 12.05654525756836 0.9679445803965695 -0.2511638693779596 0 0 0 -1 0 0 0 0 0 0
-0.5968603491783142 -2.1133759021759033 11.66678237915039 0.6765035709236632 -0.7364393515609633 0 0 0 -1 0 0 0 0 0 0
-0.19693896174430847 -1.955268144607544 11.277019500732422 0.00996864911101473 -0.9999503117829912 0 0 0 -1 0 0 0 0 0 0
0.13520100712776184 -2.051631212234497 10.887256622314453 -0.5435994385207985 -0.8393447744758247 0 0 0 -1 0 0 0 0 0 0
0.3589787781238556 -2.3153069019317627 10.497493743896484 -0.91656166060798 -0.3998933886719584 0 0 0 -1 0 0 0 0 0 0
0.4000535309314728 -2.6586945056915283 10.107730865478516 -0.9850227504958057 0.17242442114061945 0 0 0 -1 0 0 0 0 0 0
0.24477818608283997 -2.9677116870880127 9.717967987060547 -0.7262285795940066 0.687453307636869 0 0 0 -1 0 0 0 0 0 0
-0.055263012647628784 -3.13969349861145 9.328205108642578 -0.22616012405641905 0.9740901386867569 0 0 0 -1 0 0 0 0 0 0
-0.40038439631462097 -3.1175034046173096 8.93844223022461 0.3490409253164041 0.9371074818046584 0 0 0 -1 0 0 0 0 0 0
-0.6759294867515564 -2.908515214920044 8.54867935180664 0.8082812037957163 0.5887966504579892 0 0 0 -1 0 0 0 0 0 0
-0.7903551459312439 -2.5821564197540283 8.158916473388672 0.9989934528050708 0.04485622869348952 0 0 0 -1 0 0 0 0 0 0
-0.7056440711021423 -2.2468559741973877 7.769153594970703 0.8578060695533521 -0.5139734886523133 0 0 0 -1 0 0 0 0 0 0
-0.44993922114372253 -2.0140106678009033 7.379390716552734 0.4316361271003894 -0.9020478112504772 0 0 0 -1 0 0 0 0 0 0
-0.10819575190544128 -1.960974931716919 6.989627838134766 -0.13794047135633686 -0.9904405213651104 0 0 0 -1 0 0 0 0 0 0
0.20605328679084778 -2.1053688526153564 6.599864959716797 -0.6616823028826574 -0.749784322356705 0 0 0 -1 0 0 0 0 0 0
0.3904881775379181 -2.407183885574341 6.210102081298828 -0.9690780059200368 -0.246754571268792 0 0 0 -1 0 0 0 0 0 0
0.37078145146369934 -2.7660629749298096 5.820339202880859 -0.936237158905446 0.35136872695881566 0 0 0 -1 0 0 0 0 0 0
0.14950039982795715 -3.049292802810669 5.430576324462891 -0.567428914816499 0.8234223865247838 0 0 0 -1 0 0 0 0 0 0
-0.1939520537853241 -3.155230760574341 5.040813446044922 0.004987147386274227 0.999987564103148 0 0 0 -1 0 0 0 0 0 0
-0.5363306403160095 -3.0458710193634033 4.651050567626953 0.5756168751773356 0.8177195197688994 0 0 0 -1 0 0 0 0 0 0
-0.7547754645347595 -2.760451555252075 4.261287689208984 0.9396924771153822 0.3420205380569378 0 0 0 -1 0 0 0 0 0 0
-0.7709001898765564 -2.401393175125122 3.8715248107910156 0.9665698659419771 -0.25640338190614487 0 0 0 -1 0 0 0 0 0 0
-0.578917920589447 -2.097541093826294 3.481761932373047 0.64659906025943 -0.7628300303944658 0 0 0 -1 0 0 0 0 0 0
-0.24772021174430847 -1.9579308032989502 3.091999053955078 0.09459915549996692 -0.9955154442692955 0 0 0 -1 0 0 0 0 0 0
0.10384419560432434 -2.0326569080352783 2.7022361755371094 -0.4913363543640985 -0.8709699115814489 0 0 0 -1 0 0 0 0 0 0
0.3496232330799103 -2.294909715652466 2.3124732971191406 -0.900967314512621 -0.43388696474994026 0 0 0 -1 0 0 0 0 0 0
0.4014172852039337 -2.650580644607544 1.9227104187011719 -0.9872939501756097 0.15890454979842564 0 0 0 -1 0 0 0 0 0 0
0.24064305424690247 -2.972033739089966 1.5329475402832031 -0.7193380456696673 0.6946601874673282 0 0 0 -1 0 0 0 0 0 0
-0.07500788569450378 -3.143927812576294 1.1431846618652344 -0.1932532051028924 0.9811489177069196 0 0 0 -1 0 0 0 0 0 0
-0.4322676360607147 -3.1045753955841064 0.7534217834472656 0.40218093908538044 0.915560206778561 0 0 0 -1 0 0 0 0 0 0
-0.7029356360435486 -2.868098497390747 0.36365893483161926 0.8532924872035742 0.52143257596926 0 0 0 -1 0 0 0 0 0 0
-0.789885938167572 -2.519355058670044 -0.026103943586349487 0.9982103211377394 -0.05980095964189019 0 0 0 -1 0 0 0 0 0 0
-0.661916196346283 -2.183486223220825 -0.41586682200431824 0.7849295421774339 -0.6195850335645012 0 0 0 -1 0 0 0 0 0 0
-0.36494776606559753 -1.9810211658477783 -0.8056297302246094 0.2899798364949227 -0.9570327551481076 0 0 0 -1 0 0 0 0 0 0
-0.0055460622534155846 -1.9846069812774658 -1.1953926086425781 -0.30902569428232635 -0.9510536894798979 0 0 0 -1 0 0 0 0 0 0
0.2873215973377228 -2.192958116531372 -1.5851554870605469 -0.7971346109741895 -0.6038016329781062 0 0 0 -1 0 0 0 0 0 0
0.40856412053108215 -2.5313141345977783 -1.9749183654785156 -0.9992046823291284 -0.03987483932940019 0 0 0 -1 0 0 0 0 0 0
0.3146710693836212 -2.878253221511841 -2.3646812438964844 -0.8427179622974582 0.5383553064856144 0 0 0 -1 0 0 0 0 0 0
0.0393395721912384 -3.1092827320098877 -2.754444122314453 -0.38383132791972746 0.9234032227079233 0 0 0 -1 0 0 0 0 0 0
-0.3186354339122772 -3.141497850418091 -3.144207000732422 0.2127920206037442 0.9770975160992763 0 0 0 -1 0 0 0 0 0 0
-0.6307920813560486 -2.9633400440216064 -3.5339698791503906 0.7330541394071541 0.680170293895607 0 0 0 -1 0 0 0 0 0 0
-0.7851213812828064 -2.638739824295044 -3.9237327575683594 0.9902687089742517 0.13916854539179804 0 0 0 -1 0 0 0 0 0 0
-0.7262396216392517 -2.284175157546997 -4.313495635986328 0.8921334433322903 -0.45177197709471895 0 0 0 -1 0 0 0 0 0 0
-0.4752764403820038 -2.026881456375122 -4.703258514404297 0.47386763934077497 -0.8805960824268987 0 0 0 -1 0 0 0 0 0 0
-0.12228915095329285 -1.9591820240020752 -5.093021392822266 -0.11445248532413985 -0.9934287234639068 0 0 0 -1 0 0 0 0 0 0
0.2060551941394806 -2.105372667312622 -5.482784271240234 -0.6616878691748063 -0.7497794100846624 0 0 0 -1 0 0 0 0 0 0
0.3946576416492462 -2.4246513843536377 -5.872547149658203 -0.9760291988583734 -0.21763961720211195 0 0 0 -1 0 0 0 0 0 0
0.36756375432014465 -2.7744476795196533 -6.262310028076172 -0.9308712464247785 0.36534739985331677 0 0 0 -1 0 0 0 0 0 0
0.14949467778205872 -3.0492966175079346 -6.652072906494141 -0.5674198690288248 0.8234286199976967 0 0 0 -1 0 0 0 0 0 0
-0.18498370051383972 -3.155207872390747 -7.041835784912109 -0.009957542299733552 0.9999504224467077 0 0 0 -1 0 0 0 0 0 0
-0.5215067267417908 -3.055976152420044 -7.431598663330078 0.5509181104825494 0.8345593061864072 0 0 0 -1 0 0 0 0 0 0
-0.7450041174888611 -2.785529375076294 -7.821357727050781 0.9234100010507112 0.3838150204975381 0 0 0 -1 0 0 0 0 0 0
-0.7790598273277283 -2.4363396167755127 -8.21112060546875 0.980169233620261 -0.1981622402585069 0 0 0 -1 0 0 0 0 0 0
-0.6098913550376892 -2.125708818435669 -8.600883483886719 0.6982188573034435 -0.715884367273007 0 0 0 -1 0 0 0 0 0 0
-0.3095678985118866 -1.967078447341919 -8.990646362304688 0.19768017289326925 -0.9802665705025788 0 0 0 -1 0 0 0 0 0 0
0.02876332588493824 -1.9969170093536377 -9.380409240722656 -0.3662035508482038 -0.9305347706271739 0 0 0 -1 0 0 0 0 0 0
0.29668667912483215 -2.205664873123169 -9.770172119140625 -0.8127407101624303 -0.5826255556055435 0 0 0 -1 0 0 0 0 0 0
0.40834859013557434 -2.5264275074005127 -10.159934997558594 -0.9988463560759812 -0.048020380607970696 0 0 0 -1 0 0 0 0 0 0
0.3279710114002228 -2.8564255237579346 -10.549697875976562 -0.8648810289698741 0.5019768976038754 0 0 0 -1 0 0 0 0 0 0
0.08130696415901184 -3.0899078845977783 -10.939460754394531 -0.45377627326911585 0.8911156455915206 0 0 0 -1 0 0 0 0 0 0
-0.25260111689567566 -3.152064561843872 -11.3292236328125 0.10273359242726757 0.9947089066591231 0 0 0 -1 0 0 0 0 0 0
-0.5667566657066345 -3.022975206375122 -11.718986511230469 0.6263245828200651 0.7795623881096826 0 0 0 -1 0 0 0 0 0 0
-0.7604917883872986 -2.7440025806427 -12.108749389648438 0.9492238099042587 0.31460158726688553 0 0 0 -1 0 0 0 0 0 0
-0.7717260718345642 -2.4045441150665283 -12.498512268066406 0.9679445803965695 -0.2511638693779596 0 0 0 -1 0 0 0 0 0 0
-0.5968603491783142 -2.1133759021759033 -12.888275146484375 0.6765035709236632 -0.7364393515609633 0 0 0 -1 0 0 0 0 0 0
-0.19693896174430847 -1.955268144607544 -13.278038024902344 0.00996864911101473 -0.9999503117829912 0 0 0 -1 0 0 0 0 0 0
0.1495061218738556 -2.0611908435821533 -13.667800903320312 -0.56744176419577 -0.8234135317362669 0 0 0 -1 0 0 0 0 0 0
0.3718285858631134 -2.347224473953247 -14.057563781738281 -0.9379799846783887 -0.34668941192763497 0 0 0 -1 0 0 0 0 0 0
0.3889794647693634 -2.7090904712677 -14.44732666015625 -0.9665667222244707 0.25641523255891596 0 0 0 -1 0 0 0 0 0 0
0.19470646977424622 -3.0148727893829346 -14.837089538574219 -0.6427741446822052 0.766055741397491 0 0 0 -1 0 0 0 0 0 0
-0.1401648223400116 -3.1530869007110596 -15.226852416992188 -0.08465822184342268 0.9964100488625705 0 0 0 -1 0 0 0 0 0 0
-0.4935564696788788 -3.0733482837677 -15.616615295410156 0.504329972766778 0.8635110182094151 0 0 0 -1 0 0 0 0 0 0
-0.7366308569908142 -2.804724931716919 -16.006378173828125 0.9094503377262647 0.41581255778244974 0 0 0 -1 0 0 0 0 0 0
-0.7807726263999939 -2.4451515674591064 -16.396141052246094 0.9830240773929605 -0.18347660141205643 0 0 0 -1 0 0 0 0 0 0
-0.6098913550376892 -2.125708818435669 -16.785903930664062 0.6982188573034435 -0.715884367273007 0 0 0 -1 0 0 0 0 0 0
-0.3534540832042694 -1.9776604175567627 -17.17566680908203 0.27082387956667925 -0.9626289140974589 0 0 0 -1 0 0 0 0 0 0
-0.005540340207517147 -1.9846069812774658 -17.5654296875 -0.30902747092504096 -0.9510531121938841 0 0 0 -1 0 0 0 0 0 0
0.2800031006336212 -2.1834938526153564 -17.95519256591797 -0.7849371847526622 -0.6195753513436157 0 0 0 -1 0 0 0 0 0 0
0.40713170170783997 -2.5074265003204346 -18.344955444335938 -0.9968202710723101 -0.07968279098604926 0 0 0 -1 0 0 0 0 0 0
0.3330827057361603 -2.847438097000122 -18.734718322753906 -0.8734012733101408 0.48700124823271707 0 0 0 -1 0 0 0 0 0 0
0.08276227116584778 -3.0891640186309814 -19.124481201171875 -0.4562025257262804 0.8898759776064091 0 0 0 -1 0 0 0 0 0 0
-0.2596277892589569 -3.1512978076934814 -19.514244079589844 0.11444567332490477 0.9934295082476711 0 0 0 -1 0 0 0 0 0 0
-0.5789217352867126 -3.012934923171997 -19.904006958007812 0.6466023246787916 0.7628272633565102 0 0 0 -1 0 0 0 0 0 0
-0.7677168250083923 -2.720618486404419 -20.29376983642578 0.9612627031118585 0.2756338433612301 0 0 0 -1 0 0 0 0 0 0
-0.7752413153648376 -2.4188072681427 -20.68353271484375 0.9738037850879803 -0.22738994733347997 0 0 0 -1 0 0 0 0 0 0
-0.5958933234214783 -2.1124870777130127 -21.07329559326172 0.6748909301356317 -0.7379174970284019 0 0 0 -1 0 0 0 0 0 0
-0.27481982111930847 -1.961127519607544 -21.463058471679688 0.13976950626271925 -0.9901840662821614 0 0 0 -1 0 0 0 0 0 0
0.07560399174690247 -2.0177032947540283 -21.852821350097656 -0.4442716218297767 -0.8958921397337627 0 0 0 -1 0 0 0 0 0 0
0.3327317535877228 -2.2624123096466064 -22.242584228515625 -0.8728184579216853 -0.48804501791454796 0 0 0 -1 0 0 0 0 0 0
0.4065728485584259 -2.609606981277466 -22.632347106933594 -0.9958864442974447 0.09061009913134671 0 0 0 -1 0 0 0 0 0 0
0.27128079533576965 -2.9377739429473877 -23.022109985351562 -0.7704009710288482 0.6375596786480524 0 0 0 -1 0 0 0 0 0 0
-0.025790659710764885 -3.132056474685669 -23.41187286376953 -0.27528196743894684 0.9613635308263689 0 0 0 -1 0 0 0 0 0 0
-0.3806719481945038 -3.124457597732544 -23.8016357421875 0.31618905765613825 0.9486961999599888 0 0 0 -1 0 0 0 0 0 0
-0.6691526770591736 -2.9176361560821533 -24.19139862060547 0.796986224415057 0.603997481859513 0 0 0 -1 0 0 0 0 0 0
-0.7902712225914001 -2.5839760303497314 -24.581161499023438 0.9988522937474793 0.0478967146618562 0 0 0 -1 0 0 0 0 0 0
-0.7016329169273376 -2.240260362625122 -24.970924377441406 0.8511208407681389 -0.5249698223804263 0 0 0 -1 0 0 0 0 0 0
-0.4342646300792694 -2.0067856311798096 -25.360687255859375 0.405508042007569 -0.9140914767501049 0 0 0 -1 0 0 0 0 0 0
-0.0817389190196991 -1.9652626514434814 -25.750450134277344 -0.1820336153625192 -0.9832923079522439 0 0 0 -1 0 0 0 0 0 0
0.2325597107410431 -2.1302292346954346 -26.140213012695312 -0.7058603046688942 -0.7083510642984424 0 0 0 -1 0 0 0 0 0 0
0.39862874150276184 -2.443946123123169 -26.52997589111328 -0.9826471487772251 -0.18548471904712252 0 0 0 -1 0 0 0 0 0 0
0.35834744572639465 -2.7966148853302 -26.91973876953125 -0.9155107200574395 0.4022935762100964 0 0 0 -1 0 0 0 0 0 0
0.12581303715705872 -3.0648033618927 -27.30950164794922 -0.5279531495190432 0.8492734965327263 0 0 0 -1 0 0 0 0 0 0
-0.2175898253917694 -3.1546471118927 -27.699264526367188 0.04438518581842758 0.9990144920269491 0 0 0 -1 0 0 0 0 0 0
-0.5516714453697205 -3.0347015857696533 -28.089027404785156 0.6011894743906824 0.7991065109745104 0 0 0 -1 0 0 0 0 0 0
-0.7595075964927673 -2.7469513416290283 -28.478790283203125 0.9475780287310948 0.31952445832219567 0 0 0 -1 0 0 0 0 0 0
-0.7683538794517517 -2.3921005725860596 -28.868553161621094 0.9623259273526098 -0.27189852803010806 0 0 0 -1 0 0 0 0 0 0
-0.5751165747642517 -2.0943443775177 -29.258316040039062 0.6402626985042555 -0.7681560238024883 0 0 0 -1 0 0 0 0 0 0
-0.24742838740348816 -1.9579041004180908 -29.64807891845703 0.09411678655006218 -0.9955611636104987 0 0 0 -1 0 0 0 0 0 0
0.10002568364143372 -2.0305206775665283 -30.037841796875 -0.4849754844252244 -0.8745277465618337 0 0 0 -1 0 0 0 0 0 0
0.34563687443733215 -2.28678822517395 -30.42760467529297 -0.8943250687435723 -0.44741778173962243 0 0 0 -1 0 0 0 0 0 0
0.4034428894519806 -2.637011766433716 -30.817367553710938 -0.9906696111460598 0.13628544145180993 0 0 0 -1 0 0 0 0 0 0
0.25321248173713684 -2.958613634109497 -31.207130432128906 -0.7402902716884207 0.6722873743002202 0 0 0 -1 0 0 0 0 0 0
-0.05247446894645691 -3.1390373706817627 -31.596893310546875 -0.2308071706939636 0.9729995117965102 0 0 0 -1 0 0 0 0 0 0
-0.4066309630870819 -3.115138292312622 -31.986656188964844 0.35945569484699025 0.9331621528127184 0 0 0 -1 0 0 0 0 0 0
-0.685302197933197 -2.8952744007110596 -32.37641906738281 0.8239050337304241 0.5667278847856958 0 0 0 -1 0 0 0 0 0 0
-0.7909578680992126 -2.556403398513794 -32.76618194580078 0.9999981162511866 0.0019410033689993614 0 0 0 -1 0 0 0 0 0 0
-0.6866182684898376 -2.2171242237091064 -33.15594482421875 0.8261016067544206 -0.5635211933173097 0 0 0 -1 0 0 0 0 0 0
-0.40880152583122253 -1.996180772781372 -33.54570770263672 0.36306936958388664 -0.9317621117377327 0 0 0 -1 0 0 0 0 0 0
-0.05474039912223816 -1.9709045886993408 -33.93547058105469 -0.22702957241414784 -0.9738878648229731 0 0 0 -1 0 0 0 0 0 0
0.25164273381233215 -2.150141954421997 -34.325233459472656 -0.7376655235726367 -0.675166331604522 0 0 0 -1 0 0 0 0 0 0
0.4031205475330353 -2.4711601734161377 -34.714996337890625 -0.990132547576408 -0.14013400097710849 0 0 0 -1 0 0 0 0 0 0
0.34667447209358215 -2.8216049671173096 -35.104759216308594 -0.8960559262294867 0.4439411864977347 0 0 0 -1 0 0 0 0 0 0
0.10205891728401184 -3.078822374343872 -35.49452209472656 -0.48836317069300134 0.872640483538713 0 0 0 -1 0 0 0 0 0 0
-0.24510905146598816 -3.152789354324341 -35.88428497314453 0.09025147863225533 0.9959190080547171 0 0 0 -1 0 0 0 0 0 0
-0.5733255743980408 -3.0176193714141846 -36.2740478515625 0.6372773779634714 0.7706345071017796 0 0 0 -1 0 0 0 0 0 0
-0.7677168250083923 -2.720618486404419 -36.66381072998047 0.9612627031118585 0.2756338433612301 0 0 0 -1 0 0 0 0 0 0
-0.7752413153648376 -2.4188072681427 -37.05357360839844 0.9738037850879803 -0.22738994733347997 0 0 0 -1 0 0 0 0 0 0
-0.5905775427818298 -2.107684373855591 -37.443336486816406 0.6660268684551272 -0.7459277515254789 0 0 0 -1 0 0 0 0 0 0
-0.26061007380485535 -1.959296464920044 -37.833099365234375 0.11608510618853267 -0.9932392703277477 0 0 0 -1 0 0 0 0 0 0
0.0946832001209259 -2.027594804763794 -38.222862243652344 -0.47606735512929765 -0.8794088203902637 0 0 0 -1 0 0 0 0 0 0
0.3461156189441681 -2.2877495288848877 -38.61262512207031 -0.895125086263704 -0.44581507370365664 0 0 0 -1 0 0 0 0 0 0
0.40226414799690247 -2.6451637744903564 -39.00238800048828 -0.9887053549033616 0.14987234963600787 0 0 0 -1 0 0 0 0 0 0
0.24271252751350403 -2.9698822498321533 -39.39215087890625 -0.7227824356649543 0.6910756475916627 0 0 0 -1 0 0 0 0 0 0
-0.07452341914176941 -3.1438324451446533 -39.78190994262695 -0.19406270367315867 0.9809891268730065 0 0 0 -1 0 0 0 0 0 0
-0.4340967833995819 -3.103766679763794 -40.17167282104492 0.40522790643157225 0.9142156987544487 0 0 0 -1 0 0 0 0 0 0
-0.7052626013755798 -2.8642570972442627 -40.56143569946289 0.8571729757226085 0.5150286299720126 0 0 0 -1 0 0 0 0 0 0
-0.7894262671470642 -2.5123817920684814 -40.95119857788086 0.9974459830192752 -0.07142486232896642 0 0 0 -1 0 0 0 0 0 0
-0.6559843420982361 -2.176093339920044 -41.34096145629883 0.7750458735056738 -0.6319049722559772 0 0 0 -1 0 0 0 0 0 0
-0.3534540832042694 -1.9776604175567627 -41.7307243347168 0.27082387956667925 -0.9626289140974589 0 0 0 -1 0 0 0 0 0 0
-0.05744311213493347 -1.970282793045044 -42.120487213134766 -0.22252638906472008 -0.974926667072871 0 0 0 -1 0 0 0 0 0 0
0.2490411102771759 -2.1473190784454346 -42.510250091552734 -0.7333349225969846 -0.6798675542336716 0 0 0 -1 0 0 0 0 0 0
0.40241292119026184 -2.4663002490997314 -42.9000129699707 -0.988952271421669 -0.148234290398415 0 0 0 -1 0 0 0 0 0 0
0.3493027985095978 -2.8162338733673096 -43.28977584838867 -0.9004364866287999 0.4349875096454872 0 0 0 -1 0 0 0 0 0 0
0.10819104313850403 -3.075343370437622 -43.67953872680664 -0.49858916686749916 0.8668384178625063 0 0 0 -1 0 0 0 0 0 0
-0.23701998591423035 -3.153468370437622 -44.06930160522461 0.0767707136070004 0.9970487738983845 0 0 0 -1 0 0 0 0 0 0
-0.5662016272544861 -3.0234215259552 -44.45906448364258 0.6254000722236204 0.7803042673615788 0 0 0 -1 0 0 0 0 0 0
-0.7648062109947205 -2.7304527759552 -44.84882736206055 0.9564104217526949 0.29202586385940604 0 0 0 -1 0 0 0 0 0 0
-0.763722836971283 -2.3765175342559814 -45.238590240478516 0.9546058572273917 -0.29787188075942417 0 0 0 -1 0 0 0 0 0 0
-0.5633291602134705 -2.0847694873809814 -45.628353118896484 0.620613225246269 -0.7841168437480628 0 0 0 -1 0 0 0 0 0 0
-0.23335787653923035 -1.9567406177520752 -46.01811599731445 0.07066737169269428 -0.9974999361293446 0 0 0 -1 0 0 0 0 0 0
0.11136868596076965 -2.036975145339966 -46.40787887573242 -0.5038828846542568 -0.8637719829633888 0 0 0 -1 0 0 0 0 0 0
0.3508897125720978 -2.2975571155548096 -46.79764175415039 -0.9030827177016687 -0.4294666517770245 0 0 0 -1 0 0 0 0 0 0
0.4018578827381134 -2.6478073596954346 -47.18740463256836 -0.9880268960392922 0.1542817315917911 0 0 0 -1 0 0 0 0 0 0
0.2465367615222931 -2.965846300125122 -47.57716751098633 -0.7291600904567772 0.6843431613489424 0 0 0 -1 0 0 0 0 0 0
-0.06102511286735535 -3.1410019397735596 -47.9669303894043 -0.2165568262883917 0.9762700143853129 0 0 0 -1 0 0 0 0 0 0
-0.4138006865978241 -3.112323045730591 -48.356693267822266 0.37139938126013916 0.9284732088755095 0 0 0 -1 0 0 0 0 0 0
-0.6890310645103455 -2.889788866043091 -48.746456146240234 0.8301189103922969 0.5575864010259806 0 0 0 -1 0 0 0 0 0 0
-0.7909426093101501 -2.550837755203247 -49.1362190246582 0.9999730788049221 -0.007337688014946247 0 0 0 -1 0 0 0 0 0 0
-0.684071958065033 -2.2134201526641846 -49.52598190307617 0.8218519258431343 -0.5697011602480123 0 0 0 -1 0 0 0 0 0 0
-0.4056048095226288 -1.9949486255645752 -49.91574478149414 0.35774198822862535 -0.9338204698218123 0 0 0 -1 0 0 0 0 0 0
-0.052447766065597534 -1.9714462757110596 -50.30550765991211 -0.23085217837489258 -0.9729888343344784 0 0 0 -1 0 0 0 0 0 0
0.25251248478889465 -2.1510918140411377 -50.69527053833008 -0.7391140362417611 -0.6735803155009895 0 0 0 -1 0 0 0 0 0 0
0.4031510651111603 -2.4713776111602783 -51.08503341674805 -0.9901848426574419 -0.1397640059938785 0 0 0 -1 0 0 0 0 0 0
0.34705212712287903 -2.8208420276641846 -51.474796295166016 -0.8966831933088725 0.44267284854325933 0 0 0 -1 0 0 0 0 0 0
0.10373356938362122 -3.0778839588165283 -51.864559173583984 -0.4911526978814394 0.8710734913678544 0 0 0 -1 0 0 0 0 0 0
-0.24213168025016785 -3.153052568435669 -52.25432205200195 0.08528673868596744 0.9963564483679079 0 0 0 -1 0 0 0 0 0 0
-0.570189893245697 -3.0201942920684814 -52.64408493041992 0.6320529249070617 0.7749252222740128 0 0 0 -1 0 0 0 0 0 0
-0.7662824988365173 -2.725543260574341 -53.03384780883789 0.9588730022059968 0.28383545522090486 0 0 0 -1 0 0 0 0 0 0
-0.7621740698814392 -2.37162709236145 -53.42361068725586 0.9520258680926651 -0.3060175591079823 0 0 0 -1 0 0 0 0 0 0
-0.5592932105064392 -2.0816032886505127 -53.81337356567383 0.6138889040207227 -0.7893924331536475 0 0 0 -1 0 0 0 0 0 0
-0.2282404601573944 -1.956397294998169 -54.2031364440918 0.062134507593267205 -0.9980677847551951 0 0 0 -1 0 0 0 0 0 0
0.1157861053943634 -2.039576768875122 -54.592899322509766 -0.5112408295589785 -0.8594374987117139 0 0 0 -1 0 0 0 0 0 0
0.3530717194080353 -2.3021957874298096 -54.982662200927734 -0.9067184179495736 -0.4217365416359157 0 0 0 -1 0 0 0 0 0 0
0.40104344487190247 -2.652869462966919 -55.3724250793457 -0.9866723805680948 0.16271943161186567 0 0 0 -1 0 0 0 0 0 0
0.24301007390022278 -2.969569444656372 -55.76218795776367 -0.7232840906506406 0.6905505949687365 0 0 0 -1 0 0 0 0 0 0
-0.06603571772575378 -3.1420891284942627 -56.15195083618164 -0.20820561856121644 0.9780850783032841 0 0 0 -1 0 0 0 0 0 0
-0.41855379939079285 -3.11039662361145 -56.54171371459961 0.3793256184094682 0.9252632464430188 0 0 0 -1 0 0 0 0 0 0
-0.6918730139732361 -2.8855202198028564 -56.93147659301758 0.8348548228788094 0.550470185129033 0 0 0 -1 0 0 0 0 0 0
-0.790883481502533 -2.545710802078247 -57.32123947143555 0.99987396973101 -0.015875914283950507 0 0 0 -1 0 0 0 0 0 0
-0.6811308264732361 -2.209216356277466 -57.711002349853516 0.8169525978111226 -0.5767048230504566 0 0 0 -1 0 0 0 0 0 0
-0.40080973505973816 -1.9931328296661377 -58.100765228271484 0.3497508830982076 -0.9368427401501407 0 0 0 -1 0 0 0 0 0 0
-0.04746195673942566 -1.972651720046997 -58.49052810668945 -0.23916560085333918 -0.9709787924401135 0 0 0 -1 0 0 0 0 0 0
0.2559495270252228 -2.1548988819122314 -58.88029098510742 -0.7448472416299772 -0.6672350310319551 0 0 0 -1 0 0 0 0 0 0
0.40384534001350403 -2.476458787918091 -59.27005386352539 -0.9913420774540002 -0.13130455235515195 0 0 0 -1 0 0 0 0 0 0
0.3447614014148712 -2.8254311084747314 -59.65981674194336 -0.8928656101079256 0.45032321979507306 0 0 0 -1 0 0 0 0 0 0
0.09925702214241028 -3.0803825855255127 -60.04957962036133 -0.48369267088826856 0.8752379105871574 0 0 0 -1 0 0 0 0 0 0
-0.24723955988883972 -3.152594804763794 -60.4393424987793 0.09380225931654287 0.9955908477618262 0 0 0 -1 0 0 0 0 0 0
-0.5741495490074158 -3.0169365406036377 -60.829105377197266 0.6386546233377051 0.7694935165999607 0 0 0 -1 0 0 0 0 0 0
-0.7677168250083923 -2.720618486404419 -61.218868255615234 0.9612627031118585 0.2756338433612301 0 0 0 -1 0 0 0 0 0 0
-0.7752413153648376 -2.4188072681427 -61.6086311340332 0.9738037850879803 -0.22738994733347997 0 0 0 -1 0 0 0 0 0 0
-0.5978044867515564 -2.114245653152466 -61.99839401245117 0.6780749912681142 -0.7349927252815137 0 0 0 -1 0 0 0 0 0 0
-0.27995821833610535 -1.9618752002716064 -62.38815689086914 0.14833002875191562 -0.9889379164388713 0 0 0 -1 0 0 0 0 0 0
0.06860402226448059 -2.014289140701294 -62.77791976928711 -0.4326046772502696 -0.901583713928546 0 0 0 -1 0 0 0 0 0 0
0.32758572697639465 -2.253394365310669 -63.16768264770508 -0.8642452830696543 -0.5030706617284031 0 0 0 -1 0 0 0 0 0 0
0.4076085388660431 -2.5966713428497314 -63.55744552612305 -0.997612689427618 0.06905738116229913 0 0 0 -1 0 0 0 0 0 0
0.2810559570789337 -2.925647020339966 -63.947208404541016 -0.7866938941162428 0.6173432731958953 0 0 0 -1 0 0 0 0 0 0
-0.008399455808103085 -3.1267921924591064 -64.33697509765625 -0.30426721688453845 0.9525867208445314 0 0 0 -1 0 0 0 0 0 0
-0.36085841059684753 -3.130683183670044 -64.72673797607422 0.2831681348291808 0.9590702828350814 0 0 0 -1 0 0 0 0 0 0
-0.6546816229820251 -2.9359772205352783 -65.11650085449219 0.7728698681547148 0.6345645490401379 0 0 0 -1 0 0 0 0 0 0
-0.7884668707847595 -2.6098740100860596 -65.50626373291016 0.9958455228165373 0.09105874305225889 0 0 0 -1 0 0 0 0 0 0
-0.7160410284996033 -2.2649147510528564 -65.89602661132812 0.8751382497317818 -0.4838729625184625 0 0 0 -1 0 0 0 0 0 0
-0.4623999297618866 -2.0201523303985596 -66.2857894897461 0.45240303766505197 -0.8918135968415337 0 0 0 -1 0 0 0 0 0 0
-0.11508128046989441 -1.9600555896759033 -66.67555236816406 -0.12646194389314958 -0.9919714596432531 0 0 0 -1 0 0 0 0 0 0
0.20605328679084778 -2.1053688526153564 -67.06531524658203 -0.6616823028826574 -0.749784322356705 0 0 0 -1 0 0 0 0 0 0
0.3904881775379181 -2.407183885574341 -67.455078125 -0.9690780059200368 -0.246754571268792 0 0 0 -1 0 0 0 0 0 0
0.3657975494861603 -2.7788918018341064 -67.84484100341797 -0.9279301768730629 0.3727540567831905 0 0 0 -1 0 0 0 0 0 0
0.12648442387580872 -3.0643837451934814 -68.23460388183594 -0.5290748207517758 0.8485751787829268 0 0 0 -1 0 0 0 0 0 0
-0.23520228266716003 -3.1536056995391846 -68.6243667602539 0.07374170892531569 0.9972773738357719 0 0 0 -1 0 0 0 0 0 0
-0.5798315405845642 -3.012160539627075 -69.01412963867188 0.648118855578907 0.7615391973123169 0 0 0 -1 0 0 0 0 0 0
-0.774556577205658 -2.694575548171997 -69.40389251708984 0.9726621044926405 0.2322249566346125 0 0 0 -1 0 0 0 0 0 0
-0.7443079352378845 -2.323279619216919 -69.79365539550781 0.9222485716960713 -0.38659742886438936 0 0 0 -1 0 0 0 0 0 0
-0.5007490515708923 -2.041400194168091 -70.18341827392578 0.5163177238487767 -0.8563971088459013 0 0 0 -1 0 0 0 0 0 0
-0.13776728510856628 -1.9576027393341064 -70.57318115234375 -0.08865246772903096 -0.9960626184962235 0 0 0 -1 0 0 0 0 0 0
0.20470669865608215 -2.1041862964630127 -70.96294403076172 -0.6594437665726227 -0.7517538950537684 0 0 0 -1 0 0 0 0 0 0
0.3946576416492462 -2.4246513843536377 -71.35270690917969 -0.9760291988583734 -0.21763961720211195 0 0 0 -1 0 0 0 0 0 0
0.37285664677619934 -2.760451555252075 -71.74246215820312 -0.93969248736894 0.3420205098855549 0 0 0 -1 0 0 0 0 0 0
1.4535908699035645 -1.0750267505645752 -71.74246215820312 0.93969248736894 -0.3420205098855549 0 0 0 1 0 0 0 0 0 0
1.4239583015441895 -1.3686745166778564 -71.35270690917969 0.989078105256376 0.147392339361507 0 0 0 1 0 0 0 0 0 0
1.5657086372375488 -1.6751701831817627 -70.99837493896484 0.7528303231181256 0.6582146341383323 0 0 0 1 0 0 0 0 0 0
1.850536823272705 -1.8565666675567627 -70.64404296875 0.27811583100528353 0.96054754413524 0 0 0 1 0 0 0 0 0 0
2.1882214546203613 -1.8554108142852783 -70.28971099853516 -0.28468802443804864 0.9586202213293653 0 0 0 1 0 0 0 0 0 0
2.4717984199523926 -1.672065019607544 -69.93538665771484 -0.7573200282673224 0.6530439302108105 0 0 0 1 0 0 0 0 0 0
2.611443042755127 -1.3646042346954346 -69.5810546875 -0.9900656191375523 0.14060608024468577 0 0 0 1 0 0 0 0 0 0
2.5629239082336426 -1.030421495437622 -69.22672271728516 -0.9091986395714994 -0.4163626229638474 0 0 0 1 0 0 0 0 0 0
2.341606616973877 -0.7753708958625793 -68.87239074707031 -0.5403340047060893 -0.8414506303748781 0 0 0 1 0 0 0 0 0 0
2.0175976753234863 -0.6802399754524231 -68.51806640625 -0.00031415143810589616 -0.9999999506544357 0 0 0 1 0 0 0 0 0 0
1.6935276985168457 -0.77516108751297 -68.16373443603516 0.5397972939932936 -0.8417950352654247 0 0 0 1 0 0 0 0 0 0
1.4720463752746582 -1.0300705432891846 -67.80940246582031 0.9089309121538394 -0.4169467555110475 0 0 0 1 0 0 0 0 0 0
1.4233136177062988 -1.364222764968872 -67.455078125 0.9901546602976221 0.13997767211559228 0 0 0 1 0 0 0 0 0 0
1.5580906867980957 -1.6662819385528564 -67.06531524658203 0.7655235922628122 0.6434078253246845 0 0 0 1 0 0 0 0 0 0
1.8303227424621582 -1.8503258228302002 -66.69990539550781 0.31180824383285094 0.9501450515988984 0 0 0 1 0 0 0 0 0 0
2.1586689949035645 -1.8633720874786377 -66.33450317382812 -0.2354356083753761 0.9718899496902499 0 0 0 1 0 0 0 0 0 0
2.444645404815674 -1.7015068531036377 -65.96910095214844 -0.7120651801550586 0.7021133663524315 0 0 0 1 0 0 0 0 0 0
2.602470874786377 -1.4132797718048096 -65.60369873046875 -0.9751073903243123 0.22173312187156266 0 0 0 1 0 0 0 0 0 0
2.584801197052002 -1.0851471424102783 -65.23829650878906 -0.9456635303993787 -0.32514687031030054 0 0 0 1 0 0 0 0 0 0
2.396942615509033 -0.8155320286750793 -64.87289428710938 -0.6325661783001788 -0.7745063137707184 0 0 0 1 0 0 0 0 0 0
2.095238208770752 -0.6853097081184387 -64.50749206542969 -0.12972195906463874 -0.9915504088731103 0 0 0 1 0 0 0 0 0 0
1.7701878547668457 -0.73353511095047 -64.14208984375 0.4120304440832481 -0.9111700791556763 0 0 0 1 0 0 0 0 0 0
1.5192914009094238 -0.9457505345344543 -63.77668762207031 0.8301884243406511 -0.557482896680057 0 0 0 1 0 0 0 0 0 0
1.417809009552002 -1.2582924365997314 -63.411285400390625 0.9993308615642921 -0.03657634652572267 0 0 0 1 0 0 0 0 0 0
1.4961743354797363 -1.577418565750122 -63.04588317871094 0.8687239753003442 0.4952965321283475 0 0 0 1 0 0 0 0 0 0
1.7308850288391113 -1.8074066638946533 -62.68048095703125 0.4775325259950648 0.8786140714880298 0 0 0 1 0 0 0 0 0 0
2.051537036895752 -1.879267930984497 -62.3150749206543 -0.056883640291132874 0.998380814853345 0 0 0 1 0 0 0 0 0 0
2.3619542121887207 -1.771449327468872 -61.94967269897461 -0.5742429397728117 0.8186849492454827 0 0 0 1 0 0 0 0 0 0
2.5690197944641113 -1.5162880420684814 -61.58427047729492 -0.9193625153899001 0.3934114453037119 0 0 0 1 0 0 0 0 0 0
2.610630512237549 -1.1903259754180908 -61.218868255615234 -0.9887071433587226 -0.14986055075113713 0 0 0 1 0 0 0 0 0 0
2.495392322540283 -0.9175675511360168 -60.829105377197266 -0.796643290167393 -0.604449723493419 0 0 0 1 0 0 0 0 0 0
2.236156940460205 -0.7215378880500793 -60.47831726074219 -0.3645851149346906 -0.9311700671564023 0 0 0 1 0 0 0 0 0 0
1.9127354621887207 -0.6894410252571106 -60.127532958984375 0.1744554573348057 -0.9846650666120454 0 0 0 1 0 0 0 0 0 0
1.6200261116027832 -0.8306954503059387 -59.7767448425293 0.6622986741474775 -0.7492399256730071 0 0 0 1 0 0 0 0 0 0
1.4439167976379395 -1.1038544178009033 -59.425960540771484 0.9558124795137509 -0.2939770467328627 0 0 0 1 0 0 0 0 0 0
1.4360814094543457 -1.428767442703247 -59.075172424316406 0.968874896383352 0.2475508738787827 0 0 0 1 0 0 0 0 0 0
1.5988163948059082 -1.7101013660430908 -58.72438430786133 0.6976535122755304 0.7164353263272382 0 0 0 1 0 0 0 0 0 0
1.8843731880187988 -1.8653061389923096 -58.373600006103516 0.22172245384182743 0.9751098161039907 0 0 0 1 0 0 0 0 0 0
2.2089619636535645 -1.8488380908966064 -58.02281188964844 -0.3192588569056033 0.947667548398344 0 0 0 1 0 0 0 0 0 0
2.477348804473877 -1.665534257888794 -57.672027587890625 -0.7665725754756421 0.6421576804248634 0 0 0 1 0 0 0 0 0 0
2.6107754707336426 -1.369178056716919 -57.32123947143555 -0.988952148153459 0.1482351127859355 0 0 0 1 0 0 0 0 0 0
2.570099353790283 -1.0467255115509033 -56.970455169677734 -0.9211582268247627 -0.38918828496379343 0 0 0 1 0 0 0 0 0 0
2.367252826690674 -0.7927888035774231 -56.619667053222656 -0.5830760628075847 -0.8124175681143322 0 0 0 1 0 0 0 0 0 0
2.0617527961730957 -0.6818802952766418 -56.26887893676758 -0.07391550577293712 -0.9972645075436761 0 0 0 1 0 0 0 0 0 0
1.7432408332824707 -0.7465432286262512 -55.918094635009766 0.45694824681196955 -0.8894932825690519 0 0 0 1 0 0 0 0 0 0
1.5051732063293457 -0.9677994847297668 -55.56730651855469 0.8537211952192664 -0.5207303724898203 0 0 0 1 0 0 0 0 0 0
1.4174046516418457 -1.2807343006134033 -55.21651840209961 0.9999996553366131 0.0008302569813967325 0 0 0 1 0 0 0 0 0 0
1.505688190460205 -1.5935242176055908 -54.8657341003418 0.8528602769363299 0.5221392036843112 0 0 0 1 0 0 0 0 0 0
1.74412202835083 -1.814387559890747 -54.51494598388672 0.4554745635590656 0.8902487977810913 0 0 0 1 0 0 0 0 0 0
2.062736988067627 -1.8785240650177002 -54.164161682128906 -0.07555362062836488 0.9971417403809475 0 0 0 1 0 0 0 0 0 0
2.368053913116455 -1.7671120166778564 -53.81337356567383 -0.5844134893536541 0.8114560206576118 0 0 0 1 0 0 0 0 0 0
2.581390857696533 -1.4849846363067627 -53.42361068725586 -0.9399737900733004 0.34124664683368666 0 0 0 1 0 0 0 0 0 0
2.6083760261535645 -1.1765434741973877 -53.07715606689453 -0.9849517308821113 -0.1728296497489155 0 0 0 1 0 0 0 0 0 0
2.477997303009033 -0.8957169651985168 -52.73069763183594 -0.7676508804696935 -0.6408682592499837 0 0 0 1 0 0 0 0 0 0
2.2249646186828613 -0.7172845005989075 -52.38424301147461 -0.34593677713126736 -0.9382578250289372 0 0 0 1 0 0 0 0 0 0
1.9166646003723145 -0.6887581944465637 -52.03778839111328 0.1679040068438866 -0.9858033498044972 0 0 0 1 0 0 0 0 0 0
1.6351895332336426 -0.8177369236946106 -51.69132995605469 0.6370250468735014 -0.7708431031382545 0 0 0 1 0 0 0 0 0 0
1.4554944038391113 -1.0698730945587158 -51.34487533569336 0.9365231514001957 -0.35060574281013424 0 0 0 1 0 0 0 0 0 0
1.425426959991455 -1.378028154373169 -50.99842071533203 0.9866282215632454 0.16298697007720514 0 0 0 1 0 0 0 0 0 0
1.5529980659484863 -1.6601402759552002 -50.65196228027344 0.7740172825429884 0.6331644702008852 0 0 0 1 0 0 0 0 0 0
1.8042340278625488 -1.8410942554473877 -50.30550765991211 0.35528325052826726 0.9347586917991555 0 0 0 1 0 0 0 0 0 0
2.10435152053833 -1.8739044666290283 -49.91574478149414 -0.14491384633696805 0.9894442769250958 0 0 0 1 0 0 0 0 0 0
2.3896679878234863 -1.7507927417755127 -49.56929016113281 -0.6204373722268255 0.7842559959249733 0 0 0 1 0 0 0 0 0 0
2.575134754180908 -1.5014641284942627 -49.22283172607422 -0.9295444914158066 0.36870996525525235 0 0 0 1 0 0 0 0 0 0
2.6110005378723145 -1.1927940845489502 -48.87637710571289 -0.989322528753625 -0.1457426982751887 0 0 0 1 0 0 0 0 0 0
2.4876484870910645 -0.9075844883918762 -48.52992248535156 -0.7837405004053585 -0.6210884220659391 0 0 0 1 0 0 0 0 0 0
2.238163471221924 -0.7223275303840637 -48.18346405029297 -0.3679274614777739 -0.9298544956553801 0 0 0 1 0 0 0 0 0 0
1.929466724395752 -0.6867173314094543 -47.83700942993164 0.14656210487297325 -0.9892014705888804 0 0 0 1 0 0 0 0 0 0
1.6443562507629395 -0.8103097081184387 -47.49055480957031 0.6217516907285112 -0.7832144247115457 0 0 0 1 0 0 0 0 0 0
1.4593091011047363 -1.0599472522735596 -47.14409637451172 0.9301600613953963 -0.3671542730037507 0 0 0 1 0 0 0 0 0 0
1.4239583015441895 -1.3686745166778564 -46.79764175415039 0.989078105256376 0.147392339361507 0 0 0 1 0 0 0 0 0 0
1.576897144317627 -1.6876099109649658 -46.40787887573242 0.734184585000388 0.6789499209424862 0 0 0 1 0 0 0 0 0 0
1.8368496894836426 -1.8524277210235596 -46.07807922363281 0.30092248287377427 0.9536486036801411 0 0 0 1 0 0 0 0 0 0
2.1443257331848145 -1.8666603565216064 -45.7482795715332 -0.2115361517973204 0.9773701737227205 0 0 0 1 0 0 0 0 0 0
2.418396472930908 -1.7265655994415283 -45.418479919433594 -0.6683204358379232 0.7438735074200505 0 0 0 1 0 0 0 0 0 0
2.586937427520752 -1.4690086841583252 -45.088680267333984 -0.9492204680166003 0.3146116703149237 0 0 0 1 0 0 0 0 0 0
2.605595111846924 -1.1617729663848877 -44.75888442993164 -0.9803143906854357 -0.19744289152826663 0 0 0 1 0 0 0 0 0 0
2.469456195831299 -0.8857110142707825 -44.42908477783203 -0.7534108991359623 -0.6575500110737896 0 0 0 1 0 0 0 0 0 0
2.214348316192627 -0.7134812474250793 -44.09928512573242 -0.32823214948820695 -0.9445970866154263 0 0 0 1 0 0 0 0 0 0
1.9074139595031738 -0.6904061436653137 -43.76948547363281 0.18331774495838918 -0.9830537138851421 0 0 0 1 0 0 0 0 0 0
1.6294255256652832 -0.8225587010383606 -43.4396858215332 0.6466331160366106 -0.7628011623252704 0 0 0 1 0 0 0 0 0 0
1.4535412788391113 -1.075160264968872 -43.109886169433594 0.9397737669752474 -0.34179711365831283 0 0 0 1 0 0 0 0 0 0
1.4260525703430176 -1.3817322254180908 -42.780086517333984 0.9855885492543326 0.16916031324971054 0 0 0 1 0 0 0 0 0 0
1.554192066192627 -1.6615936756134033 -42.450286865234375 0.7720251213116971 0.6355920169917645 0 0 0 1 0 0 0 0 0 0
1.8042340278625488 -1.8410942554473877 -42.120487213134766 0.35528325052826726 0.9347586917991555 0 0 0 1 0 0 0 0 0 0
2.10435152053833 -1.8739044666290283 -41.7307243347168 -0.14491384633696805 0.9894442769250958 0 0 0 1 0 0 0 0 0 0
2.385246753692627 -1.7542564868927002 -41.396644592285156 -0.6130702775013649 0.7900283759741793 0 0 0 1 0 0 0 0 0 0
2.570892810821533 -1.511866807937622 -41.06256103515625 -0.922477973671569 0.3860497223037418 0 0 0 1 0 0 0 0 0 0
2.613220691680908 -1.209498643875122 -40.728477478027344 -0.9930258217137409 -0.1178970627698147 0 0 0 1 0 0 0 0 0 0
2.5012707710266113 -0.9254487156867981 -40.39439392089844 -0.8064400338003447 -0.5913158816437275 0 0 0 1 0 0 0 0 0 0
2.2640271186828613 -0.7332680821418762 -40.0603141784668 -0.4110326814546799 -0.91162060901242 0 0 0 1 0 0 0 0 0 0
1.9629254341125488 -0.6827195286750793 -39.72623062133789 0.09080181494530436 -0.9958689825487281 0 0 0 1 0 0 0 0 0 0
1.6759305000305176 -0.7868874669075012 -39.39215087890625 0.5691178764755845 -0.8222559471818501 0 0 0 1 0 0 0 0 0 0
1.4773564338684082 -1.018805742263794 -39.058067321777344 0.900078209909537 -0.43572837415762045 0 0 0 1 0 0 0 0 0 0
1.41862154006958 -1.3184196949005127 -38.72398376464844 0.997973026573025 0.06363833932997029 0 0 0 1 0 0 0 0 0 0
1.51493501663208 -1.6081459522247314 -38.38990020751953 0.837450970277295 0.5465124631530531 0 0 0 1 0 0 0 0 0 0
1.741356372833252 -1.812964677810669 -38.05582046508789 0.4600875751399413 0.8878735400955752 0 0 0 1 0 0 0 0 0 0
2.039257526397705 -1.8798401355743408 -37.721736907958984 -0.03641907063860274 0.9993366056008459 0 0 0 1 0 0 0 0 0 0
2.3315014839172363 -1.7914574146270752 -37.38765335083008 -0.5234875766792447 0.8520333074842155 0 0 0 1 0 0 0 0 0 0
2.542412281036377 -1.5706970691680908 -37.05357360839844 -0.8750143245503536 0.48409702729069615 0 0 0 1 0 0 0 0 0 0
2.6173787117004395 -1.2747299671173096 -36.71949005126953 -0.999957883711791 -0.009177734068737672 0 0 0 1 0 0 0 0 0 0
2.536991596221924 -0.9801858067512512 -36.385406494140625 -0.8659730215366213 -0.5000907177410261 0 0 0 1 0 0 0 0 0 0
2.3220601081848145 -0.7633393406867981 -36.05132293701172 -0.5077564770385625 -0.8615006442396824 0 0 0 1 0 0 0 0 0 0
2.0282444953918457 -0.6803353428840637 -35.71724319458008 -0.018063598658682175 -0.9998368398911386 0 0 0 1 0 0 0 0 0 0
1.731621265411377 -0.7526734471321106 -35.38315963745117 0.4763103297538325 -0.8792772428362942 0 0 0 1 0 0 0 0 0 0
1.5089993476867676 -0.9616120457649231 -35.049076080322266 0.847341572680083 -0.5310482644807757 0 0 0 1 0 0 0 0 0 0
1.418022632598877 -1.253058671951294 -34.714996337890625 0.9989731848085727 -0.04530536428964382 0 0 0 1 0 0 0 0 0 0
1.4822468757629395 -1.5515434741973877 -34.38091278076172 0.8919293605546261 0.45217476243219923 0 0 0 1 0 0 0 0 0 0
1.6850476264953613 -1.7797768115997314 -34.04682922363281 0.5539309739540018 0.8325625959015759 0 0 0 1 0 0 0 0 0 0
1.9739079475402832 -1.8786613941192627 -33.712745666503906 0.07249003870215819 0.997369136422899 0 0 0 1 0 0 0 0 0 0
2.27402925491333 -1.8225891590118408 -33.378665924072266 -0.42770722244769166 0.9039173257915132 0 0 0 1 0 0 0 0 0 0
2.507702350616455 -1.6260826587677002 -33.04458236694336 -0.8171661941658737 0.5764021262213227 0 0 0 1 0 0 0 0 0 0
2.6144185066223145 -1.3400261402130127 -32.71049880981445 -0.9950232946951553 0.0996425763115259 0 0 0 1 0 0 0 0 0 0
2.5665478706359863 -1.0384857654571533 -32.37641906738281 -0.91523461145068 -0.4029213397211957 0 0 0 1 0 0 0 0 0 0
2.263733386993408 -0.7331345677375793 -31.986656188964844 -0.4105476071588508 -0.9118391646864823 0 0 0 1 0 0 0 0 0 0
1.9714856147766113 -0.6819985508918762 -31.655357360839844 0.07652920648729829 -0.9970673400299622 0 0 0 1 0 0 0 0 0 0
1.6904644966125488 -0.7771409153938293 -31.324058532714844 0.5449087661710311 -0.838495340803969 0 0 0 1 0 0 0 0 0 0
1.4893841743469238 -0.9952920079231262 -30.992759704589844 0.8800319964067919 -0.4749143978658433 0 0 0 1 0 0 0 0 0 0
1.417412281036377 -1.283118486404419 -30.661460876464844 0.9999884702017271 0.0048020270313071 0 0 0 1 0 0 0 0 0 0
1.4921460151672363 -1.5702431201934814 -30.330162048339844 0.8754297104291836 0.4833454479954019 0 0 0 1 0 0 0 0 0 0
1.6953091621398926 -1.7864563465118408 -29.998863220214844 0.5368253989209346 0.8436933631796444 0 0 0 1 0 0 0 0 0 0
1.9772305488586426 -1.8788940906524658 -29.667564392089844 0.06695910379990427 0.9977557208146258 0 0 0 1 0 0 0 0 0 0
2.268974781036377 -1.8249504566192627 -29.336265563964844 -0.4192815743698158 0.9078562448945146 0 0 0 1 0 0 0 0 0 0
2.499207019805908 -1.637824296951294 -29.00497055053711 -0.8030017245171911 0.5959767029191805 0 0 0 1 0 0 0 0 0 0
2.611633777618408 -1.3632614612579346 -28.67367172241211 -0.9903803453442166 0.13837185969650878 0 0 0 1 0 0 0 0 0 0
2.5787625312805176 -1.068396806716919 -28.34237289428711 -0.9355949358639714 -0.35307522709146777 0 0 0 1 0 0 0 0 0 0
2.408634662628174 -0.82533198595047 -28.01107406616211 -0.6520434832155082 -0.7581815719180907 0 0 0 1 0 0 0 0 0 0
2.142845630645752 -0.6934998631477356 -27.67977523803711 -0.2090685995790406 -0.9779009769245857 0 0 0 1 0 0 0 0 0 0
1.846386432647705 -0.7051270604133606 -27.34847640991211 0.2850352311602916 -0.9585170405357428 0 0 0 1 0 0 0 0 0 0
1.5917401313781738 -0.8573792576789856 -27.01717758178711 0.7094423006309586 -0.7047635220947893 0 0 0 1 0 0 0 0 0 0
1.4411778450012207 -1.1130249500274658 -26.68587875366211 0.960382365010665 -0.278685688503235 0 0 0 1 0 0 0 0 0 0
1.4315075874328613 -1.4095566272735596 -26.35457992553711 0.9764970413132836 0.21553080593363716 0 0 0 1 0 0 0 0 0 0
1.5650944709777832 -1.6744682788848877 -26.023284912109375 0.7538499589823908 0.6570466036304029 0 0 0 1 0 0 0 0 0 0
1.8092808723449707 -1.8429863452911377 -25.691986083984375 0.34686923575330114 0.9379134998964036 0 0 0 1 0 0 0 0 0 0
2.10435152053833 -1.8739044666290283 -25.360687255859375 -0.14491384633696805 0.9894442769250958 0 0 0 1 0 0 0 0 0 0
2.3824543952941895 -1.7564079761505127 -24.970924377441406 -0.6084145843104833 0.7936193631699656 0 0 0 1 0 0 0 0 0 0
2.572422504425049 -1.508174180984497 -24.641124725341797 -0.9250322804950581 0.37988851001591534 0 0 0 1 0 0 0 0 0 0
2.6117520332336426 -1.1980736255645752 -24.311325073242188 -0.9905782439943307 -0.13694795553460568 0 0 0 1 0 0 0 0 0 0
2.489769458770752 -0.9102738499641418 -23.981525421142578 -0.7872701664663064 -0.6166082102860083 0 0 0 1 0 0 0 0 0 0
2.2395787239074707 -0.7228882908821106 -23.65172576904297 -0.3702820483226638 -0.9289193746983493 0 0 0 1 0 0 0 0 0 0
1.929089069366455 -0.6867745518684387 -23.32192611694336 0.14719152299065824 -0.9891080100573902 0 0 0 1 0 0 0 0 0 0
1.6425671577453613 -0.8117364048957825 -22.99212646484375 0.6247361799422642 -0.7808359017560265 0 0 0 1 0 0 0 0 0 0
1.4577832221984863 -1.0638535022735596 -22.66232681274414 0.9327030347234262 -0.36064532302209534 0 0 0 1 0 0 0 0 0 0
1.424889087677002 -1.374701738357544 -22.33252716064453 0.9875292538731021 0.15743561460112668 0 0 0 1 0 0 0 0 0 0
1.5528111457824707 -1.6599113941192627 -22.002727508544922 0.7743245849007474 0.6327886196971984 0 0 0 1 0 0 0 0 0 0
1.8068280220031738 -1.8420746326446533 -21.672931671142578 0.35096113596332723 0.9363900261340523 0 0 0 1 0 0 0 0 0 0
2.1180005073547363 -1.8717453479766846 -21.34313201904297 -0.167656668435333 0.98584544505169 0 0 0 1 0 0 0 0 0 0
2.4018712043762207 -1.7408783435821533 -21.01333236694336 -0.6407768275809237 0.7677272023546692 0 0 0 1 0 0 0 0 0 0
2.581390857696533 -1.4849846363067627 -20.68353271484375 -0.9399737900733004 0.34124664683368666 0 0 0 1 0 0 0 0 0 0
2.610630512237549 -1.1903259754180908 -20.29376983642578 -0.9887071433587226 -0.14986055075113713 0 0 0 1 0 0 0 0 0 0
2.4453282356262207 -0.859664261341095 -19.904006958007812 -0.7132007100041658 -0.7009598756345142 0 0 0 1 0 0 0 0 0 0
2.1175732612609863 -0.6886590123176575 -19.514244079589844 -0.16694928220998875 -0.9859654847759985 0 0 0 1 0 0 0 0 0 0
1.7517971992492676 -0.742232620716095 -19.124481201171875 0.44268416594082477 -0.8966776060688013 0 0 0 1 0 0 0 0 0 0
1.4868512153625488 -1.0000412464141846 -18.734718322753906 0.8842585140855999 -0.4669977304732078 0 0 0 1 0 0 0 0 0 0
1.4233136177062988 -1.364222764968872 -18.344955444335938 0.9901546602976221 0.13997767211559228 0 0 0 1 0 0 0 0 0 0
1.5580906867980957 -1.6662819385528564 -17.95519256591797 0.7655235922628122 0.6434078253246845 0 0 0 1 0 0 0 0 0 0
1.823448657989502 -1.8480255603790283 -17.595409393310547 0.32326050648688787 0.9463100152412214 0 0 0 1 0 0 0 0 0 0
2.1445393562316895 -1.866614580154419 -17.23563003540039 -0.21188462398814686 0.9772946874496973 0 0 0 1 0 0 0 0 0 0
2.429100513458252 -1.716712236404419 -16.87584686279297 -0.6861611731964159 0.7274495476647974 0 0 0 1 0 0 0 0 0 0
2.595360279083252 -1.4413864612579346 -16.516067504882812 -0.9632580209852889 0.2685777075773505 0 0 0 1 0 0 0 0 0 0
2.5955471992492676 -1.119757890701294 -16.156288146972656 -0.9635674011299485 -0.2674656304643213 0 0 0 1 0 0 0 0 0 0
2.4296040534973145 -0.8442414402961731 -15.796504974365234 -0.6869921892227959 -0.7266648002668562 0 0 0 1 0 0 0 0 0 0
2.1452183723449707 -0.6940110325813293 -15.436725616455078 -0.21302865997872508 -0.9770459508271188 0 0 0 1 0 0 0 0 0 0
1.8241047859191895 -0.7122300267219543 -15.076942443847656 0.32216244884511647 -0.9466844017697335 0 0 0 1 0 0 0 0 0 0
1.5585370063781738 -0.8936646580696106 -14.7171630859375 0.764780050814376 -0.6442914510346701 0 0 0 1 0 0 0 0 0 0
1.4248242378234863 -1.186183214187622 -14.357379913330078 0.9876364659493204 -0.15676163793204248 0 0 0 1 0 0 0 0 0 0
1.461388111114502 -1.5057289600372314 -13.997600555419922 0.926695763107472 0.37581240351890993 0 0 0 1 0 0 0 0 0 0
1.657726764678955 -1.7604782581329346 -13.6378173828125 0.599459520431715 0.8004050745489923 0 0 0 1 0 0 0 0 0 0
1.9574131965637207 -1.8772308826446533 -13.278038024902344 0.09999026586935489 0.9949884153754636 0 0 0 1 0 0 0 0 0 0
2.368053913116455 -1.7671120166778564 -12.888275146484375 -0.5844134893536541 0.8114560206576118 0 0 0 1 0 0 0 0 0 0
2.558788776397705 -1.5389015674591064 -12.554191589355469 -0.9023031369666603 0.43110213293386085 0 0 0 1 0 0 0 0 0 0
2.616489887237549 -1.2471306324005127 -12.220111846923828 -0.9984765015906606 -0.055178580729078344 0 0 0 1 0 0 0 0 0 0
2.526989459991455 -0.9635003209114075 -11.886028289794922 -0.8493081084901645 -0.5278974681250698 0 0 0 1 0 0 0 0 0 0
2.3122715950012207 -0.7576935887336731 -11.551944732666016 -0.49144608955249414 -0.8709079980477628 0 0 0 1 0 0 0 0 0 0
2.0251011848449707 -0.6802895665168762 -11.21786117553711 -0.012824207621676895 -0.9999177664682611 0 0 0 1 0 0 0 0 0 0
1.7360386848449707 -0.7503007054328918 -10.883781433105469 0.46894473658521674 -0.883227509778212 0 0 0 1 0 0 0 0 0 0
1.5161137580871582 -0.9505303502082825 -10.549697875976562 0.835483043063197 -0.5495162279258549 0 0 0 1 0 0 0 0 0 0
1.419365406036377 -1.231776475906372 -10.215614318847656 0.9967327353995292 -0.0807703793662758 0 0 0 1 0 0 0 0 0 0
1.469566822052002 -1.524928331375122 -9.881534576416016 0.9130660488061952 0.40781170963747787 0 0 0 1 0 0 0 0 0 0
1.6543850898742676 -1.7579567432403564 -9.54745101928711 0.605036043398721 0.7961980822561814 0 0 0 1 0 0 0 0 0 0
1.9284024238586426 -1.8735992908477783 -9.213367462158203 0.14833716105245107 0.9889368466443644 0 0 0 1 0 0 0 0 0 0
2.2242894172668457 -1.8434441089630127 -8.879283905029297 -0.3448041472158601 0.9386746508043898 0 0 0 1 0 0 0 0 0 0
2.46934175491333 -1.6748955249786377 -8.545204162597656 -0.7532282642201157 0.6577592127670671 0 0 0 1 0 0 0 0 0 0
2.603344440460205 -1.4093735218048096 -8.21112060546875 -0.9765638781658054 0.21522776740412045 0 0 0 1 0 0 0 0 0 0
2.5933728218078613 -1.1121208667755127 -7.877037048339844 -0.9599417986728609 -0.28019947030769443 0 0 0 1 0 0 0 0 0 0
2.4418721199035645 -0.8561776280403137 -7.542957305908203 -0.707443377982415 -0.7067700240876307 0 0 0 1 0 0 0 0 0 0
2.1860737800598145 -0.7044327855110168 -7.208873748779297 -0.28110926281055404 -0.9596757693940734 0 0 0 1 0 0 0 0 0 0
1.8888325691223145 -0.6941788792610168 -6.874790191650391 0.21428645309371402 -0.9767708615742566 0 0 0 1 0 0 0 0 0 0
1.623180866241455 -0.827925980091095 -6.540706634521484 0.6570403143662753 -0.7538554405835817 0 0 0 1 0 0 0 0 0 0
1.454399585723877 -1.0728180408477783 -6.206623077392578 0.9383450323543879 -0.3457001594674821 0 0 0 1 0 0 0 0 0 0
1.4239583015441895 -1.3686745166778564 -5.872547149658203 0.989078105256376 0.147392339361507 0 0 0 1 0 0 0 0 0 0
1.576897144317627 -1.6876099109649658 -5.482784271240234 0.734184585000388 0.6789499209424862 0 0 0 1 0 0 0 0 0 0
1.8360753059387207 -1.8521835803985596 -5.144985198974609 0.3022147681248787 0.9532398616965332 0 0 0 1 0 0 0 0 0 0
2.142735004425049 -1.8670036792755127 -4.807193756103516 -0.20887698654179776 0.9779419228631205 0 0 0 1 0 0 0 0 0 0
2.416576862335205 -1.7281906604766846 -4.469394683837891 -0.66528814972096 0.7465866847465615 0 0 0 1 0 0 0 0 0 0
2.585907459259033 -1.4720909595489502 -4.131603240966797 -0.9475020518955521 0.3197496859321651 0 0 0 1 0 0 0 0 0 0
2.606384754180908 -1.1657593250274658 -3.793811798095703 -0.9816287006967908 -0.19080118964076284 0 0 0 1 0 0 0 0 0 0
2.472649097442627 -0.8893998265266418 -3.456012725830078 -0.7587361213197792 -0.6513981103784516 0 0 0 1 0 0 0 0 0 0
2.2197155952453613 -0.715377151966095 -3.1182212829589844 -0.33718708692104576 -0.9414376603969586 0 0 0 1 0 0 0 0 0 0
1.913811206817627 -0.6892502903938293 -2.7804222106933594 0.17266067809974756 -0.9849813654268467 0 0 0 1 0 0 0 0 0 0
1.635033130645752 -0.8178628087043762 -2.4426307678222656 0.6372896892350262 -0.7706243261114483 0 0 0 1 0 0 0 0 0 0
1.456371784210205 -1.067542314529419 -2.104839324951172 0.9350574250112527 -0.35449627915018467 0 0 0 1 0 0 0 0 0 0
1.4246068000793457 -1.3729088306427002 -1.7670402526855469 0.9880004261603019 0.15445115055272846 0 0 0 1 0 0 0 0 0 0
1.5480542182922363 -1.6540138721466064 -1.4292488098144531 0.7822504779062568 0.6229640357319459 0 0 0 1 0 0 0 0 0 0
1.7943921089172363 -1.8372528553009033 -1.0914497375488281 0.3716885614921342 0.9283574813916825 0 0 0 1 0 0 0 0 0 0
2.099121570587158 -1.8746483325958252 -0.7536582946777344 -0.13619659260212302 0.9906818299351066 0 0 0 1 0 0 0 0 0 0
2.3824543952941895 -1.7564079761505127 -0.41586682200431824 -0.6084145843104833 0.7936193631699656 0 0 0 1 0 0 0 0 0 0
2.58726167678833 -1.4680283069610596 -0.026103943586349487 -0.9497582170547402 0.3129845509557953 0 0 0 1 0 0 0 0 0 0
2.6016736030578613 -1.1437408924102783 0.32035449147224426 -0.9737802644298793 -0.22749065169117236 0 0 0 1 0 0 0 0 0 0
2.445072650909424 -0.8594048619270325 0.6668128967285156 -0.712777952901632 -0.7013897560253919 0 0 0 1 0 0 0 0 0 0
2.163292407989502 -0.6982453465461731 1.0132637023925781 -0.24314280425299847 -0.9699905034277335 0 0 0 1 0 0 0 0 0 0
1.8388142585754395 -0.7074349522590637 1.3597221374511719 0.2976482708815852 -0.9546756029359933 0 0 0 1 0 0 0 0 0 0
1.5666089057922363 -0.8842843174934387 1.7061805725097656 0.7513320312566996 -0.6599243735517593 0 0 0 1 0 0 0 0 0 0
1.4263501167297363 -1.177027940750122 2.052631378173828 0.9850932702974389 -0.1720210708451063 0 0 0 1 0 0 0 0 0 0
1.4590916633605957 -1.4999802112579346 2.399089813232422 0.9305237092987803 0.36623165678684766 0 0 0 1 0 0 0 0 0 0
1.65525484085083 -1.7586166858673096 2.7455482482910156 0.6035878496466514 0.7972964992767317 0 0 0 1 0 0 0 0 0 0
1.9574131965637207 -1.8772308826446533 3.091999053955078 0.09999026586935489 0.9949884153754636 0 0 0 1 0 0 0 0 0 0
2.368053913116455 -1.7671120166778564 3.481761932373047 -0.5844134893536541 0.8114560206576118 0 0 0 1 0 0 0 0 0 0
2.565735340118408 -1.523829698562622 3.8228111267089844 -0.9138813973597745 0.4059812699617384 0 0 0 1 0 0 0 0 0 0
2.613743305206299 -1.214057207107544 4.163852691650391 -0.9938982296326806 -0.11030099334558767 0 0 0 1 0 0 0 0 0 0
2.4989819526672363 -0.9223511815071106 4.504894256591797 -0.8026299015233693 -0.5964773601576062 0 0 0 1 0 0 0 0 0 0
2.252769947052002 -0.7283318638801575 4.845935821533203 -0.3922748505844728 -0.9198480535386969 0 0 0 1 0 0 0 0 0 0
1.942314624786377 -0.6849549412727356 5.186977386474609 0.12515456520581617 -0.9921372560327242 0 0 0 1 0 0 0 0 0 0
1.652355670928955 -0.8040688633918762 5.528018951416016 0.6084217354539069 -0.7936138808181572 0 0 0 1 0 0 0 0 0 0
1.4620404243469238 -1.0531532764434814 5.869060516357422 0.925610568306557 -0.3784773121855692 0 0 0 1 0 0 0 0 0 0
1.4233136177062988 -1.364222764968872 6.210102081298828 0.9901546602976221 0.13997767211559228 0 0 0 1 0 0 0 0 0 0
1.5580906867980957 -1.6662819385528564 6.599864959716797 0.7655235922628122 0.6434078253246845 0 0 0 1 0 0 0 0 0 0
1.7869763374328613 -1.8342278003692627 6.924671173095703 0.38404968115107135 0.9233124294667329 0 0 0 1 0 0 0 0 0 0
2.0674519538879395 -1.878150224685669 7.249469757080078 -0.083417810400907 0.9965146606587973 0 0 0 1 0 0 0 0 0 0
2.3367199897766113 -1.788214921951294 7.574275970458984 -0.5321926844672364 0.8466232613149469 0 0 0 1 0 0 0 0 0 0
2.5345044136047363 -1.5845558643341064 7.899074554443359 -0.8618297873646141 0.5071976119926673 0 0 0 1 0 0 0 0 0 0
2.6165242195129395 -1.312770128250122 8.223880767822266 -0.9985293663245701 0.05421350927077376 0 0 0 1 0 0 0 0 0 0
2.564415454864502 -1.0337021350860596 8.54867935180664 -0.911680555793747 -0.4108997008852701 0 0 0 1 0 0 0 0 0 0
2.3898472785949707 -0.8098252415657043 8.873485565185547 -0.6207383763335383 -0.7840177728513573 0 0 0 1 0 0 0 0 0 0
2.131897449493408 -0.6912644505500793 9.198284149169922 -0.1908249463508844 -0.9816240827578459 0 0 0 1 0 0 0 0 0 0
1.8483166694641113 -0.7045586705207825 9.523090362548828 0.281817683003893 -0.9594679742160847 0 0 0 1 0 0 0 0 0 0
1.6025891304016113 -0.8467324376106262 9.847888946533203 0.6913567154126552 -0.7225135929889659 0 0 0 1 0 0 0 0 0 0
1.449730396270752 -1.0859558582305908 10.17269515991211 0.9461217483445298 -0.3238111136287485 0 0 0 1 0 0 0 0 0 0
1.4239583015441895 -1.3686745166778564 10.497493743896484 0.989078105256376 0.147392339361507 0 0 0 1 0 0 0 0 0 0
1.576897144317627 -1.6876099109649658 10.887256622314453 0.734184585000388 0.6789499209424862 0 0 0 1 0 0 0 0 0 0
1.836205005645752 -1.8522255420684814 11.22829818725586 0.3019984322068588 0.9533084217317077 0 0 0 1 0 0 0 0 0 0
2.1430020332336426 -1.8669464588165283 11.569347381591797 -0.20932680043704804 0.9778457396843269 0 0 0 1 0 0 0 0 0 0
2.416882038116455 -1.7279198169708252 11.910388946533203 -0.665792331454978 0.7461370995840809 0 0 0 1 0 0 0 0 0 0
2.5860791206359863 -1.4715759754180908 12.25143051147461 -0.9477886851801766 0.31889905651229544 0 0 0 1 0 0 0 0 0 0
2.6062512397766113 -1.1650917530059814 12.592472076416016 -0.9814118618768863 -0.19191341111903398 0 0 0 1 0 0 0 0 0 0
2.4721150398254395 -0.8887818455696106 12.933513641357422 -0.7578499418459802 -0.6524288970026116 0 0 0 1 0 0 0 0 0 0
2.2188191413879395 -0.7150567173957825 13.274555206298828 -0.3356931456644051 -0.9419713965688856 0 0 0 1 0 0 0 0 0 0
1.9127392768859863 -0.689437210559845 13.615596771240234 0.17444265185738272 -0.9846673353031287 0 0 0 1 0 0 0 0 0 0
1.5317120552062988 -0.9279587864875793 14.005359649658203 0.809488011988461 -0.587136405315638 0 0 0 1 0 0 0 0 0 0
1.420006275177002 -1.2244141101837158 14.350154876708984 0.9956619757107368 -0.09304423745612769 0 0 0 1 0 0 0 0 0 0
1.4748539924621582 -1.536433458328247 14.694942474365234 0.9042562279022618 0.4269902508254405 0 0 0 1 0 0 0 0 0 0
1.6809544563293457 -1.7770302295684814 15.039730072021484 0.5607518852071202 0.8279838906866853 0 0 0 1 0 0 0 0 0 0
1.980858325958252 -1.879126787185669 15.384525299072266 0.06091137219486465 0.9981431784755828 0 0 0 1 0 0 0 0 0 0
2.290947437286377 -1.8142578601837158 15.729312896728516 -0.4558988482376417 0.8900315950434523 0 0 0 1 0 0 0 0 0 0
2.5247769355773926 -1.6005089282989502 16.074100494384766 -0.8456229804137659 0.5337806431448594 0 0 0 1 0 0 0 0 0 0
2.617157459259033 -1.2974770069122314 16.418895721435547 -0.9995871020746262 0.028733697396097494 0 0 0 1 0 0 0 0 0 0
2.542332172393799 -0.9896348118782043 16.763683319091797 -0.8748782556634292 -0.4843428927601964 0 0 0 1 0 0 0 0 0 0
2.3211636543273926 -0.7628129124641418 17.108470916748047 -0.5062654064333366 -0.8623777236506566 0 0 0 1 0 0 0 0 0 0
2.015312671661377 -0.6802437901496887 17.453266143798828 0.003489342981136407 -0.9999939122242495 0 0 0 1 0 0 0 0 0 0
1.7100415229797363 -0.7649453282356262 17.798053741455078 0.5122699577910925 -0.8588244816868649 0 0 0 1 0 0 0 0 0 0
1.49045991897583 -0.9933083653450012 18.142841339111328 0.8782422969990619 -0.47821592169417737 0 0 0 1 0 0 0 0 0 0
1.4177899360656738 -1.301661729812622 18.48763656616211 0.9993625112782424 0.03570113515905523 0 0 0 1 0 0 0 0 0 0
1.512279987335205 -1.6040451526641846 18.83242416381836 0.8418740414837433 0.5396740667067746 0 0 0 1 0 0 0 0 0 0
1.7475972175598145 -1.8161537647247314 19.17721176147461 0.4496847034330886 0.8931873641617951 0 0 0 1 0 0 0 0 0 0
2.0581326484680176 -1.8788559436798096 19.52200698852539 -0.06787870725152761 0.9976935807660896 0 0 0 1 0 0 0 0 0 0
2.3573155403137207 -1.7746689319610596 19.86679458618164 -0.5665150139776246 0.8240514176542213 0 0 0 1 0 0 0 0 0 0
2.5617337226867676 -1.5326416492462158 20.211589813232422 -0.907213181845107 0.42067118119319363 0 0 0 1 0 0 0 0 0 0
2.6143994331359863 -1.2202484607696533 20.556377410888672 -0.9949895315565447 -0.09997915829255508 0 0 0 1 0 0 0 0 0 0
2.5006299018859863 -0.9245789647102356 20.901165008544922 -0.8053719320922245 -0.5927698128262247 0 0 0 1 0 0 0 0 0 0
2.252140522003174 -0.7280610203742981 21.245960235595703 -0.3912202912935412 -0.9202970627358302 0 0 0 1 0 0 0 0 0 0
1.9382100105285645 -0.6854889988899231 21.590747833251953 0.13199985513520754 -0.9912497355582417 0 0 0 1 0 0 0 0 0 0
1.6463589668273926 -0.8087266087532043 21.935535430908203 0.6184180493848611 -0.7858492961090081 0 0 0 1 0 0 0 0 0 0
1.4579548835754395 -1.0634148120880127 22.280330657958984 0.9324194918426961 -0.3613777680375597 0 0 0 1 0 0 0 0 0 0
1.4255146980285645 -1.3785507678985596 22.625118255615234 0.9864847437094497 0.1638531367673537 0 0 0 1 0 0 0 0 0 0
1.5580906867980957 -1.6662819385528564 22.969905853271484 0.7655235922628122 0.6434078253246845 0 0 0 1 0 0 0 0 0 0
1.8042340278625488 -1.8410942554473877 23.359668731689453 0.35528325052826726 0.9347586917991555 0 0 0 1 0 0 0 0 0 0
2.1124844551086426 -1.872657060623169 23.710460662841797 -0.15846657469071315 0.9873643424318062 0 0 0 1 0 0 0 0 0 0
2.3953747749328613 -1.7462189197540283 24.06124496459961 -0.6299486802341627 0.7766367621167802 0 0 0 1 0 0 0 0 0 0
2.5774617195129395 -1.4955017566680908 24.412029266357422 -0.9334248155301809 0.35877306720606517 0 0 0 1 0 0 0 0 0 0
2.6101765632629395 -1.187373399734497 24.762813568115234 -0.9879496514013828 -0.15477559980787092 0 0 0 1 0 0 0 0 0 0
2.484795093536377 -0.9040101170539856 25.113605499267578 -0.7789826312813007 -0.6270455008705995 0 0 0 1 0 0 0 0 0 0
2.2347569465637207 -0.720992386341095 25.46438980102539 -0.362251937166363 -0.9320802186610427 0 0 0 1 0 0 0 0 0 0
1.9267544746398926 -0.6871255040168762 25.815174102783203 0.151084202653964 -0.9885208969508009 0 0 0 1 0 0 0 0 0 0
1.64292573928833 -0.8114503026008606 26.165966033935547 0.6241312472193734 -0.7813195161036165 0 0 0 1 0 0 0 0 0 0
1.4589734077453613 -1.060797929763794 26.51675033569336 0.9307173964420865 -0.3657391528946059 0 0 0 1 0 0 0 0 0 0
1.4239583015441895 -1.3686745166778564 26.867534637451172 0.989078105256376 0.147392339361507 0 0 0 1 0 0 0 0 0 0
1.576897144317627 -1.6876099109649658 27.25729751586914 0.734184585000388 0.6789499209424862 0 0 0 1 0 0 0 0 0 0
1.836437702178955 -1.8522980213165283 27.591381072998047 0.30160922915247845 0.9534316298980475 0 0 0 1 0 0 0 0 0 0
2.1434712409973145 -1.866847276687622 27.925464630126953 -0.21010984503477545 0.9776777858883073 0 0 0 1 0 0 0 0 0 0
2.417423725128174 -1.7274391651153564 28.25954818725586 -0.6666935140542525 0.74533197859611 0 0 0 1 0 0 0 0 0 0
2.586388111114502 -1.4706604480743408 28.593631744384766 -0.9483011376392212 0.3173719463849297 0 0 0 1 0 0 0 0 0 0
2.606018543243408 -1.163905382156372 28.92770767211914 -0.9810234862798297 -0.19388893564968765 0 0 0 1 0 0 0 0 0 0
2.4711689949035645 -0.8876832127571106 29.261791229248047 -0.7562693310920888 -0.6542604212769749 0 0 0 1 0 0 0 0 0 0
2.217224597930908 -0.71449214220047 29.595874786376953 -0.333034374140214 -0.9429146863004286 0 0 0 1 0 0 0 0 0 0
1.910839557647705 -0.6897767186164856 29.92995834350586 0.177607709578043 -0.984101367491399 0 0 0 1 0 0 0 0 0 0
1.6324238777160645 -0.8200333714485168 30.264041900634766 0.641632343953864 -0.767012343572299 0 0 0 1 0 0 0 0 0 0
1.4550442695617676 -1.0710747241973877 30.598125457763672 0.9372691729292374 -0.3486065080811647 0 0 0 1 0 0 0 0 0 0
1.4252591133117676 -1.377009630203247 30.932209014892578 0.986908436676325 0.16128154766461095 0 0 0 1 0 0 0 0 0 0
1.5508885383605957 -1.6575462818145752 31.266284942626953 0.777530111100771 0.6288457094801733 0 0 0 1 0 0 0 0 0 0
1.7989544868469238 -1.839057207107544 31.60036849975586 0.36408246933439364 0.9313667137724916 0 0 0 1 0 0 0 0 0 0
2.10435152053833 -1.8739044666290283 31.934452056884766 -0.14491384633696805 0.9894442769250958 0 0 0 1 0 0 0 0 0 0
2.3824543952941895 -1.7564079761505127 32.324214935302734 -0.6084145843104833 0.7936193631699656 0 0 0 1 0 0 0 0 0 0
2.573071002960205 -1.5065948963165283 32.65829849243164 -0.9261065883134452 0.3772619608209005 0 0 0 1 0 0 0 0 0 0
2.6112751960754395 -1.194697618484497 32.99238204956055 -0.9897847948594797 -0.1425694913541387 0 0 0 1 0 0 0 0 0 0
2.486595630645752 -0.9062607884407043 33.32646560668945 -0.7819819638469152 -0.6233010574498664 0 0 0 1 0 0 0 0 0 0
2.233227252960205 -0.7204011082649231 33.66054916381836 -0.35970455285215286 -0.9330662541628183 0 0 0 1 0 0 0 0 0 0
1.920666217803955 -0.6880906224250793 33.994625091552734 0.16122693609270672 -0.9869173598018013 0 0 0 1 0 0 0 0 0 0
1.6346325874328613 -0.8181946873664856 34.32870864868164 0.6379525636470826 -0.7700756628644453 0 0 0 1 0 0 0 0 0 0
1.4535908699035645 -1.0750267505645752 34.66279220581055 0.93969248736894 -0.3420205098855549 0 0 0 1 0 0 0 0 0 0
1.4239583015441895 -1.3686745166778564 35.052555084228516 0.989078105256376 0.147392339361507 0 0 0 1 0 0 0 0 0 0
1.5482068061828613 -1.6542084217071533 35.3947868347168 0.7819960644926881 0.6232833666302572 0 0 0 1 0 0 0 0 0 0
1.7988324165344238 -1.8390114307403564 35.73701858520508 0.3642902029776293 0.9312854814795073 0 0 0 1 0 0 0 0 0 0
2.108330249786377 -1.8733093738555908 36.07925033569336 -0.1515437191451447 0.9884505557627338 0 0 0 1 0 0 0 0 0 0
2.3933377265930176 -1.7478668689727783 36.42148208618164 -0.6265541055802183 0.7793779267984002 0 0 0 1 0 0 0 0 0 0
2.577087879180908 -1.496466875076294 36.76371383666992 -0.9328067065045801 0.36037709180812016 0 0 0 1 0 0 0 0 0 0
2.61008882522583 -1.1868278980255127 37.10593795776367 -0.9878067741787675 -0.15568486402517637 0 0 0 1 0 0 0 0 0 0
2.4834485054016113 -0.9023469090461731 37.44816970825195 -0.7767417416382423 -0.6298192334287595 0 0 0 1 0 0 0 0 0 0
2.2312817573547363 -0.7196534276008606 37.790401458740234 -0.35646143729640895 -0.9343100361874415 0 0 0 1 0 0 0 0 0 0
1.9215054512023926 -0.6879532933235168 38.132633209228516 0.15983599103220222 -0.9871435842727002 0 0 0 1 0 0 0 0 0 0
1.6375622749328613 -0.8157837986946106 38.4748649597168 0.6330722876233038 -0.7740926809132075 0 0 0 1 0 0 0 0 0 0
1.455925464630127 -1.0687172412872314 38.81709671020508 0.935799253908793 -0.35253334081154086 0 0 0 1 0 0 0 0 0 0
1.4255261421203613 -1.3786194324493408 39.15932846069336 0.9864663009349605 0.1639641336381096 0 0 0 1 0 0 0 0 0 0
1.55454683303833 -1.6620285511016846 39.50156021118164 0.7714312429690492 0.6363126883625909 0 0 0 1 0 0 0 0 0 0
1.808239459991455 -1.8426010608673096 39.84378433227539 0.3486065080811647 0.9372691729292374 0 0 0 1 0 0 0 0 0 0
2.1182713508605957 -1.871699571609497 40.18601608276367 -0.16811671064435632 0.985767098052132 0 0 0 1 0 0 0 0 0 0
2.4011311531066895 -1.741492509841919 40.52824783325195 -0.6395407943056066 0.7687571608895453 0 0 0 1 0 0 0 0 0 0
2.580639362335205 -1.4870445728302002 40.870479583740234 -0.938719923323215 0.34468087494965144 0 0 0 1 0 0 0 0 0 0
2.6084370613098145 -1.1768944263458252 41.212711334228516 -0.9850542239196433 -0.1722445236809272 0 0 0 1 0 0 0 0 0 0
2.477043628692627 -0.8945801854133606 41.5549430847168 -0.7660613496015836 -0.6427674607870256 0 0 0 1 0 0 0 0 0 0
2.2218480110168457 -0.7161439061164856 41.89717483520508 -0.340742978417249 -0.9401564883886843 0 0 0 1 0 0 0 0 0 0
1.911583423614502 -0.6896432042121887 42.23940658569336 0.17637311750978202 -0.984323383558412 0 0 0 1 0 0 0 0 0 0
1.6298222541809082 -0.8222230076789856 42.58163070678711 0.6459765281223223 -0.7633572722618357 0 0 0 1 0 0 0 0 0 0
1.4524579048156738 -1.0781662464141846 42.92386245727539 0.9415788363190881 -0.3367926587620217 0 0 0 1 0 0 0 0 0 0
1.4272618293762207 -1.3885376453399658 43.26609420776367 0.9835765270110086 0.18049159402299772 0 0 0 1 0 0 0 0 0 0
1.5610203742980957 -1.6697418689727783 43.60832595825195 0.7606408458566215 0.6491729381409266 0 0 0 1 0 0 0 0 0 0
1.8177037239074707 -1.8460304737091064 43.950557708740234 0.33283361591248584 0.9429855694116532 0 0 0 1 0 0 0 0 0 0
2.128178119659424 -1.8699257373809814 44.292789459228516 -0.18461978024623235 0.9828100206763426 0 0 0 1 0 0 0 0 0 0
2.408817768096924 -1.7349884510040283 44.6350212097168 -0.6523570465593814 0.7579117915722917 0 0 0 1 0 0 0 0 0 0
2.5840306282043457 -1.477565050125122 44.97725296020508 -0.9443744307137055 0.328872216239324 0 0 0 1 0 0 0 0 0 0
2.606621265411377 -1.1669914722442627 45.31947708129883 -0.9820254082581863 -0.18874876830152376 0 0 0 1 0 0 0 0 0 0
2.4705090522766113 -0.8869240880012512 45.66170883178711 -0.7551758498355542 -0.6555222618837202 0 0 0 1 0 0 0 0 0 0
2.212353229522705 -0.7127907872200012 46.00394058227539 -0.3249086127297137 -0.9457454167872308 0 0 0 1 0 0 0 0 0 0
1.9016880989074707 -0.6915047764778137 46.34617233276367 0.19286783338011398 -0.9812247443105278 0 0 0 1 0 0 0 0 0 0
1.6221928596496582 -0.8287919163703918 46.68840408325195 0.6586873681240719 -0.7524167402934249 0 0 0 1 0 0 0 0 0 0
1.4491467475891113 -1.0876762866973877 47.030635833740234 0.9470996980404487 -0.3209394989272755 0 0 0 1 0 0 0 0 0 0
1.429161548614502 -1.3984253406524658 47.372867584228516 0.980408985732988 0.19697263945536703 0 0 0 1 0 0 0 0 0 0
1.567619800567627 -1.677344560623169 47.7150993347168 0.7496452985377257 0.6618398041673561 0 0 0 1 0 0 0 0 0 0
1.8272252082824707 -1.849299669265747 48.05732345581055 0.31696817087858836 0.9484361753169697 0 0 0 1 0 0 0 0 0 0
2.1380581855773926 -1.8679840564727783 48.39955520629883 -0.20108907623609654 0.9795729597219971 0 0 0 1 0 0 0 0 0 0
2.416393756866455 -1.7283546924591064 48.74178695678711 -0.6649799222464516 0.7468612341051739 0 0 0 1 0 0 0 0 0 0
2.58726167678833 -1.4680283069610596 49.08401870727539 -0.9497582170547402 0.3129845509557953 0 0 0 1 0 0 0 0 0 0
2.5665478706359863 -1.0384857654571533 49.47378158569336 -0.91523461145068 -0.4029213397211957 0 0 0 1 0 0 0 0 0 0
2.3932576179504395 -0.8125489354133606 49.798587799072266 -0.6264176112327755 -0.7794876370651579 0 0 0 1 0 0 0 0 0 0
2.1353230476379395 -0.691939651966095 50.12338638305664 -0.19652394416573607 -0.9804990256851572 0 0 0 1 0 0 0 0 0 0
1.8508305549621582 -0.7038262486457825 50.44819259643555 0.2776317469657586 -0.9606875730833314 0 0 0 1 0 0 0 0 0 0
1.6038556098937988 -0.8455269932746887 50.77299118041992 0.6892494810787432 -0.7245240871307752 0 0 0 1 0 0 0 0 0 0
1.4500126838684082 -1.0851318836212158 51.09779739379883 0.9456519941727066 -0.32518042056246727 0 0 0 1 0 0 0 0 0 0
1.4239583015441895 -1.3686745166778564 51.4225959777832 0.989078105256376 0.147392339361507 0 0 0 1 0 0 0 0 0 0
1.576897144317627 -1.6876099109649658 51.81235885620117 0.734184585000388 0.6789499209424862 0 0 0 1 0 0 0 0 0 0
1.8650517463684082 -1.860572099685669 52.163143157958984 0.2539260752527576 0.9672236289021949 0 0 0 1 0 0 0 0 0 0
2.2010083198547363 -1.8514587879180908 52.51393508911133 -0.30600409590745303 0.9520301955756771 0 0 0 1 0 0 0 0 0 0
2.4793591499328613 -1.6631195545196533 52.86471939086914 -0.7699235932854528 0.6381360830594184 0 0 0 1 0 0 0 0 0 0
2.61277437210083 -1.3546555042266846 53.21550369262695 -0.992278049322878 0.12403335370771944 0 0 0 1 0 0 0 0 0 0
2.559387683868408 -1.0228416919708252 53.5662956237793 -0.9033046794756266 -0.4289995991110429 0 0 0 1 0 0 0 0 0 0
2.3359570503234863 -0.7717850804328918 53.91707992553711 -0.5309164550360217 -0.8474241663842164 0 0 0 1 0 0 0 0 0 0
2.0125813484191895 -0.6802590489387512 54.26786422729492 0.008033312635321931 -0.9999677324234534 0 0 0 1 0 0 0 0 0 0
1.69071626663208 -0.7769768834114075 54.618648529052734 0.544480782447377 -0.838773317139674 0 0 0 1 0 0 0 0 0 0
1.4713521003723145 -1.031592607498169 54.96944046020508 0.9100892380746085 -0.41441232937833616 0 0 0 1 0 0 0 0 0 0
1.4233136177062988 -1.364222764968872 55.32022476196289 0.9901546602976221 0.13997767211559228 0 0 0 1 0 0 0 0 0 0
1.5580906867980957 -1.6662819385528564 55.70998764038086 0.7655235922628122 0.6434078253246845 0 0 0 1 0 0 0 0 0 0
1.81260347366333 -1.844203233718872 56.06077194213867 0.34133674720017854 0.9399410752865318 0 0 0 1 0 0 0 0 0 0
2.1219754219055176 -1.8710548877716064 56.411556243896484 -0.17428839507926597 0.9846946508134864 0 0 0 1 0 0 0 0 0 0
2.4033360481262207 -1.739650011062622 56.7623405456543 -0.6432131362398315 0.7656871824501962 0 0 0 1 0 0 0 0 0 0
2.5813183784484863 -1.4851791858673096 57.11314010620117 -0.9398549939420598 0.34157369682422967 0 0 0 1 0 0 0 0 0 0
2.608250141143799 -1.1758110523223877 57.463924407958984 -0.9847367621100246 -0.17405030694906873 0 0 0 1 0 0 0 0 0 0
2.4769062995910645 -0.8944199681282043 57.8147087097168 -0.7658360039126182 -0.643035936096228 0 0 0 1 0 0 0 0 0 0
2.2224812507629395 -0.7163727879524231 58.16549301147461 -0.34179356610003114 -0.9397750572198772 0 0 0 1 0 0 0 0 0 0
1.9131207466125488 -0.6893723607063293 58.51627731323242 0.1738052055212293 -0.9847800518561102 0 0 0 1 0 0 0 0 0 0
1.63169527053833 -0.8206437230110168 58.867061614990234 0.6428534673931627 -0.7659891771171365 0 0 0 1 0 0 0 0 0 0
1.4535908699035645 -1.0750267505645752 59.21784591674805 0.93969248736894 -0.3420205098855549 0 0 0 1 0 0 0 0 0 0
1.4239583015441895 -1.3686745166778564 59.60761642456055 0.989078105256376 0.147392339361507 0 0 0 1 0 0 0 0 0 0
1.5653157234191895 -1.674720048904419 59.964900970458984 0.7534788226370999 0.6574721772344514 0 0 0 1 0 0 0 0 0 0
1.8493847846984863 -1.8562347888946533 60.32218551635742 0.28003231255664884 0.9599905749142411 0 0 0 1 0 0 0 0 0 0
2.186493396759033 -1.855921983718872 60.67947006225586 -0.28181460186875884 0.9594688792105522 0 0 0 1 0 0 0 0 0 0
2.470226764678955 -1.6738808155059814 61.036739349365234 -0.7547009234749223 0.6560689873070509 0 0 0 1 0 0 0 0 0 0
2.611015796661377 -1.3675758838653564 61.39402389526367 -0.9893488727662438 0.1455637590754054 0 0 0 1 0 0 0 0 0 0
2.564415454864502 -1.0337021350860596 61.75130844116211 -0.911680555793747 -0.4108997008852701 0 0 0 1 0 0 0 0 0 0
2.3451390266418457 -0.7776558995246887 62.10859298706055 -0.5462206299523403 -0.8376413453349043 0 0 0 1 0 0 0 0 0 0
2.022404193878174 -0.6802590489387512 62.465877532958984 -0.008336224146621687 -0.9999652530798144 0 0 0 1 0 0 0 0 0 0
1.6980900764465332 -0.7722657322883606 62.82316207885742 0.5321978186933698 -0.846620033886524 0 0 0 1 0 0 0 0 0 0
1.4745793342590332 -1.024623155593872 63.18044662475586 0.9047121343555045 -0.42602341948525296 0 0 0 1 0 0 0 0 0 0
1.4224247932434082 -1.3576767444610596 63.5377311706543 0.9916366591392507 0.12906097880903342 0 0 0 1 0 0 0 0 0 0
1.5580906867980957 -1.6662819385528564 63.89500045776367 0.7655235922628122 0.6434078253246845 0 0 0 1 0 0 0 0 0 0
1.8042340278625488 -1.8410942554473877 64.28477478027344 0.35528325052826726 0.9347586917991555 0 0 0 1 0 0 0 0 0 0
2.12089204788208 -1.8712456226348877 64.63555908203125 -0.17248075721705797 0.9850128874232207 0 0 0 1 0 0 0 0 0 0
2.4084630012512207 -1.7352898120880127 64.98634338378906 -0.6517656340760075 0.7584204363263823 0 0 0 1 0 0 0 0 0 0
2.586124897003174 -1.4714386463165283 65.33712768554688 -0.947867857404471 0.3186636548140644 0 0 0 1 0 0 0 0 0 0
2.603943347930908 -1.1538498401641846 65.68792724609375 -0.977561560390924 -0.210649936259335 0 0 0 1 0 0 0 0 0 0
2.4569058418273926 -0.87177973985672 66.03871154785156 -0.7325006001511597 -0.6807663848767732 0 0 0 1 0 0 0 0 0 0
2.186344623565674 -0.704512894153595 66.38949584960938 -0.2815588778167867 -0.9595439533041475 0 0 0 1 0 0 0 0 0 0
1.8683018684387207 -0.6990616917610168 66.74028015136719 0.24850523008475633 -0.9686305542468305 0 0 0 1 0 0 0 0 0 0
1.5921673774719238 -0.8569520115852356 67.091064453125 0.7087262572640658 -0.7054835875231039 0 0 0 1 0 0 0 0 0 0
1.4355473518371582 -1.133815050125122 67.44184875488281 0.9697651425872339 -0.24404009552276795 0 0 0 1 0 0 0 0 0 0
1.4424633979797363 -1.4518311023712158 67.79263305664062 0.9582332403979613 0.2859878616242701 0 0 0 1 0 0 0 0 0 0
1.610973834991455 -1.7216179370880127 68.1434326171875 0.6773862952170797 0.735627492044771 0 0 0 1 0 0 0 0 0 0
1.89371919631958 -1.8673508167266846 68.49421691894531 0.20614109893274243 0.9785222773809502 0 0 0 1 0 0 0 0 0 0
2.21122407913208 -1.8480713367462158 68.84500122070312 -0.3230389583273102 0.9463856673697074 0 0 0 1 0 0 0 0 0 0
2.474255084991455 -1.6692001819610596 69.19578552246094 -0.7614097697862996 0.6482709020725627 0 0 0 1 0 0 0 0 0 0
2.6088833808898926 -1.3810036182403564 69.54656982421875 -0.9857977829323528 0.16793668796798944 0 0 0 1 0 0 0 0 0 0
2.577274799346924 -1.0644867420196533 69.89735412597656 -0.9331111840512213 -0.3595879839462491 0 0 0 1 0 0 0 0 0 0
2.388306140899658 -0.8086121678352356 70.24813842773438 -0.6181728906614655 -0.7860421599706008 0 0 0 1 0 0 0 0 0 0
2.095093250274658 -0.6852906346321106 70.59893798828125 -0.1294749466152638 -0.9915826935757676 0 0 0 1 0 0 0 0 0 0
1.7800450325012207 -0.7291863560676575 70.94972229003906 0.39560590603589935 -0.9184203651430619 0 0 0 1 0 0 0 0 0 0
1.5317120552062988 -0.9279587864875793 71.30050659179688 0.809488011988461 -0.587136405315638 0 0 0 1 0 0 0 0 0 0
1.4233136177062988 -1.364222764968872 71.69026184082031 0.9901546602976221 0.13997767211559228 0 0 0 1 0 0 0 0 0 0
2.598850727081299 1.4178168773651123 71.69026184082031 -0.9690753229690029 -0.2467651077695605 0 0 0 -1 0 0 0 0 0 0
2.5385098457336426 0.9723555445671082 71.30050659179688 -0.8685073835437129 0.4956762297407996 0 0 0 -1 0 0 0 0 0 0
2.2871289253234863 0.7338034510612488 70.91073608398438 -0.44953672126244715 0.8932618519989582 0 0 0 -1 0 0 0 0 0 0
1.9457669258117676 0.6740538477897644 70.52098083496094 0.11940047156959811 0.9928461750890505 0 0 0 -1 0 0 0 0 0 0
1.6283040046691895 0.81303471326828 70.13121032714844 0.6485005627307154 0.7612141749454915 0 0 0 -1 0 0 0 0 0 0
1.4406476020812988 1.1043822765350342 69.741455078125 0.961262283565907 0.275635306507816 0 0 0 -1 0 0 0 0 0 0
1.4331212043762207 1.406193494796753 69.3516845703125 0.9738043697392312 -0.2273874435336713 0 0 0 -1 0 0 0 0 0 0
1.5794835090637207 1.6799094676971436 69.01390075683594 0.7298688131540061 -0.6835872406541555 0 0 0 -1 0 0 0 0 0 0
1.8430371284484863 1.843865156173706 68.67610168457031 0.29061331552885117 -0.9568405827708859 0 0 0 -1 0 0 0 0 0 0
2.1532559394836426 1.854180097579956 68.33830261230469 -0.22641200448027246 -0.9740316238332435 0 0 0 -1 0 0 0 0 0 0
2.427116870880127 1.708092451095581 68.00051879882812 -0.6828569332018534 -0.7305521259829166 0 0 0 -1 0 0 0 0 0 0
2.5913357734680176 1.4447028636932373 67.6627197265625 -0.9565502801364572 -0.2915674219985234 0 0 0 -1 0 0 0 0 0 0
2.601959705352783 1.134495496749878 67.32492065429688 -0.9742579019515438 0.22543633355112994 0 0 0 -1 0 0 0 0 0 0
2.456146717071533 0.8604857325553894 66.98713684082031 -0.7312346178984652 0.6821260393702073 0 0 0 -1 0 0 0 0 0 0
2.1929211616516113 0.6960074305534363 66.64933776855469 -0.29253145093789956 0.9562559020535075 0 0 0 -1 0 0 0 0 0 0
1.8827214241027832 0.6850706934928894 66.31153869628906 0.22447104967410186 0.9744807580748872 0 0 0 -1 0 0 0 0 0 0
1.6085667610168457 0.83061283826828 65.97373962402344 0.6813941927186696 0.7319166305866212 0 0 0 -1 0 0 0 0 0 0
1.4438252449035645 1.0936744213104248 65.63595581054688 0.9559668198840977 0.2934747677070131 0 0 0 -1 0 0 0 0 0 0
1.4325833320617676 1.403862714767456 65.29815673828125 0.9747020788142509 -0.22350807044752966 0 0 0 -1 0 0 0 0 0 0
1.5778508186340332 1.6781585216522217 64.96035766601562 0.7325924573723007 -0.680667533676474 0 0 0 -1 0 0 0 0 0 0
1.8407483100891113 1.843163251876831 64.62257385253906 0.29442800125477575 -0.9556736640072896 0 0 0 -1 0 0 0 0 0 0
2.15092134475708 1.8547179698944092 64.28477478027344 -0.2225186229758043 -0.9749284396451628 0 0 0 -1 0 0 0 0 0 0
2.4144177436828613 1.719628095626831 63.89500045776367 -0.6616910259238478 -0.7497766242100681 0 0 0 -1 0 0 0 0 0 0
2.590363025665283 1.4478576183319092 63.53913497924805 -0.9549308643043088 -0.2968283079475843 0 0 0 -1 0 0 0 0 0 0
2.599487781524658 1.124230146408081 63.18326950073242 -0.9701392001254008 0.24254882473441794 0 0 0 -1 0 0 0 0 0 0
2.4391331672668457 0.8429762721061707 62.827388763427734 -0.7028811412756387 0.7113073184208465 0 0 0 -1 0 0 0 0 0 0
2.15598726272583 0.6859824061393738 62.47152328491211 -0.23096870618616255 0.9729611794736163 0 0 0 -1 0 0 0 0 0 0
1.8324894905090332 0.6989676356315613 62.115657806396484 0.3081954085404564 0.9513230734900637 0 0 0 -1 0 0 0 0 0 0
1.5628361701965332 0.8781401515007019 61.75979232788086 0.7576107376620582 0.6527066494062644 0 0 0 -1 0 0 0 0 0 0
1.4255337715148926 1.1713416576385498 61.40391159057617 0.9864548067693759 0.16403327162985268 0 0 0 -1 0 0 0 0 0 0
1.4605603218078613 1.493199110031128 61.04804611206055 0.9280706810339089 -0.3724040963862461 0 0 0 -1 0 0 0 0 0 0
1.6577191352844238 1.7499969005584717 60.69218063354492 0.5994792793245073 -0.8003902758408359 0 0 0 -1 0 0 0 0 0 0
1.959606647491455 1.8669707775115967 60.336299896240234 0.09633172473138371 -0.995349284829339 0 0 0 -1 0 0 0 0 0 0
2.278320789337158 1.8100593090057373 59.98043441772461 -0.43485637018266526 -0.9004998263806366 0 0 0 -1 0 0 0 0 0 0
2.521069049835205 1.5958335399627686 59.624568939208984 -0.8394403944125217 -0.54345176807933 0 0 0 -1 0 0 0 0 0 0
2.61716890335083 1.2866714000701904 59.2686882019043 -0.9996027594997029 -0.028183740003403752 0 0 0 -1 0 0 0 0 0 0
2.538639545440674 0.97258061170578 58.91282272338867 -0.8687190722589196 0.4953051317052974 0 0 0 -1 0 0 0 0 0 0
2.308350086212158 0.7450186610221863 58.55695724487305 -0.4849091808639262 0.8745645123796622 0 0 0 -1 0 0 0 0 0 0
1.9933476448059082 0.670242965221405 58.20107650756836 0.04009931618591739 0.999195698970638 0 0 0 -1 0 0 0 0 0 0
1.6853489875793457 0.7700240015983582 57.845211029052734 0.5534255915069167 0.8328986220814749 0 0 0 -1 0 0 0 0 0 0
1.4740338325500488 1.0153052806854248 57.48934555053711 0.9056188127270808 0.42409263850577855 0 0 0 -1 0 0 0 0 0 0
1.4209294319152832 1.3346755504608154 57.13346481323242 0.9941299642980642 -0.10819248626743674 0 0 0 -1 0 0 0 0 0 0
1.5414929389953613 1.6351478099822998 56.7775993347168 0.7931850531746577 -0.6089806823047141 0 0 0 -1 0 0 0 0 0 0
1.8006253242492676 1.8292319774627686 56.42173385620117 0.3612943636531751 -0.9324518125846757 0 0 0 -1 0 0 0 0 0 0
2.122875690460205 1.860417127609253 56.065860748291016 -0.17577937714474015 -0.9844295863953944 0 0 0 -1 0 0 0 0 0 0
2.4144177436828613 1.719628095626831 55.70998764038086 -0.6616910259238478 -0.7497766242100681 0 0 0 -1 0 0 0 0 0 0
2.598850727081299 1.4178168773651123 55.32022476196289 -0.9690753229690029 -0.2467651077695605 0 0 0 -1 0 0 0 0 0 0
2.5925488471984863 1.0988433361053467 54.976314544677734 -0.9585675771107354 0.28486523149035625 0 0 0 -1 0 0 0 0 0 0
2.4236340522766113 0.8281981348991394 54.63240432739258 -0.677053040606645 0.7359342227436476 0 0 0 -1 0 0 0 0 0 0
2.1398701667785645 0.6823927760124207 54.28850173950195 -0.20411013591696886 0.9789479314120625 0 0 0 -1 0 0 0 0 0 0
1.8214802742004395 0.702652633190155 53.9445915222168 0.3265389699706512 0.9451837393282357 0 0 0 -1 0 0 0 0 0 0
1.558483600616455 0.8832480311393738 53.60068130493164 0.7648668859109082 0.644188362854336 0 0 0 -1 0 0 0 0 0 0
1.4252400398254395 1.1731231212615967 53.256771087646484 0.986942928814754 0.16107034259153763 0 0 0 -1 0 0 0 0 0 0
1.4594159126281738 1.4903228282928467 52.91286849975586 0.9299824863248147 -0.3676038290457754 0 0 0 -1 0 0 0 0 0 0
1.6513524055480957 1.7451598644256592 52.5689582824707 0.6100837387338076 -0.7923369433092079 0 0 0 -1 0 0 0 0 0 0
1.9467816352844238 1.8655898571014404 52.22504806518555 0.11770634899619406 -0.9930484456490458 0 0 0 -1 0 0 0 0 0 0
2.262176990509033 1.8175628185272217 51.88113784790039 -0.4079490167770942 -0.913004709577449 0 0 0 -1 0 0 0 0 0 0
2.5083699226379395 1.6146552562713623 51.537235260009766 -0.8182788448955903 -0.5748214783707534 0 0 0 -1 0 0 0 0 0 0
2.615753650665283 1.3142402172088623 51.19332504272461 -0.9972478196191983 -0.07414031470634048 0 0 0 -1 0 0 0 0 0 0
2.553966999053955 1.001244306564331 50.84941482543945 -0.894267814212455 0.4475322071803075 0 0 0 -1 0 0 0 0 0 0
2.3404812812805176 0.7641684412956238 50.5055046081543 -0.5384549278924292 0.842654312650424 0 0 0 -1 0 0 0 0 0 0
2.0356526374816895 0.6700369715690613 50.16160202026367 -0.03041650026319112 0.999537311215414 0 0 0 -1 0 0 0 0 0 0
1.7256627082824707 0.7454649806022644 49.817691802978516 0.4862400345043091 0.8738252850800601 0 0 0 -1 0 0 0 0 0 0
1.4981579780578613 0.9691244959831238 49.47378158569336 0.865411358071044 0.5010620533642828 0 0 0 -1 0 0 0 0 0 0
1.4293065071105957 1.3886611461639404 49.08401870727539 0.9801690167715046 -0.1981633128537713 0 0 0 -1 0 0 0 0 0 0
1.5527958869934082 1.6494147777557373 48.75422286987305 0.7743500619040453 -0.6327574429662611 0 0 0 -1 0 0 0 0 0 0
1.7837185859680176 1.8223845958709717 48.42441940307617 0.3894760128864426 -0.9210366091454125 0 0 0 -1 0 0 0 0 0 0
2.0686802864074707 1.8675658702850342 48.09462356567383 -0.08546033093727258 -0.996341573877198 0 0 0 -1 0 0 0 0 0 0
2.3417820930480957 1.7745177745819092 47.76482009887695 -0.5406299970291659 -0.8412604865986777 0 0 0 -1 0 0 0 0 0 0
2.539879322052002 1.5647552013397217 47.43502426147461 -0.8707896785635189 -0.4916557085067187 0 0 0 -1 0 0 0 0 0 0
2.6171650886535645 1.2867820262908936 47.105220794677734 -0.9995973588682734 -0.028374639091487137 0 0 0 -1 0 0 0 0 0 0
2.55576753616333 1.0048720836639404 46.77542495727539 -0.8972699011087993 0.44148241704988117 0 0 0 -1 0 0 0 0 0 0
2.369884967803955 0.7842108607292175 46.445621490478516 -0.5874615772014272 0.8092520591954102 0 0 0 -1 0 0 0 0 0 0
2.1024975776672363 0.6758238673210144 46.11582565307617 -0.14181715180774854 0.9898928706951767 0 0 0 -1 0 0 0 0 0 0
1.8154339790344238 0.7047774195671082 45.7860221862793 0.3366256017614948 0.9416385741029898 0 0 0 -1 0 0 0 0 0 0
1.5750737190246582 0.8643690943717957 45.45622634887695 0.7372229760148804 0.6756495272223336 0 0 0 -1 0 0 0 0 0 0
1.43699312210083 1.117699384689331 45.12643051147461 0.967350679264527 0.25344163692349014 0 0 0 -1 0 0 0 0 0 0
1.4331212043762207 1.406193494796753 44.796627044677734 0.9738043697392312 -0.2273874435336713 0 0 0 -1 0 0 0 0 0 0
1.611504077911377 1.7116248607635498 44.406864166259766 0.6765036184621784 -0.7364393078914102 0 0 0 -1 0 0 0 0 0 0
1.9114537239074707 1.8603332042694092 44.05607986450195 0.176585467779007 -0.9842853105524179 0 0 0 -1 0 0 0 0 0 0
2.2443928718566895 1.825169324874878 43.70528793334961 -0.37831521810706953 -0.9256768311611783 0 0 0 -1 0 0 0 0 0 0
2.5066609382629395 1.6170814037322998 43.3545036315918 -0.8154220684257798 -0.5788668675301973 0 0 0 -1 0 0 0 0 0 0
2.616600513458252 1.3008544445037842 43.003719329833984 -0.9986562390496428 -0.05182389610230763 0 0 0 -1 0 0 0 0 0 0
2.539982318878174 0.9749495387077332 42.65293502807617 -0.8709599258267922 0.4913540552430486 0 0 0 -1 0 0 0 0 0 0
2.300663471221924 0.7408339381217957 42.30214309692383 -0.4720939919605653 0.8815482191886826 0 0 0 -1 0 0 0 0 0 0
1.9731526374816895 0.6713950037956238 41.951358795166016 0.07375843408488626 0.9972761369858127 0 0 0 -1 0 0 0 0 0 0
1.6594204902648926 0.78825443983078 41.6005744934082 0.5966395093516872 0.8025093743256696 0 0 0 -1 0 0 0 0 0 0
1.457146167755127 1.0550315380096436 41.24978256225586 0.9337659900373905 0.35788416540759715 0 0 0 -1 0 0 0 0 0 0
1.4293065071105957 1.3886611461639404 40.89899826049805 0.9801690167715046 -0.1981633128537713 0 0 0 -1 0 0 0 0 0 0
1.598473072052002 1.6992919445037842 40.50923538208008 0.6982217772030026 -0.7158815194146867 0 0 0 -1 0 0 0 0 0 0
1.85722017288208 1.8479812145233154 40.18183517456055 0.2669754329261107 -0.9637033351679944 0 0 0 -1 0 0 0 0 0 0
2.1555943489074707 1.853630781173706 39.854434967041016 -0.2303173692557397 -0.9731155683777315 0 0 0 -1 0 0 0 0 0 0
2.41978120803833 1.714836835861206 39.527034759521484 -0.670627422086339 -0.7417943520584606 0 0 0 -1 0 0 0 0 0 0
2.5844273567199707 1.4659392833709717 39.19963455200195 -0.945036484229522 -0.32696489639578213 0 0 0 -1 0 0 0 0 0 0
2.608799457550049 1.1685073375701904 38.87223434448242 -0.9856577341873858 0.16875672145603265 0 0 0 -1 0 0 0 0 0 0
2.486870288848877 0.8961226344108582 38.54483413696289 -0.7824337287999672 0.6227338597155121 0 0 0 -1 0 0 0 0 0 0
2.2487988471984863 0.7161757349967957 38.21743392944336 -0.38565552478540355 0.9226428432511113 0 0 0 -1 0 0 0 0 0 0
1.953484058380127 0.6731764674186707 37.89003372192383 0.106543009024247 0.9943080947211782 0 0 0 -1 0 0 0 0 0 0
1.6739850044250488 0.7777640223503113 37.562625885009766 0.5723661257571461 0.8199981817575909 0 0 0 -1 0 0 0 0 0 0
1.479443073272705 1.004063367843628 37.235225677490234 0.8966043399218019 0.44283253904087694 0 0 0 -1 0 0 0 0 0 0
1.4179844856262207 1.2960937023162842 36.9078254699707 0.9990363041596029 -0.043891490873761735 0 0 0 -1 0 0 0 0 0 0
1.504814624786377 1.5816123485565186 36.58042526245117 0.8543187762623708 -0.5197493901156259 0 0 0 -1 0 0 0 0 0 0
1.7184529304504395 1.7899787425994873 36.25302505493164 0.4982579918661453 -0.8670288193258148 0 0 0 -1 0 0 0 0 0 0
2.0060505867004395 1.869652509689331 35.92562484741211 0.018927628794074794 -0.9998208563879 0 0 0 -1 0 0 0 0 0 0
2.2964558601379395 1.8009231090545654 35.59822463989258 -0.4650882872255955 -0.8852643023897224 0 0 0 -1 0 0 0 0 0 0
2.517826557159424 1.6007888317108154 35.27082443237305 -0.834033411330388 -0.5517139374572623 0 0 0 -1 0 0 0 0 0 0
2.6154026985168457 1.318760633468628 34.943424224853516 -0.996659632436763 -0.0816674786620497 0 0 0 -1 0 0 0 0 0 0
2.5650410652160645 1.0246131420135498 34.616024017333984 -0.9127237954293825 0.40857713256738043 0 0 0 -1 0 0 0 0 0 0
2.3792004585266113 0.7911116480827332 34.28862380981445 -0.6029882202115889 0.7977500901197445 0 0 0 -1 0 0 0 0 0 0
2.1038594245910645 0.6760222315788269 33.96122360229492 -0.14409423929813467 0.9895639697367179 0 0 0 -1 0 0 0 0 0 0
1.8071293830871582 0.7078139185905457 33.63381576538086 0.3504593338428607 0.9365779494107355 0 0 0 -1 0 0 0 0 0 0
1.56242036819458 0.8786246180534363 33.30641555786133 0.7583061244181699 0.6518986283693923 0 0 0 -1 0 0 0 0 0 0
1.4302678108215332 1.1461989879608154 32.9790153503418 0.9785649007531504 0.20593866808828537 0 0 0 -1 0 0 0 0 0 0
1.4433636665344238 1.4443366527557373 32.651615142822266 0.9567352761853032 -0.29095981045950614 0 0 0 -1 0 0 0 0 0 0
1.598473072052002 1.6992919445037842 32.324214935302734 0.6982217772030026 -0.7158815194146867 0 0 0 -1 0 0 0 0 0 0
1.8549084663391113 1.8473365306854248 31.934452056884766 0.27083200294760534 -0.9626266286465321 0 0 0 -1 0 0 0 0 0 0
2.1564221382141113 1.8534324169158936 31.60036849975586 -0.2316994019860908 -0.9727874316207462 0 0 0 -1 0 0 0 0 0 0
2.422813892364502 1.7120788097381592 31.266284942626953 -0.6756789019920911 -0.7371960535724281 0 0 0 -1 0 0 0 0 0 0
2.5867886543273926 1.4589812755584717 30.932209014892578 -0.9489678915360493 -0.31537270147180585 0 0 0 -1 0 0 0 0 0 0
2.6069188117980957 1.1580779552459717 30.598125457763672 -0.9825240783965755 0.18613552957713383 0 0 0 -1 0 0 0 0 0 0
2.478123188018799 0.885391891002655 30.264041900634766 -0.7678651709511688 0.6406114885327397 0 0 0 -1 0 0 0 0 0 0
2.2329373359680176 0.7098090052604675 29.92995834350586 -0.359220347264789 0.9332527750352337 0 0 0 -1 0 0 0 0 0 0
1.933300495147705 0.6756865382194519 29.595874786376953 0.14018030956651417 0.9901259923917946 0 0 0 -1 0 0 0 0 0 0
1.6549115180969238 0.791641891002655 29.261791229248047 0.6041565253089536 0.7968656680561734 0 0 0 -1 0 0 0 0 0 0
1.4680981636047363 1.028385877609253 28.92770767211914 0.9155116279492799 0.4022915100889641 0 0 0 -1 0 0 0 0 0 0
1.420055866241455 1.3261077404022217 28.593631744384766 0.9955807892844238 -0.0939089559509847 0 0 0 -1 0 0 0 0 0 0
1.5229229927062988 1.609593152999878 28.25954818725586 0.8241394677294641 -0.5663869152183827 0 0 0 -1 0 0 0 0 0 0
1.7507061958312988 1.8072288036346436 27.925464630126953 0.444500869567043 -0.895778419562641 0 0 0 -1 0 0 0 0 0 0
2.045868396759033 1.869084119796753 27.591381072998047 -0.047437213117461845 -0.9988742217174534 0 0 0 -1 0 0 0 0 0 0
2.3338398933410645 1.779534101486206 27.25729751586914 -0.5273924660147595 -0.849621790440235 0 0 0 -1 0 0 0 0 0 0
2.541870594024658 1.5611999034881592 26.923213958740234 -0.8741059357269687 -0.48573533238470573 0 0 0 -1 0 0 0 0 0 0
2.617405414581299 1.2692420482635498 26.58913803100586 -0.9999996268244824 0.0008639160235780177 0 0 0 -1 0 0 0 0 0 0
2.54136323928833 0.9774138331413269 26.255054473876953 -0.8732676852358359 0.48724075150057466 0 0 0 -1 0 0 0 0 0 0
2.3329548835754395 0.7594382166862488 25.920970916748047 -0.5259102761867236 0.8505400527906986 0 0 0 -1 0 0 0 0 0 0
2.044830799102783 0.6703879237174988 25.58688735961914 -0.045708939550494335 0.9989548002012749 0 0 0 -1 0 0 0 0 0 0
1.7497754096984863 0.7327544093132019 25.252803802490234 0.4460507857482877 0.8950076516618922 0 0 0 -1 0 0 0 0 0 0
1.5223355293273926 0.9307867884635925 24.918720245361328 0.8251199978756155 0.564957510885327 0 0 0 -1 0 0 0 0 0 0
1.4199604988098145 1.214451551437378 24.584636688232422 0.9957422189693838 0.09218152397269216 0 0 0 -1 0 0 0 0 0 0
1.468517780303955 1.512089490890503 24.250560760498047 0.9148090649037663 -0.40388658651890924 0 0 0 -1 0 0 0 0 0 0
1.65574312210083 1.748509168624878 23.91647720336914 0.6027699166753462 -0.7979150503350568 0 0 0 -1 0 0 0 0 0 0
1.9343304634094238 1.8639800548553467 23.582393646240234 0.13846297368698804 -0.9903676109999542 0 0 0 -1 0 0 0 0 0 0
2.2339062690734863 1.829338788986206 23.248310089111328 -0.3608376609683027 -0.932628641221641 0 0 0 -1 0 0 0 0 0 0
2.478790760040283 1.6533286571502686 22.914226531982422 -0.7689766951658021 -0.639276811946031 0 0 0 -1 0 0 0 0 0 0
2.6071133613586426 1.3804214000701904 22.580142974853516 -0.9828437238131831 -0.18444027369594654 0 0 0 -1 0 0 0 0 0 0
2.586460590362549 1.0795562267303467 22.24605941772461 -0.9484249287392172 0.31700182104525915 0 0 0 -1 0 0 0 0 0 0
2.4220471382141113 0.8267409205436707 21.911983489990234 -0.674401484217202 0.7383648407702216 0 0 0 -1 0 0 0 0 0 0
2.1554112434387207 0.6858488917350769 21.577899932861328 -0.23001536821564839 0.9731869966171043 0 0 0 -1 0 0 0 0 0 0
1.8539090156555176 0.6924673914909363 21.243816375732422 0.27249312603739095 0.9621577294094615 0 0 0 -1 0 0 0 0 0 0
1.593712329864502 0.844925582408905 20.909732818603516 0.7061523816421125 0.7080598942894396 0 0 0 -1 0 0 0 0 0 0
1.4405522346496582 1.104710340499878 20.57564926147461 0.961420574466437 0.27508267664945096 0 0 0 -1 0 0 0 0 0 0
1.4331212043762207 1.406193494796753 20.241565704345703 0.9738043697392312 -0.2273874435336713 0 0 0 -1 0 0 0 0 0 0
1.611504077911377 1.7116248607635498 19.851802825927734 0.6765036184621784 -0.7364393078914102 0 0 0 -1 0 0 0 0 0 0
1.9114537239074707 1.8603332042694092 19.501018524169922 0.176585467779007 -0.9842853105524179 0 0 0 -1 0 0 0 0 0 0
2.2443928718566895 1.825169324874878 19.15023422241211 -0.37831521810706953 -0.9256768311611783 0 0 0 -1 0 0 0 0 0 0
2.5066609382629395 1.6170814037322998 18.799442291259766 -0.8154220684257798 -0.5788668675301973 0 0 0 -1 0 0 0 0 0 0
2.616600513458252 1.3008544445037842 18.448657989501953 -0.9986562390496428 -0.05182389610230763 0 0 0 -1 0 0 0 0 0 0
2.539982318878174 0.9749495387077332 18.09787368774414 -0.8709599258267922 0.4913540552430486 0 0 0 -1 0 0 0 0 0 0
2.300663471221924 0.7408339381217957 17.747081756591797 -0.4720939919605653 0.8815482191886826 0 0 0 -1 0 0 0 0 0 0
1.9731526374816895 0.6713950037956238 17.396297454833984 0.07375843408488626 0.9972761369858127 0 0 0 -1 0 0 0 0 0 0
1.6594204902648926 0.78825443983078 17.045513153076172 0.5966395093516872 0.8025093743256696 0 0 0 -1 0 0 0 0 0 0
1.457146167755127 1.0550315380096436 16.69472885131836 0.9337659900373905 0.35788416540759715 0 0 0 -1 0 0 0 0 0 0
1.4293065071105957 1.3886611461639404 16.343936920166016 0.9801690167715046 -0.1981633128537713 0 0 0 -1 0 0 0 0 0 0
1.598473072052002 1.6992919445037842 15.954174041748047 0.6982217772030026 -0.7158815194146867 0 0 0 -1 0 0 0 0 0 0
1.8424687385559082 1.843693494796753 15.629375457763672 0.2915642928569965 -0.9565512339288471 0 0 0 -1 0 0 0 0 0 0
2.12553071975708 1.8599364757537842 15.304569244384766 -0.18021226246376465 -0.9836277448596553 0 0 0 -1 0 0 0 0 0 0
2.3844456672668457 1.7444007396697998 14.97977066040039 -0.6117306971780395 -0.791066087081269 0 0 0 -1 0 0 0 0 0 0
2.561401844024658 1.5228774547576904 14.654964447021484 -0.9066612379262013 -0.42185945484500886 0 0 0 -1 0 0 0 0 0 0
2.616886615753174 1.2448318004608154 14.33016586303711 -0.9991365696403114 0.041546542664713575 0 0 0 -1 0 0 0 0 0 0
2.5385098457336426 0.9723555445671082 14.005359649658203 -0.8685073835437129 0.4956762297407996 0 0 0 -1 0 0 0 0 0 0
2.185661792755127 0.6938368678092957 13.615596771240234 -0.28042731817862426 0.9598752623227378 0 0 0 -1 0 0 0 0 0 0
1.878063678741455 0.6861655116081238 13.274555206298828 0.232236779003228 0.9726592818033486 0 0 0 -1 0 0 0 0 0 0
1.6071133613586426 0.8319708704948425 12.933513641357422 0.6838189912193302 0.7296516889912458 0 0 0 -1 0 0 0 0 0 0
1.4440617561340332 1.0929076671600342 12.592472076416016 0.9555733027341272 0.2947535633402794 0 0 0 -1 0 0 0 0 0 0
1.4317898750305176 1.4003570079803467 12.25143051147461 0.9760241662393867 -0.21766218531639808 0 0 0 -1 0 0 0 0 0 0
1.57352876663208 1.6734588146209717 11.910388946533203 0.7397933366457101 -0.6728341690599602 0 0 0 -1 0 0 0 0 0 0
1.8319973945617676 1.840397596359253 11.569347381591797 0.3090122460818697 -0.9510580590959934 0 0 0 -1 0 0 0 0 0 0
2.1392292976379395 1.857262372970581 11.22829818725586 -0.20304374233977152 -0.9791696679823474 0 0 0 -1 0 0 0 0 0 0
2.414421558380127 1.719628095626831 10.887256622314453 -0.6616910259238478 -0.7497766242100681 0 0 0 -1 0 0 0 0 0 0
2.603020191192627 1.4003493785858154 10.497493743896484 -0.976026549739675 -0.21765149713077014 0 0 0 -1 0 0 0 0 0 0
2.5924839973449707 1.0986297130584717 10.16341781616211 -0.9584634346659737 0.28521543508075575 0 0 0 -1 0 0 0 0 0 0
2.436340808868408 0.8402373194694519 9.829334259033203 -0.6982272976792924 0.7158761350788787 0 0 0 -1 0 0 0 0 0 0
2.174133777618408 0.6905905604362488 9.495250701904297 -0.2612152964451826 0.9652805648634264 0 0 0 -1 0 0 0 0 0 0
1.8722424507141113 0.6875845789909363 9.16116714477539 0.24194155434266135 0.9702908245893379 0 0 0 -1 0 0 0 0 0 0
1.6071057319641113 0.8319784998893738 8.827083587646484 0.6838305624910361 0.7296408443907135 0 0 0 -1 0 0 0 0 0 0
1.4458508491516113 1.0872085094451904 8.493000030517578 0.9525899735250111 0.3042570333445373 0 0 0 -1 0 0 0 0 0 0
1.4293065071105957 1.3886611461639404 8.158916473388672 0.9801690167715046 -0.1981633128537713 0 0 0 -1 0 0 0 0 0 0
1.598473072052002 1.6992919445037842 7.769153594970703 0.6982217772030026 -0.7158815194146867 0 0 0 -1 0 0 0 0 0 0
1.84739351272583 1.8451697826385498 7.439357757568359 0.28335364568540716 -0.9590154907386997 0 0 0 -1 0 0 0 0 0 0
2.1356282234191895 1.8579986095428467 7.109554290771484 -0.1970395117573219 -0.9803955481367898 0 0 0 -1 0 0 0 0 0 0
2.39652681350708 1.734806776046753 6.779758453369141 -0.6318682251676032 -0.7750758324341839 0 0 0 -1 0 0 0 0 0 0
2.569756031036377 1.504082441329956 6.449962615966797 -0.9205878936632796 -0.3905354401851463 0 0 0 -1 0 0 0 0 0 0
2.615269184112549 1.2191779613494873 6.120159149169922 -0.9964400397363862 0.08430449104376893 0 0 0 -1 0 0 0 0 0 0
2.5225377082824707 0.9459654688835144 5.790363311767578 -0.8418874242723721 0.5396531894207901 0 0 0 -1 0 0 0 0 0 0
2.3130040168762207 0.7476279139518738 5.460559844970703 -0.492665960216699 0.8702185079873662 0 0 0 -1 0 0 0 0 0 0
2.035118579864502 0.6700217127799988 5.130764007568359 -0.029519059325514553 0.9995642176151249 0 0 0 -1 0 0 0 0 0 0
1.753136157989502 0.731095016002655 4.800960540771484 0.4404510304344023 0.8977766369143682 0 0 0 -1 0 0 0 0 0 0
1.5322613716125488 0.9167219996452332 4.471164703369141 0.8085724647738168 0.5883966087679249 0 0 0 -1 0 0 0 0 0 0
1.4235692024230957 1.183983564376831 4.141361236572266 0.9897281628141601 0.14296210593198314 0 0 0 -1 0 0 0 0 0 0
1.4521870613098145 1.4710814952850342 3.811565399169922 0.9420273943467204 -0.3355359716935402 0 0 0 -1 0 0 0 0 0 0
1.611504077911377 1.7116248607635498 3.481761932373047 0.6765036184621784 -0.7364393078914102 0 0 0 -1 0 0 0 0 0 0
2.011425495147705 1.8697326183319092 3.091999053955078 0.00996303984859335 -0.9999503676868045 0 0 0 -1 0 0 0 0 0 0
2.324291706085205 1.7853362560272217 2.7455482482910156 -0.5114747862528463 -0.8592982852465175 0 0 0 -1 0 0 0 0 0 0
2.5476460456848145 1.5505568981170654 2.399089813232422 -0.8837305982953967 -0.4679959718164892 0 0 0 -1 0 0 0 0 0 0
2.6163296699523926 1.2338721752166748 2.052631378173828 -0.998209631572256 0.059812468903906936 0 0 0 -1 0 0 0 0 0 0
2.510319232940674 0.9276549220085144 1.7061805725097656 -0.8215255030587199 0.5701717704552877 0 0 0 -1 0 0 0 0 0 0
2.260529041290283 0.7212263941764832 1.3597221374511719 -0.405209618963537 0.9142238044917805 0 0 0 -1 0 0 0 0 0 0
1.9398198127746582 0.6747977137565613 1.0132637023925781 0.12930654526254642 0.9916046678753913 0 0 0 -1 0 0 0 0 0 0
1.641746997833252 0.8019148707389832 0.6668128967285156 0.626093686243644 0.7797478413216964 0 0 0 -1 0 0 0 0 0 0
1.4532437324523926 1.0654990673065186 0.32035449147224426 0.9402665310974782 0.34043920235177827 0 0 0 -1 0 0 0 0 0 0
1.4293065071105957 1.3886611461639404 -0.026103943586349487 0.9801690167715046 -0.1981633128537713 0 0 0 -1 0 0 0 0 0 0
1.598473072052002 1.6992919445037842 -0.41586682200431824 0.6982217772030026 -0.7158815194146867 0 0 0 -1 0 0 0 0 0 0
1.86747407913208 1.8507277965545654 -0.7547874450683594 0.24988344822087985 -0.9682759226094815 0 0 0 -1 0 0 0 0 0 0
2.1761631965637207 1.8483779430389404 -1.0937156677246094 -0.2645923924066036 -0.9643603402673451 0 0 0 -1 0 0 0 0 0 0
2.4428257942199707 1.692864179611206 -1.4326362609863281 -0.7090339498513105 -0.7051743457885074 0 0 0 -1 0 0 0 0 0 0
2.5968785285949707 1.4253547191619873 -1.7715568542480469 -0.9657904916114919 -0.25932359382214487 0 0 0 -1 0 0 0 0 0 0
2.5975422859191895 1.1166579723358154 -2.110485076904297 -0.9668959755216233 0.25517086926232074 0 0 0 -1 0 0 0 0 0 0
2.4446377754211426 0.8484885096549988 -2.4494056701660156 -0.7120540305126408 0.702124673851235 0 0 0 -1 0 0 0 0 0 0
2.178642749786377 0.6918303370475769 -2.7883338928222656 -0.2687217013597017 0.9632178607243261 0 0 0 -1 0 0 0 0 0 0
1.8699688911437988 0.68815678358078 -3.1272544860839844 0.24572331683103218 0.9693400082352714 0 0 0 -1 0 0 0 0 0 0
1.6003193855285645 0.8384367823600769 -3.4661827087402344 0.695142443999559 0.7188720209817043 0 0 0 -1 0 0 0 0 0 0
1.4410786628723145 1.1028907299041748 -3.805103302001953 0.96054754413524 0.27811583100528353 0 0 0 -1 0 0 0 0 0 0
1.4343914985656738 1.4115149974822998 -4.144031524658203 0.9716916237328288 -0.23625280605203078 0 0 0 -1 0 0 0 0 0 0
1.5820317268371582 1.6826179027557373 -4.482952117919922 0.7256226921490677 -0.6880928052511082 0 0 0 -1 0 0 0 0 0 0
1.844921588897705 1.8444335460662842 -4.821880340576172 0.2874703731869891 -0.9577895303978495 0 0 0 -1 0 0 0 0 0 0
2.153465747833252 1.854130506515503 -5.160800933837891 -0.2267617660672529 -0.9739502561476435 0 0 0 -1 0 0 0 0 0 0
2.425995349884033 1.709141492843628 -5.499729156494141 -0.6809815373805305 -0.7323005842868415 0 0 0 -1 0 0 0 0 0 0
2.590366840362549 1.4478423595428467 -5.838649749755859 -0.9549372245852566 -0.2968078454175484 0 0 0 -1 0 0 0 0 0 0
2.6030735969543457 1.139408826828003 -6.177577972412109 -0.9761165223479509 0.21724763473819966 0 0 0 -1 0 0 0 0 0 0
2.4607510566711426 0.8654753565788269 -6.516498565673828 -0.7389054806638196 0.6738090906517733 0 0 0 -1 0 0 0 0 0 0
2.2010693550109863 0.698563277721405 -6.855426788330078 -0.3061086397842948 0.95199658646941 0 0 0 -1 0 0 0 0 0 0
1.892773151397705 0.68284672498703 -7.194347381591797 0.20772117680603647 0.978188076346423 0 0 0 -1 0 0 0 0 0 0
1.6174664497375488 0.8224913477897644 -7.533275604248047 0.6665628718387108 0.7454488164093697 0 0 0 -1 0 0 0 0 0 0
1.4480252265930176 1.0805327892303467 -7.872196197509766 0.9489678915360493 0.31537270147180585 0 0 0 -1 0 0 0 0 0 0
1.4293065071105957 1.3886611461639404 -8.21112060546875 0.9801690167715046 -0.1981633128537713 0 0 0 -1 0 0 0 0 0 0
1.598473072052002 1.6992919445037842 -8.600883483886719 0.6982217772030026 -0.7158815194146867 0 0 0 -1 0 0 0 0 0 0
1.8403058052062988 1.8430297374725342 -8.919780731201172 0.2951673590080933 -0.955445566307253 0 0 0 -1 0 0 0 0 0 0
2.1210713386535645 1.8607375621795654 -9.238677978515625 -0.17278229174757567 -0.9849600396251897 0 0 0 -1 0 0 0 0 0 0
2.3790440559387207 1.7485244274139404 -9.557575225830078 -0.6027376938379605 -0.7979393914495618 0 0 0 -1 0 0 0 0 0 0
2.557518482208252 1.5310637950897217 -9.876472473144531 -0.9001874878913274 -0.4355025678958753 0 0 0 -1 0 0 0 0 0 0
2.617252826690674 1.2561538219451904 -10.195369720458984 -0.9997428886692062 0.022675020514897604 0 0 0 -1 0 0 0 0 0 0
2.5451130867004395 0.9842345118522644 -10.514263153076172 -0.8795091166713912 0.4758820375806481 0 0 0 -1 0 0 0 0 0 0
2.356964588165283 0.7750899195671082 -10.833160400390625 -0.5659352867683665 0.8244496656500061 0 0 0 -1 0 0 0 0 0 0
2.0941662788391113 0.6746909022331238 -11.152057647705078 -0.1279374956288484 0.9917822327568782 0 0 0 -1 0 0 0 0 0 0
1.8144917488098145 0.7051131129264832 -11.470954895019531 0.33818221323545195 0.9410806504498811 0 0 0 -1 0 0 0 0 0 0
1.5794262886047363 0.8596693873405457 -11.789852142333984 0.7299662847914484 0.6834831549261254 0 0 0 -1 0 0 0 0 0 0
1.4406476020812988 1.1043822765350342 -12.108749389648438 0.961262283565907 0.275635306507816 0 0 0 -1 0 0 0 0 0 0
1.4331212043762207 1.406193494796753 -12.498512268066406 0.9738043697392312 -0.2273874435336713 0 0 0 -1 0 0 0 0 0 0
1.578850269317627 1.6792380809783936 -12.839553833007812 0.7309257895155751 -0.6824569511852254 0 0 0 -1 0 0 0 0 0 0
1.841270923614502 1.843327283859253 -13.180595397949219 0.29356308877508586 -0.9559397015025746 0 0 0 -1 0 0 0 0 0 0
2.1505589485168457 1.8547980785369873 -13.52164077758789 -0.22192660489246005 -0.9750633733460128 0 0 0 -1 0 0 0 0 0 0
2.424412250518799 1.710606336593628 -13.862682342529297 -0.6783434754233735 -0.7347449416978243 0 0 0 -1 0 0 0 0 0 0
2.5899739265441895 1.4491126537322998 -14.203723907470703 -0.9542765250075054 -0.29892526460572066 0 0 0 -1 0 0 0 0 0 0
2.603184223175049 1.1398932933807373 -14.54476547241211 -0.9762941210151175 0.21644812143171618 0 0 0 -1 0 0 0 0 0 0
2.4605259895324707 0.8652312159538269 -14.885810852050781 -0.7385361707606541 0.6742138566346662 0 0 0 -1 0 0 0 0 0 0
2.1999669075012207 0.6982085108757019 -15.226852416992188 -0.3042671635875462 0.9525867378682055 0 0 0 -1 0 0 0 0 0 0
1.8908276557922363 0.6832625269889832 -15.567893981933594 0.2109639632180873 0.9774938394810053 0 0 0 -1 0 0 0 0 0 0
1.6153721809387207 0.8243758082389832 -15.908935546875 0.6700555256122714 0.7423109810560954 0 0 0 -1 0 0 0 0 0 0
1.4468884468078613 1.0839965343475342 -16.249980926513672 0.9508638269975912 0.309609403131583 0 0 0 -1 0 0 0 0 0 0
1.4302067756652832 1.3930442333221436 -16.591022491455078 0.9786645074187049 -0.2054647948406331 0 0 0 -1 0 0 0 0 0 0
1.5697712898254395 1.6692893505096436 -16.932064056396484 0.7460576905496789 -0.6658813125262485 0 0 0 -1 0 0 0 0 0 0
1.828442096710205 1.839226484298706 -17.27310562133789 0.3149383250100382 -0.9491121384956951 0 0 0 -1 0 0 0 0 0 0
2.137394428253174 1.857640027999878 -17.614151000976562 -0.1999811146208347 -0.9797997518855618 0 0 0 -1 0 0 0 0 0 0
2.4144177436828613 1.719628095626831 -17.95519256591797 -0.6616910259238478 -0.7497766242100681 0 0 0 -1 0 0 0 0 0 0
2.598850727081299 1.4178168773651123 -18.344955444335938 -0.9690753229690029 -0.2467651077695605 0 0 0 -1 0 0 0 0 0 0
2.596008777618408 1.1109626293182373 -18.679039001464844 -0.9643408039670746 0.26466358609400026 0 0 0 -1 0 0 0 0 0 0
2.4418187141418457 0.8456465601921082 -19.013118743896484 -0.7073590924243995 0.7068543798863594 0 0 0 -1 0 0 0 0 0 0
2.1766133308410645 0.69126957654953 -19.34720230102539 -0.26534575319763787 0.9641533235227571 0 0 0 -1 0 0 0 0 0 0
1.869762897491455 0.6882101893424988 -19.681285858154297 0.24607149165826228 0.9692516809338417 0 0 0 -1 0 0 0 0 0 0
1.6015324592590332 0.8372694849967957 -20.015365600585938 0.6931202881097909 0.7208219379365479 0 0 0 -1 0 0 0 0 0 0
1.4420819282531738 1.0994575023651123 -20.349449157714844 0.9588725573209859 0.28383695815857507 0 0 0 -1 0 0 0 0 0 0
1.4331212043762207 1.406193494796753 -20.68353271484375 0.9738043697392312 -0.2273874435336713 0 0 0 -1 0 0 0 0 0 0
1.611504077911377 1.7116248607635498 -21.07329559326172 0.6765036184621784 -0.7364393078914102 0 0 0 -1 0 0 0 0 0 0
1.88535737991333 1.8550498485565186 -21.39809799194336 0.22008455278439448 -0.9754807992091351 0 0 0 -1 0 0 0 0 0 0
2.1942639350891113 1.843102216720581 -21.722900390625 -0.29476380825436455 -0.9555701425554193 0 0 0 -1 0 0 0 0 0 0
2.4562230110168457 1.6789557933807373 -22.04770278930664 -0.7313644931956088 -0.6819867873300262 0 0 0 -1 0 0 0 0 0 0
2.6016926765441895 1.406182050704956 -22.37250518798828 -0.9738093382598887 -0.22736616440851018 0 0 0 -1 0 0 0 0 0 0
2.592052936553955 1.097191572189331 -22.697307586669922 -0.9577456511185897 0.2876165290163777 0 0 0 -1 0 0 0 0 0 0
2.4298672676086426 0.8340155482292175 -23.022109985351562 -0.6874357822922026 0.7262451688130582 0 0 0 -1 0 0 0 0 0 0
2.1581921577453613 0.6865126490592957 -23.346912384033203 -0.23464999838392933 0.972079923801753 0 0 0 -1 0 0 0 0 0 0
1.8491406440734863 0.6938368678092957 -23.671714782714844 0.2804346354475096 0.9598731245541895 0 0 0 -1 0 0 0 0 0 0
1.5847554206848145 0.85405033826828 -23.996517181396484 0.7210856082753674 0.6928459753351702 0 0 0 -1 0 0 0 0 0 0
1.4352269172668457 1.1246192455291748 -24.321319580078125 0.970298715472463 0.2419099062719184 0 0 0 -1 0 0 0 0 0 0
1.4402432441711426 1.4337165355682373 -24.646121978759766 0.96194071984936 -0.27325821395832744 0 0 0 -1 0 0 0 0 0 0
1.598473072052002 1.6992919445037842 -24.970924377441406 0.6982217772030026 -0.7158815194146867 0 0 0 -1 0 0 0 0 0 0
1.8549084663391113 1.8473365306854248 -25.360687255859375 0.27083200294760534 -0.9626266286465321 0 0 0 -1 0 0 0 0 0 0
2.1426472663879395 1.8565452098846436 -25.685489654541016 -0.20873061669364038 -0.9779731743021854 0 0 0 -1 0 0 0 0 0 0
2.401554584503174 1.7306602001190186 -26.010292053222656 -0.6402506117472114 -0.7681660980265412 0 0 0 -1 0 0 0 0 0 0
2.572021961212158 1.4986732006072998 -26.335094451904297 -0.924358043984876 -0.3815261544382695 0 0 0 -1 0 0 0 0 0 0
2.614807605743408 1.213982343673706 -26.659896850585938 -0.9956692484612095 0.09296637923835775 0 0 0 -1 0 0 0 0 0 0
2.52006196975708 0.9421355128288269 -26.984699249267578 -0.8377602541507366 0.5460382372739961 0 0 0 -1 0 0 0 0 0 0
2.309593677520752 0.74571293592453 -27.30950164794922 -0.48698166989241887 0.8734121897413564 0 0 0 -1 0 0 0 0 0 0
2.031860828399658 0.6699339747428894 -27.63430404663086 -0.024088713259464795 0.9997098248459415 0 0 0 -1 0 0 0 0 0 0
1.7507977485656738 0.7322470545768738 -27.9591064453125 0.4443434810661117 0.8958565012512048 0 0 0 -1 0 0 0 0 0 0
1.5311131477355957 0.9183050990104675 -28.28390884399414 0.8104867966713328 0.5857569055687193 0 0 0 -1 0 0 0 0 0 0
1.42338228225708 1.1852729320526123 -28.60871124267578 0.9900354770232013 0.14081816017631485 0 0 0 -1 0 0 0 0 0 0
1.4524083137512207 1.4716956615447998 -28.933513641357422 0.9416624332397214 -0.3365588534343543 0 0 0 -1 0 0 0 0 0 0
1.611504077911377 1.7116248607635498 -29.258316040039062 0.6765036184621784 -0.7364393078914102 0 0 0 -1 0 0 0 0 0 0
2.011425495147705 1.8697326183319092 -29.64807891845703 0.00996303984859335 -0.9999503676868045 0 0 0 -1 0 0 0 0 0 0
2.29777193069458 1.8002288341522217 -29.982158660888672 -0.46727725821670374 -0.8841108323923419 0 0 0 -1 0 0 0 0 0 0
2.5164990425109863 1.602787733078003 -30.316242218017578 -0.8318171964205233 -0.5550496840275659 0 0 0 -1 0 0 0 0 0 0
2.6148533821105957 1.3250243663787842 -30.650325775146484 -0.9957495201085551 -0.09210262321770285 0 0 0 -1 0 0 0 0 0 0
2.5691189765930176 1.0339362621307373 -30.984405517578125 -0.9195224019553598 0.39303759655056625 0 0 0 -1 0 0 0 0 0 0
2.390320301055908 0.7997252345085144 -31.31848907470703 -0.6215264278548142 0.7833931959610283 0 0 0 -1 0 0 0 0 0 0
2.121582508087158 0.6788756251335144 -31.652572631835938 -0.1736252887142667 0.9848117886778609 0 0 0 -1 0 0 0 0 0 0
1.827721118927002 0.7005354762077332 -31.986656188964844 0.31614019766651796 0.948712483010198 0 0 0 -1 0 0 0 0 0 0
1.4981579780578613 0.9691244959831238 -32.37641906738281 0.865411358071044 0.5010620533642828 0 0 0 -1 0 0 0 0 0 0
1.4174885749816895 1.2796714305877686 -32.73619842529297 0.9998636121597498 -0.016515358877645697 0 0 0 -1 0 0 0 0 0 0
1.5083699226379395 1.5873801708221436 -33.09598159790039 0.8483913914983667 -0.5293694804495865 0 0 0 -1 0 0 0 0 0 0
1.7448163032531738 1.804264783859253 -33.45576095581055 0.45431717899796686 -0.8908399973437031 0 0 0 -1 0 0 0 0 0 0
2.0592122077941895 1.8683021068572998 -33.8155403137207 -0.06967460278974862 -0.9975697718586358 0 0 0 -1 0 0 0 0 0 0
2.3616528511047363 1.7611815929412842 -34.175323486328125 -0.5737409207739508 -0.8190368464418797 0 0 0 -1 0 0 0 0 0 0
2.56565523147583 1.5135314464569092 -34.53510284423828 -0.9137467640430575 -0.4062842000383979 0 0 0 -1 0 0 0 0 0 0
2.612877368927002 1.1961753368377686 -34.8948860168457 -0.9924508922828134 0.12264267775553306 0 0 0 -1 0 0 0 0 0 0
2.489819049835205 0.899857223033905 -35.25466537475586 -0.7873488680696323 0.6165077128061487 0 0 0 -1 0 0 0 0 0 0
2.2316670417785645 0.7093207240104675 -35.61444854736328 -0.35709796522211673 0.9340669372342777 0 0 0 -1 0 0 0 0 0 0
1.9122471809387207 0.6790472865104675 -35.97422790527344 0.17526169346347625 0.9845218833547149 0 0 0 -1 0 0 0 0 0 0
1.6228985786437988 0.8176962733268738 -36.33401107788086 0.6575134316008101 0.7534428228236876 0 0 0 -1 0 0 0 0 0 0
1.446362018585205 1.0856139659881592 -36.693790435791016 0.9517376935546259 0.3069126303483142 0 0 0 -1 0 0 0 0 0 0
1.4331212043762207 1.406193494796753 -37.05357360839844 0.9738043697392312 -0.2273874435336713 0 0 0 -1 0 0 0 0 0 0
1.611504077911377 1.7116248607635498 -37.443336486816406 0.6765036184621784 -0.7364393078914102 0 0 0 -1 0 0 0 0 0 0
1.8737072944641113 1.852299451828003 -37.76349639892578 0.23949587464454986 -0.9708973818217053 0 0 0 -1 0 0 0 0 0 0
2.171257495880127 1.8497016429901123 -38.08366012573242 -0.2564257145407242 -0.9665639414556488 0 0 0 -1 0 0 0 0 0 0
2.430962085723877 1.7044684886932373 -38.4038200378418 -0.6892608859505912 -0.7245132373522281 0 0 0 -1 0 0 0 0 0 0
2.588959217071533 1.4523208141326904 -38.72398376464844 -0.9525867216384596 -0.30426721439894217 0 0 0 -1 0 0 0 0 0 0
2.6063809394836426 1.1552703380584717 -39.04414749145508 -0.9816261907448123 0.19081410231906162 0 0 0 -1 0 0 0 0 0 0
2.478947162628174 0.8863798975944519 -39.36430740356445 -0.7692309249728376 0.6389708788868493 0 0 0 -1 0 0 0 0 0 0
2.237999439239502 0.7117850184440613 -39.684471130371094 -0.36765995770362553 0.929960297809196 0 0 0 -1 0 0 0 0 0 0
1.9427952766418457 0.6744162440299988 -40.00463104248047 0.1243467842619929 0.9922388206695509 0 0 0 -1 0 0 0 0 0 0
1.6659436225891113 0.7834746241569519 -40.32479476928711 0.5857694037447054 0.810477763813772 0 0 0 -1 0 0 0 0 0 0
1.4755291938781738 1.0121352672576904 -40.64495849609375 0.9031258024243358 0.429376041478096 0 0 0 -1 0 0 0 0 0 0
1.4183926582336426 1.3041541576385498 -40.965118408203125 0.998355759548621 -0.0573217007432279 0 0 0 -1 0 0 0 0 0 0
1.5085797309875488 1.5877158641815186 -41.285282135009766 0.8480417932848217 -0.5299293508027876 0 0 0 -1 0 0 0 0 0 0
1.7239117622375488 1.7930762767791748 -41.605445861816406 0.4891608426615547 -0.8721935966324436 0 0 0 -1 0 0 0 0 0 0
2.011425495147705 1.8697326183319092 -41.92560577392578 0.00996303984859335 -0.9999503676868045 0 0 0 -1 0 0 0 0 0 0
2.3004117012023926 1.7988250255584717 -42.24576950073242 -0.4716733495278149 -0.8817733559964327 0 0 0 -1 0 0 0 0 0 0
2.5197949409484863 1.5977942943572998 -42.5659294128418 -0.8373131662631219 -0.5467235696423062 0 0 0 -1 0 0 0 0 0 0
2.6156163215637207 1.3160865306854248 -42.88609313964844 -0.9970145544057271 -0.07721384787167003 0 0 0 -1 0 0 0 0 0 0
2.5643086433410645 1.022984266281128 -43.20625686645508 -0.9115049538617488 0.4112890942943796 0 0 0 -1 0 0 0 0 0 0
2.378490924835205 0.7905775904655457 -43.52641677856445 -0.6018114725081866 0.7986381856369804 0 0 0 -1 0 0 0 0 0 0
2.1038670539855957 0.6760222315788269 -43.846580505371094 -0.14410522598713538 0.9895623698601298 0 0 0 -1 0 0 0 0 0 0
1.807976245880127 0.7074972987174988 -44.166744232177734 0.3490556471267614 0.9371019982952326 0 0 0 -1 0 0 0 0 0 0
1.5635952949523926 0.8772589564323425 -44.48690414428711 0.7563527333118605 0.6541640029928869 0 0 0 -1 0 0 0 0 0 0
1.43082857131958 1.1435554027557373 -44.80706787109375 0.977626881079176 0.21034657447033211 0 0 0 -1 0 0 0 0 0 0
1.4423260688781738 1.440891981124878 -45.12723159790039 0.9584634346659737 -0.28521543508075575 0 0 0 -1 0 0 0 0 0 0
1.5952649116516113 1.6961371898651123 -45.447391510009766 0.7035693590689226 -0.7106265946186826 0 0 0 -1 0 0 0 0 0 0
1.8520283699035645 1.846520185470581 -45.767555236816406 0.27562196650597715 -0.9612661086189287 0 0 0 -1 0 0 0 0 0 0
2.1494641304016113 1.855046033859253 -46.08771896362305 -0.2200976377979887 -0.9754778469220845 0 0 0 -1 0 0 0 0 0 0
2.414421558380127 1.719628095626831 -46.40787887573242 -0.6616910259238478 -0.7497766242100681 0 0 0 -1 0 0 0 0 0 0
2.603020191192627 1.4003493785858154 -46.79764175415039 -0.976026549739675 -0.21765149713077014 0 0 0 -1 0 0 0 0 0 0
2.590942859649658 1.0935370922088623 -47.14409637451172 -0.9558948914057682 0.2937089657881664 0 0 0 -1 0 0 0 0 0 0
2.428661823272705 0.8328749537467957 -47.49055480957031 -0.6854216548130062 0.7281463830256936 0 0 0 -1 0 0 0 0 0 0
2.1586804389953613 0.68663090467453 -47.83700942993164 -0.23545676380437233 0.971884824646816 0 0 0 -1 0 0 0 0 0 0
1.851696491241455 0.6930968165397644 -48.18346405029297 0.2761848318389469 0.9611045409642454 0 0 0 -1 0 0 0 0 0 0
1.5881123542785645 0.8505865931510925 -48.52992248535156 0.7154879869640366 0.6986250357023792 0 0 0 -1 0 0 0 0 0 0
1.4369549751281738 1.117851972579956 -48.87637710571289 0.9674182349523733 0.2531836461575559 0 0 0 -1 0 0 0 0 0 0
1.4378094673156738 1.424900770187378 -49.22283172607422 0.9659928023038689 -0.25856895772137517 0 0 0 -1 0 0 0 0 0 0
1.5904545783996582 1.691319227218628 -49.56929016113281 0.7115859868154237 -0.702599020329462 0 0 0 -1 0 0 0 0 0 0
1.8549084663391113 1.8473365306854248 -49.91574478149414 0.27083200294760534 -0.9626266286465321 0 0 0 -1 0 0 0 0 0 0
2.15092134475708 1.8547179698944092 -50.30550765991211 -0.2225186229758043 -0.9749284396451628 0 0 0 -1 0 0 0 0 0 0
2.425755023956299 1.7093627452850342 -50.65196228027344 -0.6805801930407387 -0.7326735977504791 0 0 0 -1 0 0 0 0 0 0
2.590946674346924 1.4459731578826904 -50.99842071533203 -0.9559021589130697 -0.29368531217160426 0 0 0 -1 0 0 0 0 0 0
2.6021389961242676 1.1352698802947998 -51.34487533569336 -0.9745528092107808 0.22415802921014252 0 0 0 -1 0 0 0 0 0 0
2.456329822540283 0.8606802821159363 -51.69132995605469 -0.7315430082699533 0.6817952970293554 0 0 0 -1 0 0 0 0 0 0
2.1926655769348145 0.6959273219108582 -52.03778839111328 -0.29210389668370346 0.9563865920966251 0 0 0 -1 0 0 0 0 0 0
1.8819432258605957 0.6852537989616394 -52.38424301147461 0.225775482248778 0.974179363164367 0 0 0 -1 0 0 0 0 0 0
1.6075940132141113 0.8315207362174988 -52.73069763183594 0.6830194108543789 0.7304002220674205 0 0 0 -1 0 0 0 0 0 0
1.4432835578918457 1.0954558849334717 -53.07715606689453 0.9568714988708414 0.29051150519156593 0 0 0 -1 0 0 0 0 0 0
1.4331212043762207 1.406193494796753 -53.42361068725586 0.9738043697392312 -0.2273874435336713 0 0 0 -1 0 0 0 0 0 0
1.611504077911377 1.7116248607635498 -53.81337356567383 0.6765036184621784 -0.7364393078914102 0 0 0 -1 0 0 0 0 0 0
1.9097867012023926 1.8600318431854248 -54.170658111572266 0.1793573610725641 -0.9837839890083016 0 0 0 -1 0 0 0 0 0 0
2.2412495613098145 1.8264434337615967 -54.52793884277344 -0.3730768846839801 -0.927800430111183 0 0 0 -1 0 0 0 0 0 0
2.503696918487549 1.6212165355682373 -54.885223388671875 -0.810486879898214 -0.5857567904112234 0 0 0 -1 0 0 0 0 0 0
2.6162075996398926 1.3076293468475342 -55.24250411987305 -0.9980065137897661 -0.06311100088888753 0 0 0 -1 0 0 0 0 0 0
2.544098377227783 0.9823653101921082 -55.599788665771484 -0.8778191654082633 0.4789921845311678 0 0 0 -1 0 0 0 0 0 0
2.309593677520752 0.74571293592453 -55.957069396972656 -0.48698166989241887 0.8734121897413564 0 0 0 -1 0 0 0 0 0 0
1.9850010871887207 0.6706358790397644 -56.314353942871094 0.054011530665682164 0.9985403119329485 0 0 0 -1 0 0 0 0 0 0
1.6703991889953613 0.7802855372428894 -56.671634674072266 0.5783412734534089 0.8157949322104724 0 0 0 -1 0 0 0 0 0 0
1.4627881050109863 1.0408484935760498 -57.0289192199707 0.9243596771248539 0.38152219765779793 0 0 0 -1 0 0 0 0 0 0
1.4261784553527832 1.3719947338104248 -57.386199951171875 0.9853762373621119 -0.17039269597634407 0 0 0 -1 0 0 0 0 0 0
1.5718579292297363 1.6716163158416748 -57.74348449707031 0.7425768354512668 -0.6697608852800992 0 0 0 -1 0 0 0 0 0 0
1.8549084663391113 1.8473365306854248 -58.100765228271484 0.27083200294760534 -0.9626266286465321 0 0 0 -1 0 0 0 0 0 0
2.15092134475708 1.8547179698944092 -58.49052810668945 -0.2225186229758043 -0.9749284396451628 0 0 0 -1 0 0 0 0 0 0
2.4277005195617676 1.7075469493865967 -58.82461166381836 -0.6838306499611362 -0.7296407624123875 0 0 0 -1 0 0 0 0 0 0
2.5924839973449707 1.4408843517303467 -59.158695220947266 -0.9584665017276566 -0.28520512804987924 0 0 0 -1 0 0 0 0 0 0
2.6003003120422363 1.1275107860565186 -59.492774963378906 -0.9714893992232708 0.2370829964312253 0 0 0 -1 0 0 0 0 0 0
2.449009418487549 0.8529631495475769 -59.82685852050781 -0.7193350600192334 0.6946632791699341 0 0 0 -1 0 0 0 0 0 0
2.1799092292785645 0.69218510389328 -60.16094207763672 -0.27084235391671235 0.9626237163735653 0 0 0 -1 0 0 0 0 0 0
1.8664517402648926 0.6890608668327332 -60.49502182006836 0.2515905106206593 0.9678337744497431 0 0 0 -1 0 0 0 0 0 0
1.594200611114502 0.8444411158561707 -60.829105377197266 0.7053373832073659 0.7088717626271943 0 0 0 -1 0 0 0 0 0 0
1.4406476020812988 1.1043822765350342 -61.218868255615234 0.961262283565907 0.275635306507816 0 0 0 -1 0 0 0 0 0 0
1.44193696975708 1.439568281173706 -61.57864761352539 0.9591150042306303 -0.2830166225854553 0 0 0 -1 0 0 0 0 0 0
1.6228184700012207 1.7217566967010498 -61.93843078613281 0.6576455210269081 -0.7533275308079791 0 0 0 -1 0 0 0 0 0 0
1.9268460273742676 1.862889051437378 -62.29821014404297 0.15093829709517556 -0.9885431859408109 0 0 0 -1 0 0 0 0 0 0
2.25913667678833 1.8189094066619873 -62.65799331665039 -0.40288900725122195 -0.9152488447608796 0 0 0 -1 0 0 0 0 0 0
2.5159878730773926 1.603550672531128 -63.01777267456055 -0.8309716400387227 -0.5563147791056386 0 0 0 -1 0 0 0 0 0 0
2.6172375679016113 1.284020185470581 -63.37755584716797 -0.9997176137629074 -0.023763264342227485 0 0 0 -1 0 0 0 0 0 0
2.531284809112549 0.9600417017936707 -63.737335205078125 -0.8564695018490398 0.5161976292104196 0 0 0 -1 0 0 0 0 0 0
2.2849621772766113 0.7327200770378113 -64.09711456298828 -0.4459295238298049 0.8950680754986873 0 0 0 -1 0 0 0 0 0 0
1.9551358222961426 0.6730009913444519 -64.45690155029297 0.10378180222820675 0.994600089245052 0 0 0 -1 0 0 0 0 0 0
1.6447453498840332 0.7995230555534363 -64.81668090820312 0.6211007974780113 0.7837306931415782 0 0 0 -1 0 0 0 0 0 0
1.4506535530090332 1.0728003978729248 -65.17646026611328 0.9445854602463781 0.3282656063177163 0 0 0 -1 0 0 0 0 0 0
1.4334416389465332 1.4075438976287842 -65.53623962402344 0.9732770528393815 -0.22963400971173206 0 0 0 -1 0 0 0 0 0 0
1.598473072052002 1.6992919445037842 -65.89602661132812 0.6982217772030026 -0.7158815194146867 0 0 0 -1 0 0 0 0 0 0
1.8549084663391113 1.8473365306854248 -66.2857894897461 0.27083200294760534 -0.9626266286465321 0 0 0 -1 0 0 0 0 0 0
2.1893582344055176 1.8445937633514404 -66.647705078125 -0.28658300635265566 -0.9580554161789774 0 0 0 -1 0 0 0 0 0 0
2.4703755378723145 1.6632277965545654 -67.00962829589844 -0.7549515493222118 -0.6557805716670722 0 0 0 -1 0 0 0 0 0 0
2.6106419563293457 1.3596007823944092 -67.37155151367188 -0.9887256742133377 -0.14973824211396675 0 0 0 -1 0 0 0 0 0 0
2.5665669441223145 1.0280578136444092 -67.73347473144531 -0.9152731715124233 0.4028337392890403 0 0 0 -1 0 0 0 0 0 0
2.3518528938293457 0.7716185450553894 -68.09539794921875 -0.5574157675252147 0.830233498549821 0 0 0 -1 0 0 0 0 0 0
2.0332112312316895 0.66996830701828 -68.45732116699219 -0.026343853875157315 0.9996529404563387 0 0 0 -1 0 0 0 0 0 0
1.7096600532531738 0.7546965479850769 -68.81924438476562 0.512909188934942 0.8584428716613005 0 0 0 -1 0 0 0 0 0 0
1.4817357063293457 0.9994704127311707 -69.18116760253906 0.8927853042695377 0.45048240862474187 0 0 0 -1 0 0 0 0 0 0
1.4202618598937988 1.3282325267791748 -69.5430908203125 0.9952400326554893 -0.09745397580345617 0 0 0 -1 0 0 0 0 0 0
1.5443387031555176 1.6388251781463623 -69.90501403808594 0.7884421243486087 -0.6151089468969323 0 0 0 -1 0 0 0 0 0 0
1.8154149055480957 1.834740400314331 -70.26693725585938 0.33664555380248107 -0.9416314412258232 0 0 0 -1 0 0 0 0 0 0
2.149254322052002 1.855095624923706 -70.62886047363281 -0.21974739353632095 -0.9755568066668355 0 0 0 -1 0 0 0 0 0 0
2.4421277046203613 1.693566083908081 -70.99078369140625 -0.7078749147086556 -0.706337812329351 0 0 0 -1 0 0 0 0 0 0
2.603020191192627 1.4003493785858154 -71.35270690917969 -0.976026549739675 -0.21765149713077014 0 0 0 -1 0 0 0 0 0 0
2.5812230110168457 1.064549207687378 -71.74246215820312 -0.93969248736894 0.3420205098855549 0 0 0 -1 0 0 0 0 0 0
-0.7547754645347595 2.749974012374878 -71.74246215820312 0.9396924771153822 -0.3420205380569378 0 0 0 1 0 0 0 0 0 0
-0.7844061255455017 2.456322431564331 -71.35270690917969 0.9890763457774145 0.14740414588333753 0 0 0 1 0 0 0 0 0 0
-0.6291975378990173 2.1349456310272217 -70.96294403076172 0.7303918850547941 0.6830283260935115 0 0 0 1 0 0 0 0 0 0
-0.3189348876476288 1.9585692882537842 -70.57318115234375 0.21329198948812986 0.976988499021455 0 0 0 1 0 0 0 0 0 0
0.0366082489490509 1.9895904064178467 -70.18341827392578 -0.37927932128188757 0.9252822252955855 0 0 0 1 0 0 0 0 0 0
0.3116345703601837 2.2170417308807373 -69.79365539550781 -0.8376566837342617 0.5461971074578471 0 0 0 1 0 0 0 0 0 0
0.40883496403694153 2.5604407787323 -69.40389251708984 -0.9996585353835128 -0.026130683781524954 0 0 0 1 0 0 0 0 0 0
0.2938237488269806 2.8982932567596436 -69.01412963867188 -0.8079746450968428 -0.589217254398266 0 0 0 1 0 0 0 0 0 0
0.007288486696779728 3.1110618114471436 -68.6243667602539 -0.33041489600931195 -0.9438357889459138 0 0 0 1 0 0 0 0 0 0
-0.34938952326774597 3.123467206954956 -68.23460388183594 0.2640490757908045 -0.9645092459764303 0 0 0 1 0 0 0 0 0 0
-0.6500124335289001 2.931114912033081 -67.84484100341797 0.7650903569352666 -0.6439229346161436 0 0 0 1 0 0 0 0 0 0
-0.7882151007652283 2.6020667552948 -67.455078125 0.9954281055091057 -0.095513804041891 0 0 0 1 0 0 0 0 0 0
-0.7151026129722595 2.2527434825897217 -67.06531524658203 0.8735699658299828 0.48669858721780024 0 0 0 1 0 0 0 0 0 0
-0.4565405547618866 2.0067412853240967 -66.67555236816406 0.4426345939764433 0.8967020777355816 0 0 0 1 0 0 0 0 0 0
-0.10401293635368347 1.9510924816131592 -66.2857894897461 -0.14490674562597516 0.9894453168680364 0 0 0 1 0 0 0 0 0 0
0.17409184575080872 2.068588972091675 -65.89602661132812 -0.6084162333888858 0.7936180989297565 0 0 0 1 0 0 0 0 0 0
0.3793053925037384 2.3582160472869873 -65.50626373291016 -0.9504399952713249 0.310908049732785 0 0 0 1 0 0 0 0 0 0
0.3849339783191681 2.713127851486206 -65.11650085449219 -0.9598203599387168 -0.28061517536853287 0 0 0 1 0 0 0 0 0 0
0.18900731205940247 3.0091140270233154 -64.72673797607422 -0.6332790267989618 -0.7739235583806452 0 0 0 1 0 0 0 0 0 0
-0.13990160822868347 3.142582654953003 -64.33697509765625 -0.08509643481112789 -0.9963727198104309 0 0 0 1 0 0 0 0 0 0
-0.4866804778575897 3.0668227672576904 -63.947208404541016 0.49287187058603626 -0.8701019016098182 0 0 0 1 0 0 0 0 0 0
-0.7299608588218689 2.8083465099334717 -63.55744552612305 0.8983372152872248 -0.4393065531380044 0 0 0 1 0 0 0 0 0 0
-0.784596860408783 2.4576194286346436 -63.16768264770508 0.9893966262247128 0.14523882406283703 0 0 0 1 0 0 0 0 0 0
-0.631469190120697 2.1373908519744873 -62.77791976928711 0.734184544594241 0.6789499646357947 0 0 0 1 0 0 0 0 0 0
-0.25094935297966003 1.9477660655975342 -62.38815689086914 0.09998359591694382 0.9949890856424091 0 0 0 1 0 0 0 0 0 0
0.09767583012580872 2.0187461376190186 -61.99839401245117 -0.4810575575134181 0.8766890134815336 0 0 0 1 0 0 0 0 0 0
0.34481480717658997 2.2746741771698 -61.6086311340332 -0.8929559729763089 0.4501440106520727 0 0 0 1 0 0 0 0 0 0
0.40357449650764465 2.62556529045105 -61.218868255615234 -0.9908904915049392 -0.13467009261562085 0 0 0 1 0 0 0 0 0 0
0.2532944977283478 2.9480483531951904 -60.829105377197266 -0.7404181162385779 -0.6721465711775342 0 0 0 1 0 0 0 0 0 0
-0.053187817335128784 3.128727674484253 -60.4393424987793 -0.22962338158642587 -0.9732795603673255 0 0 0 1 0 0 0 0 0 0
-0.4081110656261444 3.1040847301483154 -60.04957962036133 0.3619226334446335 -0.9322081352361721 0 0 0 1 0 0 0 0 0 0
-0.6866831183433533 2.8827826976776123 -59.65981674194336 0.8262033399645241 -0.5633720272000245 0 0 0 1 0 0 0 0 0 0
-0.7909559607505798 2.5426299571990967 -59.27005386352539 0.9999937149757713 0.0035454208432874343 0 0 0 1 0 0 0 0 0 0
-0.6842665076255798 2.2032248973846436 -58.88029098510742 0.8221832771000382 0.5692228551780417 0 0 0 1 0 0 0 0 0 0
-0.4041304290294647 1.9839065074920654 -58.49052810668945 0.3552881522568092 0.9347568287345871 0 0 0 1 0 0 0 0 0 0
-0.10401293635368347 1.9510924816131592 -58.100765228271484 -0.14490674562597516 0.9894453168680364 0 0 0 1 0 0 0 0 0 0
0.22245648503303528 2.109917402267456 -57.711002349853516 -0.6890251119410881 0.7247374663383775 0 0 0 1 0 0 0 0 0 0
0.39756062626838684 2.427952527999878 -57.32123947143555 -0.9808659489310986 0.19468433482819178 0 0 0 1 0 0 0 0 0 0
0.35718968510627747 2.7887542247772217 -56.93147659301758 -0.9135805297169662 -0.40665786076512483 0 0 0 1 0 0 0 0 0 0
0.11612561345100403 3.0602195262908936 -56.54171371459961 -0.5118120463880321 -0.8590974503349982 0 0 0 1 0 0 0 0 0 0
-0.23737093806266785 3.1429641246795654 -56.15195083618164 0.07735412075927167 -0.9970036810371165 0 0 0 1 0 0 0 0 0 0
-0.5738767981529236 3.0066840648651123 -55.76218795776367 0.6381979836632352 -0.7698722839849355 0 0 0 1 0 0 0 0 0 0
-0.7701830267906189 2.7012832164764404 -55.3724250793457 0.9653739262566517 -0.26087004907389566 0 0 0 1 0 0 0 0 0 0
-0.7544187903404236 2.338574171066284 -54.982662200927734 0.9390986458962967 0.34364768772063925 0 0 0 1 0 0 0 0 0 0
-0.5323557257652283 2.051354169845581 -54.592899322509766 0.5689922836632632 0.8223428610571534 0 0 0 1 0 0 0 0 0 0
-0.18529459834098816 1.944786787033081 -54.2031364440918 -0.009441374403346229 0.9999554292314111 0 0 0 1 0 0 0 0 0 0
0.15968945622444153 2.0578887462615967 -53.81337356567383 -0.5844134893536541 0.8114560206576118 0 0 0 1 0 0 0 0 0 0
0.37302640080451965 2.3400161266326904 -53.42361068725586 -0.9399773888927838 0.3412367336180323 0 0 0 1 0 0 0 0 0 0
0.3925004303455353 2.6846702098846436 -53.03384780883789 -0.9724338248773627 -0.23317902185741912 0 0 0 1 0 0 0 0 0 0
0.2188420593738556 2.9830100536346436 -52.64408493041992 -0.6830049211541526 -0.7304137715563759 0 0 0 1 0 0 0 0 0 0
-0.0904669463634491 3.136284589767456 -52.25432205200195 -0.16748753789483342 -0.9858741931148857 0 0 0 1 0 0 0 0 0 0
-0.4330420196056366 3.093754529953003 -51.864559173583984 0.4034728056340336 -0.9149916366359864 0 0 0 1 0 0 0 0 0 0
-0.6954817175865173 2.869499921798706 -51.474796295166016 0.8408750197218818 -0.5412293425228577 0 0 0 1 0 0 0 0 0 0
-0.7909178137779236 2.5377509593963623 -51.08503341674805 0.9999317900849078 0.011679690817476674 0 0 0 1 0 0 0 0 0 0
-0.6877588629722595 2.2083213329315186 -50.69527053833008 0.8279961279715276 0.5607338156952526 0 0 0 1 0 0 0 0 0 0
-0.4201502501964569 1.9902617931365967 -50.30550765991211 0.38198642157782997 0.924167935891613 0 0 0 1 0 0 0 0 0 0
-0.07667681574821472 1.9557464122772217 -49.91574478149414 -0.19047173925658223 0.981692679276245 0 0 0 1 0 0 0 0 0 0
0.22896817326545715 2.116204023361206 -49.52598190307617 -0.6998811914546081 0.7142592791473403 0 0 0 1 0 0 0 0 0 0
0.39560940861701965 2.4185187816619873 -49.1362190246582 -0.977614598620384 0.21040365149945844 0 0 0 1 0 0 0 0 0 0
0.3680901825428009 2.7626235485076904 -48.746456146240234 -0.9317492455249654 -0.3631023870255576 0 0 0 1 0 0 0 0 0 0
0.15551617741584778 3.0346152782440186 -48.356693267822266 -0.5774584279088592 -0.8164200904173223 0 0 0 1 0 0 0 0 0 0
-0.17174670100212097 3.144451856613159 -47.9669303894043 -0.032021108946335065 -0.9994871928053142 0 0 0 1 0 0 0 0 0 0
-0.5053686499595642 3.0557868480682373 -47.57716751098633 0.5240153548231122 -0.8517088163859805 0 0 0 1 0 0 0 0 0 0
-0.7349161505699158 2.7979629039764404 -47.18740463256836 0.906593442976654 -0.42200512929552947 0 0 0 1 0 0 0 0 0 0
-0.7844061255455017 2.456322431564331 -46.79764175415039 0.9890763457774145 0.14740414588333753 0 0 0 1 0 0 0 0 0 0
-0.631469190120697 2.1373908519744873 -46.40787887573242 0.734184544594241 0.6789499646357947 0 0 0 1 0 0 0 0 0 0
-0.31903597712516785 1.9585883617401123 -46.01811599731445 0.21345963891322373 0.9769518834390137 0 0 0 1 0 0 0 0 0 0
0.03949978947639465 1.9907844066619873 -45.628353118896484 -0.38409589715472114 0.9232932046695189 0 0 0 1 0 0 0 0 0 0
0.3150811493396759 2.2223899364471436 -45.238590240478516 -0.8434042924925106 0.5372794425670944 0 0 0 1 0 0 0 0 0 0
0.4085088074207306 2.570030927658081 -44.84882736206055 -0.9991126145287031 -0.04211868337945819 0 0 0 1 0 0 0 0 0 0
0.28615429997444153 2.9085776805877686 -44.45906448364258 -0.7951916149157761 -0.6063582237981439 0 0 0 1 0 0 0 0 0 0
-0.007939784787595272 3.11616587638855 -44.06930160522461 -0.30503605960434077 -0.9523408015731852 0 0 0 1 0 0 0 0 0 0
-0.36791369318962097 3.1180732250213623 -43.67953872680664 0.294924994651309 -0.9555204066527964 0 0 0 1 0 0 0 0 0 0
-0.6641916632652283 2.9136130809783936 -43.28977584838867 0.7887222579687224 -0.6147497049895347 0 0 0 1 0 0 0 0 0 0
-0.7901262640953064 2.5763823986053467 -42.9000129699707 0.9986104583379041 -0.05269869541232501 0 0 0 1 0 0 0 0 0 0
-0.7003855109214783 2.227768659591675 -42.510250091552734 0.8490432704023118 0.5283233148220385 0 0 0 1 0 0 0 0 0 0
-0.4272741973400116 1.9932563304901123 -42.120487213134766 0.39385565496595776 0.9191723032442483 0 0 0 1 0 0 0 0 0 0
-0.06909891963005066 1.9572646617889404 -41.7307243347168 -0.20309752738150927 0.9791585134039927 0 0 0 1 0 0 0 0 0 0
0.2452111542224884 2.132744550704956 -41.34096145629883 -0.7269454732655488 0.6866951863081083 0 0 0 1 0 0 0 0 0 0
0.40251973271369934 2.456536054611206 -40.95119857788086 -0.9891314773000829 0.14703373971356315 0 0 0 1 0 0 0 0 0 0
0.34620144963264465 2.8120810985565186 -40.56143569946289 -0.8952659633194175 -0.4455321031325977 0 0 0 1 0 0 0 0 0 0
0.09652760624885559 3.0714004039764404 -40.17167282104492 -0.47914649803261644 -0.8777349448569767 0 0 0 1 0 0 0 0 0 0
-0.25662752985954285 3.141155958175659 -39.78190994262695 0.10944878507583396 -0.9939924363119791 0 0 0 1 0 0 0 0 0 0
-0.5861448645591736 2.9962356090545654 -39.39215087890625 0.6586395808611085 -0.7524585719646651 0 0 0 1 0 0 0 0 0 0
-0.7734121680259705 2.6888015270233154 -39.00238800048828 0.9707561116263866 -0.24006784820133328 0 0 0 1 0 0 0 0 0 0
-0.7510218024253845 2.3295180797576904 -38.61262512207031 0.933438241859096 0.35873813378981567 0 0 0 1 0 0 0 0 0 0
-0.5270342230796814 2.047714948654175 -38.222862243652344 0.5601268222850596 0.8284068704186617 0 0 0 1 0 0 0 0 0 0
-0.18207308650016785 1.9448249340057373 -37.833099365234375 -0.014809865718813079 0.9998903279247132 0 0 0 1 0 0 0 0 0 0
0.15968945622444153 2.0578887462615967 -37.443336486816406 -0.5844134893536541 0.8114560206576118 0 0 0 1 0 0 0 0 0 0
0.37302640080451965 2.3400161266326904 -37.05357360839844 -0.9399773888927838 0.3412367336180323 0 0 0 1 0 0 0 0 0 0
0.3903641998767853 2.6932952404022217 -36.66381072998047 -0.9688718615317891 -0.24756275150338342 0 0 0 1 0 0 0 0 0 0
0.20568326115608215 2.9949538707733154 -36.2740478515625 -0.6610735557174893 -0.7503211005503148 0 0 0 1 0 0 0 0 0 0
-0.11683985590934753 3.1401641368865967 -35.88428497314453 -0.12353483672749675 -0.99234023606559 0 0 0 1 0 0 0 0 0 0
-0.4651198089122772 3.0784614086151123 -35.49452209472656 0.4569347381869428 -0.8895002220562006 0 0 0 1 0 0 0 0 0 0
-0.7181257605552673 2.831284284591675 -35.104759216308594 0.8786140514996806 -0.47753256277170925 0 0 0 1 0 0 0 0 0 0
-0.7879289984703064 2.4845359325408936 -34.714996337890625 0.9949500529771291 0.10037127119254788 0 0 0 1 0 0 0 0 0 0
-0.6502756476402283 2.1587188243865967 -34.325233459472656 0.7655258783022132 0.6434051053959902 0 0 0 1 0 0 0 0 0 0
-0.4041304290294647 1.9839065074920654 -33.93547058105469 0.3552881522568092 0.9347568287345871 0 0 0 1 0 0 0 0 0 0
-0.053065747022628784 1.960819959640503 -33.54570770263672 -0.22982220350805024 0.9732326313758207 0 0 0 1 0 0 0 0 0 0
0.25058606266975403 2.138512372970581 -33.15594482421875 -0.7359045113876465 0.6770853344441227 0 0 0 1 0 0 0 0 0 0
0.4024224579334259 2.455883741378784 -32.76618194580078 -0.988967438911386 0.14813306441525456 0 0 0 1 0 0 0 0 0 0
0.3502354919910431 2.803814649581909 -32.37641906738281 -0.9019903436841062 -0.4317562042410366 0 0 0 1 0 0 0 0 0 0
0.11196759343147278 3.062676191329956 -31.986656188964844 -0.5048724316526255 -0.863193968791004 0 0 0 1 0 0 0 0 0 0
-0.2304529845714569 3.1434600353240967 -31.596893310546875 0.0658201236955176 -0.9978315044719259 0 0 0 1 0 0 0 0 0 0
-0.5592970252037048 3.018395185470581 -31.207130432128906 0.613892399712657 -0.7893897146372225 0 0 0 1 0 0 0 0 0 0
-0.7614931464195251 2.7304770946502686 -30.817367553710938 0.9508901628725537 -0.30952850943363563 0 0 0 1 0 0 0 0 0 0
-0.7675222754478455 2.378708600997925 -30.42760467529297 0.96094005386411 0.2767565950065898 0 0 0 1 0 0 0 0 0 0
-0.5753130316734314 2.084030866622925 -30.037841796875 0.6405870645600233 0.7678855466268217 0 0 0 1 0 0 0 0 0 0
-0.25094935297966003 1.9477660655975342 -29.64807891845703 0.09998359591694382 0.9949890856424091 0 0 0 1 0 0 0 0 0 0
0.15968945622444153 2.0578887462615967 -29.258316040039062 -0.5844134893536541 0.8114560206576118 0 0 0 1 0 0 0 0 0 0
0.3678460419178009 2.3262717723846436 -28.868553161621094 -0.9313416534914796 0.3641465700398082 0 0 0 1 0 0 0 0 0 0
0.39693692326545715 2.664665937423706 -28.478790283203125 -0.9798274694245336 -0.19984526554590917 0 0 0 1 0 0 0 0 0 0
0.23764470219612122 2.9646384716033936 -28.089027404785156 -0.7143425550857717 -0.6997961946120678 0 0 0 1 0 0 0 0 0 0
-0.0589880645275116 3.1300666332244873 -27.699264526367188 -0.21995161790266055 -0.9755107819916713 0 0 0 1 0 0 0 0 0 0
-0.39791056513786316 3.1079413890838623 -27.30950164794922 0.34491389616163337 -0.9386343293501479 0 0 0 1 0 0 0 0 0 0
-0.6705183386802673 2.905346632003784 -26.91973876953125 0.7992676206371141 -0.6009752662140817 0 0 0 1 0 0 0 0 0 0
-0.7894548773765564 2.5872085094451904 -26.52997589111328 0.9974947642494454 -0.07074033711358281 0 0 0 1 0 0 0 0 0 0
-0.7166113257408142 2.2554709911346436 -26.140213012695312 0.8760901906131099 0.48214725749659176 0 0 0 1 0 0 0 0 0 0
-0.4753279387950897 2.016430616378784 -25.750450134277344 0.473951617417115 0.8805508868587327 0 0 0 1 0 0 0 0 0 0
-0.14292284846305847 1.9466865062713623 -25.360687255859375 -0.08005804056948577 0.9967902036738596 0 0 0 1 0 0 0 0 0 0
0.17409184575080872 2.068588972091675 -24.970924377441406 -0.6084162333888858 0.7936180989297565 0 0 0 1 0 0 0 0 0 0
0.3788953125476837 2.356968641281128 -24.581161499023438 -0.9497582170547402 0.3129845509557953 0 0 0 1 0 0 0 0 0 0
0.38044407963752747 2.727787733078003 -24.19139862060547 -0.952339172703842 -0.30504114498500323 0 0 0 1 0 0 0 0 0 0
0.16373303532600403 3.0286948680877686 -23.8016357421875 -0.5911583810755925 -0.8065554962208642 0 0 0 1 0 0 0 0 0 0
-0.18845698237419128 3.144757032394409 -23.41187286376953 -0.004173689370741941 -0.9999912901205873 0 0 0 1 0 0 0 0 0 0
-0.5416044592857361 3.0316359996795654 -23.022109985351562 0.5844134316368087 -0.8114560622254845 0 0 0 1 0 0 0 0 0 0
-0.7608160376548767 2.7325446605682373 -22.632347106933594 0.9497620930874188 -0.31297278880791785 0 0 0 1 0 0 0 0 0 0
-0.7623609900474548 2.361729383468628 -22.242584228515625 0.9523359051521635 0.30505134610096274 0 0 0 1 0 0 0 0 0 0
-0.5456480383872986 2.0608222484588623 -21.852821350097656 0.5911493250513553 0.8065621336830333 0 0 0 1 0 0 0 0 0 0
-0.19345614314079285 1.944767713546753 -21.463058471679688 0.004162516671662915 0.9999913366899524 0 0 0 1 0 0 0 0 0 0
0.15968945622444153 2.0578887462615967 -21.07329559326172 -0.5844134893536541 0.8114560206576118 0 0 0 1 0 0 0 0 0 0
0.37302640080451965 2.3400161266326904 -20.68353271484375 -0.9399773888927838 0.3412367336180323 0 0 0 1 0 0 0 0 0 0
0.38936474919319153 2.697155714035034 -20.29376983642578 -0.9672063696513364 -0.2539918079503393 0 0 0 1 0 0 0 0 0 0
0.1996617615222931 3.0001914501190186 -19.904006958007812 -0.6510297221692795 -0.7590522385529144 0 0 0 1 0 0 0 0 0 0
-0.12873026728630066 3.141525983810425 -19.514244079589844 -0.10371406937854978 -0.9946071545152596 0 0 0 1 0 0 0 0 0 0
-0.4792151153087616 3.0709807872772217 -19.124481201171875 0.48042826433633495 -0.8770340260370614 0 0 0 1 0 0 0 0 0 0
-0.7273573279380798 2.8136069774627686 -18.734718322753906 0.8939936751515728 -0.44807957863417974 0 0 0 1 0 0 0 0 0 0
-0.7850527167320251 2.460777997970581 -18.344955444335938 0.9901547684977945 0.13997690674207314 0 0 0 1 0 0 0 0 0 0
-0.6502756476402283 2.1587188243865967 -17.95519256591797 0.7655258783022132 0.6434051053959902 0 0 0 1 0 0 0 0 0 0
-0.3529982268810272 1.9670569896697998 -17.5654296875 0.2700641626854904 0.9628423277115444 0 0 0 1 0 0 0 0 0 0
0.0005917857051827013 1.976158857345581 -17.17566680908203 -0.3192504269271368 0.9476703883243587 0 0 0 1 0 0 0 0 0 0
0.2876134216785431 2.182865858078003 -16.785903930664062 -0.7976200968514653 0.6031601620620011 0 0 0 1 0 0 0 0 0 0
0.40831997990608215 2.5153396129608154 -16.396141052246094 -0.9987973087516665 0.04902995034086835 0 0 0 1 0 0 0 0 0 0
0.32076123356819153 2.858036756515503 -16.006378173828125 -0.8528702678718887 -0.5221228841758735 0 0 0 1 0 0 0 0 0 0
0.05536702275276184 3.0918662548065186 -15.616615295410156 -0.410542877244731 -0.9118412942741833 0 0 0 1 0 0 0 0 0 0
-0.29563090205192566 3.1355597972869873 -15.226852416992188 0.1744554272203416 -0.9846650719474963 0 0 0 1 0 0 0 0 0 0
-0.6102518439292908 2.9739387035369873 -14.837089538574219 0.6988178573393143 -0.7152996590686238 0 0 0 1 0 0 0 0 0 0
-0.7791590094566345 2.6631667613983154 -14.44732666015625 0.980334364447851 -0.19734369481345987 0 0 0 1 0 0 0 0 0 0
-0.7436537146568298 2.3112456798553467 -14.057563781738281 0.9211582135480639 0.38918831638801693 0 0 0 1 0 0 0 0 0 0
-0.516072690486908 2.040478467941284 -13.667800903320312 0.5418571683015292 0.8404705879209862 0 0 0 1 0 0 0 0 0 0
-0.1755060851573944 1.9449584484100342 -13.278038024902344 -0.025754641631230698 0.9996682942028556 0 0 0 1 0 0 0 0 0 0
0.15968945622444153 2.0578887462615967 -12.888275146484375 -0.5844134893536541 0.8114560206576118 0 0 0 1 0 0 0 0 0 0
0.37302640080451965 2.3400161266326904 -12.498512268066406 -0.9399773888927838 0.3412367336180323 0 0 0 1 0 0 0 0 0 0
0.4022660553455353 2.6346709728240967 -12.108749389648438 -0.9887086797234701 -0.14985041421188308 0 0 0 1 0 0 0 0 0 0
0.2561536133289337 2.9448745250701904 -11.718986511230469 -0.7451890780687804 -0.6668532356725888 0 0 0 1 0 0 0 0 0 0
-0.03598162531852722 3.124401807785034 -11.3292236328125 -0.25829282732301934 -0.9660666723127763 0 0 0 1 0 0 0 0 0 0
-0.37873217463493347 3.1146209239959717 -10.939460754394531 0.31295591415724006 -0.9497676535837626 0 0 0 1 0 0 0 0 0 0
-0.660155713558197 2.9187324047088623 -10.549697875976562 0.7819938511157323 -0.6232861436107703 0 0 0 1 0 0 0 0 0 0
-0.7883448004722595 2.6007049083709717 -10.159934997558594 0.9956440438308514 -0.09323592646694633 0 0 0 1 0 0 0 0 0 0
-0.7214331030845642 2.264408826828003 -9.770172119140625 0.8841225330374287 0.4672551193678682 0 0 0 1 0 0 0 0 0 0
-0.48127123713493347 2.0196731090545654 -9.380409240722656 0.4838552850555105 0.8751480235502168 0 0 0 1 0 0 0 0 0 0
-0.14629694819450378 1.9464271068572998 -8.990646362304688 -0.07443766047058233 0.997225668895294 0 0 0 1 0 0 0 0 0 0
0.17409184575080872 2.068588972091675 -8.600883483886719 -0.6084162333888858 0.7936180989297565 0 0 0 1 0 0 0 0 0 0
0.3788953125476837 2.356968641281128 -8.21112060546875 -0.9497582170547402 0.3129845509557953 0 0 0 1 0 0 0 0 0 0
0.3851781189441681 2.7122886180877686 -7.821357727050781 -0.9602288838597208 -0.2792140587461793 0 0 0 1 0 0 0 0 0 0
0.18934491276741028 3.0088393688201904 -7.431598663330078 -0.6338403207703741 -0.773463927902077 0 0 0 1 0 0 0 0 0 0
-0.13990160822868347 3.142582654953003 -7.041835784912109 -0.08509643481112789 -0.9963727198104309 0 0 0 1 0 0 0 0 0 0
-0.4870600402355194 3.0666091442108154 -6.652072906494141 0.4935008169440873 -0.8697453326552079 0 0 0 1 0 0 0 0 0 0
-0.7303423285484314 2.807560682296753 -6.262310028076172 0.8989766555925545 -0.4379965441640215 0 0 0 1 0 0 0 0 0 0
-0.7844061255455017 2.456322431564331 -5.872547149658203 0.9890763457774145 0.14740414588333753 0 0 0 1 0 0 0 0 0 0
-0.631469190120697 2.1373908519744873 -5.482784271240234 0.734184544594241 0.6789499646357947 0 0 0 1 0 0 0 0 0 0
-0.3257460296154022 1.9600951671600342 -5.093021392822266 0.2246460437386969 0.9744404317517575 0 0 0 1 0 0 0 0 0 0
0.026739628985524178 1.985649824142456 -4.703258514404297 -0.36282957136287414 0.9318555157022106 0 0 0 1 0 0 0 0 0 0
0.3036980926990509 2.205181837081909 -4.313495635986328 -0.8244285121370245 0.5659661017901444 0 0 0 1 0 0 0 0 0 0
0.40903714299201965 2.542526960372925 -3.9237327575683594 -0.999993062412764 0.0037249330654172083 0 0 0 1 0 0 0 0 0 0
0.30621007084846497 2.880650281906128 -3.5339698791503906 -0.8286150600656353 -0.5598187941043277 0 0 0 1 0 0 0 0 0 0
0.030895741656422615 3.102238416671753 -3.144207000732422 -0.3697574426673177 -0.9291283192283644 0 0 0 1 0 0 0 0 0 0
-0.3213915526866913 3.130413770675659 -2.754444122314453 0.21738601732996735 -0.9760857131775954 0 0 0 1 0 0 0 0 0 0
-0.6284250617027283 2.95539927482605 -2.3646812438964844 0.7291057831741586 -0.684401020558851 0 0 0 1 0 0 0 0 0 0
-0.7836832404136658 2.6379172801971436 -1.9749183654785156 0.9878738784964267 -0.15525849472549683 0 0 0 1 0 0 0 0 0 0
-0.7332987189292908 2.2881133556365967 -1.5851554870605469 0.9038968793849299 0.4277504312542367 0 0 0 1 0 0 0 0 0 0
-0.4947523772716522 2.027355909347534 -1.1953926086425781 0.5063266430236758 0.8623417713206145 0 0 0 1 0 0 0 0 0 0
-0.15080782771110535 1.9461066722869873 -0.8056297302246094 -0.06692001079734798 0.9977583435656566 0 0 0 1 0 0 0 0 0 0
0.17920735478401184 2.072556257247925 -0.41586682200431824 -0.6169441151548372 0.787006962342656 0 0 0 1 0 0 0 0 0 0
0.38079503178596497 2.362835645675659 -0.026103943586349487 -0.9529229803095742 0.30321245620508214 0 0 0 1 0 0 0 0 0 0
0.3840165436267853 2.716233015060425 0.36365893483161926 -0.9582926934362309 -0.2857885821839878 0 0 0 1 0 0 0 0 0 0
0.18775418400764465 3.0101401805877686 0.7534217834472656 -0.6311875829532964 -0.7756302180327785 0 0 0 1 0 0 0 0 0 0
-0.13990160822868347 3.142582654953003 1.1431846618652344 -0.08509643481112789 -0.9963727198104309 0 0 0 1 0 0 0 0 0 0
-0.4852709472179413 3.067620038986206 1.5329475402832031 0.4905179721467856 -0.8714310753014293 0 0 0 1 0 0 0 0 0 0
-0.7285303473472595 2.8112494945526123 1.9227104187011719 0.8959556482491527 -0.4441435312716382 0 0 0 1 0 0 0 0 0 0
-0.7852835059165955 2.462425947189331 2.3124732971191406 0.9905395207164037 0.1372277592140793 0 0 0 1 0 0 0 0 0 0
-0.6358389258384705 2.14216685295105 2.7022361755371094 0.7414637028043544 0.6709929786694165 0 0 0 1 0 0 0 0 0 0
-0.3320460021495819 1.961582899093628 3.091999053955078 0.235142084662629 0.9719610074588965 0 0 0 1 0 0 0 0 0 0
0.020695241168141365 1.983330488204956 3.481761932373047 -0.35275574991476466 0.935715437994945 0 0 0 1 0 0 0 0 0 0
0.3000054657459259 2.199864149093628 3.8715248107910156 -0.8182735657153374 0.5748289933984781 0 0 0 1 0 0 0 0 0 0
0.40897801518440247 2.536053419113159 4.261287689208984 -0.9998946039315437 0.014518299782734615 0 0 0 1 0 0 0 0 0 0
0.30980542302131653 2.875267744064331 4.651050567626953 -0.8346081153621312 -0.5508441646887726 0 0 0 1 0 0 0 0 0 0
0.03689625859260559 3.0998122692108154 5.040813446044922 -0.3797583868250329 -0.9250857082649416 0 0 0 1 0 0 0 0 0 0
-0.3150648772716522 3.131787061691284 5.430576324462891 0.2068396335525162 -0.9783748596483154 0 0 0 1 0 0 0 0 0 0
-0.6239694952964783 2.960095167160034 5.820339202880859 0.7216847353645913 -0.6922218883723193 0 0 0 1 0 0 0 0 0 0
-0.782643735408783 2.6443068981170654 6.210102081298828 0.9861397029245614 -0.16591710676074806 0 0 0 1 0 0 0 0 0 0
-0.7360357642173767 2.293980360031128 6.599864959716797 0.908461469094353 0.41796861026987403 0 0 0 1 0 0 0 0 0 0
-0.5003179907798767 2.030663251876831 6.989627838134766 0.5156023850847117 0.8568279760225834 0 0 0 1 0 0 0 0 0 0
-0.1572699248790741 1.9457061290740967 7.379390716552734 -0.05614856919949556 0.9984224247165372 0 0 0 1 0 0 0 0 0 0
0.17409184575080872 2.068588972091675 7.769153594970703 -0.6084162333888858 0.7936180989297565 0 0 0 1 0 0 0 0 0 0
0.3788953125476837 2.356968641281128 8.158916473388672 -0.9497582170547402 0.3129845509557953 0 0 0 1 0 0 0 0 0 0
0.38566258549690247 2.7106101512908936 8.54867935180664 -0.9610398022556843 -0.2764100187770972 0 0 0 1 0 0 0 0 0 0
0.19204190373420715 3.006615400314331 8.93844223022461 -0.638332947722042 -0.7697603834002428 0 0 0 1 0 0 0 0 0 0
-0.13468119502067566 3.1421172618865967 9.328205108642578 -0.09379669882498166 -0.9955913716427717 0 0 0 1 0 0 0 0 0 0
-0.48096224665641785 3.070019483566284 9.717967987060547 0.48334114871003747 -0.8754320841525408 0 0 0 1 0 0 0 0 0 0
-0.726460874080658 2.81538462638855 10.107730865478516 0.8925026412664033 -0.4510421658032584 0 0 0 1 0 0 0 0 0 0
-0.7858595252037048 2.4667022228240967 10.497493743896484 0.9915004205112363 0.13010348237476735 0 0 0 1 0 0 0 0 0 0
-0.638518750667572 2.145146131515503 10.887256622314453 0.7459329445527636 0.6660210523931235 0 0 0 1 0 0 0 0 0 0
-0.33563944697380066 1.9624640941619873 11.277019500732422 0.24113357061739063 0.9704919376900089 0 0 0 1 0 0 0 0 0 0
0.017519505694508553 1.9821441173553467 11.66678237915039 -0.3474616194554656 0.937694205487794 0 0 0 1 0 0 0 0 0 0
0.29822590947151184 2.1973464488983154 12.05654525756836 -0.8153084321847613 0.5790269081903071 0 0 0 1 0 0 0 0 0 0
0.40893033146858215 2.53328013420105 12.446308135986328 -0.9998167974796521 0.0191408327282961 0 0 0 1 0 0 0 0 0 0
0.3111596405506134 2.8732078075408936 12.836071014404297 -0.8368654342689724 -0.5474086635465357 0 0 0 1 0 0 0 0 0 0
0.038891345262527466 3.0989882946014404 13.225833892822266 -0.38308764243986637 -0.9237119996026171 0 0 0 1 0 0 0 0 0 0
-0.31325480341911316 3.132164716720581 13.615596771240234 0.20382252823210997 -0.9790078533827349 0 0 0 1 0 0 0 0 0 0
-0.6229013800621033 2.961205244064331 14.005359649658203 0.7199027148520447 -0.6940749823676514 0 0 0 1 0 0 0 0 0 0
-0.7824377417564392 2.645519971847534 14.395122528076172 0.9857996378456547 -0.16792579915955771 0 0 0 1 0 0 0 0 0 0
-0.7364229559898376 2.2948195934295654 14.78488540649414 0.9091065911138398 0.41656356777012293 0 0 0 1 0 0 0 0 0 0
-0.5008463263511658 2.030979871749878 15.17464828491211 0.5164816799889507 0.8562982390708223 0 0 0 1 0 0 0 0 0 0
-0.1575770080089569 1.9456908702850342 15.564411163330078 -0.05563841767417546 0.998450983513319 0 0 0 1 0 0 0 0 0 0
0.17409184575080872 2.068588972091675 15.954174041748047 -0.6084162333888858 0.7936180989297565 0 0 0 1 0 0 0 0 0 0
0.3788953125476837 2.356968641281128 16.343936920166016 -0.9497582170547402 0.3129845509557953 0 0 0 1 0 0 0 0 0 0
0.38044407963752747 2.727787733078003 16.733699798583984 -0.952339172703842 -0.30504114498500323 0 0 0 1 0 0 0 0 0 0
0.16373303532600403 3.0286948680877686 17.123462677001953 -0.5911583810755925 -0.8065554962208642 0 0 0 1 0 0 0 0 0 0
-0.18845698237419128 3.144757032394409 17.513225555419922 -0.004173689370741941 -0.9999912901205873 0 0 0 1 0 0 0 0 0 0
-0.5416044592857361 3.0316359996795654 17.90298843383789 0.5844134316368087 -0.8114560622254845 0 0 0 1 0 0 0 0 0 0
-0.7608160376548767 2.7325446605682373 18.29275131225586 0.9497620930874188 -0.31297278880791785 0 0 0 1 0 0 0 0 0 0
-0.7623609900474548 2.361729383468628 18.682514190673828 0.9523359051521635 0.30505134610096274 0 0 0 1 0 0 0 0 0 0
-0.5456480383872986 2.0608222484588623 19.072277069091797 0.5911493250513553 0.8065621336830333 0 0 0 1 0 0 0 0 0 0
-0.19345614314079285 1.944767713546753 19.462039947509766 0.004162516671662915 0.9999913366899524 0 0 0 1 0 0 0 0 0 0
0.15968945622444153 2.0578887462615967 19.851802825927734 -0.5844134893536541 0.8114560206576118 0 0 0 1 0 0 0 0 0 0
0.37302640080451965 2.3400161266326904 20.241565704345703 -0.9399773888927838 0.3412367336180323 0 0 0 1 0 0 0 0 0 0
0.3925004303455353 2.6846702098846436 20.631328582763672 -0.9724338248773627 -0.23317902185741912 0 0 0 1 0 0 0 0 0 0
0.2188420593738556 2.9830100536346436 21.02109146118164 -0.6830049211541526 -0.7304137715563759 0 0 0 1 0 0 0 0 0 0
-0.0904669463634491 3.136284589767456 21.41085433959961 -0.16748753789483342 -0.9858741931148857 0 0 0 1 0 0 0 0 0 0
-0.4330420196056366 3.093754529953003 21.800617218017578 0.4034728056340336 -0.9149916366359864 0 0 0 1 0 0 0 0 0 0
-0.6954817175865173 2.869499921798706 22.190380096435547 0.8408750197218818 -0.5412293425228577 0 0 0 1 0 0 0 0 0 0
-0.7909178137779236 2.5377509593963623 22.580142974853516 0.9999317900849078 0.011679690817476674 0 0 0 1 0 0 0 0 0 0
-0.6877588629722595 2.2083213329315186 22.969905853271484 0.8279961279715276 0.5607338156952526 0 0 0 1 0 0 0 0 0 0
-0.4201502501964569 1.9902617931365967 23.359668731689453 0.38198642157782997 0.924167935891613 0 0 0 1 0 0 0 0 0 0
-0.07667681574821472 1.9557464122772217 23.749431610107422 -0.19047173925658223 0.981692679276245 0 0 0 1 0 0 0 0 0 0
0.22896817326545715 2.116204023361206 24.13919448852539 -0.6998811914546081 0.7142592791473403 0 0 0 1 0 0 0 0 0 0
0.39560940861701965 2.4185187816619873 24.52895736694336 -0.977614598620384 0.21040365149945844 0 0 0 1 0 0 0 0 0 0
0.3680901825428009 2.7626235485076904 24.918720245361328 -0.9317492455249654 -0.3631023870255576 0 0 0 1 0 0 0 0 0 0
0.15551617741584778 3.0346152782440186 25.308483123779297 -0.5774584279088592 -0.8164200904173223 0 0 0 1 0 0 0 0 0 0
-0.17174670100212097 3.144451856613159 25.698246002197266 -0.032021108946335065 -0.9994871928053142 0 0 0 1 0 0 0 0 0 0
-0.5053686499595642 3.0557868480682373 26.088008880615234 0.5240153548231122 -0.8517088163859805 0 0 0 1 0 0 0 0 0 0
-0.7349161505699158 2.7979629039764404 26.477771759033203 0.906593442976654 -0.42200512929552947 0 0 0 1 0 0 0 0 0 0
-0.7844061255455017 2.456322431564331 26.867534637451172 0.9890763457774145 0.14740414588333753 0 0 0 1 0 0 0 0 0 0
-0.631469190120697 2.1373908519744873 27.25729751586914 0.734184544594241 0.6789499646357947 0 0 0 1 0 0 0 0 0 0
-0.3257460296154022 1.9600951671600342 27.64706039428711 0.2246460437386969 0.9744404317517575 0 0 0 1 0 0 0 0 0 0
0.026739628985524178 1.985649824142456 28.036823272705078 -0.36282957136287414 0.9318555157022106 0 0 0 1 0 0 0 0 0 0
0.3036980926990509 2.205181837081909 28.426586151123047 -0.8244285121370245 0.5659661017901444 0 0 0 1 0 0 0 0 0 0
0.40903714299201965 2.542526960372925 28.816349029541016 -0.999993062412764 0.0037249330654172083 0 0 0 1 0 0 0 0 0 0
0.30621007084846497 2.880650281906128 29.206111907958984 -0.8286150600656353 -0.5598187941043277 0 0 0 1 0 0 0 0 0 0
0.030895741656422615 3.102238416671753 29.595874786376953 -0.3697574426673177 -0.9291283192283644 0 0 0 1 0 0 0 0 0 0
-0.3213915526866913 3.130413770675659 29.985637664794922 0.21738601732996735 -0.9760857131775954 0 0 0 1 0 0 0 0 0 0
-0.6284250617027283 2.95539927482605 30.37540054321289 0.7291057831741586 -0.684401020558851 0 0 0 1 0 0 0 0 0 0
-0.7836832404136658 2.6379172801971436 30.76516342163086 0.9878738784964267 -0.15525849472549683 0 0 0 1 0 0 0 0 0 0
-0.7332987189292908 2.2881133556365967 31.154926300048828 0.9038968793849299 0.4277504312542367 0 0 0 1 0 0 0 0 0 0
-0.4947523772716522 2.027355909347534 31.544689178466797 0.5063266430236758 0.8623417713206145 0 0 0 1 0 0 0 0 0 0
-0.15080782771110535 1.9461066722869873 31.934452056884766 -0.06692001079734798 0.9977583435656566 0 0 0 1 0 0 0 0 0 0
0.17920735478401184 2.072556257247925 32.324214935302734 -0.6169441151548372 0.787006962342656 0 0 0 1 0 0 0 0 0 0
0.38079503178596497 2.362835645675659 32.7139778137207 -0.9529229803095742 0.30321245620508214 0 0 0 1 0 0 0 0 0 0
0.3840165436267853 2.716233015060425 33.10374069213867 -0.9582926934362309 -0.2857885821839878 0 0 0 1 0 0 0 0 0 0
0.18775418400764465 3.0101401805877686 33.49350357055664 -0.6311875829532964 -0.7756302180327785 0 0 0 1 0 0 0 0 0 0
-0.13990160822868347 3.142582654953003 33.88326644897461 -0.08509643481112789 -0.9963727198104309 0 0 0 1 0 0 0 0 0 0
-0.4852709472179413 3.067620038986206 34.27302932739258 0.4905179721467856 -0.8714310753014293 0 0 0 1 0 0 0 0 0 0
-0.7285303473472595 2.8112494945526123 34.66279220581055 0.8959556482491527 -0.4441435312716382 0 0 0 1 0 0 0 0 0 0
-0.7852835059165955 2.462425947189331 35.052555084228516 0.9905395207164037 0.1372277592140793 0 0 0 1 0 0 0 0 0 0
-0.6358389258384705 2.14216685295105 35.442317962646484 0.7414637028043544 0.6709929786694165 0 0 0 1 0 0 0 0 0 0
-0.3320460021495819 1.961582899093628 35.83208084106445 0.235142084662629 0.9719610074588965 0 0 0 1 0 0 0 0 0 0
0.020695241168141365 1.983330488204956 36.22184371948242 -0.35275574991476466 0.935715437994945 0 0 0 1 0 0 0 0 0 0
0.3000054657459259 2.199864149093628 36.61160659790039 -0.8182735657153374 0.5748289933984781 0 0 0 1 0 0 0 0 0 0
0.40897801518440247 2.536053419113159 37.00136947631836 -0.9998946039315437 0.014518299782734615 0 0 0 1 0 0 0 0 0 0
0.30980542302131653 2.875267744064331 37.39113235473633 -0.8346081153621312 -0.5508441646887726 0 0 0 1 0 0 0 0 0 0
0.03689625859260559 3.0998122692108154 37.7808952331543 -0.3797583868250329 -0.9250857082649416 0 0 0 1 0 0 0 0 0 0
-0.3150648772716522 3.131787061691284 38.170658111572266 0.2068396335525162 -0.9783748596483154 0 0 0 1 0 0 0 0 0 0
-0.6239694952964783 2.960095167160034 38.560420989990234 0.7216847353645913 -0.6922218883723193 0 0 0 1 0 0 0 0 0 0
-0.782643735408783 2.6443068981170654 38.9501838684082 0.9861397029245614 -0.16591710676074806 0 0 0 1 0 0 0 0 0 0
-0.7360357642173767 2.293980360031128 39.33994674682617 0.908461469094353 0.41796861026987403 0 0 0 1 0 0 0 0 0 0
-0.5003179907798767 2.030663251876831 39.72970962524414 0.5156023850847117 0.8568279760225834 0 0 0 1 0 0 0 0 0 0
-0.1572699248790741 1.9457061290740967 40.11947250366211 -0.05614856919949556 0.9984224247165372 0 0 0 1 0 0 0 0 0 0
0.17409184575080872 2.068588972091675 40.50923538208008 -0.6084162333888858 0.7936180989297565 0 0 0 1 0 0 0 0 0 0
0.3788953125476837 2.356968641281128 40.89899826049805 -0.9497582170547402 0.3129845509557953 0 0 0 1 0 0 0 0 0 0
0.38044407963752747 2.727787733078003 41.288761138916016 -0.952339172703842 -0.30504114498500323 0 0 0 1 0 0 0 0 0 0
0.16373303532600403 3.0286948680877686 41.678524017333984 -0.5911583810755925 -0.8065554962208642 0 0 0 1 0 0 0 0 0 0
-0.18845698237419128 3.144757032394409 42.06828689575195 -0.004173689370741941 -0.9999912901205873 0 0 0 1 0 0 0 0 0 0
-0.5416044592857361 3.0316359996795654 42.45804977416992 0.5844134316368087 -0.8114560622254845 0 0 0 1 0 0 0 0 0 0
-0.7608160376548767 2.7325446605682373 42.84781265258789 0.9497620930874188 -0.31297278880791785 0 0 0 1 0 0 0 0 0 0
-0.7623609900474548 2.361729383468628 43.23757553100586 0.9523359051521635 0.30505134610096274 0 0 0 1 0 0 0 0 0 0
-0.5456480383872986 2.0608222484588623 43.62733840942383 0.5911493250513553 0.8065621336830333 0 0 0 1 0 0 0 0 0 0
-0.19345614314079285 1.944767713546753 44.0171012878418 0.004162516671662915 0.9999913366899524 0 0 0 1 0 0 0 0 0 0
0.15968945622444153 2.0578887462615967 44.406864166259766 -0.5844134893536541 0.8114560206576118 0 0 0 1 0 0 0 0 0 0
0.37302640080451965 2.3400161266326904 44.796627044677734 -0.9399773888927838 0.3412367336180323 0 0 0 1 0 0 0 0 0 0
0.39173558354377747 2.6878249645233154 45.1863899230957 -0.9711571643847953 -0.23844026938435475 0 0 0 1 0 0 0 0 0 0
0.21407368779182434 2.987419843673706 45.57615280151367 -0.6750577715084063 -0.7377648711656746 0 0 0 1 0 0 0 0 0 0
-0.10008379817008972 3.1378371715545654 45.96591567993164 -0.15146150273491135 -0.9884631572240223 0 0 0 1 0 0 0 0 0 0
-0.4448675811290741 3.0883872509002686 46.35567855834961 0.4231787316629276 -0.9060462245758524 0 0 0 1 0 0 0 0 0 0
-0.7040838599205017 2.8557326793670654 46.74544143676758 0.8552095624665018 -0.5182823595935468 0 0 0 1 0 0 0 0 0 0
-0.790374219417572 2.5182807445526123 47.13520431518555 0.9990259230968155 0.04412714561985468 0 0 0 1 0 0 0 0 0 0
-0.6746610999107361 2.189751386642456 47.524967193603516 0.8061705523671674 0.5916832264785069 0 0 0 1 0 0 0 0 0 0
-0.39593836665153503 1.980858564376831 47.914730072021484 0.3416318062891903 0.9398338730496923 0 0 0 1 0 0 0 0 0 0
-0.048137158155441284 1.9620063304901123 48.30449295043945 -0.23803721972954828 0.9712560331979546 0 0 0 1 0 0 0 0 0 0
0.25153401494026184 2.1395423412323 48.69425582885742 -0.7374830829982695 0.6753656063876569 0 0 0 1 0 0 0 0 0 0
0.40208104252815247 2.4536406993865967 49.08401870727539 -0.9884004750260286 0.1518700133940896 0 0 0 1 0 0 0 0 0 0
0.3527722656726837 2.798443555831909 49.47378158569336 -0.9062214020403397 -0.42280346555348997 0 0 0 1 0 0 0 0 0 0
0.12022450566291809 3.0577552318573 49.86354446411133 -0.5186402244272569 -0.8549925833631803 0 0 0 1 0 0 0 0 0 0
-0.2171930968761444 3.144188642501831 50.2533073425293 0.04372302754235653 -0.9990436911679741 0 0 0 1 0 0 0 0 0 0
-0.5457701086997986 3.028610944747925 50.643070220947266 0.5913502304758398 -0.8064148466615499 0 0 0 1 0 0 0 0 0 0
-0.7547754645347595 2.749974012374878 51.032833099365234 0.9396924771153822 -0.3420205380569378 0 0 0 1 0 0 0 0 0 0
-0.7844061255455017 2.456322431564331 51.4225959777832 0.9890763457774145 0.14740414588333753 0 0 0 1 0 0 0 0 0 0
-0.6194013953208923 2.1247146129608154 51.81235885620117 0.7140703767260672 0.7000739225841028 0 0 0 1 0 0 0 0 0 0
-0.2911238372325897 1.953179121017456 52.20212173461914 0.16694195309325208 0.9859667257556973 0 0 0 1 0 0 0 0 0 0
0.07532551884651184 2.0070884227752686 52.59188461303711 -0.4438085319192903 0.8961216362724673 0 0 0 1 0 0 0 0 0 0
0.34029629826545715 2.265892744064331 52.98164749145508 -0.8854275692815458 0.4647773870964182 0 0 0 1 0 0 0 0 0 0
0.4028153717517853 2.6309707164764404 53.37141036987305 -0.9896242376086101 -0.14367974226583669 0 0 0 1 0 0 0 0 0 0
0.23905423283576965 2.9631965160369873 53.761173248291016 -0.7166871288943656 -0.6973948374322475 0 0 0 1 0 0 0 0 0 0
-0.08857676386833191 3.135960340499878 54.150936126708984 -0.1706344454716495 -0.9853344031437158 0 0 0 1 0 0 0 0 0 0
-0.45522448420524597 3.083428144454956 54.54069900512695 0.44044205659232194 -0.8977810394437644 0 0 0 1 0 0 0 0 0 0
-0.7211660742759705 2.8256194591522217 54.93046188354492 0.8836777531519768 -0.4680957472401066 0 0 0 1 0 0 0 0 0 0
-0.7850527167320251 2.460777997970581 55.32022476196289 0.9901547684977945 0.13997690674207314 0 0 0 1 0 0 0 0 0 0
-0.6502756476402283 2.1587188243865967 55.70998764038086 0.7655258783022132 0.6434051053959902 0 0 0 1 0 0 0 0 0 0
-0.3674921691417694 1.971318006515503 56.09975051879883 0.29421948154101896 0.9557378807401818 0 0 0 1 0 0 0 0 0 0
-0.028275934979319572 1.9672362804412842 56.4895133972168 -0.2711361080077158 0.9625410177932306 0 0 0 1 0 0 0 0 0 0
0.25893452763557434 2.147778272628784 56.879268646240234 -0.74982410222553 0.661637223651812 0 0 0 1 0 0 0 0 0 0
0.40232327580451965 2.4552276134490967 57.269039154052734 -0.988803709995328 0.14922205969452135 0 0 0 1 0 0 0 0 0 0
0.3560509979724884 2.7912986278533936 57.65879440307617 -0.9116815029469473 -0.4108975993899154 0 0 0 1 0 0 0 0 0 0
0.13490918278694153 3.0485541820526123 58.04856491088867 -0.5431172903021602 -0.8396568400095598 0 0 0 1 0 0 0 0 0 0
-0.19040438532829285 3.144760847091675 58.43832015991211 -0.0009256242598683512 -0.999999571609773 0 0 0 1 0 0 0 0 0 0
-0.5158953070640564 3.049156904220581 58.82809066772461 0.5415602441651939 -0.8406619427211725 0 0 0 1 0 0 0 0 0 0
-0.7375120520591736 2.792309522628784 59.21784591674805 0.9109206722824372 -0.4125815420114099 0 0 0 1 0 0 0 0 0 0
-0.7844061255455017 2.456322431564331 59.60761642456055 0.9890763457774145 0.14740414588333753 0 0 0 1 0 0 0 0 0 0
-0.631469190120697 2.1373908519744873 59.997371673583984 0.734184544594241 0.6789499646357947 0 0 0 1 0 0 0 0 0 0
-0.3193030059337616 1.9586493968963623 60.387142181396484 0.21390901270866097 0.9768535889691996 0 0 0 1 0 0 0 0 0 0
0.03899434208869934 1.990574598312378 60.77689743041992 -0.3832510835787722 0.9236441993190329 0 0 0 1 0 0 0 0 0 0
0.3146386444568634 2.2216956615448 61.16666793823242 -0.8426609773827597 0.5384444977862922 0 0 0 1 0 0 0 0 0 0
0.4085526764392853 2.5689361095428467 61.55642318725586 -0.9991880292843391 -0.040289975612785835 0 0 0 1 0 0 0 0 0 0
0.28698208928108215 2.9074904918670654 61.94619369506836 -0.7965679291807277 -0.6045490337439362 0 0 0 1 0 0 0 0 0 0
-0.0063776662573218346 3.1156623363494873 62.3359489440918 -0.3076350722720309 -0.9515044205405366 0 0 0 1 0 0 0 0 0 0
-0.36608263850212097 3.118633985519409 62.7257194519043 0.29187475223754883 -0.9564565484151749 0 0 0 1 0 0 0 0 0 0
-0.662841260433197 2.915337324142456 63.115474700927734 0.7864666162334774 -0.6176327885971277 0 0 0 1 0 0 0 0 0 0
-0.7899908423423767 2.578839063644409 63.505245208740234 0.9983859080384347 -0.05679417778496455 0 0 0 1 0 0 0 0 0 0
-0.7018255591392517 2.230095624923706 63.89500045776367 0.8514444204720383 0.5244448482414856 0 0 0 1 0 0 0 0 0 0
-0.4300398528575897 1.994450330734253 64.28477478027344 0.3984655820198276 0.9171832859061486 0 0 0 1 0 0 0 0 0 0
-0.07231852412223816 1.956608533859253 64.67453002929688 -0.1977362531024482 0.9802552597201427 0 0 0 1 0 0 0 0 0 0
0.24276021122932434 2.1301658153533936 65.06430053710938 -0.7228674515108593 0.690986720238671 0 0 0 1 0 0 0 0 0 0
0.40194371342658997 2.452744245529175 65.45405578613281 -0.9881700486136711 0.15336216946449052 0 0 0 1 0 0 0 0 0 0
0.34801724553108215 2.808396100997925 65.84382629394531 -0.8982975725979533 -0.4393876091387021 0 0 0 1 0 0 0 0 0 0
0.10036519169807434 3.06929087638855 66.23358154296875 -0.48554195101004755 -0.8742133685830688 0 0 0 1 0 0 0 0 0 0
-0.2520003020763397 3.141648054122925 66.62335205078125 0.10173406631120951 -0.9948116302857474 0 0 0 1 0 0 0 0 0 0
-0.5824236273765564 2.999462842941284 67.01310729980469 0.6524441605865344 -0.7578368012418851 0 0 0 1 0 0 0 0 0 0
-0.7721418738365173 2.6938445568084717 67.40287780761719 0.9686390076359428 -0.24847227790249743 0 0 0 1 0 0 0 0 0 0
-0.7529634833335876 2.334637403488159 67.79263305664062 0.9366713042845409 0.3502097481937033 0 0 0 1 0 0 0 0 0 0
-0.5317797064781189 2.050957441329956 68.18240356445312 0.5680334517986615 0.8230054663473977 0 0 0 1 0 0 0 0 0 0
-0.1880945861339569 1.944767713546753 68.57215881347656 -0.00477397844913754 0.9999886044999547 0 0 0 1 0 0 0 0 0 0
0.15456250309944153 2.054234266281128 68.96192932128906 -0.5758664518145392 0.8175437784452482 0 0 0 1 0 0 0 0 0 0
0.37302640080451965 2.3400161266326904 69.3516845703125 -0.9399773888927838 0.3412367336180323 0 0 0 1 0 0 0 0 0 0
0.4022660553455353 2.6346709728240967 69.741455078125 -0.9887086797234701 -0.14985041421188308 0 0 0 1 0 0 0 0 0 0
0.25158169865608215 2.949925184249878 70.13121032714844 -0.7375636057041095 -0.6752776669939209 0 0 0 1 0 0 0 0 0 0
-0.04918429255485535 3.127770185470581 70.52098083496094 -0.23629245863704978 -0.9716819819216874 0 0 0 1 0 0 0 0 0 0
-0.39803263545036316 3.107895612716675 70.91073608398438 0.34512218473699724 -0.9385577646593531 0 0 0 1 0 0 0 0 0 0
-0.6766523718833923 2.8970420360565186 71.30050659179688 0.8094878984516137 -0.5871365618494474 0 0 0 1 0 0 0 0 0 0
-0.7850527167320251 2.460777997970581 71.69026184082031 0.9901547684977945 0.13997690674207314 0 0 0 1 0 0 0 0 0 0
-2.984941005706787 1.1391723155975342 -71.35270690917969 0.9760268154889394 0.2176503054133395 0 0 0 1 0 0 0 0 0 0
-2.8101649284362793 0.8324858546257019 -70.96294403076172 0.6847393075197544 0.7287880904195452 0 0 0 1 0 0 0 0 0 0
-2.4931883811950684 0.6771475672721863 -70.57318115234375 0.15644101538515734 0.9876873031001568 0 0 0 1 0 0 0 0 0 0
-2.143723964691162 0.7269255518913269 -70.18341827392578 -0.4260006606562189 0.9047228509993902 0 0 0 1 0 0 0 0 0 0
-1.882728099822998 0.9645926356315613 -69.79365539550781 -0.860995574492184 0.5086124464706642 0 0 0 1 0 0 0 0 0 0
-1.8005366325378418 1.3078811168670654 -69.40389251708984 -0.9979794798635228 -0.06353705825211221 0 0 0 1 0 0 0 0 0 0
-1.9255976676940918 1.6379783153533936 -69.01412963867188 -0.7895424830630462 -0.6136959079533116 0 0 0 1 0 0 0 0 0 0
-2.2146239280700684 1.8406264781951904 -68.6243667602539 -0.30783432535500305 -0.9514399761063387 0 0 0 1 0 0 0 0 0 0
-2.5675806999206543 1.8456847667694092 -68.23460388183594 0.2804325340897248 -0.9598737384802312 0 0 0 1 0 0 0 0 0 0
-2.2946600914001465 -1.871039628982544 -68.23460388183594 -0.17443910977154617 0.9846679628088397 0 0 0 -1 0 0 0 0 0 0
-2.6424098014831543 -1.828791856765747 -68.6243667602539 0.4051409491839208 0.9142542377776282 0 0 0 -1 0 0 0 0 0 0
-2.9072985649108887 -1.599555253982544 -69.01412963867188 0.8466216724387812 0.532195212076322 0 0 0 -1 0 0 0 0 0 0
-2.999030590057373 -1.261470079421997 -69.40389251708984 0.9995106465852424 -0.031280462956145005 0 0 0 -1 0 0 0 0 0 0
-2.8863368034362793 -0.9297822117805481 -69.79365539550781 0.8116854902634897 -0.5840947396576335 0 0 0 -1 0 0 0 0 0 0
-2.607631206512451 -0.7175591588020325 -70.18341827392578 0.34717719441402467 -0.9377995498393068 0 0 0 -1 0 0 0 0 0 0
-2.2579188346862793 -0.6971390843391418 -70.57318115234375 -0.2356737613571403 -0.971832227397187 0 0 0 -1 0 0 0 0 0 0
-1.956407070159912 -0.8754838109016418 -70.96294403076172 -0.7381907521901783 -0.6745920347742769 0 0 0 -1 0 0 0 0 0 0
-1.8058772087097168 -1.1918022632598877 -71.35270690917969 -0.9890779833848764 -0.14739315717938326 0 0 0 -1 0 0 0 0 0 0
-2.796334743499756 0.8198935389518738 -1.5851554870605469 0.6616846315762048 0.7497822672855516 0 0 0 1 0 0 0 0 0 0
-2.441178798675537 0.6712233424186707 -1.1564140319824219 0.06975832942361092 0.9975639204963394 0 0 0 1 0 0 0 0 0 0
-2.068786144256592 0.7690169215202332 -0.7276725769042969 -0.5508960521863417 0.8345738671235179 0 0 0 1 0 0 0 0 0 0
-1.8325018882751465 1.0730063915252686 -0.2989310920238495 -0.9447059388052769 0.32791872344536943 0 0 0 1 0 0 0 0 0 0
-1.8296217918395996 1.458012342453003 0.12980273365974426 -0.9495058378199712 -0.3137493648532126 0 0 0 1 0 0 0 0 0 0
-2.0613303184509277 1.7655036449432373 0.5585441589355469 -0.5633218544644415 -0.8262375495477937 0 0 0 1 0 0 0 0 0 0
-2.432218074798584 1.868859052658081 0.9872856140136719 0.054824996915422884 -0.9984959788167521 0 0 0 1 0 0 0 0 0 0
-2.789559841156006 1.725517988204956 1.4160194396972656 0.6503948992986798 -0.7595962578674675 0 0 0 1 0 0 0 0 0 0
-2.9862112998962402 1.3945090770721436 1.8447608947753906 0.9781473579629736 -0.20791283296144647 0 0 0 1 0 0 0 0 0 0
-2.9411978721618652 1.0121314525604248 2.2735023498535156 0.9031247681678192 0.4293782168692574 0 0 0 1 0 0 0 0 0 0
-2.67305326461792 0.7358404994010925 2.7022361755371094 0.45621589395771645 0.8898691241415009 0 0 0 1 0 0 0 0 0 0
-2.292191982269287 0.6794020533561707 3.1309776306152344 -0.17855513561936232 0.9839299078409759 0 0 0 1 0 0 0 0 0 0
-1.9554457664489746 0.8660628199577332 3.5597190856933594 -0.7397957889810873 0.6728314726629919 0 0 0 1 0 0 0 0 0 0
-1.8014788627624512 1.218956708908081 3.9884605407714844 -0.996408629079948 0.08467493073524493 0 0 0 1 0 0 0 0 0 0
-1.8936896324157715 1.5927703380584717 4.417194366455078 -0.8427195897578488 -0.5383527589214743 0 0 0 1 0 0 0 0 0 0
-2.194108486175537 1.8335769176483154 4.845935821533203 -0.34202546348015367 -0.9396906843909788 0 0 0 1 0 0 0 0 0 0
-2.5790305137634277 1.842217206954956 5.274677276611328 0.2995109105754945 -0.9540928751679463 0 0 0 1 0 0 0 0 0 0
-2.889953136444092 1.615135908126831 5.703411102294922 0.817713120473626 -0.5756259658886883 0 0 0 1 0 0 0 0 0 0
-2.998847484588623 1.2458350658416748 6.132152557373047 0.9992046912487366 0.03987461581654766 0 0 0 1 0 0 0 0 0 0
-2.860869884490967 0.8863875269889832 6.560894012451172 0.7692387299826757 0.6389614826377564 0 0 0 1 0 0 0 0 0 0
-2.5328402519226074 0.6848036646842957 6.989627838134766 0.22252391697451263 0.9749272313225844 0 0 0 1 0 0 0 0 0 0
-2.186152935028076 -0.7193825840950012 6.989627838134766 -0.35528330874875824 -0.9347586696706986 0 0 0 -1 0 0 0 0 0 0
-1.8784594535827637 -0.9824135899543762 6.538326263427734 -0.8681099304671746 -0.49637198613970684 0 0 0 -1 0 0 0 0 0 0
-1.8078455924987793 -1.3810036182403564 6.087024688720703 -0.9857959254336894 0.16794759122516756 0 0 0 -1 0 0 0 0 0 0
-2.0064520835876465 -1.733729600906372 5.635715484619141 -0.6547863649523743 0.7558140090475011 0 0 0 -1 0 0 0 0 0 0
-2.3838820457458496 -1.8800384998321533 5.184413909912109 -0.025738112027067443 0.9996687199213958 0 0 0 -1 0 0 0 0 0 0
-2.768338680267334 -1.7533447742462158 4.733112335205078 0.6150239858996259 0.7885083999350525 0 0 0 -1 0 0 0 0 0 0
-2.9848341941833496 -1.4113075733184814 4.281803131103516 0.9758487629419741 0.21844722901565639 0 0 0 -1 0 0 0 0 0 0
-2.934823513031006 -1.0096123218536377 3.8305015563964844 0.892501517830327 -0.4510443888028785 0 0 0 -1 0 0 0 0 0 0
-2.6410727500915527 -0.7310975193977356 3.379192352294922 0.40291670524320033 -0.915236651711438 0 0 0 -1 0 0 0 0 0 0
-2.2372851371765137 -0.7025330662727356 2.9278907775878906 -0.27006420827071237 -0.9628423149255092 0 0 0 -1 0 0 0 0 0 0
-1.9072527885437012 -0.9369233250617981 2.4765892028808594 -0.8201194451506043 -0.5721923589894091 0 0 0 -1 0 0 0 0 0 0
-1.801194667816162 -1.3275787830352783 2.025279998779297 -0.99688277109573 0.07889702587866397 0 0 0 -1 0 0 0 0 0 0
-1.967383861541748 -1.6966850757598877 1.5739784240722656 -0.7199027570785563 0.6940749385698156 0 0 0 -1 0 0 0 0 0 0
-2.330178737640381 -1.8762428760528564 1.1226768493652344 -0.1152432828474273 0.9933372970741348 0 0 0 -1 0 0 0 0 0 0
-2.72444486618042 -1.7845184803009033 0.6713676452636719 0.5418651556661852 0.8404654383583305 0 0 0 -1 0 0 0 0 0 0
-2.9707274436950684 -1.463263750076294 0.220066100358963 0.952339172703842 0.30504114498500323 0 0 0 -1 0 0 0 0 0 0
-2.95692777633667 -1.0586998462677002 -0.23123547434806824 0.9293384799446883 -0.36922891232147076 0 0 0 -1 0 0 0 0 0 0
-2.6893229484558105 -0.7549775242805481 -0.6825447082519531 0.48333217618447677 -0.8754370379786188 0 0 0 -1 0 0 0 0 0 0
-2.289721965789795 -0.6903336644172668 -1.1338462829589844 -0.18266659432227658 -0.9831749159324097 0 0 0 -1 0 0 0 0 0 0
-1.9400076866149902 -0.8941949009895325 -1.5851554870605469 -0.765526000935021 -0.6434049594869735 0 0 0 -1 0 0 0 0 0 0
0.21494343876838684 -2.9971039295196533 11.66678237915039 -0.6765036169766 0.7364393092560838 0 0 0 1 0 0 0 0 0 0
0.38980916142463684 -2.7059319019317627 12.05654525756836 -0.9679473135242103 0.25115333611414414 0 0 0 1 0 0 0 0 0 0
0.3785748779773712 -2.366473436355591 12.446308135986328 -0.9492210232780511 -0.31460999502077136 0 0 0 1 0 0 0 0 0 0
0.18483975529670715 -2.0875046253204346 12.836071014404297 -0.626333520034209 -0.7795552075905573 0 0 0 1 0 0 0 0 0 0
-0.1293158233165741 -1.9584152698516846 13.225833892822266 -0.10273914308715912 -0.994708333371002 0 0 0 1 0 0 0 0 0 0
-0.4632239043712616 -2.0205681324005127 13.615596771240234 0.4537717364194669 -0.891117955843592 0 0 0 1 0 0 0 0 0 0
-0.7098879218101501 -2.254054307937622 14.005359649658203 0.8648844643350223 -0.5019709785952984 0 0 0 1 0 0 0 0 0 0
-0.7902674078941345 -2.5840485095977783 14.395122528076172 0.9988469068949113 0.04800892194653309 0 0 0 1 0 0 0 0 0 0
-0.6786035895347595 -2.9048149585723877 14.78488540649414 0.8127387779839548 0.5826282509123186 0 0 0 1 0 0 0 0 0 0
-0.41068026423454285 -3.1135590076446533 15.17464828491211 0.3662025118383279 0.9305351795194523 0 0 0 1 0 0 0 0 0 0
-0.07235094904899597 -3.143397569656372 15.564411163330078 -0.19768017289326925 0.9802665705025788 0 0 0 1 0 0 0 0 0 0
0.22797253727912903 -2.984767198562622 15.954174041748047 -0.6982245089455514 0.7158788550500313 0 0 0 1 0 0 0 0 0 0
-2.7643752098083496 -0.8040688633918762 15.954174041748047 0.6084217354539069 -0.7936138808181572 0 0 0 -1 0 0 0 0 0 0
-2.3709006309509277 -0.6809113621711731 15.477802276611328 -0.04736952304054624 -0.9988774340663178 0 0 0 -1 0 0 0 0 0 0
-1.9908480644226074 -0.8407548069953918 15.001422882080078 -0.6807928055438754 -0.7324760446046675 0 0 0 -1 0 0 0 0 0 0
-1.8036742210388184 -1.2081139087677002 14.525043487548828 -0.9927488015238599 -0.12020739192304324 0 0 0 -1 0 0 0 0 0 0
-1.8977618217468262 -1.609534502029419 14.04867172241211 -0.8359375652643678 0.5488245502707407 0 0 0 -1 0 0 0 0 0 0
-2.2286810874938965 -1.8554604053497314 13.57229232788086 -0.284403662684172 0.9587046242987605 0 0 0 -1 0 0 0 0 0 0
-2.6401782035827637 -1.8297760486602783 13.09591293334961 0.401422032894618 0.9158931987446748 0 0 0 -1 0 0 0 0 0 0
-2.937943935394287 -1.5446007251739502 12.61954116821289 0.8977036787324915 0.44059971083757155 0 0 0 -1 0 0 0 0 0 0
-2.981379985809326 -1.1346008777618408 12.14316177368164 0.9700946325400276 -0.2427270152188028 0 0 0 -1 0 0 0 0 0 0
-2.7499728202819824 -0.7933648228645325 11.66678237915039 0.5844082518364726 -0.8114597927102968 0 0 0 -1 0 0 0 0 0 0
0.3971410095691681 -2.674140214920044 16.343936920166016 -0.9801668374643532 0.19817409198764746 0 0 0 1 0 0 0 0 0 0
0.35471203923225403 -2.3057548999786377 16.733699798583984 -0.9094545956973816 -0.41580324477439085 0 0 0 1 0 0 0 0 0 0
0.1038537323474884 -2.0326645374298096 17.123462677001953 -0.4913587237499198 -0.8709572920613561 0 0 0 1 0 0 0 0 0 0
-0.2596144378185272 -1.9591782093048096 17.513225555419922 0.11442352791625783 -0.993432059206465 0 0 0 1 0 0 0 0 0 0
-0.5968565344810486 -2.1133720874786377 17.90298843383789 0.6764949387475802 -0.7364472811063313 0 0 0 1 0 0 0 0 0 0
-0.7790617346763611 -2.4363434314727783 18.29275131225586 0.980169233620261 -0.1981622402585069 0 0 0 1 0 0 0 0 0 0
-0.7366289496421814 -2.8047287464141846 18.682514190673828 0.9094503377262647 0.41581255778244974 0 0 0 1 0 0 0 0 0 0
-0.48576685786247253 -3.0778191089630127 19.072277069091797 0.4913406098942662 0.8709675109145752 0 0 0 1 0 0 0 0 0 0
-0.12229868769645691 -3.1512978076934814 19.462039947509766 -0.11443587613542541 0.9934306368605297 0 0 0 1 0 0 0 0 0 0
0.21494343876838684 -2.9971039295196533 19.851802825927734 -0.6765036169766 0.7364393092560838 0 0 0 1 0 0 0 0 0 0
-2.7499728202819824 -0.7933648228645325 19.851802825927734 0.5844082518364726 -0.8114597927102968 0 0 0 -1 0 0 0 0 0 0
-2.349759578704834 -0.6822884678840637 19.413318634033203 -0.08261001069476022 -0.9965819515388645 0 0 0 -1 0 0 0 0 0 0
-1.9732966423034668 -0.8577454686164856 18.974842071533203 -0.7100431079636139 -0.7041582100873156 0 0 0 -1 0 0 0 0 0 0
-1.80098295211792 -1.2356560230255127 18.536357879638672 -0.9972353315228754 -0.07430809890221364 0 0 0 -1 0 0 0 0 0 0
-1.9153876304626465 -1.6349289417266846 18.09787368774414 -0.8065647666604412 0.5911457326091325 0 0 0 -1 0 0 0 0 0 0
-2.2616896629333496 -1.8642380237579346 17.65938949584961 -0.22939296077686466 0.9733338941730241 0 0 0 -1 0 0 0 0 0 0
-2.673945903778076 -1.8137009143829346 17.220905303955078 0.4577022589769953 0.8891055292412455 0 0 0 -1 0 0 0 0 0 0
-2.9546046257019043 -1.507533311843872 16.782421112060547 0.9254693718206115 0.37882244102212653 0 0 0 -1 0 0 0 0 0 0
-2.9691786766052246 -1.0924484729766846 16.343936920166016 0.9497582170547402 -0.3129845509557953 0 0 0 -1 0 0 0 0 0 0
0.3971410095691681 -2.674140214920044 40.89899826049805 -0.9801668374643532 0.19817409198764746 0 0 0 1 0 0 0 0 0 0
0.35471203923225403 -2.3057548999786377 41.288761138916016 -0.9094545956973816 -0.41580324477439085 0 0 0 1 0 0 0 0 0 0
0.1038537323474884 -2.0326645374298096 41.678524017333984 -0.4913587237499198 -0.8709572920613561 0 0 0 1 0 0 0 0 0 0
-0.2596144378185272 -1.9591782093048096 42.06828689575195 0.11442352791625783 -0.993432059206465 0 0 0 1 0 0 0 0 0 0
-0.5968565344810486 -2.1133720874786377 42.45804977416992 0.6764949387475802 -0.7364472811063313 0 0 0 1 0 0 0 0 0 0
-0.7790617346763611 -2.4363434314727783 42.84781265258789 0.980169233620261 -0.1981622402585069 0 0 0 1 0 0 0 0 0 0
-0.7366289496421814 -2.8047287464141846 43.23757553100586 0.9094503377262647 0.41581255778244974 0 0 0 1 0 0 0 0 0 0
-0.48576685786247253 -3.0778191089630127 43.62733840942383 0.4913406098942662 0.8709675109145752 0 0 0 1 0 0 0 0 0 0
-0.12229868769645691 -3.1512978076934814 44.0171012878418 -0.11443587613542541 0.9934306368605297 0 0 0 1 0 0 0 0 0 0
0.21494343876838684 -2.9971039295196533 44.406864166259766 -0.6765036169766 0.7364393092560838 0 0 0 1 0 0 0 0 0 0
-2.7499728202819824 -0.7933648228645325 44.406864166259766 0.5844082518364726 -0.8114597927102968 0 0 0 -1 0 0 0 0 0 0
-2.349759578704834 -0.6822884678840637 43.968379974365234 -0.08261001069476022 -0.9965819515388645 0 0 0 -1 0 0 0 0 0 0
-1.9732966423034668 -0.8577454686164856 43.5298957824707 -0.7100431079636139 -0.7041582100873156 0 0 0 -1 0 0 0 0 0 0
-1.80098295211792 -1.2356560230255127 43.09141159057617 -0.9972353315228754 -0.07430809890221364 0 0 0 -1 0 0 0 0 0 0
-1.9153876304626465 -1.6349289417266846 42.65293502807617 -0.8065647666604412 0.5911457326091325 0 0 0 -1 0 0 0 0 0 0
-2.2616896629333496 -1.8642380237579346 42.21445083618164 -0.22939296077686466 0.9733338941730241 0 0 0 -1 0 0 0 0 0 0
-2.673945903778076 -1.8137009143829346 41.77596664428711 0.4577022589769953 0.8891055292412455 0 0 0 -1 0 0 0 0 0 0
-2.9546046257019043 -1.507533311843872 41.33748245239258 0.9254693718206115 0.37882244102212653 0 0 0 -1 0 0 0 0 0 0
-2.9691786766052246 -1.0924484729766846 40.89899826049805 0.9497582170547402 -0.3129845509557953 0 0 0 -1 0 0 0 0 0 0
0.3933244049549103 -2.6916725635528564 44.796627044677734 -0.9738040796821098 0.2273886857222211 0 0 0 1 0 0 0 0 0 0
0.37427762150764465 -2.3539726734161377 45.1863899230957 -0.9420595503695673 -0.3354456789965977 0 0 0 1 0 0 0 0 0 0
0.17560628056526184 -2.0802338123321533 45.57615280151367 -0.6109422129585944 -0.7916751937665191 0 0 0 1 0 0 0 0 0 0
-0.13955256342887878 -1.9574463367462158 45.96591567993164 -0.08567942627954588 -0.9963227568977875 0 0 0 1 0 0 0 0 0 0
-0.47104784846305847 -2.0246269702911377 46.35567855834961 0.4668159024440375 -0.8843545178407576 0 0 0 1 0 0 0 0 0 0
-0.7135366797447205 -2.2604286670684814 46.74544143676758 0.8709599796873597 -0.4913539597713588 0 0 0 1 0 0 0 0 0 0
-0.7899565100669861 -2.5899155139923096 47.13520431518555 0.9983286073047954 0.05779266248294198 0 0 0 1 0 0 0 0 0 0
-0.6760229468345642 -2.9083855152130127 47.524967193603516 0.808442421122394 0.5885752727814529 0 0 0 1 0 0 0 0 0 0
-0.4079451262950897 -3.114630937576294 47.914730072021484 0.36164210344645065 0.932317000282 0 0 0 1 0 0 0 0 0 0
-0.07091090083122253 -3.1431076526641846 48.30449295043945 -0.20008025064543156 0.9797795125953906 0 0 0 1 0 0 0 0 0 0
0.22797253727912903 -2.984767198562622 48.69425582885742 -0.6982245089455514 0.7158788550500313 0 0 0 1 0 0 0 0 0 0
-2.7643752098083496 -0.8040688633918762 48.69425582885742 0.6084217354539069 -0.7936138808181572 0 0 0 -1 0 0 0 0 0 0
-2.3631834983825684 -0.6813271641731262 48.20705032348633 -0.06023237341342367 -0.9981843823627908 0 0 0 -1 0 0 0 0 0 0
-1.979661464691162 -0.8514207005500793 47.719852447509766 -0.699436311190174 -0.7146949325332327 0 0 0 -1 0 0 0 0 0 0
-1.8013319969177246 -1.2311813831329346 47.23264694213867 -0.9966513335001843 -0.08176869469610094 0 0 0 -1 0 0 0 0 0 0
-1.9153876304626465 -1.6349289417266846 46.74544143676758 -0.8065647666604412 0.5911457326091325 0 0 0 -1 0 0 0 0 0 0
-2.266059398651123 -1.8652527332305908 46.258235931396484 -0.22210989118463106 0.9750216388562623 0 0 0 -1 0 0 0 0 0 0
-2.6818900108337402 -1.809535264968872 45.77103805541992 0.4709431332308761 0.882163570582398 0 0 0 -1 0 0 0 0 0 0
-2.959561824798584 -1.4950249195098877 45.28383255004883 0.9337309607755737 0.3579755478927628 0 0 0 -1 0 0 0 0 0 0
-2.9633097648620605 -1.0754921436309814 44.796627044677734 0.9399737900733004 -0.34124664683368666 0 0 0 -1 0 0 0 0 0 0
2.5030980110168457 -1.6325180530548096 71.30050659179688 -0.80949326115379 0.5871291681960641 0 0 0 -1 0 0 0 0 0 0
2.254765033721924 -1.831294298171997 70.94972229003906 -0.39559637852436974 0.918424469022033 0 0 0 -1 0 0 0 0 0 0
1.9397168159484863 -1.875190019607544 70.59893798828125 0.1294859556648059 0.9915812560176659 0 0 0 -1 0 0 0 0 0 0
1.6465039253234863 -1.751868486404419 70.24813842773438 0.6181673537383274 0.7860465143820392 0 0 0 -1 0 0 0 0 0 0
1.4575390815734863 -1.4959900379180908 69.89735412597656 0.9331134979053232 0.3595819795636214 0 0 0 -1 0 0 0 0 0 0
1.425926685333252 -1.1794731616973877 69.54656982421875 0.9857959254336894 -0.16794759122516756 0 0 0 -1 0 0 0 0 0 0
1.560558795928955 -0.891280472278595 69.19578552246094 0.7614153943435613 -0.6482642958366895 0 0 0 -1 0 0 0 0 0 0
1.82358980178833 -0.7124055027961731 68.84500122070312 0.3230255329671909 -0.9463902498711947 0 0 0 -1 0 0 0 0 0 0
2.14109468460083 -0.6931260228157043 68.49421691894531 -0.20614961400089074 -0.9785204835093049 0 0 0 -1 0 0 0 0 0 0
2.4238362312316895 -0.8388627171516418 68.1434326171875 -0.6773863825732682 -0.7356274116047483 0 0 0 -1 0 0 0 0 0 0
2.592346668243408 -1.108649492263794 67.79263305664062 -0.9582363150089062 -0.28597755960591065 0 0 0 -1 0 0 0 0 0 0
2.5992627143859863 -1.4266655445098877 67.44184875488281 -0.9697624872608338 0.24405064700115298 0 0 0 -1 0 0 0 0 0 0
2.4426465034484863 -1.7035248279571533 67.091064453125 -0.7087373634406359 0.7054724301226915 0 0 0 -1 0 0 0 0 0 0
2.166508197784424 -1.8614189624786377 66.74028015136719 -0.24850518788644596 0.9686305650729395 0 0 0 -1 0 0 0 0 0 0
1.8484654426574707 -1.855963945388794 66.38949584960938 0.2815691606760905 0.9595409359460187 0 0 0 -1 0 0 0 0 0 0
1.577904224395752 -1.688697099685669 66.03871154785156 0.7325005127318518 0.6807664789394189 0 0 0 -1 0 0 0 0 0 0
1.430870532989502 -1.4066307544708252 65.68792724609375 0.977561560390924 0.210649936259335 0 0 0 -1 0 0 0 0 0 0
1.4486851692199707 -1.0890381336212158 65.33712768554688 0.9478644684225249 -0.31867373519335446 0 0 0 -1 0 0 0 0 0 0
1.6263470649719238 -0.8251870274543762 64.98634338378906 0.6517657207331076 -0.7584203618556485 0 0 0 -1 0 0 0 0 0 0
1.9139180183410645 -0.6892312169075012 64.63555908203125 0.17248078700117198 -0.9850128822078705 0 0 0 -1 0 0 0 0 0 0
2.2305760383605957 -0.7193825840950012 64.28477478027344 -0.35528330874875824 -0.9347586696706986 0 0 0 -1 0 0 0 0 0 0
1.8838887214660645 0.6848036646842957 64.28477478027344 0.2225292489841884 0.9749260142936659 0 0 0 1 0 0 0 0 0 0
2.194065570831299 0.6963583827018738 64.62257385253906 -0.2944381989853222 0.9556705221875789 0 0 0 1 0 0 0 0 0 0
2.456963062286377 0.8613631129264832 64.96035766601562 -0.732597568086466 0.6806620330485579 0 0 0 1 0 0 0 0 0 0
2.602226734161377 1.1356589794158936 65.29815673828125 -0.9747020788142509 0.22350807044752966 0 0 0 1 0 0 0 0 0 0
2.59098482131958 1.4458472728729248 65.63595581054688 -0.9559668198840977 -0.2934747677070131 0 0 0 1 0 0 0 0 0 0
2.426243305206299 1.7089087963104248 65.97373962402344 -0.6813942801487637 -0.7319165491916058 0 0 0 1 0 0 0 0 0 0
2.1520886421203613 1.8544509410858154 66.31153869628906 -0.22447108802116153 -0.9744807492416647 0 0 0 1 0 0 0 0 0 0
1.8418927192687988 1.8435142040252686 66.64933776855469 0.29252124034018734 -0.9562590255520929 0 0 0 1 0 0 0 0 0 0
1.5786633491516113 1.6790359020233154 66.98713684082031 0.7312399257704357 -0.6821203493220588 0 0 0 1 0 0 0 0 0 0
1.4328503608703613 1.4050261974334717 67.32492065429688 0.9742579019515438 -0.22543633355112994 0 0 0 1 0 0 0 0 0 0
1.443474292755127 1.0948188304901123 67.6627197265625 0.9565512339288471 0.2915642928569965 0 0 0 1 0 0 0 0 0 0
1.6076931953430176 0.8314291834831238 68.00051879882812 0.6828568457468964 0.7305522077282357 0 0 0 1 0 0 0 0 0 0
1.8815579414367676 0.6853415369987488 68.33830261230469 0.22641196581948025 0.9740316328198784 0 0 0 1 0 0 0 0 0 0
2.191776752471924 0.6956564784049988 68.67610168457031 -0.29062353887989645 0.9568374776569558 0 0 0 1 0 0 0 0 0 0
2.4553303718566895 0.8596121668815613 69.01390075683594 -0.7298739685294107 0.683581736197749 0 0 0 1 0 0 0 0 0 0
2.601688861846924 1.1333281993865967 69.3516845703125 -0.9738037896202347 0.22738992792397283 0 0 0 1 0 0 0 0 0 0
-0.7549452185630798 2.749504804611206 69.3516845703125 0.939978031907608 -0.3412349623516031 0 0 0 -1 0 0 0 0 0 0
-0.5364813208580017 3.0352866649627686 68.96192932128906 0.5758701427008864 -0.8175411786238421 0 0 0 -1 0 0 0 0 0 0
-0.19382426142692566 3.1447532176971436 68.57215881347656 0.00477397844913754 -0.9999886044999547 0 0 0 -1 0 0 0 0 0 0
0.14986088871955872 3.0385634899139404 68.18240356445312 -0.5680297114078486 -0.823008047930223 0 0 0 -1 0 0 0 0 0 0
0.37104466557502747 2.7548835277557373 67.79263305664062 -0.9366743073946497 -0.35020171596774496 0 0 0 -1 0 0 0 0 0 0
0.39022496342658997 2.395676374435425 67.40287780761719 -0.9686393593893564 0.24847090663048957 0 0 0 -1 0 0 0 0 0 0
0.20050671696662903 2.0900580883026123 67.01310729980469 -0.6524442077814421 0.7578367606103882 0 0 0 -1 0 0 0 0 0 0
-0.12991854548454285 1.9478728771209717 66.62335205078125 -0.10173406631120951 0.9948116302857474 0 0 0 -1 0 0 0 0 0 0
-0.4822821319103241 2.0202300548553467 66.23358154296875 0.4855376636859727 0.8742157497679662 0 0 0 -1 0 0 0 0 0 0
-0.7299360632896423 2.2811248302459717 65.84382629394531 0.8982931272087535 0.43939669731293857 0 0 0 -1 0 0 0 0 0 0
-0.7838606238365173 2.6367766857147217 65.45405578613281 0.9881700465520535 -0.1533621827482651 0 0 0 -1 0 0 0 0 0 0
-0.6246771216392517 2.959355115890503 65.06430053710938 0.7228647324603418 -0.6909895647294816 0 0 0 -1 0 0 0 0 0 0
-0.3096003234386444 3.1329123973846436 64.67453002929688 0.1977362531024482 -0.9802552597201427 0 0 0 -1 0 0 0 0 0 0
0.04812100529670715 3.0950706005096436 64.28477478027344 -0.3984655820198276 -0.9171832859061486 0 0 0 -1 0 0 0 0 0 0
0.31990864872932434 2.8594253063201904 63.89500045776367 -0.851445986016213 -0.5244423065475163 0 0 0 -1 0 0 0 0 0 0
0.40807202458381653 2.5106818675994873 63.505245208740234 -0.9983859083211695 0.05679417281476384 0 0 0 -1 0 0 0 0 0 0
0.28092435002326965 2.1741836071014404 63.115474700927734 -0.7864687886005943 0.61763002238971 0 0 0 -1 0 0 0 0 0 0
-0.015836207196116447 1.9708869457244873 62.7257194519043 -0.2918696252969823 0.9564581129505876 0 0 0 -1 0 0 0 0 0 0
-0.37554118037223816 1.9738585948944092 62.3359489440918 0.30763686453196787 0.9515038410752421 0 0 0 -1 0 0 0 0 0 0
-0.6689009070396423 2.1820342540740967 61.94619369506836 0.7965733021420491 0.604541954139257 0 0 0 -1 0 0 0 0 0 0
-0.7904714941978455 2.52058482170105 61.55642318725586 0.9991880291420518 0.040289979141495236 0 0 0 -1 0 0 0 0 0 0
-0.6965574622154236 2.8678252696990967 61.16666793823242 0.842662579968264 -0.5384419897456263 0 0 0 -1 0 0 0 0 0 0
-0.4209131896495819 3.0989463329315186 60.77689743041992 0.38325984107548994 -0.9236405654900558 0 0 0 -1 0 0 0 0 0 0
-0.06261584162712097 3.130871534347534 60.387142181396484 -0.21390365954374604 -0.9768547611768054 0 0 0 -1 0 0 0 0 0 0
0.24955037236213684 2.952130079269409 59.997371673583984 -0.7341845836785071 -0.6789499223719059 0 0 0 -1 0 0 0 0 0 0
-2.7963385581970215 0.8198935389518738 59.997371673583984 0.6616909389503246 0.7497767009657195 0 0 0 1 0 0 0 0 0 0
-2.4441676139831543 0.6714407801628113 60.41962814331055 0.07474056525351924 0.9972030123829271 0 0 0 1 0 0 0 0 0 0
-2.073800563812256 0.7657400965690613 60.84186935424805 -0.5425345883829885 0.840033463862066 0 0 0 1 0 0 0 0 0 0
-1.8355097770690918 1.0645415782928467 61.26411056518555 -0.9396882251255206 0.34203222006186607 0 0 0 1 0 0 0 0 0 0
-1.8259787559509277 1.4466063976287842 61.68635177612305 -0.9555769501709519 -0.294741738309969 0 0 0 1 0 0 0 0 0 0
-2.049071788787842 1.756920576095581 62.10859298706055 -0.5837523276454838 -0.8119317828293704 0 0 0 1 0 0 0 0 0 0
-2.414273738861084 1.8695762157440186 62.53083419799805 0.0249187485643099 -0.9996894797735888 0 0 0 1 0 0 0 0 0 0
-2.7734103202819824 1.738865613937378 62.95307540893555 0.6234765442789824 -0.7818420548511945 0 0 0 1 0 0 0 0 0 0
-2.9807677268981934 1.4178245067596436 63.37531661987305 0.9690749813668661 -0.2467664492770599 0 0 0 1 0 0 0 0 0 0
-2.9522147178649902 1.0367095470428467 63.79757308959961 0.9214847242514906 0.38841460190259897 0 0 0 1 0 0 0 0 0 0
-2.6993346214294434 0.7501532435417175 64.21981811523438 0.5000172985871901 0.8660154162101095 0 0 0 1 0 0 0 0 0 0
-2.3247294425964355 0.6744162440299988 64.64205932617188 -0.12432607600474513 0.9922414155966593 0 0 0 1 0 0 0 0 0 0
-1.9803919792175293 0.8402296900749207 65.06430053710938 -0.6982188145986747 0.7158844089239697 0 0 0 1 0 0 0 0 0 0
-2.7643752098083496 -0.8040688633918762 65.06430053710938 0.6084217354539069 -0.7936138808181572 0 0 0 -1 0 0 0 0 0 0
-2.389535427093506 -0.6803200840950012 64.62370300292969 -0.016313461698857043 -0.9998669266294389 0 0 0 -1 0 0 0 0 0 0
-2.0189318656921387 -0.8162339329719543 64.18309020996094 -0.6339881621764468 -0.7733427508033752 0 0 0 -1 0 0 0 0 0 0
-1.812974452972412 -1.152980089187622 63.742488861083984 -0.9772485065609284 -0.21209751630897222 0 0 0 -1 0 0 0 0 0 0
-1.8608050346374512 -1.5448105335235596 63.3018913269043 -0.8975289311546215 0.44095557343165825 0 0 0 -1 0 0 0 0 0 0
-2.141723155975342 -1.8221275806427002 62.86129379272461 -0.4293307348429291 0.9031473413121639 0 0 0 -1 0 0 0 0 0 0
-2.53413724899292 -1.8648979663848877 62.42068099975586 0.22469111344931963 0.9744300403502066 0 0 0 -1 0 0 0 0 0 0
-2.8681998252868652 -1.6546127796173096 61.98008346557617 0.781456265492739 0.6239600188490779 0 0 0 -1 0 0 0 0 0 0
-2.9993205070495605 -1.2822868824005127 61.539485931396484 0.9999941832528311 0.003410785906964222 0 0 0 -1 0 0 0 0 0 0
-2.870744228363037 -0.9090760350227356 61.0988883972168 0.785698804316082 -0.6186092376422124 0 0 0 -1 0 0 0 0 0 0
-2.538123607635498 -0.6965134739875793 60.65827560424805 0.23133160338808578 -0.9728749607600646 0 0 0 -1 0 0 0 0 0 0
-2.1454272270202637 -0.7366059422492981 60.21767807006836 -0.4231606812985453 -0.9060546549755986 0 0 0 -1 0 0 0 0 0 0
-1.8626227378845215 -1.012000322341919 59.77708053588867 -0.8945034720866616 -0.44706100078726035 0 0 0 -1 0 0 0 0 0 0
-1.812119960784912 -1.4034950733184814 59.336483001708984 -0.9786712750917008 0.2054325565979851 0 0 0 -1 0 0 0 0 0 0
-2.015775203704834 -1.7416412830352783 58.895870208740234 -0.6392436789080216 0.7690042385943906 0 0 0 -1 0 0 0 0 0 0
-2.3854422569274902 -1.8800766468048096 58.45527267456055 -0.02313504409111615 0.9997323490489353 0 0 0 -1 0 0 0 0 0 0
-2.761115550994873 -1.7588913440704346 58.01467514038086 0.6029847344040976 0.7977527248938857 0 0 0 -1 0 0 0 0 0 0
-2.9801974296569824 -1.4305260181427002 57.57407760620117 0.9681220541536047 0.2504789177982944 0 0 0 -1 0 0 0 0 0 0
-2.9478583335876465 -1.037116289138794 57.13346481323242 0.9142279320317183 -0.4052003063831612 0 0 0 -1 0 0 0 0 0 0
-2.678098201751709 -0.7489350438117981 56.692867279052734 0.46462638488483654 -0.885506816726358 0 0 0 -1 0 0 0 0 0 0
-2.28767728805542 -0.690718948841095 56.25226974487305 -0.18607935436821607 -0.9825347189173051 0 0 0 -1 0 0 0 0 0 0
-1.9455790519714355 -0.8876641392707825 55.81166458129883 -0.7562438194837976 -0.6542899093617119 0 0 0 -1 0 0 0 0 0 0
-1.7998747825622559 -1.2545273303985596 55.37106704711914 -0.9990815994594806 -0.0428480760534971 0 0 0 -1 0 0 0 0 0 0
-1.9136290550231934 -1.6325180530548096 54.93046188354492 -0.80949326115379 0.5871291681960641 0 0 0 -1 0 0 0 0 0 0
-2.92042875289917 1.5671660900115967 54.93046188354492 0.868507459013595 -0.4956760975049621 0 0 0 1 0 0 0 0 0 0
-2.995032787322998 1.198124647140503 55.355655670166016 0.9928475825506973 0.11938876757566512 0 0 0 1 0 0 0 0 0 0
-2.8350634574890137 0.8572928309440613 55.78085708618164 0.7262367459280727 0.6874446805844118 0 0 0 1 0 0 0 0 0 0
-2.5035147666931152 0.6788756251335144 56.206050872802734 0.17365249226767188 0.984806992221941 0 0 0 1 0 0 0 0 0 0
-2.130937099456787 0.7331320643424988 56.63125228881836 -0.4473122559380064 0.8943778539787597 0 0 0 1 0 0 0 0 0 0
-1.8640437126159668 0.9986998438835144 57.05643844604492 -0.8921379125376355 0.45176315145548357 0 0 0 1 0 0 0 0 0 0
-1.8079276084899902 1.3709990978240967 57.48163986206055 -0.985661785915163 -0.16873305481301448 0 0 0 1 0 0 0 0 0 0
-1.9846835136413574 1.703434705734253 57.90682601928711 -0.6910697848369194 -0.7227880411887389 0 0 0 1 0 0 0 0 0 0
-2.324714183807373 1.865105390548706 58.332027435302734 -0.12434680589157356 -0.9922388179589445 0 0 0 1 0 0 0 0 0 0
-2.6941237449645996 1.7923438549041748 58.75722885131836 0.491332098798742 -0.8709723122407642 0 0 0 1 0 0 0 0 0 0
-2.9474501609802246 1.5138061046600342 59.18241500854492 0.9135457822273362 -0.4067359140457656 0 0 0 1 0 0 0 0 0 0
-2.984941005706787 1.1391723155975342 59.60761642456055 0.9760268154889394 0.2176503054133395 0 0 0 1 0 0 0 0 0 0
0.40248730778694153 2.6331984996795654 59.60761642456055 -0.9890779833848764 -0.14739315717938326 0 0 0 -1 0 0 0 0 0 0
0.3555932343006134 2.2972114086151123 59.21784591674805 -0.910920687203175 0.41258150906856617 0 0 0 -1 0 0 0 0 0 0
0.13397839665412903 2.0403640270233154 58.82809066772461 -0.5415642706604703 0.8406593488113915 0 0 0 -1 0 0 0 0 0 0
-0.19151446223258972 1.9447600841522217 58.43832015991211 0.0009256242598683512 0.999999571609773 0 0 0 -1 0 0 0 0 0 0
-0.5168280005455017 2.040966749191284 58.04856491088867 0.5431121119481378 0.8396601895143257 0 0 0 -1 0 0 0 0 0 0
-0.7379679083824158 2.298222303390503 57.65879440307617 0.911680540994363 0.41089973372128835 0 0 0 -1 0 0 0 0 0 0
-0.7842420935630798 2.6342933177948 57.269039154052734 0.9888038329583342 -0.14922124489129107 0 0 0 -1 0 0 0 0 0 0
-0.6408533453941345 2.9417426586151123 56.879268646240234 0.7498240650529174 -0.6616372657790056 0 0 0 -1 0 0 0 0 0 0
-0.35364291071891785 3.1222846508026123 56.4895133972168 0.2711413003792527 -0.9625395551501496 0 0 0 -1 0 0 0 0 0 0
-0.014426677487790585 3.1182029247283936 56.09975051879883 -0.294219484043083 -0.955737879969933 0 0 0 -1 0 0 0 0 0 0
0.2683568298816681 2.9308021068573 55.70998764038086 -0.7655259134543784 -0.6434050635718057 0 0 0 -1 0 0 0 0 0 0
1.6203923225402832 0.8198935389518738 55.70998764038086 0.6616909389503246 0.7497767009657195 0 0 0 1 0 0 0 0 0 0
1.9119343757629395 0.6791045069694519 56.065860748291016 0.17579021982527682 0.9844276502688153 0 0 0 1 0 0 0 0 0 0
2.234184741973877 0.7102896571159363 56.42173385620117 -0.36129430459420286 0.9324518354680801 0 0 0 1 0 0 0 0 0 0
2.493317127227783 0.904373824596405 56.7775993347168 -0.7931849684952648 0.6089807925978996 0 0 0 1 0 0 0 0 0 0
2.613884449005127 1.2048461437225342 57.13346481323242 -0.9941300956304612 0.10819127950888807 0 0 0 1 0 0 0 0 0 0
2.5607762336730957 1.5242164134979248 57.48934555053711 -0.9056188127270808 -0.42409263850577855 0 0 0 1 0 0 0 0 0 0
2.349461078643799 1.7694976329803467 57.845211029052734 -0.5534256723149981 -0.8328985683879473 0 0 0 1 0 0 0 0 0 0
2.041466236114502 1.8692786693572998 58.20107650756836 -0.04009932321000699 -0.9991956986887501 0 0 0 1 0 0 0 0 0 0
1.726463794708252 1.7945029735565186 58.55695724487305 0.4849006737140336 -0.8745692291818163 0 0 0 1 0 0 0 0 0 0
1.4961705207824707 1.5669410228729248 58.91282272338867 0.868721900146813 -0.495300171820393 0 0 0 1 0 0 0 0 0 0
1.41764497756958 1.2528502941131592 59.2686882019043 0.999602750587531 0.028184056092800534 0 0 0 1 0 0 0 0 0 0
1.513744831085205 0.9436880946159363 59.624568939208984 0.8394403144374436 0.5434518916124645 0 0 0 1 0 0 0 0 0 0
1.7564892768859863 0.7294623255729675 59.98043441772461 0.43486539958812587 0.9004954659747375 0 0 0 1 0 0 0 0 0 0
2.0752034187316895 0.6725508570671082 60.336299896240234 -0.0963317079223307 0.99534928645615 0 0 0 1 0 0 0 0 0 0
2.3770909309387207 0.7895247340202332 60.69218063354492 -0.5994791952088514 0.8003903388420853 0 0 0 1 0 0 0 0 0 0
2.574249744415283 1.0463225841522217 61.04804611206055 -0.9280706810339089 0.3724040963862461 0 0 0 1 0 0 0 0 0 0
2.6092801094055176 1.3681800365447998 61.40391159057617 -0.986455108654184 -0.16403145616028036 0 0 0 1 0 0 0 0 0 0
2.471977710723877 1.661381483078003 61.75979232788086 -0.7576156041762353 -0.6527010006953246 0 0 0 1 0 0 0 0 0 0
2.2023205757141113 1.8405539989471436 62.115657806396484 -0.3081954599398038 -0.9513230568384712 0 0 0 1 0 0 0 0 0 0
1.87882661819458 1.853539228439331 62.47152328491211 0.2309687455819626 -0.9729611701215493 0 0 0 1 0 0 0 0 0 0
1.5956768989562988 1.6965453624725342 62.827388763427734 0.7028812289234013 -0.7113072318113525 0 0 0 1 0 0 0 0 0 0
1.4353222846984863 1.4152915477752686 63.18326950073242 0.9701398601724908 -0.24254618468345407 0 0 0 1 0 0 0 0 0 0
1.4444470405578613 1.0916640758514404 63.53913497924805 0.9549308643043088 0.2968283079475843 0 0 0 1 0 0 0 0 0 0
1.6203923225402832 0.8198935389518738 63.89500045776367 0.6616909389503246 0.7497767009657195 0 0 0 1 0 0 0 0 0 0
2.4767231941223145 -0.8941949009895325 63.89500045776367 -0.765528323230129 -0.6434021964000957 0 0 0 -1 0 0 0 0 0 0
2.612389087677002 -1.2028038501739502 63.5377311706543 -0.9916368460208298 -0.12905954290117674 0 0 0 -1 0 0 0 0 0 0
2.5602307319641113 -1.535853624343872 63.18044662475586 -0.9047121343555045 0.42602341948525296 0 0 0 -1 0 0 0 0 0 0
2.3367199897766113 -1.788214921951294 62.82316207885742 -0.5321926844672364 0.8466232613149469 0 0 0 -1 0 0 0 0 0 0
2.0124096870422363 -1.8802177906036377 62.465877532958984 0.008325003782782113 0.9999653465555777 0 0 0 -1 0 0 0 0 0 0
1.6896748542785645 -1.7828247547149658 62.10859298706055 0.546220549742431 0.8376413976392739 0 0 0 -1 0 0 0 0 0 0
1.4703946113586426 -1.5267746448516846 61.75130844116211 0.9116866529900701 0.4108861725098126 0 0 0 -1 0 0 0 0 0 0
1.4237942695617676 -1.1929008960723877 61.39402389526367 0.9893488727662438 -0.1455637590754054 0 0 0 -1 0 0 0 0 0 0
1.5645833015441895 -0.8865998387336731 61.036739349365234 0.7547065655407644 -0.656062496969354 0 0 0 -1 0 0 0 0 0 0
1.8483166694641113 -0.7045586705207825 60.67947006225586 0.281817683003893 -0.9594679742160847 0 0 0 -1 0 0 0 0 0 0
2.185425281524658 -0.7042458653450012 60.32218551635742 -0.2800323596843416 -0.9599905611669417 0 0 0 -1 0 0 0 0 0 0
2.4694981575012207 -0.8857606053352356 59.964900970458984 -0.7534893174195979 -0.6574601497692073 0 0 0 -1 0 0 0 0 0 0
2.610851764678955 -1.1918022632598877 59.60761642456055 -0.9890778615113481 -0.14739397500623425 0 0 0 -1 0 0 0 0 0 0
-0.7765745520591736 -2.685828447341919 59.60761642456055 0.9760265455873082 0.21765151575145597 0 0 0 1 0 0 0 0 0 0
-0.5957655310630798 -2.9981071949005127 59.997371673583984 0.6746798357358352 0.7381105061245682 0 0 0 1 0 0 0 0 0 0
-0.2685370147228241 -3.150202989578247 60.387142181396484 0.1292955356525989 0.9916061034807658 0 0 0 1 0 0 0 0 0 0
0.0867486298084259 -3.0871002674102783 60.77689743041992 -0.46284781044778056 0.8864377611336823 0 0 0 1 0 0 0 0 0 0
0.34158948063850403 -2.831629991531372 61.16666793823242 -0.8875778622463479 0.4606577237496436 0 0 0 1 0 0 0 0 0 0
0.4038110077381134 -2.4761879444122314 61.55642318725586 -0.9912825911847435 -0.13175289148273317 0 0 0 1 0 0 0 0 0 0
0.2509045898914337 -2.14933705329895 61.94619369506836 -0.7364393065594512 -0.6765036199121441 0 0 0 1 0 0 0 0 0 0
-0.06182047724723816 -1.9693024158477783 62.3359489440918 -0.21523311738591533 -0.9765626990523142 0 0 0 1 0 0 0 0 0 0
-0.42125651240348816 -2.001197099685669 62.7257194519043 0.38383132791972746 -0.9234032227079233 0 0 0 1 0 0 0 0 0 0
-0.6973928809165955 -2.233485460281372 63.115474700927734 0.8440557711255204 -0.5362554011193764 0 0 0 1 0 0 0 0 0 0
-0.7903551459312439 -2.5821526050567627 63.505245208740234 0.9989934415175351 0.044856480077587975 0 0 0 1 0 0 0 0 0 0
-0.6665186285972595 -2.9210846424102783 63.89500045776367 0.7925976791976246 0.6097449622018533 0 0 0 1 0 0 0 0 0 0
-0.37067362666130066 -3.127692461013794 64.28477478027344 0.2995262303369526 0.9540880658199928 0 0 0 1 0 0 0 0 0 0
-0.009826152585446835 -3.127246141433716 64.67453002929688 -0.3018867785839416 0.9533437852717194 0 0 0 1 0 0 0 0 0 0
0.2855058014392853 -2.9199059009552 65.06430053710938 -0.7941052229383988 0.6077803015086589 0 0 0 1 0 0 0 0 0 0
0.40850117802619934 -2.5806686878204346 65.45405578613281 -0.9991012169304374 0.0423881861857661 0 0 0 1 0 0 0 0 0 0
0.31467679142951965 -2.232234239578247 65.84382629394531 -0.8427263041127279 -0.5383422483481136 0 0 0 1 0 0 0 0 0 0
0.03796437382698059 -2.000628709793091 66.23358154296875 -0.3815444910668552 -0.9243504753807046 0 0 0 1 0 0 0 0 0 0
-0.3215479552745819 -1.9696228504180908 66.62335205078125 0.21764615300859286 -0.976027741450293 0 0 0 1 0 0 0 0 0 0
-0.6338266730308533 -2.1504318714141846 67.01310729980469 0.7381076289387557 -0.674682983409548 0 0 0 1 0 0 0 0 0 0
-0.7859224677085876 -2.4776604175567627 67.40287780761719 0.9916061020154292 -0.1292955468907035 0 0 0 1 0 0 0 0 0 0
-0.7228216528892517 -2.8329460620880127 67.79263305664062 0.8864377423556888 0.4628478464110526 0 0 0 1 0 0 0 0 0 0
-0.46734949946403503 -3.087786912918091 68.18240356445312 0.4606533043306488 0.887580155934806 0 0 0 1 0 0 0 0 0 0
-0.1119055449962616 -3.1500084400177 68.57215881347656 -0.13175840394431185 0.9912818584994116 0 0 0 1 0 0 0 0 0 0
0.21494343876838684 -2.9971039295196533 68.96192932128906 -0.6765036169766 0.7364393092560838 0 0 0 1 0 0 0 0 0 0
-2.7499728202819824 -0.7933648228645325 68.96192932128906 0.5844082518364726 -0.8114597927102968 0 0 0 -1 0 0 0 0 0 0
-2.349759578704834 -0.6822884678840637 68.52345275878906 -0.08261001069476022 -0.9965819515388645 0 0 0 -1 0 0 0 0 0 0
-1.9732966423034668 -0.8577454686164856 68.0849609375 -0.7100431079636139 -0.7041582100873156 0 0 0 -1 0 0 0 0 0 0
-1.80098295211792 -1.2356560230255127 67.646484375 -0.9972353315228754 -0.07430809890221364 0 0 0 -1 0 0 0 0 0 0
-1.9153876304626465 -1.6349289417266846 67.20799255371094 -0.8065647666604412 0.5911457326091325 0 0 0 -1 0 0 0 0 0 0
-2.2616896629333496 -1.8642380237579346 66.76951599121094 -0.22939296077686466 0.9733338941730241 0 0 0 -1 0 0 0 0 0 0
-2.673945903778076 -1.8137009143829346 66.33102416992188 0.4577022589769953 0.8891055292412455 0 0 0 -1 0 0 0 0 0 0
-2.9546046257019043 -1.507533311843872 65.89254760742188 0.9254693718206115 0.37882244102212653 0 0 0 -1 0 0 0 0 0 0
-2.9691786766052246 -1.0924484729766846 65.45405578613281 0.9497582170547402 -0.3129845509557953 0 0 0 -1 0 0 0 0 0 0
-1.8112235069274902 1.1508605480194092 65.45405578613281 -0.9801692370622764 0.19816222323327695 0 0 0 1 0 0 0 0 0 0
-1.8730463981628418 1.557915449142456 65.90379333496094 -0.8771269330299607 -0.4802586213213197 0 0 0 1 0 0 0 0 0 0
-2.1826815605163574 1.8292853832244873 66.353515625 -0.3610690137673272 -0.9325390969268204 0 0 0 1 0 0 0 0 0 0
-2.594329357147217 1.8371894359588623 66.80323791503906 0.3250092164438464 -0.9457108486353305 0 0 0 1 0 0 0 0 0 0
-2.914151668548584 1.577904462814331 67.25297546386719 0.858046320875057 -0.5135723038022773 0 0 0 1 0 0 0 0 0 0
-2.991555690765381 1.1735236644744873 67.70269775390625 0.9870526236052651 0.1603967525667618 0 0 0 1 0 0 0 0 0 0
-2.7900900840759277 0.8144575953483582 68.15242004394531 0.6512794761762207 0.758837956293455 0 0 0 1 0 0 0 0 0 0
-2.4046244621276855 0.66978520154953 68.60214233398438 0.008835558175915236 0.9999609656940214 0 0 0 1 0 0 0 0 0 0
-2.016660213470459 0.8076254725456238 69.0518798828125 -0.6377742633844574 0.77022333706816 0 0 0 1 0 0 0 0 0 0
-1.808885097503662 1.1630752086639404 69.50160217285156 -0.9840648149886958 0.17781012316868777 0 0 0 1 0 0 0 0 0 0
-1.8791327476501465 1.568760633468628 69.95132446289062 -0.866985138372329 -0.4983339942664092 0 0 0 1 0 0 0 0 0 0
-2.1943259239196777 1.833653211593628 70.40104675292969 -0.3416637865663654 -0.9398222475282936 0 0 0 1 0 0 0 0 0 0
-2.606048107147217 1.8330237865447998 70.85078430175781 0.344539135969867 -0.9387719551547851 0 0 0 1 0 0 0 0 0 0
-2.92042875289917 1.5671660900115967 71.30050659179688 0.868507459013595 -0.4956760975049621 0 0 0 1 0 0 0 0 0 0
-1.9136290550231934 -1.6325180530548096 71.30050659179688 -0.80949326115379 0.5871291681960641 0 0 0 -1 0 0 0 0 0 0
-2.1818957328796387 -1.8394577503204346 70.91073608398438 -0.36237912255860877 0.9320307782115637 0 0 0 -1 0 0 0 0 0 0
-2.5194926261901855 -1.8680832386016846 70.52098083496094 0.20028291414142643 0.9797381049561245 0 0 0 -1 0 0 0 0 0 0
-2.8187708854675293 -1.709265947341919 70.13121032714844 0.6990788816181773 0.7150445561470126 0 0 0 -1 0 0 0 0 0 0
-2.9843039512634277 -1.4136497974395752 69.741455078125 0.9749666017794564 0.2223513557741866 0 0 0 -1 0 0 0 0 0 0
-2.9633097648620605 -1.0754921436309814 69.3516845703125 0.9399737900733004 -0.34124664683368666 0 0 0 -1 0 0 0 0 0 0
0.3933244049549103 -2.6916725635528564 69.3516845703125 -0.9738040796821098 0.2273886857222211 0 0 0 1 0 0 0 0 0 0
0.37447789311408997 -2.35453724861145 69.741455078125 -0.9423947766901694 -0.33450274268993047 0 0 0 1 0 0 0 0 0 0
0.17655041813850403 -2.0809662342071533 70.13121032714844 -0.6125204939741131 -0.7904547074068876 0 0 0 1 0 0 0 0 0 0
-0.1377691924571991 -1.9576027393341064 70.52098083496094 -0.08865246772903096 -0.9960626184962235 0 0 0 1 0 0 0 0 0 0
-0.46893641352653503 -2.023516893386841 70.91073608398438 0.46329706687502753 -0.8862030398418842 0 0 0 1 0 0 0 0 0 0
-0.7120642066001892 -2.2578346729278564 71.30050659179688 0.8685088157813222 -0.49567372021333267 0 0 0 1 0 0 0 0 0 0
-0.7765745520591736 -2.685828447341919 -71.35270690917969 0.9760265455873082 0.21765151575145597 0 0 0 1 0 0 0 0 0 0
-0.5866255164146423 -3.0062897205352783 -70.96294403076172 0.6594437201324148 0.7517539357914406 0 0 0 1 0 0 0 0 0 0
-0.24414965510368347 -3.15287709236145 -70.57318115234375 0.08865246772903096 0.9960626184962235 0 0 0 1 0 0 0 0 0 0
0.11883023381233215 -3.069079637527466 -70.18341827392578 -0.5163136737766993 0.8563995506019418 0 0 0 1 0 0 0 0 0 0
0.36238911747932434 -2.7872002124786377 -69.79365539550781 -0.9222445845030547 0.3866069403862122 0 0 0 1 0 0 0 0 0 0
0.3926377594470978 -2.415900468826294 -69.40389251708984 -0.9726595749074598 -0.23223555141459196 0 0 0 1 0 0 0 0 0 0
0.19791463017463684 -2.098315477371216 -69.01412963867188 -0.6481221566139529 -0.7615363879067624 0 0 0 1 0 0 0 0 0 0
-0.14671656489372253 -1.956874132156372 -68.6243667602539 -0.07373612955986525 -0.997277786375256 0 0 0 1 0 0 0 0 0 0
-0.5084013342857361 -2.0460922718048096 -68.23460388183594 0.5290697204378637 -0.8485783587364225 0 0 0 1 0 0 0 0 0 0
-0.7477163672447205 -2.3315842151641846 -67.84484100341797 0.9279270633589524 -0.3727618074401274 0 0 0 1 0 0 0 0 0 0
-0.7724050879478455 -2.70329213142395 -67.455078125 0.9690776590089892 0.24675593368682663 0 0 0 1 0 0 0 0 0 0
2.6115002632141113 -1.1962578296661377 -67.455078125 -0.9901564350911978 -0.13996511725244404 0 0 0 -1 0 0 0 0 0 0
2.5627636909484863 -1.5304062366485596 -67.80940246582031 -0.9089309121538394 0.4169467555110475 0 0 0 -1 0 0 0 0 0 0
2.341282367706299 -1.785315752029419 -68.16373443603516 -0.5397943620376774 0.8417969153616192 0 0 0 -1 0 0 0 0 0 0
2.017212390899658 -1.8802406787872314 -68.51806640625 0.000325371074116596 0.9999999470668307 0 0 0 -1 0 0 0 0 0 0
1.6932034492492676 -1.7851097583770752 -68.87239074707031 0.5403367677655404 0.8414488560813953 0 0 0 -1 0 0 0 0 0 0
1.471886157989502 -1.530055284500122 -69.22672271728516 0.9091986395714994 0.4163626229638474 0 0 0 -1 0 0 0 0 0 0
1.4233670234680176 -1.1958725452423096 -69.5810546875 0.9900640571840713 -0.14061707816697036 0 0 0 -1 0 0 0 0 0 0
1.563011646270752 -0.8884156346321106 -69.93538665771484 0.7573201149682982 -0.6530438296656692 0 0 0 -1 0 0 0 0 0 0
1.8465886116027832 -0.7050698399543762 -70.28971099853516 0.28470144464282154 -0.9586162357368513 0 0 0 -1 0 0 0 0 0 0
2.1842732429504395 -0.7039101719856262 -70.64404296875 -0.2781128805776902 -0.9605483983937402 0 0 0 -1 0 0 0 0 0 0
2.4691014289855957 -0.8853066563606262 -70.99837493896484 -0.7528248503735827 -0.658220893515234 0 0 0 -1 0 0 0 0 0 0
2.610851764678955 -1.1918022632598877 -71.35270690917969 -0.9890778615113481 -0.14739397500623425 0 0 0 -1 0 0 0 0 0 0
-0.3244757354259491 -3.140193223953247 23.359668731689453 0.22252638906472008 0.974926667072871 0 0 0 1 0 0 0 0 0 0
0.01393559668213129 -3.1191704273223877 23.749431610107422 -0.3414885622162171 0.9398859302465916 0 0 0 1 0 0 0 0 0 0
0.2869153320789337 -2.918055772781372 24.13919448852539 -0.796456671134336 0.6046956019400275 0 0 0 1 0 0 0 0 0 0
0.4072881042957306 -2.6010773181915283 24.52895736694336 -0.9970776382657317 0.07639491652218015 0 0 0 1 0 0 0 0 0 0
0.3366113007068634 -2.269458055496216 24.918720245361328 -0.8792845268179527 -0.47629688315013047 0 0 0 1 0 0 0 0 0 0
0.09745648503303528 -2.0291054248809814 25.308483123779297 -0.48069250654316864 -0.876889225702566 0 0 0 1 0 0 0 0 0 0
-0.23380419611930847 -1.9567711353302002 25.698246002197266 0.07140811230255596 -0.9974471823096125 0 0 0 1 0 0 0 0 0 0
-0.5513796210289001 -2.075556993484497 26.088008880615234 0.6007034122926257 -0.799471957269294 0 0 0 1 0 0 0 0 0 0
-0.7538580298423767 -2.3475258350372314 26.477771759033203 0.9381662728812811 -0.3461849858501167 0 0 0 1 0 0 0 0 0 0
-0.7765745520591736 -2.685828447341919 26.867534637451172 0.9760265455873082 0.21765151575145597 0 0 0 1 0 0 0 0 0 0
2.610851764678955 -1.1918022632598877 26.867534637451172 -0.9890778615113481 -0.14739397500623425 0 0 0 -1 0 0 0 0 0 0
2.575836658477783 -1.4996788501739502 26.51675033569336 -0.9307212155840072 0.36572943395607066 0 0 0 -1 0 0 0 0 0 0
2.3918843269348145 -1.749030351638794 26.165966033935547 -0.6241311617309979 0.7813195843931695 0 0 0 -1 0 0 0 0 0 0
2.1080594062805176 -1.8733513355255127 25.815174102783203 -0.15109514001621757 0.9885192252371624 0 0 0 -1 0 0 0 0 0 0
1.8000531196594238 -1.8394882678985596 25.46438980102539 0.36224808968833 0.9320817139699478 0 0 0 -1 0 0 0 0 0 0
1.5500149726867676 -1.6564667224884033 25.113605499267578 0.7789825456510028 0.6270456072496506 0 0 0 -1 0 0 0 0 0 0
1.4246373176574707 -1.3731071949005127 24.762813568115234 0.9879479357355264 0.1547865506945355 0 0 0 -1 0 0 0 0 0 0
1.4573521614074707 -1.0649750232696533 24.412029266357422 0.9334248155301809 -0.35877306720606517 0 0 0 -1 0 0 0 0 0 0
1.6394352912902832 -0.8142579197883606 24.06124496459961 0.6299500441815936 -0.7766356557843634 0 0 0 -1 0 0 0 0 0 0
1.922325611114502 -0.68781977891922 23.710460662841797 0.15846660212004138 -0.9873643380295486 0 0 0 -1 0 0 0 0 0 0
2.2305760383605957 -0.7193825840950012 23.359668731689453 -0.35528330874875824 -0.9347586696706986 0 0 0 -1 0 0 0 0 0 0
-0.5879740118980408 -3.005103349685669 51.81235885620117 0.6616965429827885 0.7497717552726476 0 0 0 1 0 0 0 0 0 0
-0.2457403838634491 -3.1527321338653564 52.20212173461914 0.09130100988961082 0.9958233405545067 0 0 0 1 0 0 0 0 0 0
0.1176324188709259 -3.0697968006134033 52.59188461303711 -0.5143167239789669 0.8576003191671183 0 0 0 1 0 0 0 0 0 0
0.3619256317615509 -2.7883026599884033 52.98164749145508 -0.9214749998136603 0.38843767160049597 0 0 0 1 0 0 0 0 0 0
0.3928685486316681 -2.4168732166290283 53.37141036987305 -0.9730462756575229 -0.23060994217297737 0 0 0 1 0 0 0 0 0 0
0.19852116703987122 -2.098834276199341 53.761173248291016 -0.6491335935864714 -0.760674422915293 0 0 0 1 0 0 0 0 0 0
-0.14611956477165222 -1.956916093826294 54.150936126708984 -0.07473416360626046 -0.9972034921670063 0 0 0 1 0 0 0 0 0 0
-0.5080637335777283 -2.0458824634552 54.54069900512695 0.5285094960795462 -0.8489273894472624 0 0 0 1 0 0 0 0 0 0
-0.7476419806480408 -2.3314011096954346 54.93046188354492 0.9278050822388296 -0.3730653151551324 0 0 0 1 0 0 0 0 0 0
-0.7724050879478455 -2.70329213142395 55.32022476196289 0.9690776590089892 0.24675593368682663 0 0 0 1 0 0 0 0 0 0
2.6115002632141113 -1.1962578296661377 55.32022476196289 -0.9901564350911978 -0.13996511725244404 0 0 0 -1 0 0 0 0 0 0
2.56345796585083 -1.5288879871368408 54.96944046020508 -0.9100850064970727 0.41442162220282774 0 0 0 -1 0 0 0 0 0 0
2.3440937995910645 -1.783503770828247 54.618648529052734 -0.5444807023850238 0.8387733691112942 0 0 0 -1 0 0 0 0 0 0
2.0222325325012207 -1.8802216053009033 54.26786422729492 -0.008044439956568297 0.999967642969404 0 0 0 -1 0 0 0 0 0 0
1.6988530158996582 -1.788691759109497 53.91707992553711 0.5309244332721206 0.8474191679179068 0 0 0 -1 0 0 0 0 0 0
1.4754223823547363 -1.5376389026641846 53.5662956237793 0.9033067443403456 0.4289952512898543 0 0 0 -1 0 0 0 0 0 0
1.42203950881958 -1.2058250904083252 53.21550369262695 0.9922792575508367 -0.12402368739220883 0 0 0 -1 0 0 0 0 0 0
1.5554509162902832 -0.8973572850227356 52.86471939086914 0.769928248249086 -0.638130466713582 0 0 0 -1 0 0 0 0 0 0
1.8338017463684082 -0.7090218663215637 52.51393508911133 0.30600741557212635 -0.952029128553779 0 0 0 -1 0 0 0 0 0 0
2.1697583198547363 -0.69990473985672 52.163143157958984 -0.25392336272207416 -0.9672243410212101 0 0 0 -1 0 0 0 0 0 0
2.457916736602783 -0.8728669285774231 51.81235885620117 -0.7341790796608634 -0.6789558741098923 0 0 0 -1 0 0 0 0 0 0
-0.5879701972007751 -3.0051071643829346 55.70998764038086 0.6616878229782175 0.7497794508536139 0 0 0 1 0 0 0 0 0 0
-0.28531214594841003 -3.147773027420044 56.09975051879883 0.1572553131814743 0.9875579813237277 0 0 0 1 0 0 0 0 0 0
0.046688586473464966 -3.1061699390411377 56.4895133972168 -0.3960766440173255 0.9182174535827409 0 0 0 1 0 0 0 0 0 0
0.3047833740711212 -2.8932297229766846 56.879268646240234 -0.8262383786646204 0.5633206383771673 0 0 0 1 0 0 0 0 0 0
0.4087090790271759 -2.575183153152466 57.269039154052734 -0.9994472642249093 0.0332440375608126 0 0 0 1 0 0 0 0 0 0
0.3261456787586212 -2.250930070877075 57.65879440307617 -0.8618375778239327 -0.5071843742176773 0 0 0 1 0 0 0 0 0 0
0.08276799321174622 -2.021315813064575 58.04856491088867 -0.4562159651279366 -0.8898690876541252 0 0 0 1 0 0 0 0 0 0
-0.24573656916618347 -1.9577438831329346 58.43832015991211 0.09129442672875059 -0.9958239441027056 0 0 0 1 0 0 0 0 0 0
-0.5572046637535095 -2.0799858570098877 58.82809066772461 0.6104072172540276 -0.79208776604881 0 0 0 1 0 0 0 0 0 0
-0.7547754645347595 -2.3500282764434814 59.21784591674805 0.9396924771153822 -0.3420205380569378 0 0 0 1 0 0 0 0 0 0
2.5812230110168457 -1.485450029373169 59.21784591674805 -0.93969248736894 0.3420205098855549 0 0 0 -1 0 0 0 0 0 0
2.4031147956848145 -1.739833116531372 58.867061614990234 -0.6428467979739262 0.7659947743520644 0 0 0 -1 0 0 0 0 0 0
2.1216893196105957 -1.8711082935333252 58.51627731323242 -0.17380325516503922 0.9847803960752042 0 0 0 -1 0 0 0 0 0 0
1.812328815460205 -1.8441040515899658 58.16549301147461 0.34179711365831283 0.9397737669752474 0 0 0 -1 0 0 0 0 0 0
1.55790376663208 -1.6660606861114502 57.8147087097168 0.765835917580329 0.6430360389153125 0 0 0 -1 0 0 0 0 0 0
1.4265637397766113 -1.3846657276153564 57.463924407958984 0.9847383451839034 0.1740413500420735 0 0 0 -1 0 0 0 0 0 0
1.4534916877746582 -1.0753014087677002 57.11314010620117 0.9398585957731634 -0.3415637860653521 0 0 0 -1 0 0 0 0 0 0
1.6314740180969238 -0.8208306431770325 56.7623405456543 0.6432187483043644 -0.7656824680177591 0 0 0 -1 0 0 0 0 0 0
1.912834644317627 -0.6894219517707825 56.411556243896484 0.1742864996344464 -0.984694986300414 0 0 0 -1 0 0 0 0 0 0
2.22221040725708 -0.7162736058235168 56.06077194213867 -0.341346715868208 -0.9399374551351748 0 0 0 -1 0 0 0 0 0 0
2.4767231941223145 -0.8941949009895325 55.70998764038086 -0.765528323230129 -0.6434021964000957 0 0 0 -1 0 0 0 0 0 0
2.601688861846924 1.1333281993865967 -53.42361068725586 -0.9738037896202347 0.22738992792397283 0 0 0 1 0 0 0 0 0 0
2.5915303230285645 1.444065809249878 -53.07715606689453 -0.9568714988708414 -0.29051150519156593 0 0 0 1 0 0 0 0 0 0
2.427216053009033 1.708000898361206 -52.73069763183594 -0.6830194983112234 -0.7304001402838616 0 0 0 1 0 0 0 0 0 0
2.152866840362549 1.8542678356170654 -52.38424301147461 -0.22577552080725338 -0.9741793542280669 0 0 0 1 0 0 0 0 0 0
1.84214448928833 1.8435943126678467 -52.03778839111328 0.29210394565828046 -0.9563865771385881 0 0 0 1 0 0 0 0 0 0
1.578484058380127 1.6788413524627686 -51.69132995605469 0.7315378802511671 -0.6818007991764378 0 0 0 1 0 0 0 0 0 0
1.432671070098877 1.4042518138885498 -51.34487533569336 0.9745528092107808 -0.22415802921014252 0 0 0 1 0 0 0 0 0 0
1.4438633918762207 1.0935485363006592 -50.99842071533203 0.9559021589130697 0.29368531217160426 0 0 0 1 0 0 0 0 0 0
1.6090550422668457 0.8301588892936707 -50.65196228027344 0.6805861284486484 0.7326680843078123 0 0 0 1 0 0 0 0 0 0
1.8838887214660645 0.6848036646842957 -50.30550765991211 0.2225292489841884 0.9749260142936659 0 0 0 1 0 0 0 0 0 0
2.2305760383605957 -0.7193825840950012 -50.30550765991211 -0.35528330874875824 -0.9347586696706986 0 0 0 -1 0 0 0 0 0 0
2.481812000274658 -0.9003365635871887 -50.65196228027344 -0.774011869887311 -0.6331710868900668 0 0 0 -1 0 0 0 0 0 0
2.6093831062316895 -1.1824524402618408 -50.99842071533203 -0.9866297276895035 -0.16297785260377007 0 0 0 -1 0 0 0 0 0 0
2.579319477081299 -1.490607500076294 -51.34487533569336 -0.9365194673560056 0.3506155833148659 0 0 0 -1 0 0 0 0 0 0
2.3996243476867676 -1.742743730545044 -51.69132995605469 -0.6370316274963947 0.7708376648616067 0 0 0 -1 0 0 0 0 0 0
2.1181492805480957 -1.8717224597930908 -52.03778839111328 -0.1679021207458468 0.9858036710466477 0 0 0 -1 0 0 0 0 0 0
1.8098454475402832 -1.843196153640747 -52.38424301147461 0.3459367202302749 0.938257846008399 0 0 0 -1 0 0 0 0 0 0
1.556816577911377 -1.664759874343872 -52.73069763183594 0.767650794224836 0.6408683625566008 0 0 0 -1 0 0 0 0 0 0
1.42643404006958 -1.3839333057403564 -53.07715606689453 0.9849520660126778 0.17282773983755514 0 0 0 -1 0 0 0 0 0 0
1.4534192085266113 -1.0754921436309814 -53.42361068725586 0.9399737900733004 -0.34124664683368666 0 0 0 -1 0 0 0 0 0 0
2.179901599884033 0.69218510389328 -49.91574478149414 -0.27083195724315234 0.9626266415053363 0 0 0 1 0 0 0 0 0 0
2.444359302520752 0.8482024073600769 -49.56929016113281 -0.7115858991687309 0.7025991090972351 0 0 0 1 0 0 0 0 0 0
2.5970005989074707 1.1146209239959717 -49.22283172607422 -0.9659928023038689 0.25856895772137517 0 0 0 1 0 0 0 0 0 0
2.5978550910949707 1.4216697216033936 -48.87637710571289 -0.9674182349523733 -0.2531836461575559 0 0 0 1 0 0 0 0 0 0
2.44669771194458 1.6889350414276123 -48.52992248535156 -0.7154880745925939 -0.6986249459586902 0 0 0 1 0 0 0 0 0 0
2.1831135749816895 1.8464248180389404 -48.18346405029297 -0.2761848783732151 -0.9611045275920682 0 0 0 1 0 0 0 0 0 0
1.8761334419250488 1.8528907299041748 -47.83700942993164 0.2354568039212913 -0.9718848149277622 0 0 0 1 0 0 0 0 0 0
1.6061482429504395 1.7066466808319092 -47.49055480957031 0.6854276908815906 -0.7281407010823734 0 0 0 1 0 0 0 0 0 0
1.4438672065734863 1.4459846019744873 -47.14409637451172 0.9558948914057682 -0.2937089657881664 0 0 0 1 0 0 0 0 0 0
1.4317898750305176 1.1391723155975342 -46.79764175415039 0.976026549739675 0.21765149713077014 0 0 0 1 0 0 0 0 0 0
2.610851764678955 -1.1918022632598877 -46.79764175415039 -0.9890778615113481 -0.14739397500623425 0 0 0 -1 0 0 0 0 0 0
2.575500965118408 -1.5005295276641846 -47.14409637451172 -0.9301600613953963 0.3671542730037507 0 0 0 -1 0 0 0 0 0 0
2.390453815460205 -1.7501671314239502 -47.49055480957031 -0.6217447228359687 0.7832199560951091 0 0 0 -1 0 0 0 0 0 0
2.105347156524658 -1.8737595081329346 -47.83700942993164 -0.14657468481178543 0.9891996066377734 0 0 0 -1 0 0 0 0 0 0
1.7966465950012207 -1.8381531238555908 -48.18346405029297 0.3679371023185747 0.929850680882372 0 0 0 -1 0 0 0 0 0 0
1.5471653938293457 -1.6528961658477783 -48.52992248535156 0.783730625513665 0.6211008828137012 0 0 0 -1 0 0 0 0 0 0
1.4238133430480957 -1.367682695388794 -48.87637710571289 0.9893222904347185 0.14574431600924273 0 0 0 -1 0 0 0 0 0 0
1.459679126739502 -1.059016466140747 -49.22283172607422 0.9295468114808866 -0.3687041161496807 0 0 0 -1 0 0 0 0 0 0
1.6451420783996582 -0.8096840977668762 -49.56929016113281 0.6204374575282996 -0.784255928441615 0 0 0 -1 0 0 0 0 0 0
1.9304585456848145 -0.6865723729133606 -49.91574478149414 0.14491387147337348 -0.9894442732436218 0 0 0 -1 0 0 0 0 0 0
2.6055073738098145 1.1508605480194092 -0.026103943586349487 -0.9801694573494141 0.1981611336245204 0 0 0 1 0 0 0 0 0 0
2.581566333770752 1.474022626876831 0.32035449147224426 -0.9402665310974782 -0.34043920235177827 0 0 0 1 0 0 0 0 0 0
2.393066883087158 1.7376067638397217 0.6668128967285156 -0.6261005934171272 -0.7797422951993316 0 0 0 1 0 0 0 0 0 0
2.0949902534484863 1.8647239208221436 1.0132637023925781 -0.12930656774060234 -0.9916046649442233 0 0 0 1 0 0 0 0 0 0
1.774284839630127 1.8182952404022217 1.3597221374511719 0.4052003063831612 -0.9142279320317183 0 0 0 1 0 0 0 0 0 0
1.5244946479797363 1.6118667125701904 1.7061805725097656 0.8215219376622285 -0.5701769075819341 0 0 0 1 0 0 0 0 0 0
1.418480396270752 1.3056495189666748 2.052631378173828 0.998209631572256 -0.059812468903906936 0 0 0 1 0 0 0 0 0 0
1.4871678352355957 0.9889647364616394 2.399089813232422 0.8837305257911972 0.46799610872828223 0 0 0 1 0 0 0 0 0 0
1.7105183601379395 0.7541853785514832 2.7455482482910156 0.5114829937230475 0.8592933999118747 0 0 0 1 0 0 0 0 0 0
2.0233845710754395 0.6697890162467957 3.091999053955078 -0.009963038102091044 0.9999503677042058 0 0 0 1 0 0 0 0 0 0
2.077396869659424 -0.6832459568977356 3.091999053955078 -0.09999028331063649 -0.994988413622721 0 0 0 -1 0 0 0 0 0 0
2.37955904006958 -0.8018601536750793 2.7455482482910156 -0.6035879340117553 -0.7972964354087009 0 0 0 -1 0 0 0 0 0 0
2.575718402862549 -1.0604965686798096 2.399089813232422 -0.9305222044332804 -0.3662354803355737 0 0 0 -1 0 0 0 0 0 0
2.608459949493408 -1.383448839187622 2.052631378173828 -0.9850951715023581 0.1720101830786179 0 0 0 -1 0 0 0 0 0 0
2.468204975128174 -1.6761963367462158 1.7061805725097656 -0.7513312675456227 0.6599252430452167 0 0 0 -1 0 0 0 0 0 0
2.1959996223449707 -1.8530418872833252 1.3597221374511719 -0.29765844673936354 0.9546724302527593 0 0 0 -1 0 0 0 0 0 0
1.8715176582336426 -1.8622314929962158 1.0132637023925781 0.24315331930122944 0.9699878676111336 0 0 0 -1 0 0 0 0 0 0
1.5897412300109863 -1.701075792312622 0.6668128967285156 0.7127722561456208 0.7013955452304221 0 0 0 -1 0 0 0 0 0 0
1.4331402778625488 -1.4167397022247314 0.32035449147224426 0.9737771982194696 0.22750377629358098 0 0 0 -1 0 0 0 0 0 0
1.44755220413208 -1.0924484729766846 -0.026103943586349487 0.9497582170547402 -0.3129845509557953 0 0 0 -1 0 0 0 0 0 0
1.6203923225402832 0.8198935389518738 10.887256622314453 0.6616846315762048 0.7497822672855516 0 0 0 1 0 0 0 0 0 0
1.8955845832824707 0.6822592616081238 11.22829818725586 0.20303295025871299 0.9791719058006326 0 0 0 1 0 0 0 0 0 0
2.202812671661377 0.6991240382194519 11.569347381591797 -0.30901219456103446 0.9510580758358415 0 0 0 1 0 0 0 0 0 0
2.4612812995910645 0.8660628199577332 11.910388946533203 -0.7397932493848094 0.6728342650048859 0 0 0 1 0 0 0 0 0 0
2.603020191192627 1.139164686203003 12.25143051147461 -0.9760241662393867 0.21766218531639808 0 0 0 1 0 0 0 0 0 0
2.5907483100891113 1.4466140270233154 12.592472076416016 -0.9555733027341272 -0.2947535633402794 0 0 0 1 0 0 0 0 0 0
2.427696704864502 1.7075507640838623 12.933513641357422 -0.6838190786892053 -0.7296516070157363 0 0 0 1 0 0 0 0 0 0
2.1567463874816895 1.853356122970581 13.274555206298828 -0.23223681860307133 -0.9726592723482999 0 0 0 1 0 0 0 0 0 0
1.8491482734680176 1.8456847667694092 13.615596771240234 0.2804273653675148 -0.9598752485365138 0 0 0 1 0 0 0 0 0 0
2.122070789337158 -1.871039628982544 13.615596771240234 -0.17444454893711325 0.9846669992165509 0 0 0 -1 0 0 0 0 0 0
1.815990924835205 -1.845423936843872 13.274555206298828 0.33569309022979044 0.9419714163242818 0 0 0 -1 0 0 0 0 0 0
1.562695026397705 -1.671698808670044 12.933513641357422 0.7578490834866165 0.6524298940564383 0 0 0 -1 0 0 0 0 0 0
1.4285588264465332 -1.3953888416290283 12.592472076416016 0.9814118618768863 0.19191341111903398 0 0 0 -1 0 0 0 0 0 0
1.4487309455871582 -1.0889008045196533 12.25143051147461 0.9477898261728628 -0.31889566538793596 0 0 0 -1 0 0 0 0 0 0
1.6179280281066895 -0.8325570225715637 11.910388946533203 0.6657930911364244 -0.7461364217051765 0 0 0 -1 0 0 0 0 0 0
1.8918118476867676 -0.6935303807258606 11.569347381591797 0.20932453978251517 -0.9778462236184369 0 0 0 -1 0 0 0 0 0 0
2.1986050605773926 -0.7082551121711731 11.22829818725586 -0.30200171281241084 -0.9533073824629545 0 0 0 -1 0 0 0 0 0 0
2.457916736602783 -0.8728669285774231 10.887256622314453 -0.7341790796608634 -0.6789558741098923 0 0 0 -1 0 0 0 0 0 0
1.4317898750305176 1.1391723155975342 -71.35270690917969 0.976026549739675 0.21765149713077014 0 0 0 1 0 0 0 0 0 0
1.5926861763000488 0.8459555506706238 -70.99078369140625 0.7078692293193412 0.7063435100451068 0 0 0 1 0 0 0 0 0 0
1.8855557441711426 0.6844260096549988 -70.62886047363281 0.21974735595481035 0.9755568151321939 0 0 0 1 0 0 0 0 0 0
2.219395160675049 0.7047812342643738 -70.26693725585938 -0.33664549823086265 0.9416314610934016 0 0 0 1 0 0 0 0 0 0
2.490471363067627 0.9006964564323425 -69.90501403808594 -0.7884420393281966 0.6151090558754558 0 0 0 1 0 0 0 0 0 0
2.6145482063293457 1.2112891674041748 -69.5430908203125 -0.9952399260974713 0.09745506401157372 0 0 0 1 0 0 0 0 0 0
2.553074359893799 1.5400512218475342 -69.18116760253906 -0.8927853747755518 -0.4504822688928805 0 0 0 1 0 0 0 0 0 0
2.3251500129699707 1.784825086593628 -68.81924438476562 -0.5129092661236396 -0.8584428255419865 0 0 0 1 0 0 0 0 0 0
2.001598834991455 1.8695533275604248 -68.45732116699219 0.026343858491838398 -0.9996529403346753 0 0 0 1 0 0 0 0 0 0
1.6829609870910645 1.7679030895233154 -68.09539794921875 0.5574081150004285 -0.8302386363761138 0 0 0 1 0 0 0 0 0 0
1.46824312210083 1.5114638805389404 -67.73347473144531 0.9152731715124233 -0.4028337392890403 0 0 0 1 0 0 0 0 0 0
1.4241681098937988 1.1799209117889404 -67.37155151367188 0.9887259257723285 0.14973658105370208 0 0 0 1 0 0 0 0 0 0
1.56443452835083 0.8762938380241394 -67.00962829589844 0.7549514625303316 0.6557806715841153 0 0 0 1 0 0 0 0 0 0
1.845451831817627 0.6949278712272644 -66.647705078125 0.2865829582200302 0.9580554305768829 0 0 0 1 0 0 0 0 0 0
2.179901599884033 0.69218510389328 -66.2857894897461 -0.27083195724315234 0.9626266415053363 0 0 0 1 0 0 0 0 0 0
-0.2779059112071991 3.1384284496307373 -66.2857894897461 0.14491384633696805 -0.9894442769250958 0 0 0 -1 0 0 0 0 0 0
0.07462170720100403 3.0827834606170654 -66.67555236816406 -0.4426301407833699 -0.8967042759294139 0 0 0 -1 0 0 0 0 0 0
0.33318379521369934 2.836777448654175 -67.06531524658203 -0.8735699865930112 -0.48669854995046574 0 0 0 -1 0 0 0 0 0 0
0.4062981903553009 2.4874541759490967 -67.455078125 -0.9954281574866174 0.09551326233983391 0 0 0 -1 0 0 0 0 0 0
0.26809361577033997 2.1584060192108154 -67.84484100341797 -0.7650903921441317 0.6439228927819999 0 0 0 -1 0 0 0 0 0 0
-0.0325293242931366 1.9660537242889404 -68.23460388183594 -0.2640490757908045 0.9645092459764303 0 0 0 -1 0 0 0 0 0 0
-0.3892054259777069 1.978459119796753 -68.6243667602539 0.3304098961499341 0.943837539265201 0 0 0 -1 0 0 0 0 0 0
-0.675740659236908 2.191227674484253 -69.01412963867188 0.8079692751454052 0.5892246179692499 0 0 0 -1 0 0 0 0 0 0
-0.7907537817955017 2.5290801525115967 -69.40389251708984 0.9996585353236616 0.02613068607119977 0 0 0 -1 0 0 0 0 0 0
-0.6935514807701111 2.872479200363159 -69.79365539550781 0.8376549856138712 -0.5461997117137882 0 0 0 -1 0 0 0 0 0 0
-0.41852518916130066 3.09993052482605 -70.18341827392578 0.37927845586573106 -0.9252825800349354 0 0 0 -1 0 0 0 0 0 0
-0.06298395991325378 3.130955457687378 -70.57318115234375 -0.21329198948812986 -0.976988499021455 0 0 0 -1 0 0 0 0 0 0
0.24727872014045715 2.954575300216675 -70.96294403076172 -0.7303975219155048 -0.6830222983034229 0 0 0 -1 0 0 0 0 0 0
0.40248730778694153 2.6331984996795654 -71.35270690917969 -0.9890779833848764 -0.14739315717938326 0 0 0 -1 0 0 0 0 0 0
1.4241795539855957 -1.3701508045196533 -61.218868255615234 0.9887088056925111 0.1498495830694504 0 0 0 -1 0 0 0 0 0 0
1.4657902717590332 -1.0441887378692627 -61.58427047729492 0.9193584572909428 -0.3934209285328091 0 0 0 -1 0 0 0 0 0 0
1.6728558540344238 -0.7890313267707825 -61.94967269897461 0.5742482968427963 -0.8186811916571358 0 0 0 -1 0 0 0 0 0 0
1.9832730293273926 -0.6812127232551575 -62.3150749206543 0.05688428743575417 -0.9983807779814906 0 0 0 -1 0 0 0 0 0 0
2.303928852081299 -0.7530739903450012 -62.68048095703125 -0.477545968148697 -0.8786067654559256 0 0 0 -1 0 0 0 0 0 0
2.538639545440674 -0.9830582737922668 -63.04588317871094 -0.8687219755772065 -0.4953000395207286 0 0 0 -1 0 0 0 0 0 0
2.617004871368408 -1.3021843433380127 -63.411285400390625 -0.9993308765741322 0.03657593642788449 0 0 0 -1 0 0 0 0 0 0
2.5155186653137207 -1.6147301197052002 -63.77668762207031 -0.8301883432056173 0.5574830175041315 0 0 0 -1 0 0 0 0 0 0
2.264622211456299 -1.826941728591919 -64.14208984375 -0.4120303782677689 0.9111701089173849 0 0 0 -1 0 0 0 0 0 0
1.9395718574523926 -1.8751709461212158 -64.50749206542969 0.1297219365155611 0.9915504118231472 0 0 0 -1 0 0 0 0 0 0
1.637871265411377 -1.7449448108673096 -64.87289428710938 0.6325593620961805 0.7745118807510143 0 0 0 -1 0 0 0 0 0 0
1.4500088691711426 -1.4753334522247314 -65.23829650878906 0.9456600805309504 0.32515690380214357 0 0 0 -1 0 0 0 0 0 0
1.4323391914367676 -1.1472008228302002 -65.60369873046875 0.9751073903243123 -0.22173312187156266 0 0 0 -1 0 0 0 0 0 0
1.5901646614074707 -0.8589738011360168 -65.96910095214844 0.7120708770824278 -0.7021075886294507 0 0 0 -1 0 0 0 0 0 0
1.87614107131958 -0.6971047520637512 -66.33450317382812 0.2354436789507459 -0.9718879945971851 0 0 0 -1 0 0 0 0 0 0
2.2044873237609863 -0.7101510167121887 -66.69990539550781 -0.3117948429114513 -0.9501494492624954 0 0 0 -1 0 0 0 0 0 0
2.4767231941223145 -0.8941949009895325 -67.06531524658203 -0.765528323230129 -0.6434021964000957 0 0 0 -1 0 0 0 0 0 0
-0.5879701972007751 -3.0051071643829346 -67.06531524658203 0.6616878229782175 0.7497794508536139 0 0 0 1 0 0 0 0 0 0
-0.26683756709098816 -3.1504204273223877 -66.67555236816406 0.12646335137227488 0.991971280209106 0 0 0 1 0 0 0 0 0 0
0.08048298954963684 -3.090327501296997 -66.2857894897461 -0.452407499361061 0.8918113334791566 0 0 0 1 0 0 0 0 0 0
0.3341222107410431 -2.8455650806427 -65.89602661132812 -0.8751382702544961 0.4838729254008417 0 0 0 1 0 0 0 0 0 0
0.40654805302619934 -2.500605821609497 -65.50626373291016 -0.9958454770279677 -0.09105924380829988 0 0 0 1 0 0 0 0 0 0
0.27276280522346497 -2.1745026111602783 -65.11650085449219 -0.7728699023475473 -0.634564507394869 0 0 0 1 0 0 0 0 0 0
-0.021060435101389885 -1.9797966480255127 -64.72673797607422 -0.28316297983209193 -0.9590718048470667 0 0 0 1 0 0 0 0 0 0
-0.3735193908214569 -1.9836876392364502 -64.33697509765625 0.30426721439894217 -0.9525867216384596 0 0 0 1 0 0 0 0 0 0
-0.6629728674888611 -2.184828996658325 -63.947208404541016 0.7866884127839187 -0.6173502581124583 0 0 0 1 0 0 0 0 0 0
-0.7895273566246033 -2.513808488845825 -63.55744552612305 0.9976134886468156 -0.06904583455886237 0 0 0 1 0 0 0 0 0 0
-0.7095045447349548 -2.8570854663848877 -63.16768264770508 0.8642403827941103 0.5030790800141561 0 0 0 1 0 0 0 0 0 0
-0.45052286982536316 -3.0961906909942627 -62.77791976928711 0.43260486122081293 0.9015836256543931 0 0 0 1 0 0 0 0 0 0
-0.10196062922477722 -3.1486008167266846 -62.38815689086914 -0.14833002875191562 0.9889379164388713 0 0 0 1 0 0 0 0 0 0
0.21588566899299622 -2.996234178543091 -61.99839401245117 -0.6780750371403451 0.7349926829616196 0 0 0 1 0 0 0 0 0 0
0.3933244049549103 -2.6916725635528564 -61.6086311340332 -0.9738040796821098 0.2273886857222211 0 0 0 1 0 0 0 0 0 0
-2.9633097648620605 -1.0754921436309814 -61.6086311340332 0.9399737900733004 -0.34124664683368666 0 0 0 -1 0 0 0 0 0 0
-2.702338695526123 -0.7623780369758606 -62.054073333740234 0.5050251855032472 -0.8631046066424456 0 0 0 -1 0 0 0 0 0 0
-2.301520824432373 -0.6882622838020325 -62.49951934814453 -0.16300518490451021 -0.9866252123751178 0 0 0 -1 0 0 0 0 0 0
-1.9458422660827637 -0.8873589634895325 -62.94496154785156 -0.7558009564257022 -0.6548014311728355 0 0 0 -1 0 0 0 0 0 0
-1.7994532585144043 -1.2677795886993408 -63.390403747558594 -0.9997843301479086 -0.02076759954105913 0 0 0 -1 0 0 0 0 0 0
-1.929917812347412 -1.6539490222930908 -63.835845947265625 -0.7823421549684356 0.622848900263414 0 0 0 -1 0 0 0 0 0 0
-2.277024745941162 -1.867640733718872 -64.28128814697266 -0.20383552073269512 0.9790051483458251 0 0 0 -1 0 0 0 0 0 0
-2.6805739402770996 -1.810237169265747 -64.72673797607422 0.46874993252931185 0.8833309123730276 0 0 0 -1 0 0 0 0 0 0
-2.9543204307556152 -1.5082275867462158 -65.17218017578125 0.9249950671577445 0.3799791122336065 0 0 0 -1 0 0 0 0 0 0
-2.9719252586364746 -1.1009933948516846 -65.61762237548828 0.9543327286976989 -0.2987457831274013 0 0 0 -1 0 0 0 0 0 0
-2.7252612113952637 -0.7764886021614075 -66.06306457519531 0.5432311214023811 -0.8395831994149905 0 0 0 -1 0 0 0 0 0 0
-2.3281702995300293 -0.6844742894172668 -66.50850677490234 -0.11858667055745899 -0.9929437051344333 0 0 0 -1 0 0 0 0 0 0
-1.9639182090759277 -0.867415726184845 -66.95394897460938 -0.7256773480630934 -0.6880351637148469 0 0 0 -1 0 0 0 0 0 0
-1.80061674118042 -1.2408859729766846 -67.3993911743164 -0.9978466326862224 -0.06559037762330251 0 0 0 -1 0 0 0 0 0 0
-1.9136290550231934 -1.6325180530548096 -67.84484100341797 -0.80949326115379 0.5871291681960641 0 0 0 -1 0 0 0 0 0 0
-2.92042875289917 1.5671660900115967 -67.84484100341797 0.868507459013595 -0.4956760975049621 0 0 0 1 0 0 0 0 0 0
-2.9899706840515137 1.1642348766326904 -67.38420867919922 0.984411587862381 0.17588014578759492 0 0 0 1 0 0 0 0 0 0
-2.785205364227295 0.8103110194206238 -66.92357635498047 0.6431393730207257 0.7657491409531634 0 0 0 1 0 0 0 0 0 0
-2.4012293815612793 0.6697623133659363 -66.46295166015625 0.0031751565016495476 0.99999495917789 0 0 0 1 0 0 0 0 0 0
-2.0163683891296387 0.8078696131706238 -66.0023193359375 -0.6382620850836986 0.7698191415810661 0 0 0 1 0 0 0 0 0 0
-1.8093581199645996 1.160485029220581 -65.54169464111328 -0.9832746756929079 0.18212883390887535 0 0 0 1 0 0 0 0 0 0
-1.876340389251709 1.5638511180877686 -65.08106231689453 -0.8716368055180955 -0.4901523021125268 0 0 0 1 0 0 0 0 0 0
-2.186206340789795 1.8306357860565186 -64.62043762207031 -0.355193642634381 -0.9347927450681888 0 0 0 1 0 0 0 0 0 0
-2.595048427581787 1.8369414806365967 -64.15980529785156 0.3262052250724003 -0.9452989744707567 0 0 0 1 0 0 0 0 0 0
-2.912990093231201 1.5798346996307373 -63.69917678833008 0.8561108077666585 -0.5167923033725631 0 0 0 1 0 0 0 0 0 0
-2.992377758026123 1.1787269115447998 -63.238548278808594 0.9884228760638314 0.15172415125385874 0 0 0 1 0 0 0 0 0 0
-2.7963385581970215 0.8198935389518738 -62.77791976928711 0.6616909389503246 0.7497767009657195 0 0 0 1 0 0 0 0 0 0
0.24955037236213684 2.952130079269409 -62.77791976928711 -0.7341845836785071 -0.6789499223719059 0 0 0 -1 0 0 0 0 0 0
0.4026799499988556 2.631901502609253 -63.16768264770508 -0.9893966280737093 -0.14523881146709344 0 0 0 -1 0 0 0 0 0 0
0.3480420410633087 2.281174421310425 -63.55744552612305 -0.8983361495512444 0.43930873245297997 0 0 0 -1 0 0 0 0 0 0
0.10476163029670715 2.022698163986206 -63.947208404541016 -0.49286705905483497 0.8701046270987403 0 0 0 -1 0 0 0 0 0 0
-0.2420172393321991 1.9469382762908936 -64.33697509765625 0.08509643481112789 0.9963727198104309 0 0 0 -1 0 0 0 0 0 0
-0.5709261298179626 2.080406904220581 -64.72673797607422 0.6332789775792974 0.7739235986556552 0 0 0 -1 0 0 0 0 0 0
-0.7668508887290955 2.3763930797576904 -65.11650085449219 0.9598199112869793 0.28061670993911786 0 0 0 -1 0 0 0 0 0 0
-0.7612223029136658 2.731304883956909 -65.50626373291016 0.950439444526258 -0.3109097333449346 0 0 0 -1 0 0 0 0 0 0
-0.5560087561607361 3.0209319591522217 -65.89602661132812 0.6084180623694387 -0.7936166967640094 0 0 0 -1 0 0 0 0 0 0
2.4363369941711426 0.8402296900749207 -65.89602661132812 -0.6982159395868024 0.715887212979055 0 0 0 1 0 0 0 0 0 0
2.601372241973877 1.1319777965545654 -65.53623962402344 -0.9732770528393815 0.22963400971173206 0 0 0 1 0 0 0 0 0 0
2.5841565132141113 1.4667212963104248 -65.17646026611328 -0.9445854602463781 -0.3282656063177163 0 0 0 1 0 0 0 0 0 0
2.390068531036377 1.7399985790252686 -64.81668090820312 -0.6211077742675373 -0.7837251640367471 0 0 0 1 0 0 0 0 0 0
2.079674243927002 1.866520643234253 -64.45690155029297 -0.10378182032365221 -0.994600087356878 0 0 0 1 0 0 0 0 0 0
1.7498517036437988 1.8068015575408936 -64.09711456298828 0.4459206050551593 -0.8950725188426024 0 0 0 1 0 0 0 0 0 0
1.5035252571105957 1.5794799327850342 -63.737335205078125 0.856469579354165 -0.5161975006147351 0 0 0 1 0 0 0 0 0 0
1.4175763130187988 1.2555015087127686 -63.37755584716797 0.9997176074271337 0.0237635308859485 0 0 0 1 0 0 0 0 0 0
1.518822193145752 0.9359709620475769 -63.01777267456055 0.8309715589975215 0.5563149001574815 0 0 0 1 0 0 0 0 0 0
1.7756733894348145 0.7206122279167175 -62.65799331665039 0.4028889426074518 0.9152488732168149 0 0 0 1 0 0 0 0 0 0
2.107964038848877 0.6766325831413269 -62.29821014404297 -0.15092730684679473 0.9885448639530598 0 0 0 1 0 0 0 0 0 0
2.411991596221924 0.817764937877655 -61.93843078613281 -0.6576454341751141 0.7533276066285012 0 0 0 1 0 0 0 0 0 0
2.59287691116333 1.0999534130096436 -61.57864761352539 -0.9591150042306303 0.2830166225854553 0 0 0 1 0 0 0 0 0 0
2.5941624641418457 1.4351394176483154 -61.218868255615234 -0.961262283565907 -0.275635306507816 0 0 0 1 0 0 0 0 0 0
1.6667561531066895 -0.7933648228645325 -53.81337356567383 0.5844082518364726 -0.8114597927102968 0 0 0 -1 0 0 0 0 0 0
1.9720730781555176 -0.6819527745246887 -54.164161682128906 0.07555278857697033 -0.997141803425292 0 0 0 -1 0 0 0 0 0 0
2.29069185256958 -0.7460892796516418 -54.51494598388672 -0.4554746346438244 -0.8902487614122665 0 0 0 -1 0 0 0 0 0 0
2.5291218757629395 -0.9669564366340637 -54.8657341003418 -0.8528603550024849 -0.522139076171316 0 0 0 -1 0 0 0 0 0 0
2.617405414581299 -1.2797424793243408 -55.21651840209961 -0.9999996553366131 -0.0008302569813967325 0 0 0 -1 0 0 0 0 0 0
2.529636859893799 -1.592677354812622 -55.56730651855469 -0.8537211172844019 0.5207305002615771 0 0 0 -1 0 0 0 0 0 0
2.2915730476379395 -1.8139374256134033 -55.918094635009766 -0.4569436152887636 0.8894956618482377 0 0 0 -1 0 0 0 0 0 0
1.9730610847473145 -1.878596544265747 -56.26887893676758 0.07390433441885803 0.9972653354820399 0 0 0 -1 0 0 0 0 0 0
1.6675610542297363 -1.7676880359649658 -56.619667053222656 0.5830759797641408 0.8124176277150116 0 0 0 -1 0 0 0 0 0 0
1.4647107124328613 -1.5137550830841064 -56.970455169677734 0.921154204492819 0.38919780516493385 0 0 0 -1 0 0 0 0 0 0
1.424034595489502 -1.1912987232208252 -57.32123947143555 0.988952148153459 -0.1482351127859355 0 0 0 -1 0 0 0 0 0 0
1.5574612617492676 -0.894942581653595 -57.672027587890625 0.766572661772502 -0.642157577408397 0 0 0 -1 0 0 0 0 0 0
1.82584810256958 -0.7116387486457825 -58.02281188964844 0.3192655914749719 -0.9476652795687601 0 0 0 -1 0 0 0 0 0 0
2.1504406929016113 -0.695174515247345 -58.373600006103516 -0.2217249174978411 -0.975109255909601 0 0 0 -1 0 0 0 0 0 0
2.435997486114502 -0.8503754734992981 -58.72438430786133 -0.6976479920397427 -0.7164407018050518 0 0 0 -1 0 0 0 0 0 0
2.5987324714660645 -1.131709337234497 -59.075172424316406 -0.968874896383352 -0.2475508738787827 0 0 0 -1 0 0 0 0 0 0
2.590893268585205 -1.4566261768341064 -59.425960540771484 -0.9558124795137509 0.2939770467328627 0 0 0 -1 0 0 0 0 0 0
2.4147839546203613 -1.7297852039337158 -59.7767448425293 -0.6622985871561634 0.7492400025699041 0 0 0 -1 0 0 0 0 0 0
2.122074604034424 -1.871039628982544 -60.127532958984375 -0.17444454893711325 0.9846669992165509 0 0 0 -1 0 0 0 0 0 0
1.798656940460205 -1.8389427661895752 -60.47831726074219 0.3645812464626664 0.9311715817870132 0 0 0 -1 0 0 0 0 0 0
1.539421558380127 -1.642909288406372 -60.829105377197266 0.7966432057513108 0.6044498347508044 0 0 0 -1 0 0 0 0 0 0
2.440613269805908 1.6950805187225342 -60.829105377197266 -0.7053431086803269 -0.7088660656549817 0 0 0 1 0 0 0 0 0 0
2.168358325958252 1.8504607677459717 -60.49502182006836 -0.2515905533077246 -0.9678337633531457 0 0 0 1 0 0 0 0 0 0
1.8549046516418457 1.8473365306854248 -60.16094207763672 0.27083200294760534 -0.9626266286465321 0 0 0 1 0 0 0 0 0 0
1.5858044624328613 1.686558485031128 -59.82685852050781 0.7193351476192071 -0.6946631884587331 0 0 0 1 0 0 0 0 0 0
1.4345135688781738 1.412010908126831 -59.492774963378906 0.971488768573455 -0.23708558061516946 0 0 0 1 0 0 0 0 0 0
1.4423260688781738 1.098637342453003 -59.158695220947266 0.9584665017276566 0.28520512804987924 0 0 0 1 0 0 0 0 0 0
1.607109546661377 0.8319746851921082 -58.82461166381836 0.6838305624910361 0.7296408443907135 0 0 0 1 0 0 0 0 0 0
1.8838887214660645 0.6848036646842957 -58.49052810668945 0.2225292489841884 0.9749260142936659 0 0 0 1 0 0 0 0 0 0
0.022211583331227303 3.105614423751831 -58.49052810668945 -0.35528325531512583 -0.9347586899797654 0 0 0 -1 0 0 0 0 0 0
0.30234959721565247 2.886296033859253 -58.88029098510742 -0.8221851213952133 -0.5692201912760461 0 0 0 -1 0 0 0 0 0 0
0.40903714299201965 2.5468947887420654 -59.27005386352539 -0.9999936751356828 -0.003556640076047633 0 0 0 -1 0 0 0 0 0 0
0.3047643005847931 2.206738233566284 -59.65981674194336 -0.8262033660459259 0.5633719889508013 0 0 0 -1 0 0 0 0 0 0
0.02619221992790699 1.985436201095581 -60.04957962036133 -0.36191885282553027 0.9322096030236182 0 0 0 -1 0 0 0 0 0 0
-0.32872912287712097 1.9607932567596436 -60.4393424987793 0.2296180674929684 0.9732808140926207 0 0 0 -1 0 0 0 0 0 0
-0.6352114081382751 2.1414763927459717 -60.829105377197266 0.740423661568619 0.6721404625443399 0 0 0 -1 0 0 0 0 0 0
-0.7854933142662048 2.4639556407928467 -61.218868255615234 0.9908904899152445 0.13467010431245255 0 0 0 -1 0 0 0 0 0 0
-0.7267336249351501 2.8148467540740967 -61.6086311340332 0.8929559552150904 -0.4501440458852095 0 0 0 -1 0 0 0 0 0 0
-0.47959277033805847 3.070774793624878 -61.99839401245117 0.48105797764880043 -0.8766887829443505 0 0 0 -1 0 0 0 0 0 0
-0.13096758723258972 3.1417548656463623 -62.38815689086914 -0.09998471208562766 -0.9949889734811909 0 0 0 -1 0 0 0 0 0 0
-2.3933444023132324 0.6697890162467957 -62.38815689086914 -0.009968647363529327 0.9999503118004123 0 0 0 1 0 0 0 0 0 0
-2.0244154930114746 0.8013121485710144 -61.95941925048828 -0.6248481948674789 0.7807462669592814 0 0 0 1 0 0 0 0 0 0
-1.8152461051940918 1.1324546337127686 -61.530677795410156 -0.9734620285200606 0.22884859411761488 0 0 0 1 0 0 0 0 0 0
-1.8549704551696777 1.5221068859100342 -61.1019401550293 -0.9072543817068865 -0.4205823187839153 0 0 0 1 0 0 0 0 0 0
-2.1266589164733887 1.8042266368865967 -60.67319869995117 -0.45444236268378263 -0.8907761441565335 0 0 0 1 0 0 0 0 0 0
-2.5145392417907715 1.8585937023162842 -60.24446105957031 0.1920257012490556 -0.9813898970642649 0 0 0 1 0 0 0 0 0 0
-2.8533225059509277 1.662041425704956 -59.81572341918945 0.7566679609096366 -0.6537993552557638 0 0 0 1 0 0 0 0 0 0
-2.998643398284912 1.2983291149139404 -59.38698196411133 0.9988656995599244 -0.04761632327955609 0 0 0 1 0 0 0 0 0 0
-2.888576030731201 0.922440230846405 -58.95824432373047 0.8154201058843246 0.5788696320585462 0 0 0 1 0 0 0 0 0 0
-2.570024013519287 0.6945540308952332 -58.529502868652344 0.2844973852637172 0.9586768161263252 0 0 0 1 0 0 0 0 0 0
-2.1787314414978027 0.7117850184440613 -58.100765228271484 -0.3676551061223832 0.92996221586801 0 0 0 1 0 0 0 0 0 0
-1.8814406394958496 0.96678227186203 -57.672027587890625 -0.8631390413232133 0.5049663309010259 0 0 0 1 0 0 0 0 0 0
-1.8048338890075684 1.3508880138397217 -57.2432861328125 -0.990817157251784 -0.13520858292095786 0 0 0 1 0 0 0 0 0 0
-1.9815573692321777 1.7004249095916748 -56.81454849243164 -0.696279433285179 -0.7177708205159011 0 0 0 1 0 0 0 0 0 0
-2.3363051414489746 1.8664405345916748 -56.38581085205078 -0.10503315725141651 -0.994468720411959 0 0 0 1 0 0 0 0 0 0
-2.7179064750671387 1.7781951427459717 -55.957069396972656 0.53097180448035 -0.8473894870995751 0 0 0 1 0 0 0 0 0 0
-2.9637503623962402 1.473290205001831 -55.5283317565918 0.9407085685495463 -0.3392158443490865 0 0 0 1 0 0 0 0 0 0
-2.96907377243042 1.0816543102264404 -55.09959030151367 0.9495842823954268 0.3135118668050098 0 0 0 1 0 0 0 0 0 0
-2.7316126823425293 0.7701765894889832 -54.67085266113281 0.5538168968329018 0.8326384838466061 0 0 0 1 0 0 0 0 0 0
-2.3525519371032715 0.671585738658905 -54.24211120605469 -0.07795421461003454 0.9969569401055056 0 0 0 1 0 0 0 0 0 0
-1.9934210777282715 0.827896773815155 -53.81337356567383 -0.6765065735707333 0.7364365932757457 0 0 0 1 0 0 0 0 0 0
-0.5416082739830017 3.0316321849823 -53.81337356567383 0.5844171254970393 -0.8114534018819428 0 0 0 -1 0 0 0 0 0 0
-0.1966223418712616 3.1447341442108154 -54.2031364440918 0.00943576505482968 -0.9999554821779967 0 0 0 -1 0 0 0 0 0 0
0.1504369080066681 3.0381667613983154 -54.592899322509766 -0.5689923429386543 -0.8223428200435514 0 0 0 -1 0 0 0 0 0 0
0.3724999725818634 2.7509467601776123 -54.982662200927734 -0.9391022770148696 -0.3436377646672253 0 0 0 -1 0 0 0 0 0 0
0.3882642090320587 2.388237714767456 -55.3724250793457 -0.9653739322217967 0.26087002699932 0 0 0 -1 0 0 0 0 0 0
0.1919579803943634 2.082836866378784 -55.76218795776367 -0.638194707379458 0.7698749999011837 0 0 0 -1 0 0 0 0 0 0
-0.1445460021495819 1.946556806564331 -56.15195083618164 -0.07735412075927167 0.9970036810371165 0 0 0 -1 0 0 0 0 0 0
-0.4980444610118866 2.029301404953003 -56.54171371459961 0.5118071131363405 0.8591003893277227 0 0 0 -1 0 0 0 0 0 0
-0.7391085028648376 2.3007705211639404 -56.93147659301758 0.9135846834750404 0.40664852897780196 0 0 0 -1 0 0 0 0 0 0
-0.779479444026947 2.6615684032440186 -57.32123947143555 0.9808680880609151 -0.19467355707369416 0 0 0 -1 0 0 0 0 0 0
-0.6043753027915955 2.9796035289764404 -57.711002349853516 0.6890280138695889 -0.7247347073950092 0 0 0 -1 0 0 0 0 0 0
-0.2779059112071991 3.1384284496307373 -58.100765228271484 0.14491384633696805 -0.9894442769250958 0 0 0 -1 0 0 0 0 0 0
2.179901599884033 0.69218510389328 -58.100765228271484 -0.27083195724315234 0.9626266415053363 0 0 0 1 0 0 0 0 0 0
2.462952136993408 0.86790531873703 -57.74348449707031 -0.7425767482620034 0.6697609819485076 0 0 0 1 0 0 0 0 0 0
2.6086316108703613 1.1675269603729248 -57.386199951171875 -0.9853762373621119 0.17039269597634407 0 0 0 1 0 0 0 0 0 0
2.572021961212158 1.4986732006072998 -57.0289192199707 -0.924358043984876 -0.3815261544382695 0 0 0 1 0 0 0 0 0 0
2.364410877227783 1.7592360973358154 -56.671634674072266 -0.5783413561649391 -0.8157948735738042 0 0 0 1 0 0 0 0 0 0
2.049808979034424 1.8688857555389404 -56.314353942871094 -0.05400035316076679 -0.9985409164668779 0 0 0 1 0 0 0 0 0 0
1.7252163887023926 1.7938086986541748 -55.957069396972656 0.48698174445738157 -0.8734121481667434 0 0 0 1 0 0 0 0 0 0
1.490715503692627 1.5571563243865967 -55.599788665771484 0.8778192391197641 -0.4789920494446628 0 0 0 1 0 0 0 0 0 0
1.418602466583252 1.2318923473358154 -55.24250411987305 0.9980065137897661 0.06311100088888753 0 0 0 1 0 0 0 0 0 0
1.5311131477355957 0.9183050990104675 -54.885223388671875 0.8104867966713328 0.5857569055687193 0 0 0 1 0 0 0 0 0 0
1.79356050491333 0.7130782008171082 -54.52793884277344 0.37307682400288056 0.9278004545115958 0 0 0 1 0 0 0 0 0 0
2.1250271797180176 0.67948979139328 -54.170658111572266 -0.17936818883186706 0.9837820148971903 0 0 0 1 0 0 0 0 0 0
2.4233059883117676 0.827896773815155 -53.81337356567383 -0.6765035311230809 0.7364393881223374 0 0 0 1 0 0 0 0 0 0
-2.7963385581970215 0.8198935389518738 -46.40787887573242 0.6616909389503246 0.7497767009657195 0 0 0 1 0 0 0 0 0 0
-2.378077983856201 0.6701361536979675 -45.920677185058594 -0.03540938658005068 0.9993728910381874 0 0 0 1 0 0 0 0 0 0
-1.9714655876159668 0.8491217494010925 -45.4334716796875 -0.7130976746677027 0.7010646948631172 0 0 0 1 0 0 0 0 0 0
-1.799424648284912 1.258721113204956 -44.94626998901367 -0.9998307005587266 0.0184002777219776 0 0 0 1 0 0 0 0 0 0
-1.9562792778015137 1.6743743419647217 -44.45906448364258 -0.7384049673738886 -0.6743575491959488 0 0 0 1 0 0 0 0 0 0
-2.3560309410095215 1.8681952953338623 -43.97186279296875 -0.07215439877769214 -0.9973934743806128 0 0 0 1 0 0 0 0 0 0
-2.779519557952881 1.7339293956756592 -43.484657287597656 0.6336559062492442 -0.7736150156734608 0 0 0 1 0 0 0 0 0 0
-2.994565486907959 1.3451812267303467 -42.99745559692383 0.9920676110614706 -0.12570542980630067 0 0 0 1 0 0 0 0 0 0
-2.883269786834717 0.91508549451828 -42.510250091552734 0.8065793027503555 0.5911258989206531 0 0 0 1 0 0 0 0 0 0
-2.506652355194092 0.6794402003288269 -42.023048400878906 0.17888195166412924 0.9838705440091355 0 0 0 1 0 0 0 0 0 0
-2.071193218231201 0.7674376368522644 -41.53584289550781 -0.5468849663655865 0.8372077600950145 0 0 0 1 0 0 0 0 0 0
-1.815629482269287 1.130833387374878 -41.048641204833984 -0.9728252319013956 0.23154064044136113 0 0 0 1 0 0 0 0 0 0
-1.8800768852233887 1.570397138595581 -40.56143569946289 -0.8654114340890511 -0.5010619220694507 0 0 0 1 0 0 0 0 0 0
-2.948464870452881 -1.5219910144805908 -40.56143569946289 0.91523461145068 0.4029213397211957 0 0 0 -1 0 0 0 0 0 0
-2.9715209007263184 -1.0997116565704346 -41.029151916503906 0.9536624977070974 -0.30087844799363794 0 0 0 -1 0 0 0 0 0 0
-2.7103018760681152 -0.7671197056770325 -41.49686813354492 0.5182996802135259 -0.8551990654172611 0 0 0 -1 0 0 0 0 0 0
-2.294583797454834 -0.6894524693489075 -41.96458435058594 -0.17456809365927314 -0.9846451039212898 0 0 0 -1 0 0 0 0 0 0
-1.9309020042419434 -0.9052956700325012 -42.43229675292969 -0.7807035828287285 -0.624901524848825 0 0 0 -1 0 0 0 0 0 0
-1.7999396324157715 -1.3074181079864502 -42.9000129699707 -0.9989737040480698 0.04529391372446506 0 0 0 -1 0 0 0 0 0 0
-1.9667601585388184 -1.6960365772247314 -43.36772918701172 -0.7209401007370877 0.6929973817765822 0 0 0 -1 0 0 0 0 0 0
-2.3484835624694824 -1.8780815601348877 -43.835445404052734 -0.08473157376333344 0.9964038139266574 0 0 0 -1 0 0 0 0 0 0
-2.7554640769958496 -1.7631103992462158 -44.30316162109375 0.5935648545099502 0.8047861601012916 0 0 0 -1 0 0 0 0 0 0
-2.985511302947998 -1.408240556716919 -44.7708740234375 0.9769798047553031 0.2133318098650313 0 0 0 -1 0 0 0 0 0 0
-2.9243311882019043 -0.9897797703742981 -45.238590240478516 0.8750143988094039 -0.4840968930660653 0 0 0 -1 0 0 0 0 0 0
-2.602321147918701 -0.715621292591095 -45.70630645751953 0.338329349051721 -0.9410277634428428 0 0 0 -1 0 0 0 0 0 0
-2.1794581413269043 -0.7219765782356262 -46.17402267456055 -0.36644202073208554 -0.9304408876665866 0 0 0 -1 0 0 0 0 0 0
-1.8658289909362793 -1.0056793689727783 -46.64173889160156 -0.8891549103272767 -0.4576063214608081 0 0 0 -1 0 0 0 0 0 0
-1.817246913909912 -1.4257919788360596 -47.10945129394531 -0.9701283088626693 0.24259238311055306 0 0 0 -1 0 0 0 0 0 0
-2.057847499847412 -1.7735893726348877 -47.57716751098633 -0.5691306304434364 0.8222471194787225 0 0 0 -1 0 0 0 0 0 0
-2.4681010246276855 -1.8762848377227783 -48.044883728027344 0.1146309216532817 0.9934081496549738 0 0 0 -1 0 0 0 0 0 0
-2.8441824913024902 -1.682856798171997 -48.51259994506836 0.7414318410535199 0.6710281850056583 0 0 0 -1 0 0 0 0 0 0
-2.999253749847412 -1.2894012928009033 -48.980316162109375 0.9998834064409233 0.015270020435331572 0 0 0 -1 0 0 0 0 0 0
-2.856271266937256 -0.8913949131965637 -49.448028564453125 0.7615778852679947 -0.6480733945092401 0 0 0 -1 0 0 0 0 0 0
-2.4862704277038574 -0.6865723729133606 -49.91574478149414 0.14490837941512008 -0.9894450775941451 0 0 0 -1 0 0 0 0 0 0
-2.2368273735046387 0.69218510389328 -49.91574478149414 -0.27082675887083113 0.9626281040357801 0 0 0 1 0 0 0 0 0 0
-1.9149260520935059 0.9156996607780457 -49.47030258178711 -0.8073300834522867 0.5901001070605931 0 0 0 1 0 0 0 0 0 0
-1.7996745109558105 1.2902648448944092 -49.02486038208008 -0.9994158586173394 -0.03417515975334166 0 0 0 1 0 0 0 0 0 0
-1.9402422904968262 1.6560828685760498 -48.57941436767578 -0.7651334356777824 -0.6438717462413714 0 0 0 1 0 0 0 0 0 0
-2.2766623497009277 1.8570868968963623 -48.13397216796875 -0.20443542879348472 -0.9788800516171653 0 0 0 1 0 0 0 0 0 0
-2.6654105186462402 1.8075339794158936 -47.68852996826172 0.44347577978278985 -0.8962863564430994 0 0 0 1 0 0 0 0 0 0
-2.940642833709717 1.5285537242889404 -47.24308395385742 0.9021993374608394 -0.4313193196289988 0 0 0 1 0 0 0 0 0 0
-2.984941005706787 1.1391723155975342 -46.79764175415039 0.9760268154889394 0.2176503054133395 0 0 0 1 0 0 0 0 0 0
0.40248730778694153 2.6331984996795654 -46.79764175415039 -0.9890779833848764 -0.14739315717938326 0 0 0 -1 0 0 0 0 0 0
0.3529973328113556 2.2915618419647217 -47.18740463256836 -0.9065967520432924 0.4219980203562014 0 0 0 -1 0 0 0 0 0 0
0.12344983220100403 2.033734083175659 -47.57716751098633 -0.5240154184078661 0.8517087772653448 0 0 0 -1 0 0 0 0 0 0
-0.21017023921012878 1.9450690746307373 -47.9669303894043 0.03201550483199104 0.9994873723316132 0 0 0 -1 0 0 0 0 0 0
-0.5374330878257751 2.0549094676971436 -48.356693267822266 0.5774599198077377 0.8164190351869813 0 0 0 -1 0 0 0 0 0 0
-0.7500070929527283 2.326897382736206 -48.746456146240234 0.9317484943426 0.3631043146126162 0 0 0 -1 0 0 0 0 0 0
-0.7775282263755798 2.671002149581909 -49.1362190246582 0.9776148430850672 -0.21040251562127205 0 0 0 -1 0 0 0 0 0 0
-0.6108850836753845 2.9733169078826904 -49.52598190307617 0.6998782861521277 -0.7142621259543028 0 0 0 -1 0 0 0 0 0 0
-0.30524012446403503 3.1337783336639404 -49.91574478149414 0.19046423506595325 -0.9816941352380288 0 0 0 -1 0 0 0 0 0 0
0.03823330998420715 3.0992629528045654 -50.30550765991211 -0.38198642157782997 -0.924167935891613 0 0 0 -1 0 0 0 0 0 0
0.30584004521369934 2.881199598312378 -50.69527053833008 -0.8279943899483437 -0.5607363821030968 0 0 0 -1 0 0 0 0 0 0
0.4089989960193634 2.551769971847534 -51.08503341674805 -0.9999317893315914 -0.011679755310883186 0 0 0 -1 0 0 0 0 0 0
0.31356480717658997 2.2200210094451904 -51.474796295166016 -0.8408766870772879 0.5412267520456882 0 0 0 -1 0 0 0 0 0 0
0.05112317204475403 1.9957664012908936 -51.864559173583984 -0.4034728056340336 0.9149916366359864 0 0 0 -1 0 0 0 0 0 0
-0.29144999384880066 1.9532363414764404 -52.25432205200195 0.1674820854097621 0.9858751194075227 0 0 0 -1 0 0 0 0 0 0
-0.600758969783783 2.106510877609253 -52.64408493041992 0.683001882954747 0.7304166125440126 0 0 0 -1 0 0 0 0 0 0
-0.7744192481040955 2.404850721359253 -53.03384780883789 0.9724312759797156 0.23318965134941574 0 0 0 -1 0 0 0 0 0 0
-0.7549452185630798 2.749504804611206 -53.42361068725586 0.939978031907608 -0.3412349623516031 0 0 0 -1 0 0 0 0 0 0
-1.8150420188903809 1.1333281993865967 -53.42361068725586 -0.9738037896202347 0.22738992792397283 0 0 0 1 0 0 0 0 0 0
-1.857633113861084 1.527775526046753 -52.97816848754883 -0.9028153032257836 -0.43002852028829003 0 0 0 1 0 0 0 0 0 0
-2.1370654106140137 1.809410810470581 -52.53272247314453 -0.4370964066108054 -0.8994146603919247 0 0 0 1 0 0 0 0 0 0
-2.531165599822998 1.855095624923706 -52.0872802734375 0.21973912080192062 -0.9755586700907327 0 0 0 1 0 0 0 0 0 0
-2.8676199913024902 1.644860029220581 -51.64183807373047 0.7804943136481093 -0.625162879866493 0 0 0 1 0 0 0 0 0 0
-2.9993224143981934 1.2706191539764404 -51.19639587402344 0.9999989848187457 -0.001424907533190626 0 0 0 1 0 0 0 0 0 0
-2.868691921234131 0.8960043787956238 -50.75094985961914 0.7822798566246121 0.6229271433477404 0 0 0 1 0 0 0 0 0 0
-2.5328402519226074 0.6848036646842957 -50.30550765991211 0.22252391697451263 0.9749272313225844 0 0 0 1 0 0 0 0 0 0
-2.186152935028076 -0.7193825840950012 -50.30550765991211 -0.35528330874875824 -0.9347586696706986 0 0 0 -1 0 0 0 0 0 0
-1.8837676048278809 -0.9733155369758606 -50.742042541503906 -0.8592599674985872 -0.5115391561301311 0 0 0 -1 0 0 0 0 0 0
-1.804673671722412 -1.3601791858673096 -51.1785774230957 -0.9910845523574868 0.1332344177694337 0 0 0 -1 0 0 0 0 0 0
-1.9831271171569824 -1.7124207019805908 -51.6151123046875 -0.6936607682211865 0.7203018385585265 0 0 0 -1 0 0 0 0 0 0
-2.3418383598327637 -1.877478837966919 -52.0516471862793 -0.09581053426169833 0.995399588870966 0 0 0 -1 0 0 0 0 0 0
-2.7254481315612793 -1.783869981765747 -52.48817825317383 0.5435354870397294 0.8393861890265314 0 0 0 -1 0 0 0 0 0 0
-2.967811107635498 -1.472132921218872 -52.924713134765625 0.9474759605699211 0.3198269909530856 0 0 0 -1 0 0 0 0 0 0
-2.963956356048584 -1.0772850513458252 -53.36124801635742 0.9410517822763883 -0.33826253572400394 0 0 0 -1 0 0 0 0 0 0
-2.715554714202881 -0.77033931016922 -53.79778289794922 0.527049962246575 -0.8498342999055074 0 0 0 -1 0 0 0 0 0 0
-2.3301920890808105 -0.6842339634895325 -54.234317779541016 -0.1152198772906317 -0.9933400122199508 0 0 0 -1 0 0 0 0 0 0
-1.9747710227966309 -0.8562653660774231 -54.67085266113281 -0.707586347697118 -0.7066268892086212 0 0 0 -1 0 0 0 0 0 0
-1.8032259941101074 -1.211920976638794 -55.10738754272461 -0.9934958424548066 -0.11386839344179055 0 0 0 -1 0 0 0 0 0 0
-1.8898577690124512 -1.5971672534942627 -55.543922424316406 -0.8491108407487454 0.528214710248549 0 0 0 -1 0 0 0 0 0 0
-2.197141170501709 -1.845149278640747 -55.9804573059082 -0.33696959400169424 0.9415155297276478 0 0 0 -1 0 0 0 0 0 0
-2.5919947624206543 -1.8484642505645752 -56.416988372802734 0.32111756898389965 0.9470393375619993 0 0 0 -1 0 0 0 0 0 0
-2.903398036956787 -1.6056740283966064 -56.85352325439453 0.8401246421766048 0.5423933863973932 0 0 0 -1 0 0 0 0 0 0
-2.9964842796325684 -1.2219383716583252 -57.29005813598633 0.9952684964593772 -0.09716285275500475 0 0 0 -1 0 0 0 0 0 0
-2.8309359550476074 -0.8634522557258606 -57.726593017578125 0.7193545689684941 -0.6946430767697552 0 0 0 -1 0 0 0 0 0 0
-2.478452205657959 -0.6854813694953918 -58.16312789916992 0.1318826313910966 -0.9912653386139153 0 0 0 -1 0 0 0 0 0 0
-2.0916972160339355 -0.7651017308235168 -58.59966278076172 -0.5127102983379759 -0.8585616751161117 0 0 0 -1 0 0 0 0 0 0
-1.8381781578063965 -1.067836046218872 -59.036197662353516 -0.9352434937592967 -0.35400509513410183 0 0 0 -1 0 0 0 0 0 0
-1.827695369720459 -1.462561845779419 -59.47273254394531 -0.9527124024677549 0.3038734575182881 0 0 0 -1 0 0 0 0 0 0
-2.0647902488708496 -1.7783234119415283 -59.909263610839844 -0.557554048598337 0.8301406404288394 0 0 0 -1 0 0 0 0 0 0
-2.446774959564209 -1.8783600330352783 -60.34579849243164 0.07908745399667573 0.9968676816008851 0 0 0 -1 0 0 0 0 0 0
-2.808206081390381 -1.7193443775177002 -60.78233337402344 0.6814725132091461 0.7318437085473989 0 0 0 -1 0 0 0 0 0 0
-2.992549419403076 -1.3701508045196533 -61.218868255615234 0.9887086797234701 0.14985041421188308 0 0 0 -1 0 0 0 0 0 0
0.38579800724983215 -2.3898613452911377 -61.218868255615234 -0.9612652562765948 -0.2756249391392085 0 0 0 1 0 0 0 0 0 0
0.1922307312488556 -2.0935394763946533 -60.829105377197266 -0.6386458364583864 -0.7695008093396445 0 0 0 1 0 0 0 0 0 0
-0.13467928767204285 -1.9578850269317627 -60.4393424987793 -0.09380225931654287 -0.9955908477618262 0 0 0 1 0 0 0 0 0 0
-0.48117396235466003 -2.030097246170044 -60.04957962036133 0.48369267088826856 -0.8752379105871574 0 0 0 1 0 0 0 0 0 0
-0.7266802191734314 -2.285048723220825 -59.65981674194336 0.8928701034882 -0.45031431056204646 0 0 0 1 0 0 0 0 0 0
-0.7857641577720642 -2.634021043777466 -59.27005386352539 0.9913420759427645 0.13130456376489782 0 0 0 1 0 0 0 0 0 0
-0.637868344783783 -2.955580949783325 -58.88029098510742 0.7448472038257498 0.6672350732335357 0 0 0 1 0 0 0 0 0 0
-0.3344549834728241 -3.1378281116485596 -58.49052810668945 0.23915770643496073 0.9709807369112782 0 0 0 1 0 0 0 0 0 0
0.01889088936150074 -3.117347002029419 -58.100765228271484 -0.34975088790642017 0.9368427383550938 0 0 0 1 0 0 0 0 0 0
0.2992139160633087 -2.901259660720825 -57.711002349853516 -0.8169544909032446 0.5767021413112844 0 0 0 1 0 0 0 0 0 0
0.4089646637439728 -2.5647690296173096 -57.32123947143555 -0.9998737915892666 0.015887129788093264 0 0 0 1 0 0 0 0 0 0
0.3099541962146759 -2.2249596118927 -56.93147659301758 -0.8348583040611308 -0.5504649054573528 0 0 0 1 0 0 0 0 0 0
0.03663495182991028 -2.000079393386841 -56.54171371459961 -0.37932081574924575 -0.9252652153514294 0 0 0 1 0 0 0 0 0 0
-0.31588122248649597 -1.9683868885040283 -56.15195083618164 0.20820333375644112 -0.9780855646684006 0 0 0 1 0 0 0 0 0 0
-0.624928891658783 -2.140906572341919 -55.76218795776367 0.7232784463341897 -0.6905565067888366 0 0 0 1 0 0 0 0 0 0
-0.7829622626304626 -2.457606554031372 -55.3724250793457 0.9866723782472265 -0.16271944568477953 0 0 0 1 0 0 0 0 0 0
-0.7349905371665955 -2.8082802295684814 -54.982662200927734 0.9067184023593261 0.421736575154386 0 0 0 1 0 0 0 0 0 0
-0.49770495295524597 -3.070899248123169 -54.592899322509766 0.5112457592890042 0.8594345662172367 0 0 0 1 0 0 0 0 0 0
-0.15367838740348816 -3.154078722000122 -54.2031364440918 -0.06213520338243324 0.9980677414387381 0 0 0 1 0 0 0 0 0 0
0.17737630009651184 -3.0288727283477783 -53.81337356567383 -0.6138943957107729 0.7893881623858476 0 0 0 1 0 0 0 0 0 0
0.38025525212287903 -2.7388527393341064 -53.42361068725586 -0.9520226075464097 0.306027702537752 0 0 0 1 0 0 0 0 0 0
0.38436368107795715 -2.384936571121216 -53.03384780883789 -0.9588725573209859 -0.28383695815857507 0 0 0 1 0 0 0 0 0 0
0.18827107548713684 -2.0902817249298096 -52.64408493041992 -0.6320474789263083 -0.7749296641521073 0 0 0 1 0 0 0 0 0 0
-0.13978716731071472 -1.957423448562622 -52.25432205200195 -0.08528578528933392 -0.9963565299768861 0 0 0 1 0 0 0 0 0 0
-0.4856524169445038 -2.0325958728790283 -51.864559173583984 0.4911526978814394 -0.8710734913678544 0 0 0 1 0 0 0 0 0 0
-0.7289690375328064 -2.289637804031372 -51.474796295166016 0.896687629622936 -0.44266386218122683 0 0 0 1 0 0 0 0 0 0
-0.7850698828697205 -2.6391022205352783 -51.08503341674805 0.9901832881650466 0.1397750186501743 0 0 0 1 0 0 0 0 0 0
-0.634429395198822 -2.9593842029571533 -50.69527053833008 0.7391170382281516 0.673577021431733 0 0 0 1 0 0 0 0 0 0
-0.32947108149528503 -3.139033555984497 -50.30550765991211 0.23084965825730508 0.9729894322563248 0 0 0 1 0 0 0 0 0 0
0.023687871173024178 -3.1155312061309814 -49.91574478149414 -0.3577468849216496 0.9338185939082901 0 0 0 1 0 0 0 0 0 0
0.3021531403064728 -2.897059679031372 -49.52598190307617 -0.8218519525139031 0.5697011217727108 0 0 0 1 0 0 0 0 0 0
0.40902379155158997 -2.559638261795044 -49.1362190246582 -0.9999731610711875 0.007326468269027568 0 0 0 1 0 0 0 0 0 0
0.3071141541004181 -2.220690965652466 -48.746456146240234 -0.8301258732000317 -0.5575760348543372 0 0 0 1 0 0 0 0 0 0
0.03188183903694153 -1.9981567859649658 -48.356693267822266 -0.37139938126013916 -0.9284732088755095 0 0 0 1 0 0 0 0 0 0
-0.3208937346935272 -1.969477891921997 -47.9669303894043 0.2165568262883917 -0.9762700143853129 0 0 0 1 0 0 0 0 0 0
-0.6284536719322205 -2.1446335315704346 -47.57716751098633 0.7291574234457836 -0.6843460030086433 0 0 0 1 0 0 0 0 0 0
-0.7837747931480408 -2.462672472000122 -47.18740463256836 0.9880284706482322 -0.1542716473902947 0 0 0 1 0 0 0 0 0 0
-0.7328066229820251 -2.812922716140747 -46.79764175415039 0.9030773152922512 0.4294780117823725 0 0 0 1 0 0 0 0 0 0
-0.4932856261730194 -3.073504686355591 -46.40787887573242 0.5038738158970456 0.863777273174833 0 0 0 1 0 0 0 0 0 0
-0.14856097102165222 -3.1537392139434814 -46.01811599731445 -0.07066178984707133 0.9975003315566409 0 0 0 1 0 0 0 0 0 0
0.18141034245491028 -3.0257065296173096 -45.628353118896484 -0.6206187356443322 0.7841124823437199 0 0 0 1 0 0 0 0 0 0
0.3818040192127228 -2.733962297439575 -45.238590240478516 -0.9546058650047182 0.29787185583501125 0 0 0 1 0 0 0 0 0 0
0.3828873932361603 -2.380023241043091 -44.84882736206055 -0.9564104292277282 -0.2920258393780127 0 0 0 1 0 0 0 0 0 0
0.1842828094959259 -2.0870583057403564 -44.45906448364258 -0.6254055975062769 -0.7802998389131046 0 0 0 1 0 0 0 0 0 0
-0.14489886164665222 -1.9570114612579346 -44.06930160522461 -0.07676599557183529 -0.9970491371662005 0 0 0 1 0 0 0 0 0 0
-0.4901079833507538 -2.035132646560669 -43.67953872680664 0.49858010245397627 -0.8668436314797394 0 0 0 1 0 0 0 0 0 0
-0.7312197089195251 -2.294245958328247 -43.28977584838867 0.9004354085728817 -0.43498974124476486 0 0 0 1 0 0 0 0 0 0
-0.784331738948822 -2.6441757678985596 -42.9000129699707 0.9889539142037771 0.14822333008345237 0 0 0 1 0 0 0 0 0 0
-0.6309599280357361 -2.963160753250122 -42.510250091552734 0.733334883426919 0.6798675964842176 0 0 0 1 0 0 0 0 0 0
-0.3244757354259491 -3.140193223953247 -42.120487213134766 0.22252638906472008 0.974926667072871 0 0 0 1 0 0 0 0 0 0
2.2305760383605957 -0.7193825840950012 -42.120487213134766 -0.35528330874875824 -0.9347586696706986 0 0 0 -1 0 0 0 0 0 0
2.480621814727783 -0.8988831639289856 -42.450286865234375 -0.7720242344119085 -0.6355930942676349 0 0 0 -1 0 0 0 0 0 0
2.608757495880127 -1.1787445545196533 -42.780086517333984 -0.9855885492543326 -0.16916031324971054 0 0 0 -1 0 0 0 0 0 0
2.581268787384033 -1.485316514968872 -43.109886169433594 -0.9397737669752474 0.34179711365831283 0 0 0 -1 0 0 0 0 0 0
2.405388355255127 -1.7379181385040283 -43.4396858215332 -0.6466385637140942 0.7627965442487096 0 0 0 -1 0 0 0 0 0 0
2.1273961067199707 -1.8700706958770752 -43.76948547363281 -0.1833197352925484 0.9830533427298186 0 0 0 -1 0 0 0 0 0 0
1.8204617500305176 -1.8469955921173096 -44.09928512573242 0.3282421060032361 0.9445936268293154 0 0 0 -1 0 0 0 0 0 0
1.5653576850891113 -1.6747658252716064 -44.42908477783203 0.7534163705774755 0.6575437419258615 0 0 0 -1 0 0 0 0 0 0
1.4292187690734863 -1.398707628250122 -44.75888442993164 0.9803139532959293 0.1974450631778534 0 0 0 -1 0 0 0 0 0 0
1.4478726387023926 -1.0914719104766846 -45.088680267333984 0.9492204680166003 -0.3146116703149237 0 0 0 -1 0 0 0 0 0 0
1.616417407989502 -0.8339112401008606 -45.418479919433594 0.6683143145573499 -0.7438790069344206 0 0 0 -1 0 0 0 0 0 0
1.8904881477355957 -0.6938164830207825 -45.7482795715332 0.21152547035989386 -0.9773724854880177 0 0 0 -1 0 0 0 0 0 0
2.197960376739502 -0.7080491185188293 -46.07807922363281 -0.30092253318243767 -0.9536485878053114 0 0 0 -1 0 0 0 0 0 0
2.457916736602783 -0.8728669285774231 -46.40787887573242 -0.7341790796608634 -0.6789558741098923 0 0 0 -1 0 0 0 0 0 0
1.6203923225402832 0.8198935389518738 -46.40787887573242 0.6616846315762048 0.7497822672855516 0 0 0 1 0 0 0 0 0 0
1.8853459358215332 0.6844756007194519 -46.08771896362305 0.2200976001592089 0.9754778554145436 0 0 0 1 0 0 0 0 0 0
2.1827855110168457 0.6930014491081238 -45.767555236816406 -0.27563228733279166 0.9612631492883169 0 0 0 1 0 0 0 0 0 0
2.439545154571533 0.8433844447135925 -45.447391510009766 -0.703569271418838 0.7106266813983033 0 0 0 1 0 0 0 0 0 0
2.5924839973449707 1.0986297130584717 -45.12723159790039 -0.9584634346659737 0.28521543508075575 0 0 0 1 0 0 0 0 0 0
2.6039814949035645 1.3959662914276123 -44.80706787109375 -0.977626881079176 -0.21034657447033211 0 0 0 1 0 0 0 0 0 0
2.471214771270752 1.6622626781463623 -44.48690414428711 -0.7563528200503373 -0.6541639027047441 0 0 0 1 0 0 0 0 0 0
2.2268338203430176 1.832024335861206 -44.166744232177734 -0.34904585172987995 -0.937105646867077 0 0 0 1 0 0 0 0 0 0
1.9309430122375488 1.863499402999878 -43.846580505371094 0.14410525098612395 -0.9895623662196469 0 0 0 1 0 0 0 0 0 0
1.6563191413879395 1.7489440441131592 -43.52641677856445 0.6018115567660407 -0.7986381221447137 0 0 0 1 0 0 0 0 0 0
1.4705052375793457 1.5165374279022217 -43.20625686645508 0.9115030559348669 -0.411293300482027 0 0 0 1 0 0 0 0 0 0
1.4191975593566895 1.2234351634979248 -42.88609313964844 0.9970145544057271 0.07721384787167003 0 0 0 1 0 0 0 0 0 0
1.5150189399719238 0.941727340221405 -42.5659294128418 0.8373097323268814 0.5467288287173871 0 0 0 1 0 0 0 0 0 0
1.734398365020752 0.7406966090202332 -42.24576950073242 0.4716732766161677 0.8817733949979257 0 0 0 1 0 0 0 0 0 0
2.0233845710754395 0.6697890162467957 -41.92560577392578 -0.009963038102091044 0.9999503677042058 0 0 0 1 0 0 0 0 0 0
2.3109021186828613 0.74644535779953 -41.605445861816406 -0.489169302941338 0.8721888517172676 0 0 0 1 0 0 0 0 0 0
2.5262303352355957 0.9518057703971863 -41.285282135009766 -0.8480417145010251 0.5299294768798598 0 0 0 1 0 0 0 0 0 0
2.616417407989502 1.2353675365447998 -40.965118408203125 -0.998355759548621 0.0573217007432279 0 0 0 1 0 0 0 0 0 0
2.5592808723449707 1.5273864269256592 -40.64495849609375 -0.9031258024243358 -0.429376041478096 0 0 0 1 0 0 0 0 0 0
2.368870258331299 1.756047010421753 -40.32479476928711 -0.5857768568325612 -0.8104723770736206 0 0 0 1 0 0 0 0 0 0
2.092014789581299 1.865105390548706 -40.00463104248047 -0.12434680589157356 -0.9922388179589445 0 0 0 1 0 0 0 0 0 0
1.7968144416809082 1.8277366161346436 -39.684471130371094 0.3676503144496529 -0.9299641102134377 0 0 0 1 0 0 0 0 0 0
1.5558629035949707 1.653141736984253 -39.36430740356445 0.769235591883003 -0.6389652605427044 0 0 0 1 0 0 0 0 0 0
1.428429126739502 1.384251356124878 -39.04414749145508 0.981626599249006 -0.1908120007935336 0 0 0 1 0 0 0 0 0 0
1.445854663848877 1.0872008800506592 -38.72398376464844 0.9525867216384596 0.30426721439894217 0 0 0 1 0 0 0 0 0 0
1.6038479804992676 0.8350531458854675 -38.4038200378418 0.6892607984054869 0.724513320637675 0 0 0 1 0 0 0 0 0 0
1.8635563850402832 0.6898199915885925 -38.08366012573242 0.2564151891101733 0.9665667337507504 0 0 0 1 0 0 0 0 0 0
2.161102771759033 0.6872221827507019 -37.76349639892578 -0.23949583388091963 0.9708973918770629 0 0 0 1 0 0 0 0 0 0
2.4233059883117676 0.827896773815155 -37.443336486816406 -0.6765035311230809 0.7364393881223374 0 0 0 1 0 0 0 0 0 0
-0.5416082739830017 3.0316321849823 -37.443336486816406 0.5844171254970393 -0.8114534018819428 0 0 0 -1 0 0 0 0 0 0
-0.19984576106071472 3.144695997238159 -37.833099365234375 0.014810031863152499 -0.9998903254638541 0 0 0 -1 0 0 0 0 0 0
0.14511540532112122 3.0418059825897217 -38.222862243652344 -0.5601268824382679 -0.8284068297461018 0 0 0 -1 0 0 0 0 0 0
0.36910489201545715 2.760002851486206 -38.61262512207031 -0.9334382531395257 -0.3587381044380856 0 0 0 -1 0 0 0 0 0 0
0.3914952576160431 2.400719404220581 -39.00238800048828 -0.9707561166781045 0.24006782777383226 0 0 0 -1 0 0 0 0 0 0
0.2042260468006134 2.0932891368865967 -39.39215087890625 -0.6586451878756033 0.7524536640141447 0 0 0 -1 0 0 0 0 0 0
-0.12529131770133972 1.9483649730682373 -39.78190994262695 -0.10944756447719282 0.9939925707116782 0 0 0 -1 0 0 0 0 0 0
-0.47844645380973816 2.018120527267456 -40.17167282104492 0.4791508199806309 0.8777325855361012 0 0 0 -1 0 0 0 0 0 0
-0.728118360042572 2.2774436473846436 -40.56143569946289 0.8952693075622594 0.44552538304454986 0 0 0 -1 0 0 0 0 0 0
-0.7844366431236267 2.632988691329956 -40.95119857788086 0.9891297223089419 -0.1470455454783838 0 0 0 -1 0 0 0 0 0 0
-0.6271280646324158 2.9567763805389404 -41.34096145629883 0.7269483886593803 -0.6866921000168346 0 0 0 -1 0 0 0 0 0 0
-0.3128180205821991 3.132256269454956 -41.7307243347168 0.20309975859118395 -0.979158050602763 0 0 0 -1 0 0 0 0 0 0
0.04535534977912903 3.096264600753784 -42.120487213134766 -0.39385565496595776 -0.9191723032442483 0 0 0 -1 0 0 0 0 0 0
0.3184666931629181 2.8617522716522217 -42.510250091552734 -0.8490483261330402 -0.5283151899109872 0 0 0 -1 0 0 0 0 0 0
0.4082074463367462 2.5131423473358154 -42.9000129699707 -0.9986104430018651 0.05269898602078266 0 0 0 -1 0 0 0 0 0 0
0.2822728455066681 2.175907850265503 -43.28977584838867 -0.7887168500076975 0.614756643326394 0 0 0 -1 0 0 0 0 0 0
-0.014005153439939022 1.9714477062225342 -43.67953872680664 -0.2949198752671435 0.9555219867550994 0 0 0 -1 0 0 0 0 0 0
-0.3739771544933319 1.9733550548553467 -44.06930160522461 0.3050309692289283 0.9523424320123831 0 0 0 -1 0 0 0 0 0 0
-0.6680731177330017 2.180943250656128 -44.45906448364258 0.7951861748864417 0.6063653579068227 0 0 0 -1 0 0 0 0 0 0
-0.7904276251792908 2.5194900035858154 -44.84882736206055 0.9991126143732068 0.04211868706804336 0 0 0 -1 0 0 0 0 0 0
-0.6969980597496033 2.8671348094940186 -45.238590240478516 0.8433975651639484 -0.5372900027690107 0 0 0 -1 0 0 0 0 0 0
-0.4214186370372772 3.098736524581909 -45.628353118896484 0.38410067937856934 -0.9232912152191861 0 0 0 -1 0 0 0 0 0 0
-0.06288287043571472 3.130932569503784 -46.01811599731445 -0.21345963891322373 -0.9769518834390137 0 0 0 -1 0 0 0 0 0 0
0.24955037236213684 2.952130079269409 -46.40787887573242 -0.7341845836785071 -0.6789499223719059 0 0 0 -1 0 0 0 0 0 0
1.4682660102844238 -1.5219910144805908 -32.37641906738281 0.91523461145068 0.4029213397211957 0 0 0 -1 0 0 0 0 0 0
1.42039155960083 -1.2204506397247314 -32.71049880981445 0.9950221822336401 -0.09965368464339168 0 0 0 -1 0 0 0 0 0 0
1.5271077156066895 -0.9343941807746887 -33.04458236694336 0.817160992065258 -0.576409501176831 0 0 0 -1 0 0 0 0 0 0
1.7607808113098145 -0.7378876805305481 -33.378665924072266 0.42770729022396436 -0.9039172937217617 0 0 0 -1 0 0 0 0 0 0
2.060905933380127 -0.6818192601203918 -33.712745666503906 -0.07250202334419818 -0.9973682652917113 0 0 0 -1 0 0 0 0 0 0
2.349762439727783 -0.7807000279426575 -34.04682922363281 -0.553925880484173 -0.8325659847302396 0 0 0 -1 0 0 0 0 0 0
2.552563190460205 -1.0089333057403564 -34.38091278076172 -0.8919293605546261 -0.45217476243219923 0 0 0 -1 0 0 0 0 0 0
2.616791248321533 -1.3074181079864502 -34.714996337890625 -0.9989737155567932 0.045293659894682876 0 0 0 -1 0 0 0 0 0 0
2.5258145332336426 -1.5988647937774658 -35.049076080322266 -0.8473465423972117 0.531040334708664 0 0 0 -1 0 0 0 0 0 0
2.3031888008117676 -1.807807207107544 -35.38315963745117 -0.47630158198745776 0.8792819815032291 0 0 0 -1 0 0 0 0 0 0
2.006565570831299 -1.8801414966583252 -35.71724319458008 0.0180637981284949 0.9998368362873878 0 0 0 -1 0 0 0 0 0 0
1.71274995803833 -1.7971374988555908 -36.05132293701172 0.5077613082314238 0.8614977967836673 0 0 0 -1 0 0 0 0 0 0
1.4978184700012207 -1.5802910327911377 -36.385406494140625 0.8659778044180461 0.5000824354596957 0 0 0 -1 0 0 0 0 0 0
1.417431354522705 -1.2857468128204346 -36.71949005126953 0.999957883711791 0.009177734068737672 0 0 0 -1 0 0 0 0 0 0
1.4923977851867676 -0.9897797703742981 -37.05357360839844 0.8750143988094039 -0.4840968930660653 0 0 0 -1 0 0 0 0 0 0
1.7033085823059082 -0.7690232396125793 -37.38765335083008 0.5235008042010796 -0.8520251803795607 0 0 0 -1 0 0 0 0 0 0
1.9955525398254395 -0.6806367039680481 -37.721736907958984 0.03641907701890274 -0.9993366053683269 0 0 0 -1 0 0 0 0 0 0
2.2934536933898926 -0.74751216173172 -38.05582046508789 -0.46007421877404425 -0.8878804611091816 0 0 0 -1 0 0 0 0 0 0
2.5198750495910645 -0.9523308873176575 -38.38990020751953 -0.8374510505118449 -0.5465123402052398 0 0 0 -1 0 0 0 0 0 0
2.6161885261535645 -1.2420570850372314 -38.72398376464844 -0.997973026573025 -0.06363833932997029 0 0 0 -1 0 0 0 0 0 0
2.5574536323547363 -1.5416710376739502 -39.058067321777344 -0.9000826101360359 0.43571928455222264 0 0 0 -1 0 0 0 0 0 0
2.358879566192627 -1.7735893726348877 -39.39215087890625 -0.5691230448384461 0.8222523699168135 0 0 0 -1 0 0 0 0 0 0
2.0718884468078613 -1.8777611255645752 -39.72623062133789 -0.09081191168365794 0.9958680618919153 0 0 0 -1 0 0 0 0 0 0
1.7707829475402832 -1.8272125720977783 -40.0603141784668 0.41104193983292037 0.9116164345262705 0 0 0 -1 0 0 0 0 0 0
1.5335431098937988 -1.6350281238555908 -40.39439392089844 0.8064413774226733 0.5913140491994261 0 0 0 -1 0 0 0 0 0 0
1.4215893745422363 -1.350978136062622 -40.728477478027344 0.9930259776623961 0.11789574923483141 0 0 0 -1 0 0 0 0 0 0
1.4639172554016113 -1.048609972000122 -41.06256103515625 0.9224796457766296 -0.386045726731723 0 0 0 -1 0 0 0 0 0 0
1.6495633125305176 -0.8062203526496887 -41.396644592285156 0.6130649282309428 -0.7900325270349243 0 0 0 -1 0 0 0 0 0 0
1.9304585456848145 -0.6865723729133606 -41.7307243347168 0.14491387147337348 -0.9894442732436218 0 0 0 -1 0 0 0 0 0 0
-0.028462855145335197 -3.1328155994415283 -41.7307243347168 -0.2708268096510935 0.9626280897492087 0 0 0 1 0 0 0 0 0 0
0.2740655243396759 -2.9343864917755127 -41.34096145629883 -0.7750381724305393 0.6319144176829088 0 0 0 1 0 0 0 0 0 0
0.40750744938850403 -2.5980942249298096 -40.95119857788086 -0.9974459834664441 0.07142485608426656 0 0 0 1 0 0 0 0 0 0
0.32334569096565247 -2.246222734451294 -40.56143569946289 -0.8571729989731764 -0.5150285912756017 0 0 0 1 0 0 0 0 0 0
0.05217793583869934 -2.006709337234497 -40.17167282104492 -0.40522790643157225 -0.9142156987544487 0 0 0 1 0 0 0 0 0 0
-0.30739542841911316 -1.9666435718536377 -39.78190994262695 0.1940605677509502 -0.9809895494061996 0 0 0 1 0 0 0 0 0 0
-0.6246313452720642 -2.1405975818634033 -39.39215087890625 0.722790678462938 -0.6910670265083451 0 0 0 1 0 0 0 0 0 0
-0.7841829657554626 -2.4653160572052 -39.00238800048828 0.988705352934509 -0.14987236262449435 0 0 0 1 0 0 0 0 0 0
-0.7280344367027283 -2.822730302810669 -38.61262512207031 0.8951250688423819 0.44581510868287233 0 0 0 1 0 0 0 0 0 0
-0.47660204768180847 -3.0828850269317627 -38.222862243652344 0.4760716935325428 0.8794064717848379 0 0 0 1 0 0 0 0 0 0
-0.12130877375602722 -3.1511833667755127 -37.833099365234375 -0.11608381256287893 0.9932394215197393 0 0 0 1 0 0 0 0 0 0
0.20865872502326965 -3.002795457839966 -37.443336486816406 -0.6660269141780963 0.7459277107001739 0 0 0 1 0 0 0 0 0 0
0.3933244049549103 -2.6916725635528564 -37.05357360839844 -0.9738040796821098 0.2273886857222211 0 0 0 1 0 0 0 0 0 0
-2.9633097648620605 -1.0754921436309814 -37.05357360839844 0.9399737900733004 -0.34124664683368666 0 0 0 -1 0 0 0 0 0 0
-2.6465468406677246 -0.7335389256477356 -37.57325744628906 0.4120393137755023 -0.9111660682353208 0 0 0 -1 0 0 0 0 0 0
-2.180579662322998 -0.7215340733528137 -38.09294128417969 -0.3645715776105211 -0.9311753673710316 0 0 0 -1 0 0 0 0 0 0
-1.8466296195983887 -1.0467255115509033 -38.61262512207031 -0.9211582268247627 -0.38918828496379343 0 0 0 -1 0 0 0 0 0 0
-1.8462481498718262 -1.5128471851348877 -39.13230895996094 -0.9217960153954774 0.3876752584329063 0 0 0 -1 0 0 0 0 0 0
-2.179664134979248 -1.8385841846466064 -39.65199279785156 -0.36609978042902896 0.930575601856086 0 0 0 -1 0 0 0 0 0 0
-2.6456522941589355 -1.8273422718048096 -40.17167282104492 0.41054707734906987 0.9118394032285164 0 0 0 -1 0 0 0 0 0 0
-2.2096381187438965 1.8389861583709717 -40.17167282104492 -0.3161452994525382 -0.9487107829228382 0 0 0 1 0 0 0 0 0 0
-2.6176600456237793 1.8286254405975342 -39.721946716308594 0.3638952440513525 -0.9314398806991283 0 0 0 1 0 0 0 0 0 0
-2.924647808074951 1.5596511363983154 -39.272220611572266 0.8755366069198629 -0.48315178768504347 0 0 0 1 0 0 0 0 0 0
-2.988542079925537 1.156529188156128 -38.82249450683594 0.9820318464599852 0.18871526842943018 0 0 0 1 0 0 0 0 0 0
-2.7797789573669434 0.8058058619499207 -38.37276840209961 0.6340902361391485 0.7732590590694681 0 0 0 1 0 0 0 0 0 0
-2.3949599266052246 0.6697775721549988 -37.92304229736328 -0.007270412224175407 0.9999735702037783 0 0 0 1 0 0 0 0 0 0
-2.0121607780456543 0.8113905787467957 -37.47331619262695 -0.6452742377429659 0.7639510181322062 0 0 0 1 0 0 0 0 0 0
-1.808520793914795 1.1651122570037842 -37.023590087890625 -0.9846729509970344 0.1744109502720285 0 0 0 1 0 0 0 0 0 0
-1.8782744407653809 1.5672614574432373 -36.5738639831543 -0.868417770764173 -0.4958332133096614 0 0 0 1 0 0 0 0 0 0
-2.1891417503356934 1.8317420482635498 -36.12413787841797 -0.35030318892348955 -0.936636362645629 0 0 0 1 0 0 0 0 0 0
-2.5972704887390137 1.8361670970916748 -35.67441177368164 0.32990909784429 -0.9440127049778337 0 0 0 1 0 0 0 0 0 0
-2.9138007164001465 1.5784881114959717 -35.22468566894531 0.8574617399066364 -0.5145477282004888 0 0 0 1 0 0 0 0 0 0
-2.992257595062256 1.1779487133026123 -34.774959564208984 0.9882240166220437 0.15301402867513364 0 0 0 1 0 0 0 0 0 0
-2.796334743499756 0.8198935389518738 -34.325233459472656 0.6616846315762048 0.7497822672855516 0 0 0 1 0 0 0 0 0 0
0.2683568298816681 2.9308021068573 -34.325233459472656 -0.7655259134543784 -0.6434050635718057 0 0 0 -1 0 0 0 0 0 0
0.4060101807117462 2.604984998703003 -34.714996337890625 -0.9949499973439935 -0.10037182266546418 0 0 0 -1 0 0 0 0 0 0
0.33620694279670715 2.2582366466522217 -35.104759216308594 -0.8786080847571691 0.4775435408413971 0 0 0 -1 0 0 0 0 0 0
0.08320286870002747 2.011059522628784 -35.49452209472656 -0.45693461658646184 0.8895002845221486 0 0 0 -1 0 0 0 0 0 0
-0.26507899165153503 1.9493567943572998 -35.88428497314453 0.12353483672749675 0.99234023606559 0 0 0 -1 0 0 0 0 0 0
-0.5876001715660095 2.094567060470581 -36.2740478515625 0.6610735094539317 0.750321141311014 0 0 0 -1 0 0 0 0 0 0
-0.7722830176353455 2.396225690841675 -36.66381072998047 0.9688718561597142 0.24756277252775769 0 0 0 -1 0 0 0 0 0 0
-0.7549452185630798 2.749504804611206 -37.05357360839844 0.939978031907608 -0.3412349623516031 0 0 0 -1 0 0 0 0 0 0
2.601688861846924 1.1333281993865967 -37.05357360839844 -0.9738037896202347 0.22738992792397283 0 0 0 1 0 0 0 0 0 0
2.5884480476379395 1.4539077281951904 -36.693790435791016 -0.9517366367017807 -0.30691590763527193 0 0 0 1 0 0 0 0 0 0
2.4119114875793457 1.721825361251831 -36.33401107788086 -0.6575135184487999 -0.7534427470332962 0 0 0 1 0 0 0 0 0 0
2.122562885284424 1.8604743480682373 -35.97422790527344 -0.17526172371245025 -0.9845218779698808 0 0 0 1 0 0 0 0 0 0
1.80314302444458 1.8302009105682373 -35.61444854736328 0.35709802369620963 -0.9340669148793684 0 0 0 1 0 0 0 0 0 0
1.544994831085205 1.6396644115447998 -35.25466537475586 0.7873489531646932 -0.6165076041302828 0 0 0 1 0 0 0 0 0 0
1.4219365119934082 1.343346357345581 -34.8948860168457 0.9924508922828134 -0.12264267775553306 0 0 0 1 0 0 0 0 0 0
1.46915864944458 1.0259902477264404 -34.53510284423828 0.9137449120303296 0.4062883652514372 0 0 0 1 0 0 0 0 0 0
1.6731572151184082 0.7783400416374207 -34.175323486328125 0.5737483647244764 0.8190316318531226 0 0 0 1 0 0 0 0 0 0
1.975597858428955 0.671219527721405 -33.8155403137207 0.06968575586585428 0.9975689928167398 0 0 0 1 0 0 0 0 0 0
2.2899937629699707 0.7352568507194519 -33.45576095581055 -0.4543082041135109 0.8908445743647747 0 0 0 1 0 0 0 0 0 0
2.526440143585205 0.9521414637565613 -33.09598159790039 -0.8483913127651955 0.5293696066308945 0 0 0 1 0 0 0 0 0 0
2.6173253059387207 1.259850263595581 -32.73619842529297 -0.9998636121597498 0.016515358877645697 0 0 0 1 0 0 0 0 0 0
2.536652088165283 1.570397138595581 -32.37641906738281 -0.8654114340890511 -0.5010619220694507 0 0 0 1 0 0 0 0 0 0
-1.8112235069274902 1.1508605480194092 -24.581161499023438 -0.9801692370622764 0.19816222323327695 0 0 0 1 0 0 0 0 0 0
-1.8738226890563965 1.5593268871307373 -24.13571548461914 -0.8758336593916897 -0.48261309666912455 0 0 0 1 0 0 0 0 0 0
-2.1856894493103027 1.8304412364959717 -23.69027328491211 -0.3560564462981708 -0.9344644493235245 0 0 0 1 0 0 0 0 0 0
-2.598893642425537 1.8355987071990967 -23.244831085205078 0.33261440907280804 -0.943062911410022 0 0 0 1 0 0 0 0 0 0
-2.9174323081970215 1.5723540782928467 -22.799388885498047 0.8635134612593697 -0.5043257897667568 0 0 0 1 0 0 0 0 0 0
-2.9902091026306152 1.1655776500701904 -22.35394287109375 0.9848098648946098 0.1736362001607403 0 0 0 1 0 0 0 0 0 0
-2.7827048301696777 0.8082205653190613 -21.90850067138672 0.6389673695427405 0.7692338400380152 0 0 0 1 0 0 0 0 0 0
-2.3933444023132324 0.6697890162467957 -21.463058471679688 -0.009968647363529327 0.9999503118004123 0 0 0 1 0 0 0 0 0 0
-2.339334011077881 -0.6832459568977356 -21.463058471679688 -0.09998472952596009 -0.994988971728642 0 0 0 -1 0 0 0 0 0 0
-1.9560980796813965 -0.8758271336555481 -21.93487548828125 -0.7387103446667092 -0.6740230164337059 0 0 0 -1 0 0 0 0 0 0
-1.7993464469909668 -1.2750580310821533 -22.406692504882812 -0.9999626815854437 -0.00863918031114318 0 0 0 -1 0 0 0 0 0 0
-1.9491782188415527 -1.676936388015747 -22.87851333618164 -0.7502419179180546 0.6611634174685096 0 0 0 -1 0 0 0 0 0 0
-2.3290324211120605 -1.876105546951294 -23.350330352783203 -0.11715077999347476 0.9931141398383775 0 0 0 -1 0 0 0 0 0 0
-2.7448039054870605 -1.7707931995391846 -23.822147369384766 0.5758003272104274 0.8175903516947624 0 0 0 -1 0 0 0 0 0 0
-2.984036922454834 -1.4148132801055908 -24.293968200683594 0.9745216966964951 0.22429325149853363 0 0 0 -1 0 0 0 0 0 0
-2.9244894981384277 -0.9900620579719543 -24.765785217285156 0.8752756682953935 -0.4836243423257891 0 0 0 -1 0 0 0 0 0 0
-2.596585750579834 -0.7135918736457825 -25.23760223388672 0.3287682752186272 -0.9444106210805598 0 0 0 -1 0 0 0 0 0 0
-2.1678824424743652 -0.7266724705696106 -25.709423065185547 -0.3857352642299999 -0.9226095089090575 0 0 0 -1 0 0 0 0 0 0
-1.8574442863464355 -1.022620439529419 -26.18124008178711 -0.9031311873633974 -0.4293647149121361 0 0 0 -1 0 0 0 0 0 0
-1.823901653289795 -1.4502098560333252 -26.653057098388672 -0.9590355830137941 0.283285634145807 0 0 0 -1 0 0 0 0 0 0
-2.0843958854675293 -1.7909462451934814 -27.124874114990234 -0.5248771875202088 0.8511779708268274 0 0 0 -1 0 0 0 0 0 0
-2.505815029144287 -1.8707115650177002 -27.596694946289062 0.17748619177375016 0.9841232909192078 0 0 0 -1 0 0 0 0 0 0
-2.8728175163269043 -1.6487534046173096 -28.068511962890625 0.7891573425025818 0.6141910849029499 0 0 0 -1 0 0 0 0 0 0
-2.9978690147399902 -1.2384865283966064 -28.540328979492188 0.9975760608760034 -0.06958450091159868 0 0 0 -1 0 0 0 0 0 0
-2.8170695304870605 -0.8495553135871887 -29.012149810791016 0.6962453572769813 -0.7178038746553607 0 0 0 -1 0 0 0 0 0 0
-2.4228053092956543 -0.6806977391242981 -29.483966827392578 0.0391341741133076 -0.9992339648032733 0 0 0 -1 0 0 0 0 0 0
-2.0165419578552246 -0.8182023167610168 -29.95578384399414 -0.6379680556186076 -0.770062828612194 0 0 0 -1 0 0 0 0 0 0
-1.8058772087097168 -1.1918022632598877 -30.42760467529297 -0.9890779833848764 -0.14739315717938326 0 0 0 -1 0 0 0 0 0 0
-2.984941005706787 1.1391723155975342 -30.42760467529297 0.9760268154889394 0.2176503054133395 0 0 0 1 0 0 0 0 0 0
-2.7628016471862793 0.7923895716667175 -29.972881317138672 0.6057949806929508 0.7956207899289883 0 0 0 1 0 0 0 0 0 0
-2.369422435760498 0.6705061793327332 -29.518157958984375 -0.049838001449771255 0.9987573146723345 0 0 0 1 0 0 0 0 0 0
-1.990128993988037 0.8309447169303894 -29.063434600830078 -0.6819952966939761 0.7313565582445375 0 0 0 1 0 0 0 0 0 0
-1.803617000579834 1.1981170177459717 -28.60871124267578 -0.9928448424708282 0.11941155211735685 0 0 0 1 0 0 0 0 0 0
-1.897752285003662 1.5990417003631592 -28.153987884521484 -0.8359529289757689 -0.5488011484470793 0 0 0 1 0 0 0 0 0 0
-2.228188991546631 1.8448379039764404 -27.699264526367188 -0.2852257420126844 -0.9584603675130828 0 0 0 1 0 0 0 0 0 0
-2.639249324798584 1.8197028636932373 -27.24454116821289 0.39987513803955704 -0.9165696230935463 0 0 0 1 0 0 0 0 0 0
-2.9372782707214355 1.5354773998260498 -26.789817810058594 0.8965898752224881 -0.4428618245553831 0 0 0 1 0 0 0 0 0 0
-2.9818644523620605 1.1260688304901123 -26.335094451904297 0.970900312385219 0.2394839940586522 0 0 0 1 0 0 0 0 0 0
-2.7520041465759277 0.7843558192253113 -25.88037109375 0.5877993009945984 0.8090067872090206 0 0 0 1 0 0 0 0 0 0
-2.3559908866882324 0.6713263392448425 -25.425647735595703 -0.0722205456788457 0.9973886869129055 0 0 0 1 0 0 0 0 0 0
-1.9803919792175293 0.8402296900749207 -24.970924377441406 -0.6982188145986747 0.7158844089239697 0 0 0 1 0 0 0 0 0 0
-0.5560087561607361 3.0209319591522217 -24.970924377441406 0.6084180623694387 -0.7936166967640094 0 0 0 -1 0 0 0 0 0 0
-0.2389959990978241 3.142834424972534 -25.360687255859375 0.08006361445160994 -0.996789755987161 0 0 0 -1 0 0 0 0 0 0
0.09341099858283997 3.073094129562378 -25.750450134277344 -0.47395128471451164 -0.8805510659339776 0 0 0 -1 0 0 0 0 0 0
0.33469441533088684 2.8340537548065186 -26.140213012695312 -0.8760867758290165 -0.48215346230999756 0 0 0 -1 0 0 0 0 0 0
0.40753796696662903 2.502312421798706 -26.52997589111328 -0.9974940010093818 0.07075109858013139 0 0 0 -1 0 0 0 0 0 0
0.28859952092170715 2.1841742992401123 -26.91973876953125 -0.799267650316715 0.6009752267416664 0 0 0 -1 0 0 0 0 0 0
0.015993626788258553 1.9815833568572998 -27.30950164794922 -0.3449224758213806 0.938631176593474 0 0 0 -1 0 0 0 0 0 0
-0.32292887568473816 1.9594542980194092 -27.699264526367188 0.21995161790266055 0.9755107819916713 0 0 0 -1 0 0 0 0 0 0
-0.6195635199546814 2.124882459640503 -28.089027404785156 0.714342513501716 0.6997962370605108 0 0 0 -1 0 0 0 0 0 0
-0.7788557410240173 2.4248549938201904 -28.478790283203125 0.9798274659238005 0.1998452827097595 0 0 0 -1 0 0 0 0 0 0
-0.7497629523277283 2.763249158859253 -28.868553161621094 0.9313416418683318 -0.36414659976718194 0 0 0 -1 0 0 0 0 0 0
-0.5416082739830017 3.0316321849823 -29.258316040039062 0.5844171254970393 -0.8114534018819428 0 0 0 -1 0 0 0 0 0 0
2.4233059883117676 0.827896773815155 -29.258316040039062 -0.6765035311230809 0.7364393881223374 0 0 0 1 0 0 0 0 0 0
2.5824055671691895 1.0678260326385498 -28.933513641357422 -0.9416637041016006 0.33655529765203995 0 0 0 1 0 0 0 0 0 0
2.6114277839660645 1.3542487621307373 -28.60871124267578 -0.9900354770232013 -0.14081816017631485 0 0 0 1 0 0 0 0 0 0
2.503696918487549 1.6212165355682373 -28.28390884399414 -0.810486879898214 -0.5857567904112234 0 0 0 1 0 0 0 0 0 0
2.2840123176574707 1.807274580001831 -27.9591064453125 -0.44434355085031263 -0.8958564666383424 0 0 0 1 0 0 0 0 0 0
2.002953052520752 1.8695876598358154 -27.63430404663086 0.02408871748118282 -0.9997098247442163 0 0 0 1 0 0 0 0 0 0
1.7252163887023926 1.7938086986541748 -27.30950164794922 0.48698174445738157 -0.8734121481667434 0 0 0 1 0 0 0 0 0 0
1.51475191116333 1.597386121749878 -26.984699249267578 0.8377569890723218 -0.5460432466943236 0 0 0 1 0 0 0 0 0 0
1.4200024604797363 1.3255393505096436 -26.659896850585938 0.9956692484612095 -0.09296637923835775 0 0 0 1 0 0 0 0 0 0
1.4627881050109863 1.0408484935760498 -26.335094451904297 0.9243596771248539 0.38152219765779793 0 0 0 1 0 0 0 0 0 0
1.6332554817199707 0.8088614344596863 -26.010292053222656 0.6402505255277496 0.7681661698886774 0 0 0 1 0 0 0 0 0 0
1.892162799835205 0.6829764246940613 -25.685489654541016 0.20874131170806134 0.9779708915844059 0 0 0 1 0 0 0 0 0 0
2.179901599884033 0.69218510389328 -25.360687255859375 -0.27083195724315234 0.9626266415053363 0 0 0 1 0 0 0 0 0 0
1.9304585456848145 -0.6865723729133606 -25.360687255859375 0.14491387147337348 -0.9894442732436218 0 0 0 -1 0 0 0 0 0 0
2.2255330085754395 -0.7174943089485168 -25.691986083984375 -0.34687916252383894 -0.9379098286118769 0 0 0 -1 0 0 0 0 0 0
2.4697155952453613 -0.8860123753547668 -26.023284912109375 -0.7538500458147115 -0.6570465040049734 0 0 0 -1 0 0 0 0 0 0
2.603302478790283 -1.1509239673614502 -26.35457992553711 -0.9764994026207695 -0.21552010737116944 0 0 0 -1 0 0 0 0 0 0
2.593632221221924 -1.447455644607544 -26.68587875366211 -0.9603784906137479 0.2786990397659439 0 0 0 -1 0 0 0 0 0 0
2.4430699348449707 -1.7030975818634033 -27.01717758178711 -0.7094422129791952 0.7047636103284436 0 0 0 -1 0 0 0 0 0 0
2.1884236335754395 -1.8553497791290283 -27.34847640991211 -0.28502487510700925 0.9585201200654234 0 0 0 -1 0 0 0 0 0 0
1.8919644355773926 -1.866980791091919 -27.67977523803711 0.20906626990552218 0.9779014749900887 0 0 0 -1 0 0 0 0 0 0
1.6261754035949707 -1.735144853591919 -28.01107406616211 0.6520553926480493 0.7581713295282264 0 0 0 -1 0 0 0 0 0 0
1.456047534942627 -1.4920799732208252 -28.34237289428711 0.9355963345233462 0.3530715208374628 0 0 0 -1 0 0 0 0 0 0
1.4231762886047363 -1.1972191333770752 -28.67367172241211 0.9903818828340089 -0.13836085484761868 0 0 0 -1 0 0 0 0 0 0
1.5356030464172363 -0.9226563572883606 -29.00497055053711 0.8030071778098923 -0.5959693552405123 0 0 0 -1 0 0 0 0 0 0
1.7658352851867676 -0.7355263829231262 -29.336265563964844 0.419281641100508 -0.9078562140758111 0 0 0 -1 0 0 0 0 0 0
2.057579517364502 -0.6815865635871887 -29.667564392089844 -0.06695911551200445 -0.99775572002863 0 0 0 -1 0 0 0 0 0 0
2.339500904083252 -0.7740243077278137 -29.998863220214844 -0.5368305599076807 -0.8436900793236852 0 0 0 -1 0 0 0 0 0 0
2.542664051055908 -0.9902375340461731 -30.330162048339844 -0.8754345320461211 -0.4833367150353765 0 0 0 -1 0 0 0 0 0 0
2.6173977851867676 -1.2773582935333252 -30.661460876464844 -0.9999884702017271 -0.0048020270313071 0 0 0 -1 0 0 0 0 0 0
2.5454258918762207 -1.5651848316192627 -30.992759704589844 -0.8800340817710984 0.47491053359690777 0 0 0 -1 0 0 0 0 0 0
2.3443455696105957 -1.7833397388458252 -31.324058532714844 -0.5448956714085125 0.8385038504862492 0 0 0 -1 0 0 0 0 0 0
2.063328266143799 -1.8784782886505127 -31.655357360839844 -0.07654120327519746 0.9970664191522973 0 0 0 -1 0 0 0 0 0 0
1.7710766792297363 -1.8273422718048096 -31.986656188964844 0.4105517416650817 0.9118373031499468 0 0 0 -1 0 0 0 0 0 0
2.207092761993408 1.8389861583709717 -31.986656188964844 -0.31615034863183705 -0.9487091003358027 0 0 0 1 0 0 0 0 0 0
1.9132275581359863 1.8606460094451904 -31.652572631835938 0.1736362001607403 -0.9848098648946098 0 0 0 1 0 0 0 0 0 0
1.6444897651672363 1.7397964000701904 -31.31848907470703 0.6215265132121115 -0.7833931282404734 0 0 0 1 0 0 0 0 0 0
1.465691089630127 1.5055854320526123 -30.984405517578125 0.9195224019553598 -0.39303759655056625 0 0 0 1 0 0 0 0 0 0
1.4199566841125488 1.2144973278045654 -30.650325775146484 0.9957495201085551 0.09210262321770285 0 0 0 1 0 0 0 0 0 0
1.5183110237121582 0.9367339015007019 -30.316242218017578 0.8318205720000165 0.5550446252307695 0 0 0 1 0 0 0 0 0 0
1.7370381355285645 0.7392928004264832 -29.982158660888672 0.46727718579281863 0.8841108706703835 0 0 0 1 0 0 0 0 0 0
2.0233845710754395 0.6697890162467957 -29.64807891845703 -0.009963038102091044 0.9999503677042058 0 0 0 1 0 0 0 0 0 0
-0.13096758723258972 3.1417548656463623 -29.64807891845703 -0.09998471208562766 -0.9949889734811909 0 0 0 -1 0 0 0 0 0 0
0.19339421391487122 3.0054900646209717 -30.037841796875 -0.6405926319743659 -0.7678809021327165 0 0 0 -1 0 0 0 0 0 0
0.3856053650379181 2.7108161449432373 -30.42760467529297 -0.9609400605778973 -0.27675657169532086 0 0 0 -1 0 0 0 0 0 0
0.37957432866096497 2.359043836593628 -30.817367553710938 -0.9508896337993669 0.3095301347735076 0 0 0 -1 0 0 0 0 0 0
0.17737820744514465 2.071129560470581 -31.207130432128906 -0.6138978913956541 0.7893854438358804 0 0 0 -1 0 0 0 0 0 0
-0.15146395564079285 1.9460608959197998 -31.596893310546875 -0.0658257092180285 0.9978311360174846 0 0 0 -1 0 0 0 0 0 0
-0.49388644099235535 2.026848554611206 -31.986656188964844 0.5048815011335429 0.8631886640898038 0 0 0 -1 0 0 0 0 0 0
-0.7321524024009705 2.2857062816619873 -32.37641906738281 0.9019903273442509 0.4317562383769468 0 0 0 -1 0 0 0 0 0 0
-0.7843393683433533 2.6336371898651123 -32.76618194580078 0.9889673138882304 -0.1481338990936848 0 0 0 -1 0 0 0 0 0 0
-0.6325048804283142 2.9510085582733154 -33.15594482421875 0.7359126347464924 -0.6770765052935125 0 0 0 -1 0 0 0 0 0 0
-0.3288531005382538 3.1287009716033936 -33.54570770263672 0.22982471302696458 -0.9732320387667442 0 0 0 -1 0 0 0 0 0 0
0.022211583331227303 3.105614423751831 -33.93547058105469 -0.35528325531512583 -0.9347586899797654 0 0 0 -1 0 0 0 0 0 0
-2.5328402519226074 0.6848036646842957 -33.93547058105469 0.22252391697451263 0.9749272313225844 0 0 0 1 0 0 0 0 0 0
-2.0907320976257324 0.7552000880241394 -33.41578674316406 -0.5143207725599973 0.8575978911548742 0 0 0 1 0 0 0 0 0 0
-1.8204188346862793 1.1120612621307373 -32.89610290527344 -0.9648415831912606 0.262832112469123 0 0 0 1 0 0 0 0 0 0
-1.8723902702331543 1.5567100048065186 -32.37641906738281 -0.8782229544888918 -0.4782514424534462 0 0 0 1 0 0 0 0 0 0
-2.217710018157959 1.8416144847869873 -31.856735229492188 -0.302690034142713 -0.9530890531480692 0 0 0 1 0 0 0 0 0 0
-2.6641364097595215 1.808159589767456 -31.337051391601562 0.4413563116566066 -0.8973319375575998 0 0 0 1 0 0 0 0 0 0
-2.9631400108337402 1.4749724864959717 -30.817367553710938 0.93969248736894 -0.3420205098855549 0 0 0 1 0 0 0 0 0 0
-1.835507869720459 -1.485450029373169 -30.817367553710938 -0.93969248736894 0.3420205098855549 0 0 0 -1 0 0 0 0 0 0
-2.093331813812256 -1.7963478565216064 -31.267093658447266 -0.5099867521918525 0.8601822554486962 0 0 0 -1 0 0 0 0 0 0
-2.4898123741149902 -1.873378038406372 -31.716819763183594 0.15081434348253053 0.9885621041694514 0 0 0 -1 0 0 0 0 0 0
-2.8452887535095215 -1.6816322803497314 -32.16654586791992 0.7432760147168886 0.668984877218147 0 0 0 -1 0 0 0 0 0 0
-2.9986815452575684 -1.3079979419708252 -32.61627197265625 0.9989294869431231 0.04625883824253227 0 0 0 -1 0 0 0 0 0 0
-2.880481243133545 -0.9217866063117981 -33.06599807739258 0.8019252807902737 -0.597424341678041 0 0 0 -1 0 0 0 0 0 0
-2.544250011444092 -0.6980050206184387 -33.515724182128906 0.24154292746462339 -0.9703901350445705 0 0 0 -1 0 0 0 0 0 0
-2.1423487663269043 -0.7380555272102356 -33.965450286865234 -0.4282923426329635 -0.9036402321952958 0 0 0 -1 0 0 0 0 0 0
-1.85689115524292 -1.0237915515899658 -34.41517639160156 -0.9040557136562748 -0.4274146307807488 0 0 0 -1 0 0 0 0 0 0
-1.8172316551208496 -1.4257309436798096 -34.86490249633789 -0.9701563581924327 0.24248018611588956 0 0 0 -1 0 0 0 0 0 0
-2.0413413047790527 -1.761744737625122 -35.31462860107422 -0.5966359804197059 0.802511997959293 0 0 0 -1 0 0 0 0 0 0
-2.4276652336120605 -1.8795692920684814 -35.76435470581055 0.04723517933477064 0.9988837959608776 0 0 0 -1 0 0 0 0 0 0
-2.8011488914489746 -1.7258141040802002 -36.214080810546875 0.6697107227686354 0.7426220760310804 0 0 0 -1 0 0 0 0 0 0
-2.992549419403076 -1.3701508045196533 -36.66381072998047 0.9887086797234701 0.14985041421188308 0 0 0 -1 0 0 0 0 0 0
0.38579800724983215 -2.3898613452911377 -36.66381072998047 -0.9612652562765948 -0.2756249391392085 0 0 0 1 0 0 0 0 0 0
0.1914067566394806 -2.092860460281372 -36.2740478515625 -0.6372796053046922 -0.770632665193149 0 0 0 1 0 0 0 0 0 0
-0.1368097960948944 -1.9576866626739502 -35.88428497314453 -0.09024490606692834 -0.9959196036472879 0 0 0 1 0 0 0 0 0 0
-0.4839777648448944 -2.031653642654419 -35.49452209472656 0.4883626611558138 -0.8726407686951211 0 0 0 1 0 0 0 0 0 0
-0.7285913825035095 -2.288874864578247 -35.104759216308594 0.8960548033350529 -0.44394345295339077 0 0 0 1 0 0 0 0 0 0
-0.7850393652915955 -2.639319658279419 -34.714996337890625 0.9901325458551014 0.1401340131391928 0 0 0 1 0 0 0 0 0 0
-0.6335615515708923 -2.960334062576294 -34.325233459472656 0.7376736300836907 0.6751574745784501 0 0 0 1 0 0 0 0 0 0
-0.3271765410900116 -3.13957142829895 -33.93547058105469 0.22703205311973318 0.973887286525622 0 0 0 1 0 0 0 0 0 0
0.026882680132985115 -3.114295244216919 -33.54570770263672 -0.36306937434009895 0.9317621098844323 0 0 0 1 0 0 0 0 0 0
0.30469945073127747 -2.89335560798645 -33.15594482421875 -0.826094628290287 0.56353142335626 0 0 0 1 0 0 0 0 0 0
0.40903905034065247 -2.5540764331817627 -32.76618194580078 -0.9999981162303816 -0.001941014087613457 0 0 0 1 0 0 0 0 0 0
0.30338338017463684 -2.2152016162872314 -32.37641906738281 -0.8239032583420907 -0.5667304658241747 0 0 0 1 0 0 0 0 0 0
0.02471211738884449 -1.9953415393829346 -31.986656188964844 -0.3594508146067911 -0.9331640326751317 0 0 0 1 0 0 0 0 0 0
-0.32944437861442566 -1.9714386463165283 -31.596893310546875 0.23080996200763457 -0.9729988496591527 0 0 0 1 0 0 0 0 0 0
-0.635131299495697 -2.151862382888794 -31.207130432128906 0.7402846493931388 -0.6722935652472642 0 0 0 1 0 0 0 0 0 0
-0.785359799861908 -2.473468065261841 -30.817367553710938 0.9906695053215103 -0.13628621069658547 0 0 0 1 0 0 0 0 0 0
-0.7275537848472595 -2.823687791824341 -30.42760467529297 0.8943284176166609 0.4474110877518343 0 0 0 1 0 0 0 0 0 0
-0.4819445312023163 -3.0799553394317627 -30.037841796875 0.4849754844252244 0.8745277465618337 0 0 0 1 0 0 0 0 0 0
-0.1344904601573944 -3.152575731277466 -29.64807891845703 -0.09411678655006218 0.9955611636104987 0 0 0 1 0 0 0 0 0 0
0.19319966435432434 -3.016131639480591 -29.258316040039062 -0.6402627469930047 0.7681559833868193 0 0 0 1 0 0 0 0 0 0
0.38643696904182434 -2.718379259109497 -28.868553161621094 -0.9623263485593199 0.27189703725580827 0 0 0 1 0 0 0 0 0 0
0.37758877873420715 -2.3635284900665283 -28.478790283203125 -0.9475814346610474 -0.31951435755801544 0 0 0 1 0 0 0 0 0 0
0.1697545349597931 -2.0757744312286377 -28.089027404785156 -0.6011877225544822 -0.7991078289253303 0 0 0 1 0 0 0 0 0 0
-0.16432711482048035 -1.9558289051055908 -27.699264526367188 -0.04438468832571082 -0.9990145141299146 0 0 0 1 0 0 0 0 0 0
-0.5077299475669861 -2.0456764698028564 -27.30950164794922 0.5279540707667326 -0.8492729238359337 0 0 0 1 0 0 0 0 0 0
-0.7402662634849548 -2.3138649463653564 -26.91973876953125 0.9155107058715185 -0.40229360849339124 0 0 0 1 0 0 0 0 0 0
-0.780547559261322 -2.666529893875122 -26.52997589111328 0.9826473387651757 0.18548371254026078 0 0 0 1 0 0 0 0 0 0
-0.6144766211509705 -2.9802467823028564 -26.140213012695312 0.7058630570813043 0.7083483215536232 0 0 0 1 0 0 0 0 0 0
-0.30017802119255066 -3.1452133655548096 -25.750450134277344 0.18202819140566653 0.9832933120557579 0 0 0 1 0 0 0 0 0 0
0.05234578251838684 -3.103694200515747 -25.360687255859375 -0.405508042007569 0.9140914767501049 0 0 0 1 0 0 0 0 0 0
0.3197160065174103 -2.8702194690704346 -24.970924377441406 -0.8511224094411003 0.5249672791204951 0 0 0 1 0 0 0 0 0 0
0.40835240483283997 -2.526503801345825 -24.581161499023438 -0.9988528177903961 -0.047885784865510955 0 0 0 1 0 0 0 0 0 0
0.2872338593006134 -2.1928436756134033 -24.19139862060547 -0.7969896087646301 -0.6039930161195588 0 0 0 1 0 0 0 0 0 0
-0.0012468984350562096 -1.9860222339630127 -23.8016357421875 -0.31618906012147985 -0.94869619913832 0 0 0 1 0 0 0 0 0 0
-0.3561262786388397 -1.978419542312622 -23.41187286376953 0.27527380842731336 -0.9613658670838708 0 0 0 1 0 0 0 0 0 0
-0.6531996130943298 -2.1727020740509033 -23.022109985351562 0.7704009365124974 -0.6375597203561928 0 0 0 1 0 0 0 0 0 0
-0.7884897589683533 -2.500869035720825 -22.632347106933594 0.995885385012978 -0.09062174086582292 0 0 0 1 0 0 0 0 0 0
-0.714650571346283 -2.84806752204895 -22.242584228515625 0.8728184370436101 0.48804505525284225 0 0 0 1 0 0 0 0 0 0
-0.45752283930778503 -3.0927727222442627 -21.852821350097656 0.44427608752349945 0.89588992518881 0 0 0 1 0 0 0 0 0 0
-0.1070990264415741 -3.149348497390747 -21.463058471679688 -0.1397640059938785 0.9901848426574419 0 0 0 1 0 0 0 0 0 0
0.2139745056629181 -2.9979889392852783 -21.07329559326172 -0.6748879216775686 0.7379202485185863 0 0 0 1 0 0 0 0 0 0
0.3933244049549103 -2.6916725635528564 -20.68353271484375 -0.9738040796821098 0.2273886857222211 0 0 0 1 0 0 0 0 0 0
1.4534192085266113 -1.0754921436309814 -20.68353271484375 0.9399737900733004 -0.34124664683368666 0 0 0 -1 0 0 0 0 0 0
1.6329426765441895 -0.8196023106575012 -21.01333236694336 0.6407703008305731 -0.7677326498029744 0 0 0 -1 0 0 0 0 0 0
1.9168095588684082 -0.6887314915657043 -21.34313201904297 0.16765484299090294 -0.9858457554920523 0 0 0 -1 0 0 0 0 0 0
2.2279820442199707 -0.7184060215950012 -21.672931671142578 -0.3509648807915077 -0.9363886225552949 0 0 0 -1 0 0 0 0 0 0
2.4820027351379395 -0.9005692601203918 -22.002727508544922 -0.7743301682582177 -0.6327817874474584 0 0 0 -1 0 0 0 0 0 0
2.609924793243408 -1.1857788562774658 -22.33252716064453 -0.9875295319610438 -0.15743387025923522 0 0 0 -1 0 0 0 0 0 0
2.577026844024658 -1.4966270923614502 -22.66232681274414 -0.9327030347234262 0.36064532302209534 0 0 0 -1 0 0 0 0 0 0
2.392242908477783 -1.748744249343872 -22.99212646484375 -0.6247237804941391 0.7808458222242793 0 0 0 -1 0 0 0 0 0 0
2.105724811553955 -1.8737022876739502 -23.32192611694336 -0.14720247408095274 0.9891063803375482 0 0 0 -1 0 0 0 0 0 0
1.7952313423156738 -1.8375885486602783 -23.65172576904297 0.37029552853722647 0.9289140011569079 0 0 0 -1 0 0 0 0 0 0
1.5450444221496582 -1.650202989578247 -23.981525421142578 0.7872712620409249 0.6166068114807762 0 0 0 -1 0 0 0 0 0 0
1.423058032989502 -1.362403154373169 -24.311325073242188 0.9905797659771023 0.13693694620791413 0 0 0 -1 0 0 0 0 0 0
1.4623875617980957 -1.052302598953247 -24.641124725341797 0.9250283377498365 -0.3798981104977678 0 0 0 -1 0 0 0 0 0 0
1.652355670928955 -0.8040688633918762 -24.970924377441406 0.6084146689583422 -0.7936192982761386 0 0 0 -1 0 0 0 0 0 0
2.4363369941711426 0.8402296900749207 -24.970924377441406 -0.6982159395868024 0.715887212979055 0 0 0 1 0 0 0 0 0 0
2.5945706367492676 1.1058051586151123 -24.646121978759766 -0.9619415576187949 0.273255264772569 0 0 0 1 0 0 0 0 0 0
2.5995869636535645 1.4149024486541748 -24.321319580078125 -0.9702993720484089 -0.2419072727357802 0 0 0 1 0 0 0 0 0 0
2.45005464553833 1.6854712963104248 -23.996517181396484 -0.7210803099731123 -0.692851489548143 0 0 0 1 0 0 0 0 0 0
2.185673236846924 1.8456847667694092 -23.671714782714844 -0.2804450198669969 -0.9598700906017436 0 0 0 1 0 0 0 0 0 0
1.8766217231750488 1.8530089855194092 -23.346912384033203 0.23463943633790793 -0.9720824733092499 0 0 0 1 0 0 0 0 0 0
1.604942798614502 1.7055060863494873 -23.022109985351562 0.6874417874159621 -0.7262394845464871 0 0 0 1 0 0 0 0 0 0
1.4427571296691895 1.4423301219940186 -22.697307586669922 0.9577456511185897 -0.2876165290163777 0 0 0 1 0 0 0 0 0 0
1.4331212043762207 1.1333396434783936 -22.37250518798828 0.9738087582465039 0.22736864859166994 0 0 0 1 0 0 0 0 0 0
1.5785870552062988 0.8605658411979675 -22.04770278930664 0.7313644057557642 0.681986881100742 0 0 0 1 0 0 0 0 0 0
1.8405461311340332 0.6964194178581238 -21.722900390625 0.2947637588758853 0.95557015778715 0 0 0 1 0 0 0 0 0 0
2.1494526863098145 0.6844717860221863 -21.39809799194336 -0.2200738389136309 0.9754832163732071 0 0 0 1 0 0 0 0 0 0
2.4233059883117676 0.827896773815155 -21.07329559326172 -0.6765035311230809 0.7364393881223374 0 0 0 1 0 0 0 0 0 0
-0.5416082739830017 3.0316321849823 -21.07329559326172 0.5844171254970393 -0.8114534018819428 0 0 0 -1 0 0 0 0 0 0
-0.18846270442008972 3.144757032394409 -21.463058471679688 -0.0041624699703137385 -0.9999913368843483 0 0 0 -1 0 0 0 0 0 0
0.1637292206287384 3.028698682785034 -21.852821350097656 -0.5911493820739641 -0.8065620918897507 0 0 0 -1 0 0 0 0 0 0
0.38044217228889465 2.7277915477752686 -22.242584228515625 -0.952335391274657 -0.3050529503639428 0 0 0 -1 0 0 0 0 0 0
0.37889721989631653 2.356976270675659 -22.632347106933594 -0.9497615521744798 0.3129744302832466 0 0 0 -1 0 0 0 0 0 0
0.1596856415271759 2.057884931564331 -23.022109985351562 -0.5844044748045893 0.8114625128916135 0 0 0 -1 0 0 0 0 0 0
-0.19345995783805847 1.944767713546753 -23.41187286376953 0.004168126435010313 0.9999913133232817 0 0 0 -1 0 0 0 0 0 0
-0.5456518530845642 2.060826063156128 -23.8016357421875 0.5911529744804463 0.8065594589135512 0 0 0 -1 0 0 0 0 0 0
-0.7623609900474548 2.3617331981658936 -24.19139862060547 0.9523386425463201 0.30504280013308394 0 0 0 -1 0 0 0 0 0 0
-0.7608141303062439 2.7325522899627686 -24.581161499023438 0.9497582084682269 -0.3129845770117502 0 0 0 -1 0 0 0 0 0 0
2.6115002632141113 -1.1962578296661377 -18.344955444335938 -0.9901564350911978 -0.13996511725244404 0 0 0 -1 0 0 0 0 0 0
2.5479626655578613 -1.5604355335235596 -18.734718322753906 -0.8842585140855999 0.4669977304732078 0 0 0 -1 0 0 0 0 0 0
2.283012866973877 -1.8182480335235596 -19.124481201171875 -0.4426750753097399 0.8966820939996049 0 0 0 -1 0 0 0 0 0 0
1.9172368049621582 -1.8718178272247314 -19.514244079589844 0.1669492533532103 0.9859654896621918 0 0 0 -1 0 0 0 0 0 0
1.5894856452941895 -1.700812578201294 -19.904006958007812 0.713206231378271 0.7009542577966157 0 0 0 -1 0 0 0 0 0 0
1.4241795539855957 -1.3701508045196533 -20.29376983642578 0.9887088056925111 0.1498495830694504 0 0 0 -1 0 0 0 0 0 0
0.38579800724983215 -2.3898613452911377 -20.29376983642578 -0.9612652562765948 -0.2756249391392085 0 0 0 1 0 0 0 0 0 0
0.19700291752815247 -2.0975449085235596 -19.904006958007812 -0.6466023724971706 -0.7628272228237729 0 0 0 1 0 0 0 0 0 0
-0.12228915095329285 -1.9591820240020752 -19.514244079589844 -0.11445248532413985 -0.9934287234639068 0 0 0 1 0 0 0 0 0 0
-0.46468111872673035 -2.0213119983673096 -19.124481201171875 0.4562025257262804 -0.8898759776064091 0 0 0 1 0 0 0 0 0 0
-0.7150015234947205 -2.2630417346954346 -18.734718322753906 0.8734060247672175 -0.4869927267427373 0 0 0 1 0 0 0 0 0 0
-0.7890505194664001 -2.603053331375122 -18.344955444335938 0.9968194149031425 0.07969350081503843 0 0 0 1 0 0 0 0 0 0
-0.6619219183921814 -2.9269821643829346 -17.95519256591797 0.7849371521560811 0.6195753926400736 0 0 0 1 0 0 0 0 0 0
-0.37637659907341003 -3.125869035720825 -17.5654296875 0.3090307659428992 0.951052041531243 0 0 0 1 0 0 0 0 0 0
-0.028462855145335197 -3.1328155994415283 -17.17566680908203 -0.2708268096510935 0.9626280897492087 0 0 0 1 0 0 0 0 0 0
-2.4862704277038574 -0.6865723729133606 -17.17566680908203 0.14490837941512008 -0.9894450775941451 0 0 0 -1 0 0 0 0 0 0
-2.111924648284912 -0.7535508275032043 -17.60873794555664 -0.47899644590771745 -0.8778168401254188 0 0 0 -1 0 0 0 0 0 0
-1.8530325889587402 -1.032111406326294 -18.041805267333984 -0.9104830568750322 -0.4135463736311768 0 0 0 -1 0 0 0 0 0 0
-1.8136019706726074 -1.4103538990020752 -18.474876403808594 -0.976203952776512 0.21685442717065584 0 0 0 -1 0 0 0 0 0 0
-2.0094714164733887 -1.7363274097442627 -18.907943725585938 -0.6497540684352994 0.7601444932062433 0 0 0 -1 0 0 0 0 0 0
-2.361955165863037 -1.8790733814239502 -19.341014862060547 -0.06228049556728036 0.9980586855851183 0 0 0 -1 0 0 0 0 0 0
-2.72944974899292 -1.7812530994415283 -19.774085998535156 0.5502090068493517 0.8350269748827578 0 0 0 -1 0 0 0 0 0 0
-2.964324474334717 -1.4821617603302002 -20.2071533203125 0.9416708154393755 0.33653539984634895 0 0 0 -1 0 0 0 0 0 0
-2.972224712371826 -1.101954698562622 -20.64022445678711 0.9548333641088063 -0.2971417957552583 0 0 0 -1 0 0 0 0 0 0
-2.7499728202819824 -0.7933648228645325 -21.07329559326172 0.5844082518364726 -0.8114597927102968 0 0 0 -1 0 0 0 0 0 0
-1.9934210777282715 0.827896773815155 -21.07329559326172 -0.6765065735707333 0.7364365932757457 0 0 0 1 0 0 0 0 0 0
-1.8039813041687012 1.1951491832733154 -20.618572235107422 -0.9922372600936495 0.12435923641550495 0 0 0 1 0 0 0 0 0 0
-1.8969359397888184 1.5977942943572998 -20.163848876953125 -0.8373131662631219 -0.5467235696423062 0 0 0 1 0 0 0 0 0 0
-2.2281947135925293 1.8448379039764404 -19.709125518798828 -0.28521543508075575 -0.9584634346659737 0 0 0 1 0 0 0 0 0 0
-2.6406283378601074 1.8191001415252686 -19.25440216064453 0.4021721053597056 -0.9155640871454832 0 0 0 1 0 0 0 0 0 0
-2.9386000633239746 1.5327842235565186 -18.799678802490234 0.8987919512316773 -0.4383754422879482 0 0 0 1 0 0 0 0 0 0
-2.980769634246826 1.1217048168182373 -18.344955444335938 0.9690749813668661 0.2467664492770599 0 0 0 1 0 0 0 0 0 0
0.40313389897346497 2.6287429332733154 -18.344955444335938 -0.9901563251925106 -0.1399658947074732 0 0 0 -1 0 0 0 0 0 0
0.34543851017951965 2.275913953781128 -18.734718322753906 -0.8939936927502488 0.44807954352187707 0 0 0 -1 0 0 0 0 0 0
0.09729626774787903 2.018540143966675 -19.124481201171875 -0.48042826433633495 0.8770340260370614 0 0 0 -1 0 0 0 0 0 0
-0.2531885802745819 1.9479949474334717 -19.514244079589844 0.10371406937854978 0.9946071545152596 0 0 0 -1 0 0 0 0 0 0
-0.5815805792808533 2.0893332958221436 -19.904006958007812 0.6510352192037467 0.7590475237798548 0 0 0 -1 0 0 0 0 0 0
-0.7712835669517517 2.3923652172088623 -20.29376983642578 0.9672067258958407 0.2539904513595894 0 0 0 -1 0 0 0 0 0 0
-0.7549452185630798 2.749504804611206 -20.68353271484375 0.939978031907608 -0.3412349623516031 0 0 0 -1 0 0 0 0 0 0
2.601688861846924 1.1333281993865967 -20.68353271484375 -0.9738037896202347 0.22738992792397283 0 0 0 1 0 0 0 0 0 0
2.5927281379699707 1.4400641918182373 -20.349449157714844 -0.9588725573209859 -0.28383695815857507 0 0 0 1 0 0 0 0 0 0
2.433281421661377 1.7022521495819092 -20.015365600585938 -0.6931262052149268 -0.7208162481828189 0 0 0 1 0 0 0 0 0 0
2.1650471687316895 1.851311445236206 -19.681285858154297 -0.24607153347027047 -0.9692516703186999 0 0 0 1 0 0 0 0 0 0
1.85819673538208 1.8482520580291748 -19.34720230102539 0.2653457980473166 -0.9641533111796239 0 0 0 1 0 0 0 0 0 0
1.5929913520812988 1.6938750743865967 -19.013118743896484 0.7073591800785227 -0.7068542921696381 0 0 0 1 0 0 0 0 0 0
1.4388012886047363 1.4285590648651123 -18.679039001464844 0.9643415898647414 -0.26466072254330236 0 0 0 1 0 0 0 0 0 0
1.4359593391418457 1.1217048168182373 -18.344955444335938 0.9690753229690029 0.2467651077695605 0 0 0 1 0 0 0 0 0 0
-2.796334743499756 0.8198935389518738 -17.95519256591797 0.6616846315762048 0.7497822672855516 0 0 0 1 0 0 0 0 0 0
-2.424403667449951 0.6702849268913269 -17.50546646118164 0.041799007393203205 0.9991260395870698 0 0 0 1 0 0 0 0 0 0
-2.0412745475769043 0.7883040308952332 -17.055740356445312 -0.5967511253266344 0.80242637944013 0 0 0 1 0 0 0 0 0 0
-1.817990779876709 1.1212584972381592 -16.606014251708984 -0.9688863468745024 0.24750605414854235 0 0 0 1 0 0 0 0 0 0
-1.8542323112487793 1.520512342453003 -16.156288146972656 -0.9084834240610673 -0.41792088749699835 0 0 0 1 0 0 0 0 0 0
-2.1338210105895996 1.8078200817108154 -15.706558227539062 -0.4425041232084738 -0.8967664695691403 0 0 0 1 0 0 0 0 0 0
-2.531938076019287 1.854923963546753 -15.256832122802734 0.22102168062533373 -0.9752688945585997 0 0 0 1 0 0 0 0 0 0
-2.8708510398864746 1.6407897472381592 -14.807106018066406 0.785876447276684 -0.6183835457188176 0 0 0 1 0 0 0 0 0 0
-2.9992594718933105 1.2610175609588623 -14.357379913330078 0.9998937879897379 0.014574386420465438 0 0 0 1 0 0 0 0 0 0
-2.8598380088806152 0.885147750377655 -13.90765380859375 0.7675204242272043 0.6410244912591815 0 0 0 1 0 0 0 0 0 0
-2.514827251434326 0.680985152721405 -13.457927703857422 0.19250393400608348 0.9812962016599176 0 0 0 1 0 0 0 0 0 0
-2.118253231048584 0.7396666407585144 -13.008201599121094 -0.46844815694497793 0.8834909870818451 0 0 0 1 0 0 0 0 0 0
-1.8471579551696777 1.0350005626678467 -12.558475494384766 -0.9202774957926918 0.39126631689621866 0 0 0 1 0 0 0 0 0 0
-1.8225665092468262 1.4351394176483154 -12.108749389648438 -0.9612627097712642 -0.2756338201368012 0 0 0 1 0 0 0 0 0 0
-2.992549419403076 -1.3701508045196533 -12.108749389648438 0.9887086797234701 0.14985041421188308 0 0 0 -1 0 0 0 0 0 0
-2.8996787071228027 -0.94911128282547 -12.576465606689453 0.8339218833341678 -0.551882498813284 0 0 0 -1 0 0 0 0 0 0
-2.5484347343444824 -0.6990616917610168 -13.044181823730469 0.24851575687386182 -0.9686278535048493 0 0 0 -1 0 0 0 0 0 0
-2.1201910972595215 -0.7491219639778137 -13.511894226074219 -0.46521718774851073 -0.8851965703861301 0 0 0 -1 0 0 0 0 0 0
-1.836087703704834 -1.0734436511993408 -13.979610443115234 -0.9387285164400115 -0.3446574711540938 0 0 0 -1 0 0 0 0 0 0
-1.8428301811218262 -1.5045502185821533 -14.44732666015625 -0.9274884122620052 0.3738519026562586 0 0 0 -1 0 0 0 0 0 0
-2.1369376182556152 -1.8198235034942627 -14.915042877197266 -0.4373129500422229 0.8993093926593718 0 0 0 -1 0 0 0 0 0 0
-2.566535472869873 -1.8564674854278564 -15.382755279541016 0.278685688503235 0.960382365010665 0 0 0 -1 0 0 0 0 0 0
-2.909789562225342 -1.595557451248169 -15.850471496582031 0.8507757188571685 0.5255289489676742 0 0 0 -1 0 0 0 0 0 0
-2.9894461631774902 -1.171820878982544 -16.318187713623047 0.9835393743324385 -0.1806939377448928 0 0 0 -1 0 0 0 0 0 0
-2.7643752098083496 -0.8040688633918762 -16.785903930664062 0.6084217354539069 -0.7936138808181572 0 0 0 -1 0 0 0 0 0 0
0.22797253727912903 -2.984767198562622 -16.785903930664062 -0.6982245089455514 0.7158788550500313 0 0 0 1 0 0 0 0 0 0
0.3988538086414337 -2.66532826423645 -16.396141052246094 -0.9830220566725005 0.18348742762207684 0 0 0 1 0 0 0 0 0 0
0.35471203923225403 -2.3057548999786377 -16.006378173828125 -0.9094545956973816 -0.41580324477439085 0 0 0 1 0 0 0 0 0 0
0.11163762211799622 -2.0371315479278564 -15.616615295410156 -0.504329972766778 -0.8635110182094151 0 0 0 1 0 0 0 0 0 0
-0.24175211787223816 -1.957392930984497 -15.226852416992188 0.08465265219694378 -0.9964105220620781 0 0 0 1 0 0 0 0 0 0
-0.5766252875328064 -2.095607042312622 -14.837089538574219 0.642774096458379 -0.7660557818606389 0 0 0 1 0 0 0 0 0 0
-0.7708982825279236 -2.401385545730591 -14.44732666015625 0.9665639356920522 -0.25642573626586396 0 0 0 1 0 0 0 0 0 0
-0.7537474036216736 -2.7632553577423096 -14.057563781738281 0.9379769998884034 0.3466974872714685 0 0 0 1 0 0 0 0 0 0
-0.531423032283783 -3.0492889881134033 -13.667800903320312 0.5674417047655723 0.8234135726915977 0 0 0 1 0 0 0 0 0 0
-0.1849798858165741 -3.155207872390747 -13.278038024902344 -0.00996315162601446 0.9999503665731 0 0 0 1 0 0 0 0 0 0
2.077396869659424 -0.6832459568977356 -13.278038024902344 -0.09999028331063649 -0.994988413622721 0 0 0 -1 0 0 0 0 0 0
2.377087116241455 -0.7999985814094543 -13.6378173828125 -0.599466792381462 -0.8003996282057363 0 0 0 -1 0 0 0 0 0 0
2.5734219551086426 -1.0547516345977783 -13.997600555419922 -0.9266941784800966 -0.37581631094339024 0 0 0 -1 0 0 0 0 0 0
2.609989643096924 -1.374293565750122 -14.357379913330078 -0.9876367416599959 0.15675990087782823 0 0 0 -1 0 0 0 0 0 0
2.4762768745422363 -1.6668121814727783 -14.7171630859375 -0.7647846218027138 0.6442860251891855 0 0 0 -1 0 0 0 0 0 0
2.2107090950012207 -1.8482468128204346 -15.076942443847656 -0.32217587251322927 0.9466798335077914 0 0 0 -1 0 0 0 0 0 0
1.8895955085754395 -1.8664696216583252 -15.436725616455078 0.21301557778117025 0.9770488030915111 0 0 0 -1 0 0 0 0 0 0
1.60520601272583 -1.7162353992462158 -15.796504974365234 0.6870036270947625 0.7266539866804838 0 0 0 -1 0 0 0 0 0 0
1.4392666816711426 -1.4407188892364502 -16.156288146972656 0.96356659848596 0.2674685220398784 0 0 0 -1 0 0 0 0 0 0
1.4394497871398926 -1.1190903186798096 -16.516067504882812 0.9632588302954346 -0.2685748049573364 0 0 0 -1 0 0 0 0 0 0
1.6057133674621582 -0.8437684178352356 -16.87584686279297 0.686155323377389 -0.7274550654170131 0 0 0 -1 0 0 0 0 0 0
1.890270709991455 -0.69386225938797 -17.23563003540039 0.21189537627367297 -0.977292356213758 0 0 0 -1 0 0 0 0 0 0
2.2113614082336426 -0.7124550938606262 -17.595409393310547 -0.3232639922921483 -0.946308824479272 0 0 0 -1 0 0 0 0 0 0
2.4767231941223145 -0.8941949009895325 -17.95519256591797 -0.765528323230129 -0.6434021964000957 0 0 0 -1 0 0 0 0 0 0
1.6203923225402832 0.8198935389518738 -17.95519256591797 0.6616909389503246 0.7497767009657195 0 0 0 1 0 0 0 0 0 0
1.8974194526672363 0.6818816065788269 -17.614151000976562 0.1999810802705711 0.9797997588965897 0 0 0 1 0 0 0 0 0 0
2.2063679695129395 0.7002951502799988 -17.27310562133789 -0.31493827260825097 0.9491121558838718 0 0 0 1 0 0 0 0 0 0
2.465038776397705 0.8702322840690613 -16.932064056396484 -0.7460576034588015 0.6658814101034132 0 0 0 1 0 0 0 0 0 0
2.6046032905578613 1.146477460861206 -16.591022491455078 -0.9786640337661174 0.20546705091724937 0 0 0 1 0 0 0 0 0 0
2.587925434112549 1.4555251598358154 -16.249980926513672 -0.9508649024843756 -0.3096061001068595 0 0 0 1 0 0 0 0 0 0
2.4194416999816895 1.7151458263397217 -15.908935546875 -0.670061795115935 -0.7423053217686176 0 0 0 1 0 0 0 0 0 0
2.143982410430908 1.8562591075897217 -15.567893981933594 -0.21096399936935517 -0.9774938316787922 0 0 0 1 0 0 0 0 0 0
1.8348469734191895 1.841313123703003 -15.226852416992188 0.30426721439894217 -0.9525867216384596 0 0 0 1 0 0 0 0 0 0
1.5742840766906738 1.674290418624878 -14.885810852050781 0.73853625805184 -0.6742137610155893 0 0 0 1 0 0 0 0 0 0
1.4316296577453613 1.3996284008026123 -14.54476547241211 0.9762935953715611 -0.21645049234517968 0 0 0 1 0 0 0 0 0 0
1.4448399543762207 1.0904090404510498 -14.203723907470703 0.9542755224444031 0.2989284651274644 0 0 0 1 0 0 0 0 0 0
1.6103978157043457 0.8289152979850769 -13.862682342529297 0.6783433880482584 0.734745022365725 0 0 0 1 0 0 0 0 0 0
1.8842549324035645 0.6847235560417175 -13.52164077758789 0.22191589975980833 0.9750658097963414 0 0 0 1 0 0 0 0 0 0
2.1935391426086426 0.6961943507194519 -13.180595397949219 -0.2935527867478874 0.9559428651297887 0 0 0 1 0 0 0 0 0 0
2.4559597969055176 0.8602835536003113 -12.839553833007812 -0.7309204764845088 0.6824626415091587 0 0 0 1 0 0 0 0 0 0
2.601688861846924 1.1333281993865967 -12.498512268066406 -0.9738037896202347 0.22738992792397283 0 0 0 1 0 0 0 0 0 0
-0.7549452185630798 2.749504804611206 -12.498512268066406 0.939978031907608 -0.3412349623516031 0 0 0 -1 0 0 0 0 0 0
-0.5416082739830017 3.0316359996795654 -12.888275146484375 0.5844118048464625 -0.8114572338429795 0 0 0 -1 0 0 0 0 0 0
-0.20641276240348816 3.1445624828338623 -13.278038024902344 0.025754641631230698 -0.9996682942028556 0 0 0 -1 0 0 0 0 0 0
0.13415387272834778 3.0490424633026123 -13.667800903320312 -0.5418572302196495 -0.8404705480019452 0 0 0 -1 0 0 0 0 0 0
0.36173489689826965 2.77827525138855 -14.057563781738281 -0.9211573771095626 -0.38919029612341444 0 0 0 -1 0 0 0 0 0 0
0.39724209904670715 2.426354169845581 -14.44732666015625 -0.9803345863330661 0.19734259256221412 0 0 0 -1 0 0 0 0 0 0
0.2283349335193634 2.115582227706909 -14.837089538574219 -0.6988207710643457 0.7152968124695043 0 0 0 -1 0 0 0 0 0 0
-0.08628794550895691 1.9539611339569092 -15.226852416992188 -0.1744499880867119 0.9846660355961031 0 0 0 -1 0 0 0 0 0 0
-0.4372858703136444 1.997654676437378 -15.616615295410156 0.410542877244731 0.9118412942741833 0 0 0 -1 0 0 0 0 0 0
-0.7026781439781189 2.2314841747283936 -16.006378173828125 0.8528652492643493 0.5221310818149589 0 0 0 -1 0 0 0 0 0 0
-0.7902368903160095 2.574181318283081 -16.396141052246094 0.9987972950551535 -0.04903022935402894 0 0 0 -1 0 0 0 0 0 0
-0.6695322394371033 2.9066550731658936 -16.785903930664062 0.7976200669558072 -0.6031602015960714 0 0 0 -1 0 0 0 0 0 0
-0.38251063227653503 3.1133620738983154 -17.17566680908203 0.31925042431338624 -0.9476703892048769 0 0 0 -1 0 0 0 0 0 0
-0.028920618817210197 3.1224677562713623 -17.5654296875 -0.2700612503408015 -0.9628431445798237 0 0 0 -1 0 0 0 0 0 0
0.2683568298816681 2.9308021068573 -17.95519256591797 -0.7655259134543784 -0.6434050635718057 0 0 0 -1 0 0 0 0 0 0
2.5941624641418457 1.4351394176483154 -12.108749389648438 -0.961262283565907 -0.275635306507816 0 0 0 1 0 0 0 0 0 0
2.455383777618408 1.6798522472381592 -11.789852142333984 -0.7299663722561327 -0.6834830615130276 0 0 0 1 0 0 0 0 0 0
2.2203221321105957 1.8344085216522217 -11.470954895019531 -0.33819220544861106 -0.9410770596363532 0 0 0 1 0 0 0 0 0 0
1.9406476020812988 1.864830732345581 -11.152057647705078 0.12792648185545097 -0.9917836534446851 0 0 0 1 0 0 0 0 0 0
1.677849292755127 1.7644317150115967 -10.833160400390625 0.5659277422360738 -0.8244548444685008 0 0 0 1 0 0 0 0 0 0
1.489696979522705 1.5552871227264404 -10.514263153076172 0.8795091900449087 -0.4758819019741651 0 0 0 1 0 0 0 0 0 0
1.4175610542297363 1.2833678722381592 -10.195369720458984 0.9997428886692062 -0.022675020514897604 0 0 0 1 0 0 0 0 0 0
1.4772915840148926 1.008457899093628 -9.876472473144531 0.9001874878913274 0.4355025678958753 0 0 0 1 0 0 0 0 0 0
1.6557660102844238 0.7909972071647644 -9.557575225830078 0.6027376095234149 0.7979394551380447 0 0 0 1 0 0 0 0 0 0
1.9137425422668457 0.6787840723991394 -9.238677978515625 0.17277137720170058 0.9849619541991598 0 0 0 1 0 0 0 0 0 0
2.1945080757141113 0.6964918971061707 -8.919780731201172 -0.29516730956851794 0.9554455815807003 0 0 0 1 0 0 0 0 0 0
2.4363369941711426 0.8402296900749207 -8.600883483886719 -0.6982159395868024 0.715887212979055 0 0 0 1 0 0 0 0 0 0
-0.5560087561607361 3.0209319591522217 -8.600883483886719 0.6084180623694387 -0.7936166967640094 0 0 0 -1 0 0 0 0 0 0
-0.23562189936637878 3.1430976390838623 -8.990646362304688 0.07443682762241399 -0.9972257310626873 0 0 0 -1 0 0 0 0 0 0
0.09935429692268372 3.0698516368865967 -9.380409240722656 -0.4838505341680965 -0.8751506502227189 0 0 0 -1 0 0 0 0 0 0
0.33951428532600403 2.8251121044158936 -9.770172119140625 -0.8841225521746504 -0.4672550831571362 0 0 0 -1 0 0 0 0 0 0
0.40642789006233215 2.488816022872925 -10.159934997558594 -0.9956430517844264 0.09324651968515531 0 0 0 -1 0 0 0 0 0 0
0.27823880314826965 2.170788526535034 -10.549697875976562 -0.7819938841037792 0.6232861022229561 0 0 0 -1 0 0 0 0 0 0
-0.003186671994626522 1.9749000072479248 -10.939460754394531 -0.3129559166281388 0.9497676527695821 0 0 0 -1 0 0 0 0 0 0
-0.34593722224235535 1.965122938156128 -11.3292236328125 0.2583008625611465 0.9660645239321066 0 0 0 -1 0 0 0 0 0 0
-0.6380724310874939 2.1446502208709717 -11.718986511230469 0.7451890403078225 0.6668532778693573 0 0 0 -1 0 0 0 0 0 0
-0.7841848731040955 2.4548499584198 -12.108749389648438 0.988708803724261 0.14984959605598083 0 0 0 -1 0 0 0 0 0 0
-2.7963385581970215 0.8198935389518738 -5.482784271240234 0.6616909389503246 0.7497767009657195 0 0 0 1 0 0 0 0 0 0
-2.3459696769714355 0.6721388697624207 -4.981655120849609 -0.08892158656225548 0.9960386294934808 0 0 0 1 0 0 0 0 0 0
-1.9288973808288574 0.8973395228385925 -4.480533599853516 -0.784048241733946 0.6206998909569001 0 0 0 1 0 0 0 0 0 0
-1.8054022789001465 1.354954481124878 -3.979412078857422 -0.9898687756471077 -0.1419852351439955 0 0 0 1 0 0 0 0 0 0
-2.0525546073913574 1.759403944015503 -3.478282928466797 -0.5779528998709227 -0.8160701229249797 0 0 0 1 0 0 0 0 0 0
-2.5161147117614746 1.8582847118377686 -2.977161407470703 0.19465088005679027 -0.980872588511432 0 0 0 1 0 0 0 0 0 0
-2.9067893028259277 1.5898864269256592 -2.4760398864746094 0.8457740513878252 -0.5335412392674296 0 0 0 1 0 0 0 0 0 0
-2.980769634246826 1.1217048168182373 -1.9749183654785156 0.9690749813668661 0.2467664492770599 0 0 0 1 0 0 0 0 0 0
-1.8052306175231934 -1.1962578296661377 -1.9749183654785156 -0.9901563251925106 -0.1399658947074732 0 0 0 -1 0 0 0 0 0 0
-1.8927435874938965 -1.6017601490020752 -2.420360565185547 -0.8443028192010085 0.5358663541306069 0 0 0 -1 0 0 0 0 0 0
-2.2224173545837402 -1.8535645008087158 -2.865802764892578 -0.29484500263419766 0.9555450928248442 0 0 0 -1 0 0 0 0 0 0
-2.636657238006592 -1.831305742263794 -3.3112449645996094 0.3955551019316638 0.9184422471423181 0 0 0 -1 0 0 0 0 0 0
-2.937446117401123 -1.5456154346466064 -3.7566871643066406 0.8968708096100215 0.4422926077490606 0 0 0 -1 0 0 0 0 0 0
-2.980994701385498 -1.1330673694610596 -4.202129364013672 0.9694508975404681 -0.24528546075538402 0 0 0 -1 0 0 0 0 0 0
-2.746486186981201 -0.7908738255500793 -4.647571563720703 0.5786068723876219 -0.8156065762521868 0 0 0 -1 0 0 0 0 0 0
-2.3460230827331543 -0.6826127171516418 -5.093021392822266 -0.08883813439782787 -0.9960460761815757 0 0 0 -1 0 0 0 0 0 0
-1.9710402488708496 -0.8600342869758606 -5.538463592529297 -0.7138066252110626 -0.7003428459010582 0 0 0 -1 0 0 0 0 0 0
-1.8007903099060059 -1.2383263111114502 -5.983905792236328 -0.9975572239714056 -0.06985402567113148 0 0 0 -1 0 0 0 0 0 0
-1.9166579246520996 -1.6366569995880127 -6.429347991943359 -0.8044437424825922 0.5940288420443917 0 0 0 -1 0 0 0 0 0 0
-2.263253688812256 -1.8646080493927002 -6.874790191650391 -0.22678305148909977 0.9739453000848111 0 0 0 -1 0 0 0 0 0 0
-2.6748976707458496 -1.8132126331329346 -7.320232391357422 0.45928983496741055 0.8882864670226653 0 0 0 -1 0 0 0 0 0 0
-2.9548068046569824 -1.5070374011993408 -7.765678405761719 0.9258083836161743 0.37799317034307184 0 0 0 -1 0 0 0 0 0 0
-2.9691786766052246 -1.0924484729766846 -8.21112060546875 0.9497582170547402 -0.3129845509557953 0 0 0 -1 0 0 0 0 0 0
0.3971410095691681 -2.674140214920044 -8.21112060546875 -0.9801668374643532 0.19817409198764746 0 0 0 1 0 0 0 0 0 0
0.3630872070789337 -2.3249504566192627 -7.821357727050781 -0.9234100139633648 -0.3838149894313386 0 0 0 1 0 0 0 0 0 0
0.1395879089832306 -2.054499864578247 -7.431598663330078 -0.550909105785703 -0.8345652503923207 0 0 0 1 0 0 0 0 0 0
-0.19693323969841003 -1.955268144607544 -7.041835784912109 0.009957430585231452 -0.9999504235591584 0 0 0 1 0 0 0 0 0 0
-0.5314134955406189 -2.061183214187622 -6.652072906494141 0.5674250517632201 -0.8234250485815374 0 0 0 1 0 0 0 0 0 0
-0.749480664730072 -2.3360283374786377 -6.262310028076172 0.9308712347248358 -0.365347429663683 0 0 0 1 0 0 0 0 0 0
-0.7765745520591736 -2.685828447341919 -5.872547149658203 0.9760265455873082 0.21765151575145597 0 0 0 1 0 0 0 0 0 0
2.610851764678955 -1.1918022632598877 -5.872547149658203 -0.9890778615113481 -0.14739397500623425 0 0 0 -1 0 0 0 0 0 0
2.5804104804992676 -1.4876587390899658 -6.206623077392578 -0.9383436914873686 0.3457037990040869 0 0 0 -1 0 0 0 0 0 0
2.4116291999816895 -1.732550859451294 -6.540706634521484 -0.6570402275335134 0.7538555162646944 0 0 0 -1 0 0 0 0 0 0
2.1459813117980957 -1.8663017749786377 -6.874790191650391 -0.21429477245895087 0.9767690364138117 0 0 0 -1 0 0 0 0 0 0
1.84873628616333 -1.856044054031372 -7.208873748779297 0.2811195485472372 0.9596727564251252 0 0 0 -1 0 0 0 0 0 0
1.59293794631958 -1.7042992115020752 -7.542957305908203 0.7074489001695259 0.7067644965962341 0 0 0 -1 0 0 0 0 0 0
1.4414410591125488 -1.4483559131622314 -7.877037048339844 0.9599439356072911 0.28019214923117514 0 0 0 -1 0 0 0 0 0 0
1.4314656257629395 -1.1511032581329346 -8.21112060546875 0.9765643978879688 -0.21522540922881062 0 0 0 -1 0 0 0 0 0 0
1.56547212600708 -0.8855813145637512 -8.545204162597656 0.7532227923331071 -0.6577654788067835 0 0 0 -1 0 0 0 0 0 0
1.8105244636535645 -0.7170327305793762 -8.879283905029297 0.34480057263106556 -0.9386759638518978 0 0 0 -1 0 0 0 0 0 0
2.1064114570617676 -0.6868775486946106 -9.213367462158203 -0.1483465136767445 -0.9889354437373329 0 0 0 -1 0 0 0 0 0 0
2.3804287910461426 -0.8025200963020325 -9.54745101928711 -0.6050432403266541 -0.7961926132130482 0 0 0 -1 0 0 0 0 0 0
2.5652432441711426 -1.035548448562622 -9.881534576416016 -0.9130641828337374 -0.4078158874126405 0 0 0 -1 0 0 0 0 0 0
2.6154446601867676 -1.328700304031372 -10.215614318847656 -0.9967327353995292 0.0807703793662758 0 0 0 -1 0 0 0 0 0 0
2.5186963081359863 -1.6099464893341064 -10.549697875976562 -0.8354881136467193 0.5495085185463885 0 0 0 -1 0 0 0 0 0 0
2.298771381378174 -1.810176134109497 -10.883781433105469 -0.4689405585976067 0.8832297280448415 0 0 0 -1 0 0 0 0 0 0
2.009708881378174 -1.8801910877227783 -11.21786117553711 0.012824061502381155 0.9999177683422689 0 0 0 -1 0 0 0 0 0 0
1.7225384712219238 -1.8027832508087158 -11.551944732666016 0.49144601451988035 0.8709080403880342 0 0 0 -1 0 0 0 0 0 0
1.5078206062316895 -1.596980333328247 -11.886028289794922 0.8493080298913939 0.5278975945787203 0 0 0 -1 0 0 0 0 0 0
1.4183201789855957 -1.3133461475372314 -12.220111846923828 0.9984765015906606 0.055178580729078344 0 0 0 -1 0 0 0 0 0 0
1.476025104522705 -1.0215752124786377 -12.554191589355469 0.9023010517819295 -0.43110649722919214 0 0 0 -1 0 0 0 0 0 0
1.6667561531066895 -0.7933648228645325 -12.888275146484375 0.5844082518364726 -0.8114597927102968 0 0 0 -1 0 0 0 0 0 0
0.21494343876838684 -2.9971039295196533 -12.888275146484375 -0.6765036169766 0.7364393092560838 0 0 0 1 0 0 0 0 0 0
0.38980916142463684 -2.7059319019317627 -12.498512268066406 -0.9679473135242103 0.25115333611414414 0 0 0 1 0 0 0 0 0 0
0.3785748779773712 -2.366473436355591 -12.108749389648438 -0.9492210232780511 -0.31460999502077136 0 0 0 1 0 0 0 0 0 0
0.18483975529670715 -2.0875046253204346 -11.718986511230469 -0.626333520034209 -0.7795552075905573 0 0 0 1 0 0 0 0 0 0
-0.1293158233165741 -1.9584152698516846 -11.3292236328125 -0.10273914308715912 -0.994708333371002 0 0 0 1 0 0 0 0 0 0
-0.4632239043712616 -2.0205681324005127 -10.939460754394531 0.4537717364194669 -0.891117955843592 0 0 0 1 0 0 0 0 0 0
-0.7098879218101501 -2.254054307937622 -10.549697875976562 0.8648844643350223 -0.5019709785952984 0 0 0 1 0 0 0 0 0 0
-0.7902674078941345 -2.5840485095977783 -10.159934997558594 0.9988469068949113 0.04800892194653309 0 0 0 1 0 0 0 0 0 0
-0.6786035895347595 -2.9048149585723877 -9.770172119140625 0.8127387779839548 0.5826282509123186 0 0 0 1 0 0 0 0 0 0
-0.41068026423454285 -3.1135590076446533 -9.380409240722656 0.3662025118383279 0.9305351795194523 0 0 0 1 0 0 0 0 0 0
-0.07235094904899597 -3.143397569656372 -8.990646362304688 -0.19768017289326925 0.9802665705025788 0 0 0 1 0 0 0 0 0 0
0.22797253727912903 -2.984767198562622 -8.600883483886719 -0.6982245089455514 0.7158788550500313 0 0 0 1 0 0 0 0 0 0
-2.7643752098083496 -0.8040688633918762 -8.600883483886719 0.6084217354539069 -0.7936138808181572 0 0 0 -1 0 0 0 0 0 0
-2.3202567100524902 -0.6854737401008606 -9.120567321777344 -0.1317764297496815 -0.9912794623931372 0 0 0 -1 0 0 0 0 0 0
-1.9225478172302246 -0.9159806370735168 -9.640251159667969 -0.7946259867158431 -0.6070992844962616 0 0 0 -1 0 0 0 0 0 0
-1.8046889305114746 -1.360297441482544 -10.159934997558594 -0.9910574661932453 0.13343574746905162 0 0 0 -1 0 0 0 0 0 0
-2.0358595848083496 -1.7576210498809814 -10.679618835449219 -0.6057754528354653 0.7956356582896388 0 0 0 -1 0 0 0 0 0 0
-2.4803690910339355 -1.8747398853302002 -11.199302673339844 0.1350741518264198 0.9908354926567644 0 0 0 -1 0 0 0 0 0 0
-2.8773093223571777 -1.642909288406372 -11.718986511230469 0.7966432057513108 0.6044498347508044 0 0 0 -1 0 0 0 0 0 0
-1.9761176109313965 1.6950805187225342 -11.718986511230469 -0.7053402897869687 -0.708868870527713 0 0 0 1 0 0 0 0 0 0
-2.338435649871826 1.866661787033081 -11.26926040649414 -0.10148309481626379 -0.994837263810777 0 0 0 1 0 0 0 0 0 0
-2.7279372215270996 1.7717711925506592 -10.819534301757812 0.5476873079021378 -0.8366831017553236 0 0 0 1 0 0 0 0 0 0
-2.9707350730895996 1.452763319015503 -10.369808197021484 0.9523499941492481 -0.30500735834390463 0 0 0 1 0 0 0 0 0 0
-2.9584364891052246 1.0520598888397217 -9.920082092285156 0.9318543593475156 0.3628325412156848 0 0 0 1 0 0 0 0 0 0
-2.696530818939209 0.7485434412956238 -9.470355987548828 0.49534421393509653 0.8686967881378527 0 0 0 1 0 0 0 0 0 0
-2.3019442558288574 0.6777159571647644 -9.0206298828125 -0.1622989810485454 0.9867416281634235 0 0 0 1 0 0 0 0 0 0
-1.9508299827575684 0.8711974024772644 -8.570899963378906 -0.747489698453977 0.6642734005702641 0 0 0 1 0 0 0 0 0 0
-1.7999377250671387 1.242607831954956 -8.121173858642578 -0.9989752379645608 0.04526006996955276 0 0 0 1 0 0 0 0 0 0
-1.9166312217712402 1.6261413097381592 -7.671451568603516 -0.8044863842017234 -0.5939710915810947 0 0 0 1 0 0 0 0 0 0
-2.2488131523132324 1.8505752086639404 -7.221721649169922 -0.2508504070109503 -0.9680258639635825 0 0 0 1 0 0 0 0 0 0
-2.648189067840576 1.8157165050506592 -6.771999359130859 0.4147735543527691 -0.9099246664474869 0 0 0 1 0 0 0 0 0 0
-2.936461925506592 1.5371215343475342 -6.322269439697266 0.8952313145698504 -0.4456017206133045 0 0 0 1 0 0 0 0 0 0
-2.984941005706787 1.1391723155975342 -5.872547149658203 0.9760268154889394 0.2176503054133395 0 0 0 1 0 0 0 0 0 0
0.40248730778694153 2.6331984996795654 -5.872547149658203 -0.9890779833848764 -0.14739315717938326 0 0 0 -1 0 0 0 0 0 0
0.34842541813850403 2.2819602489471436 -6.262310028076172 -0.898976672408236 0.4379965096502657 0 0 0 -1 0 0 0 0 0 0
0.10514119267463684 2.0229156017303467 -6.652072906494141 -0.49350138905733437 0.8697450080330908 0 0 0 -1 0 0 0 0 0 0
-0.2420172393321991 1.9469382762908936 -7.041835784912109 0.08509643481112789 0.9963727198104309 0 0 0 -1 0 0 0 0 0 0
-0.5712637305259705 2.080681562423706 -7.431598663330078 0.6338402716091313 0.7734639681888632 0 0 0 -1 0 0 0 0 0 0
-0.7670969367027283 2.377232313156128 -7.821357727050781 0.9602293143703452 0.27921257819778905 0 0 0 -1 0 0 0 0 0 0
-0.7608141303062439 2.7325522899627686 -8.21112060546875 0.9497582084682269 -0.3129845770117502 0 0 0 -1 0 0 0 0 0 0
2.6055073738098145 1.1508605480194092 -8.21112060546875 -0.9801694573494141 0.1981611336245204 0 0 0 1 0 0 0 0 0 0
2.586784839630127 1.458988904953003 -7.872196197509766 -0.9489667756140607 -0.3153760593016745 0 0 0 1 0 0 0 0 0 0
2.4173436164855957 1.7170302867889404 -7.533275604248047 -0.6665629589472191 -0.7454487385189729 0 0 0 1 0 0 0 0 0 0
2.1420369148254395 1.8566749095916748 -7.194347381591797 -0.20772121242684333 -0.978188068782237 0 0 0 1 0 0 0 0 0 0
1.8337407112121582 1.8409583568572998 -6.855426788330078 0.30610869087178155 -0.9519965700425417 0 0 0 1 0 0 0 0 0 0
1.574059009552002 1.674046277999878 -6.516498565673828 0.7389106618249344 -0.673803408897163 0 0 0 1 0 0 0 0 0 0
1.4317364692687988 1.4001128673553467 -6.177577972412109 0.9761165223479509 -0.21724763473819966 0 0 0 1 0 0 0 0 0 0
1.4444432258605957 1.091679334640503 -5.838649749755859 0.9549382129740215 0.2968046653979388 0 0 0 1 0 0 0 0 0 0
1.6088147163391113 0.8303801417350769 -5.499729156494141 0.6809874666279961 0.7322950705115963 0 0 0 1 0 0 0 0 0 0
1.8813443183898926 0.6853911280632019 -5.160800933837891 0.2267723700995595 0.9739477871833933 0 0 0 1 0 0 0 0 0 0
2.1898884773254395 0.6950880885124207 -4.821880340576172 -0.2874703249185561 0.9577895448851067 0 0 0 1 0 0 0 0 0 0
2.4527783393859863 0.8569037318229675 -4.482952117919922 -0.7256226046186484 0.6880928975555909 0 0 0 1 0 0 0 0 0 0
2.6004185676574707 1.1280066967010498 -4.144031524658203 -0.97169099749178 0.23625538172373897 0 0 0 1 0 0 0 0 0 0
2.5937352180480957 1.4366309642791748 -3.805103302001953 -0.9605484119531796 -0.2781128337459897 0 0 0 1 0 0 0 0 0 0
2.43449068069458 1.701084852218628 -3.4661827087402344 -0.6951367335176967 -0.7188775429197569 0 0 0 1 0 0 0 0 0 0
2.1648411750793457 1.8513648509979248 -3.1272544860839844 -0.24572335858762245 -0.9693399976501634 0 0 0 1 0 0 0 0 0 0
1.8561673164367676 1.847691297531128 -2.7883338928222656 0.26873215614877044 -0.9632149439515735 0 0 0 1 0 0 0 0 0 0
1.590172290802002 1.691033124923706 -2.4494056701660156 0.7120596492231964 -0.7021189756359948 0 0 0 1 0 0 0 0 0 0
1.437267780303955 1.4228637218475342 -2.110485076904297 0.9668967060523054 -0.25516810111219185 0 0 0 1 0 0 0 0 0 0
1.4379315376281738 1.1141669750213623 -1.7715568542480469 0.9657912461175246 0.2593207838233544 0 0 0 1 0 0 0 0 0 0
1.5919842720031738 0.8466574549674988 -1.4326362609863281 0.7090394414014801 0.7051688241386433 0 0 0 1 0 0 0 0 0 0
1.8586468696594238 0.6911436915397644 -1.0937156677246094 0.26460278177481206 0.9643574896671 0 0 0 1 0 0 0 0 0 0
2.1673359870910645 0.6887938380241394 -0.7547874450683594 -0.24988340580437793 0.9682759335559286 0 0 0 1 0 0 0 0 0 0
2.4363369941711426 0.8402296900749207 -0.41586682200431824 -0.6982159395868024 0.715887212979055 0 0 0 1 0 0 0 0 0 0
1.652355670928955 -0.8040688633918762 -0.41586682200431824 0.6084146689583422 -0.7936192982761386 0 0 0 -1 0 0 0 0 0 0
1.9356884956359863 -0.6858285069465637 -0.7536582946777344 0.13619510241900284 -0.990682034800812 0 0 0 -1 0 0 0 0 0 0
2.240421772003174 -0.7232239842414856 -1.0914497375488281 -0.3716944201323928 -0.9283551357333272 0 0 0 -1 0 0 0 0 0 0
2.486759662628174 -0.9064629673957825 -1.4292488098144531 -0.7822549174761027 -0.6229584609622506 0 0 0 -1 0 0 0 0 0 0
2.6102070808410645 -1.187567949295044 -1.7670402526855469 -0.9880006938048845 -0.15444943846148126 0 0 0 -1 0 0 0 0 0 0
2.5784382820129395 -1.4929382801055908 -2.104839324951172 -0.9350560150415764 0.3544999982151865 0 0 0 -1 0 0 0 0 0 0
2.3997769355773926 -1.7426140308380127 -2.4426307678222656 -0.637289603139516 0.7706243973105694 0 0 0 -1 0 0 0 0 0 0
2.1209988594055176 -1.8712303638458252 -2.7804222106933594 -0.17265874019207522 0.9849817051271997 0 0 0 -1 0 0 0 0 0 0
1.8150944709777832 -1.8451035022735596 -3.1182212829589844 0.33718346970351293 0.9414389559385676 0 0 0 -1 0 0 0 0 0 0
1.5621647834777832 -1.671077013015747 -3.456012725830078 0.7587368191585021 0.6513972975483078 0 0 0 -1 0 0 0 0 0 0
1.428429126739502 -1.394721269607544 -3.793811798095703 0.9816282922380121 0.19080329105621874 0 0 0 -1 0 0 0 0 0 0
1.448906421661377 -1.088385820388794 -4.131603240966797 0.9474975055155276 -0.319763157730613 0 0 0 -1 0 0 0 0 0 0
1.6182332038879395 -0.8322861790657043 -4.469394683837891 0.6652826640110975 -0.746591573061401 0 0 0 -1 0 0 0 0 0 0
1.8920750617980957 -0.6934731602668762 -4.807193756103516 0.20888775249615488 -0.9779396233188965 0 0 0 -1 0 0 0 0 0 0
2.198734760284424 -0.708297073841095 -5.144985198974609 -0.30221481862827115 -0.9532398456849572 0 0 0 -1 0 0 0 0 0 0
2.457916736602783 -0.8728669285774231 -5.482784271240234 -0.7341790796608634 -0.6789558741098923 0 0 0 -1 0 0 0 0 0 0
-0.5879740118980408 -3.005103349685669 -5.482784271240234 0.6616965429827885 0.7497717552726476 0 0 0 1 0 0 0 0 0 0
-0.2596277892589569 -3.1512978076934814 -5.093021392822266 0.11444567332490477 0.9934295082476711 0 0 0 1 0 0 0 0 0 0
0.09335759282112122 -3.0835983753204346 -4.703258514404297 -0.473858607333531 0.880600942683987 0 0 0 1 0 0 0 0 0 0
0.34432080388069153 -2.8263046741485596 -4.313495635986328 -0.8921334612222498 0.45177194176664914 0 0 0 1 0 0 0 0 0 0
0.4032025635242462 -2.4717400074005127 -3.9237327575683594 -0.9902686020205922 -0.13916930642990916 0 0 0 1 0 0 0 0 0 0
0.24887517094612122 -2.14713978767395 -3.5339698791503906 -0.7330597727775323 -0.6801642224752438 0 0 0 1 0 0 0 0 0 0
-0.06328341364860535 -1.9689819812774658 -3.144207000732422 -0.21279435340364522 -0.9770970080598571 0 0 0 1 0 0 0 0 0 0
-0.42125651240348816 -2.001197099685669 -2.754444122314453 0.3838265445365066 -0.9234052110039044 0 0 0 1 0 0 0 0 0 0
-0.6965898871421814 -2.232226610183716 -2.3646812438964844 0.8427179384807932 -0.5383553437671833 0 0 0 1 0 0 0 0 0 0
-0.7904810309410095 -2.5791656970977783 -1.9749183654785156 0.9992046821897584 0.03987484282180838 0 0 0 1 0 0 0 0 0 0
-0.669240415096283 -2.917517900466919 -1.5851554870605469 0.7971366262281276 0.6037989724450004 0 0 0 1 0 0 0 0 0 0
-0.3763727843761444 -3.125872850418091 -1.1953926086425781 0.3090223943519865 0.9510547617193057 0 0 0 1 0 0 0 0 0 0
-0.016969172284007072 -3.1294586658477783 -0.8056297302246094 -0.2899849796464396 0.9570311967639581 0 0 0 1 0 0 0 0 0 0
0.2799973785877228 -2.926989793777466 -0.41586682200431824 -0.7849274212220394 0.6195877205156013 0 0 0 1 0 0 0 0 0 0
0.40796712040901184 -2.5911247730255127 -0.026103943586349487 -0.9982096516415855 0.05981213396614899 0 0 0 1 0 0 0 0 0 0
0.3210168182849884 -2.2423813343048096 0.36365893483161926 -0.8532959763029105 -0.5214268662288724 0 0 0 1 0 0 0 0 0 0
0.05034878849983215 -2.00590443611145 0.7534217834472656 -0.40218093908538044 -0.915560206778561 0 0 0 1 0 0 0 0 0 0
-0.3069109618663788 -1.966548204421997 1.1431846618652344 0.1932532051028924 -0.9811489177069196 0 0 0 1 0 0 0 0 0 0
-0.6225618720054626 -2.138442277908325 1.5329475402832031 0.7193351053214783 -0.694663232258724 0 0 0 1 0 0 0 0 0 0
-0.7833361029624939 -2.4598991870880127 1.9227104187011719 0.9872939479622918 -0.1589045635500485 0 0 0 1 0 0 0 0 0 0
-0.7315401434898376 -2.815566301345825 2.3124732971191406 0.9009716839565703 0.43387789147231476 0 0 0 1 0 0 0 0 0 0
-0.4857630431652069 -3.0778191089630127 2.7022361755371094 0.4913411557297408 0.8709672029911131 0 0 0 1 0 0 0 0 0 0
-0.13419672846794128 -3.1525490283966064 3.091999053955078 -0.09460471515797587 0.9955149159454509 0 0 0 1 0 0 0 0 0 0
0.19699910283088684 -3.0129387378692627 3.481761932373047 -0.6465935740268421 0.76283468066626 0 0 0 1 0 0 0 0 0 0
0.3889813721179962 -2.7090866565704346 3.8715248107910156 -0.9665667222244707 0.25641523255891596 0 0 0 1 0 0 0 0 0 0
0.37285664677619934 -2.3500282764434814 4.261287689208984 -0.93969248736894 -0.3420205098855549 0 0 0 1 0 0 0 0 0 0
0.15441182255744934 -2.0646088123321533 4.651050567626953 -0.5756222148225236 -0.817715761009174 0 0 0 1 0 0 0 0 0 0
-0.18796679377555847 -1.9552452564239502 5.040813446044922 -0.004987147386274227 -0.999987564103148 0 0 0 1 0 0 0 0 0 0
-0.5314192175865173 -2.0611870288848877 5.430576324462891 0.567432658970845 -0.8234198063765995 0 0 0 1 0 0 0 0 0 0
-0.7527002692222595 -2.3444130420684814 5.820339202880859 0.9362334571489331 -0.3513785902910945 0 0 0 1 0 0 0 0 0 0
-0.7724050879478455 -2.70329213142395 6.210102081298828 0.9690776590089892 0.24675593368682663 0 0 0 1 0 0 0 0 0 0
2.6115002632141113 -1.1962578296661377 6.210102081298828 -0.9901564350911978 -0.13996511725244404 0 0 0 -1 0 0 0 0 0 0
2.5727734565734863 -1.5073273181915283 5.869060516357422 -0.9256082449559405 0.378482994161671 0 0 0 -1 0 0 0 0 0 0
2.3824543952941895 -1.7564117908477783 5.528018951416016 -0.6084091668821087 0.793623516318549 0 0 0 -1 0 0 0 0 0 0
2.0924954414367676 -1.8755218982696533 5.186977386474609 -0.12514489260153686 0.9921384761492471 0 0 0 -1 0 0 0 0 0 0
1.7820401191711426 -1.832148790359497 4.845935821533203 0.3922747873275157 0.9198480805150123 0 0 0 -1 0 0 0 0 0 0
1.5358281135559082 -1.638129472732544 4.504894256591797 0.8026284379699776 0.5964793295344557 0 0 0 -1 0 0 0 0 0 0
1.4210667610168457 -1.3464195728302002 4.163852691650391 0.9938982296326806 0.11030099334558767 0 0 0 -1 0 0 0 0 0 0
1.469078540802002 -1.0366508960723877 3.8228111267089844 0.913883710837839 -0.40597606218256377 0 0 0 -1 0 0 0 0 0 0
1.6667561531066895 -0.7933648228645325 3.481761932373047 0.5844082518364726 -0.8114597927102968 0 0 0 -1 0 0 0 0 0 0
2.4233059883117676 0.827896773815155 3.481761932373047 -0.6765035311230809 0.7364393881223374 0 0 0 1 0 0 0 0 0 0
2.58262300491333 1.0684401988983154 3.811565399169922 -0.9420273943467204 0.3355359716935402 0 0 0 1 0 0 0 0 0 0
2.611240863800049 1.3555381298065186 4.141361236572266 -0.9897281628141601 -0.14296210593198314 0 0 0 1 0 0 0 0 0 0
2.5025486946105957 1.6227996349334717 4.471164703369141 -0.8085725481787314 -0.5883964941531798 0 0 0 1 0 0 0 0 0 0
2.2816739082336426 1.8084266185760498 4.800960540771484 -0.44044205659232194 -0.8977810394437644 0 0 0 1 0 0 0 0 0 0
1.9996953010559082 1.869499921798706 5.130764007568359 0.02951906449818706 -0.999564217462366 0 0 0 1 0 0 0 0 0 0
1.7218098640441895 1.791893720626831 5.460559844970703 0.4926575388868399 -0.8702232755896396 0 0 0 1 0 0 0 0 0 0
1.5122761726379395 1.5935561656951904 5.790363311767578 0.8418842364306214 -0.539658162589643 0 0 0 1 0 0 0 0 0 0
1.4195408821105957 1.3203437328338623 6.120159149169922 0.9964400397363862 -0.08430449104376893 0 0 0 1 0 0 0 0 0 0
1.4650540351867676 1.0354392528533936 6.449962615966797 0.9205878936632796 0.3905354401851463 0 0 0 1 0 0 0 0 0 0
1.63828706741333 0.8047148585319519 6.779758453369141 0.6318613991189017 0.7750813972116116 0 0 0 1 0 0 0 0 0 0
1.899181842803955 0.6815230250358582 7.109554290771484 0.19703947789209766 0.9803955549430087 0 0 0 1 0 0 0 0 0 0
2.1874165534973145 0.694351851940155 7.439357757568359 -0.2833535980471554 0.9590155048140416 0 0 0 1 0 0 0 0 0 0
2.4363369941711426 0.8402296900749207 7.769153594970703 -0.6982159395868024 0.715887212979055 0 0 0 1 0 0 0 0 0 0
-0.5560087561607361 3.0209319591522217 7.769153594970703 0.6084180623694387 -0.7936166967640094 0 0 0 -1 0 0 0 0 0 0
-0.22464892268180847 3.1438148021698 7.379390716552734 0.056149198178108116 -0.9984223893442872 0 0 0 -1 0 0 0 0 0 0
0.11839917302131653 3.0588576793670654 6.989627838134766 -0.5155983309149339 -0.8568304156352844 0 0 0 -1 0 0 0 0 0 0
0.35411885380744934 2.7955405712127686 6.599864959716797 -0.9084624644304724 -0.41796644688409224 0 0 0 -1 0 0 0 0 0 0
0.4007249176502228 2.4452178478240967 6.210102081298828 -0.9861415410209772 0.1659061815387621 0 0 0 -1 0 0 0 0 0 0
0.2420525848865509 2.129429578781128 5.820339202880859 -0.7216847760532753 0.692221845951812 0 0 0 -1 0 0 0 0 0 0
-0.06685206294059753 1.957737684249878 5.430576324462891 -0.20684727391836427 0.9783732443564376 0 0 0 -1 0 0 0 0 0 0
-0.41881510615348816 1.989708662033081 5.040813446044922 0.3797583868250329 0.9250857082649416 0 0 0 -1 0 0 0 0 0 0
-0.6917242407798767 2.2142531871795654 4.651050567626953 0.8346097926142828 0.5508416234021754 0 0 0 -1 0 0 0 0 0 0
-0.7908968329429626 2.5534675121307373 4.261287689208984 0.9998947679047061 -0.014507002336588205 0 0 0 -1 0 0 0 0 0 0
-0.6819242835044861 2.8896567821502686 3.8715248107910156 0.8182735385622583 -0.5748290320510963 0 0 0 -1 0 0 0 0 0 0
-0.4026140868663788 3.1061904430389404 3.481761932373047 0.35275944851174285 -0.9357140436509922 0 0 0 -1 0 0 0 0 0 0
-0.04987284541130066 3.1279380321502686 3.091999053955078 -0.235142084662629 -0.9719610074588965 0 0 0 -1 0 0 0 0 0 0
0.2539201080799103 2.9473540782928467 2.7022361755371094 -0.7414693230325037 -0.6709867681271522 0 0 0 -1 0 0 0 0 0 0
0.4033646881580353 2.6270949840545654 2.3124732971191406 -0.9905395223670497 -0.137227747299361 0 0 0 -1 0 0 0 0 0 0
0.34661152958869934 2.278271436691284 1.9227104187011719 -0.8959545589122748 0.44414572874712055 0 0 0 -1 0 0 0 0 0 0
0.10335209965705872 2.0219008922576904 1.5329475402832031 -0.4905179721467856 0.8714310753014293 0 0 0 -1 0 0 0 0 0 0
-0.2420172393321991 1.9469382762908936 1.1431846618652344 0.08509643481112789 0.9963727198104309 0 0 0 -1 0 0 0 0 0 0
-0.5696730017662048 2.0793845653533936 0.7534217834472656 0.6311909084020808 0.7756275118576934 0 0 0 -1 0 0 0 0 0 0
-0.7659353613853455 2.3732879161834717 0.36365893483161926 0.9582931444592503 0.28578706983067376 0 0 0 -1 0 0 0 0 0 0
-0.7627138495445251 2.7266852855682373 -0.026103943586349487 0.9529262140076206 -0.3032022932912985 0 0 0 -1 0 0 0 0 0 0
-0.561126172542572 3.0169646739959717 -0.41586682200431824 0.6169440642568811 -0.7870070022421665 0 0 0 -1 0 0 0 0 0 0
-0.23111101984977722 3.143414258956909 -0.8056297302246094 0.06692001079734798 -0.9977583435656566 0 0 0 -1 0 0 0 0 0 0
0.11283543705940247 3.062168836593628 -1.1953926086425781 -0.5063217442043713 -0.8623446476588366 0 0 0 -1 0 0 0 0 0 0
0.3513799011707306 2.8014075756073 -1.5851554870605469 -0.90390123340069 -0.427741230484871 0 0 0 -1 0 0 0 0 0 0
0.4017644226551056 2.4516074657440186 -1.9749183654785156 -0.9878738806093452 0.1552584812814842 0 0 0 -1 0 0 0 0 0 0
0.2465081512928009 2.1341254711151123 -2.3646812438964844 -0.729114049235436 0.6843922144556482 0 0 0 -1 0 0 0 0 0 0
-0.060527294874191284 1.959110975265503 -2.754444122314453 -0.21738839802018656 0.976085182966229 0 0 0 -1 0 0 0 0 0 0
-0.4128126800060272 1.9872825145721436 -3.144207000732422 0.36975358341288656 0.9291298550543565 0 0 0 -1 0 0 0 0 0 0
-0.6881288886070251 2.2088706493377686 -3.5339698791503906 0.8286150343120295 0.5598188322234918 0 0 0 -1 0 0 0 0 0 0
-0.790954053401947 2.5469939708709717 -3.9237327575683594 0.9999930623337098 -0.0037249542881697896 0 0 0 -1 0 0 0 0 0 0
-0.6856150031089783 2.8843390941619873 -4.313495635986328 0.8244266888695034 -0.5659687576886792 0 0 0 -1 0 0 0 0 0 0
-0.4086584746837616 3.103874921798706 -4.703258514404297 0.3628306445018058 -0.9318550978614669 0 0 0 -1 0 0 0 0 0 0
-0.05617281794548035 3.1294257640838623 -5.093021392822266 -0.22464071699392105 -0.97444165975622 0 0 0 -1 0 0 0 0 0 0
0.24955037236213684 2.952130079269409 -5.482784271240234 -0.7341845836785071 -0.6789499223719059 0 0 0 -1 0 0 0 0 0 0
2.6055073738098145 1.1508605480194092 16.343936920166016 -0.9801694573494141 0.1981611336245204 0 0 0 1 0 0 0 0 0 0
2.5776638984680176 1.484490156173706 16.69472885131836 -0.9337645529908896 -0.3578879148249131 0 0 0 1 0 0 0 0 0 0
2.375389575958252 1.7512671947479248 17.045513153076172 -0.5966395932903802 -0.8025093119199861 0 0 0 1 0 0 0 0 0 0
2.061657428741455 1.868126630783081 17.396297454833984 -0.0737584469801196 -0.9972761360320826 0 0 0 1 0 0 0 0 0 0
1.7341465950012207 1.7986876964569092 17.747081756591797 0.4721027840349302 -0.8815435107278983 0 0 0 1 0 0 0 0 0 0
1.4948277473449707 1.5645720958709717 18.09787368774414 0.870960000849459 -0.4913539222600248 0 0 0 1 0 0 0 0 0 0
1.4182133674621582 1.2386672496795654 18.448657989501953 0.9986562390496428 0.05182389610230763 0 0 0 1 0 0 0 0 0 0
1.5281529426574707 0.922440230846405 18.799442291259766 0.815418226065676 0.5788722800410346 0 0 0 1 0 0 0 0 0 0
1.790417194366455 0.7143523097038269 19.15023422241211 0.3783151567149974 0.9256768562515254 0 0 0 1 0 0 0 0 0 0
2.123356342315674 0.6791884303092957 19.501018524169922 -0.1765854373089167 0.9842853160188965 0 0 0 1 0 0 0 0 0 0
2.4233059883117676 0.827896773815155 19.851802825927734 -0.6765035311230809 0.7364393881223374 0 0 0 1 0 0 0 0 0 0
-0.5416082739830017 3.0316321849823 19.851802825927734 0.5844171254970393 -0.8114534018819428 0 0 0 -1 0 0 0 0 0 0
-0.18846270442008972 3.144757032394409 19.462039947509766 -0.0041624699703137385 -0.9999913368843483 0 0 0 -1 0 0 0 0 0 0
0.1637292206287384 3.028698682785034 19.072277069091797 -0.5911493820739641 -0.8065620918897507 0 0 0 -1 0 0 0 0 0 0
0.38044217228889465 2.7277915477752686 18.682514190673828 -0.952335391274657 -0.3050529503639428 0 0 0 -1 0 0 0 0 0 0
0.37889721989631653 2.356976270675659 18.29275131225586 -0.9497615521744798 0.3129744302832466 0 0 0 -1 0 0 0 0 0 0
0.1596856415271759 2.057884931564331 17.90298843383789 -0.5844044748045893 0.8114625128916135 0 0 0 -1 0 0 0 0 0 0
-0.19345995783805847 1.944767713546753 17.513225555419922 0.004168126435010313 0.9999913133232817 0 0 0 -1 0 0 0 0 0 0
-0.5456518530845642 2.060826063156128 17.123462677001953 0.5911529744804463 0.8065594589135512 0 0 0 -1 0 0 0 0 0 0
-0.7623609900474548 2.3617331981658936 16.733699798583984 0.9523386425463201 0.30504280013308394 0 0 0 -1 0 0 0 0 0 0
-0.7608141303062439 2.7325522899627686 16.343936920166016 0.9497582084682269 -0.3129845770117502 0 0 0 -1 0 0 0 0 0 0
-2.7963385581970215 0.8198935389518738 27.25729751586914 0.6616909389503246 0.7497767009657195 0 0 0 1 0 0 0 0 0 0
-2.3619513511657715 0.6709257960319519 27.744503021240234 -0.062286072751203014 0.9980583375440695 0 0 0 1 0 0 0 0 0 0
-1.9494566917419434 0.8727461695671082 28.231708526611328 -0.7497765372365415 0.6616911244754465 0 0 0 1 0 0 0 0 0 0
-1.8004889488220215 1.307133436203003 28.71890640258789 -0.9980579881117463 -0.062291671725307064 0 0 0 1 0 0 0 0 0 0
-2.0023112297058105 1.719628095626831 29.206111907958984 -0.6616878722545786 -0.7497794073667323 0 0 0 1 0 0 0 0 0 0
-2.4366984367370605 1.868595838546753 29.693317413330078 0.062291671725307064 -0.9980579881117463 0 0 0 1 0 0 0 0 0 0
-2.849191188812256 1.666771650314331 30.180522918701172 0.7497821905307938 -0.6616847185501903 0 0 0 1 0 0 0 0 0 0
-2.9981589317321777 1.232384443283081 30.667720794677734 0.9980579881117463 0.062291671725307064 0 0 0 1 0 0 0 0 0 0
-2.796334743499756 0.8198935389518738 31.154926300048828 0.6616846315762048 0.7497822672855516 0 0 0 1 0 0 0 0 0 0
-1.9400076866149902 -0.8941949009895325 31.154926300048828 -0.765526000935021 -0.6434049594869735 0 0 0 -1 0 0 0 0 0 0
-1.7995867729187012 -1.2979652881622314 30.680431365966797 -0.9995635551091742 0.029541484348439277 0 0 0 -1 0 0 0 0 0 0
-1.963609218597412 -1.6927368640899658 30.205936431884766 -0.7261876158485717 0.6874965793283391 0 0 0 -1 0 0 0 0 0 0
-2.348815441131592 -1.878108263015747 29.731449127197266 -0.08418195007179986 0.9964503998103011 0 0 0 -1 0 0 0 0 0 0
-2.759660243988037 -1.759986162185669 29.256954193115234 0.6005563514619767 0.7995824339733075 0 0 0 -1 0 0 0 0 0 0
-2.987588405609131 -1.3983299732208252 28.782459259033203 0.98044039505713 0.19681623850744315 0 0 0 -1 0 0 0 0 0 0
-2.9168944358825684 -0.9767258763313293 28.307964324951172 0.8626193787585272 -0.5058535434196864 0 0 0 -1 0 0 0 0 0 0
-2.583465099334717 -0.7091935276985168 27.83346939086914 0.30690251872022767 -0.9517409542534041 0 0 0 -1 0 0 0 0 0 0
-2.1565604209899902 -0.7315438389778137 27.35897445678711 -0.4046035249540176 -0.9144922020415392 0 0 0 -1 0 0 0 0 0 0
-1.8528895378112793 -1.0324280261993408 26.884479522705078 -0.910722709683682 -0.41301833623510203 0 0 0 -1 0 0 0 0 0 0
-1.826606273651123 -1.4591095447540283 26.409992218017578 -0.9545286772469235 0.298119110949363 0 0 0 -1 0 0 0 0 0 0
-2.091052532196045 -1.794989824295044 25.935497283935547 -0.5137860950144715 0.8579183227847392 0 0 0 -1 0 0 0 0 0 0
-2.5119872093200684 -1.8695671558380127 25.461002349853516 0.18777198704916145 0.9822126454488402 0 0 0 -1 0 0 0 0 0 0
-2.875730037689209 -1.6449806690216064 24.986507415771484 0.7940104200845525 0.6079041477051728 0 0 0 -1 0 0 0 0 0 0
-2.9976344108581543 -1.2352440357208252 24.512012481689453 0.9971841019465085 -0.07499244512039496 0 0 0 -1 0 0 0 0 0 0
-2.8158183097839355 -0.8483460545539856 24.037517547607422 0.694157874801774 -0.7198227871154709 0 0 0 -1 0 0 0 0 0 0
-2.422576427459717 -0.6806901097297668 23.56302261352539 0.038752846910509085 -0.9992488262971996 0 0 0 -1 0 0 0 0 0 0
-2.0175299644470215 -0.8173859715461731 23.08852767944336 -0.6363249586728494 -0.7714211216773862 0 0 0 -1 0 0 0 0 0 0
-1.8062949180603027 -1.1890404224395752 22.61404037475586 -0.9883815533338752 -0.15199310849284006 0 0 0 -1 0 0 0 0 0 0
-1.8961005210876465 -1.606990098953247 22.139545440673828 -0.8387072898299174 0.5445824840978225 0 0 0 -1 0 0 0 0 0 0
-2.2413573265075684 -1.8590729236602783 21.665050506591797 -0.2632745204499663 0.9647209580401166 0 0 0 -1 0 0 0 0 0 0
-2.6668028831481934 -1.8173210620880127 21.190555572509766 0.4457948730662591 0.8951351468621024 0 0 0 -1 0 0 0 0 0 0
-2.956468105316162 -1.5029289722442627 20.716060638427734 0.9285741540200599 0.3711469257395646 0 0 0 -1 0 0 0 0 0 0
-2.9633097648620605 -1.0754921436309814 20.241565704345703 0.9399737900733004 -0.34124664683368666 0 0 0 -1 0 0 0 0 0 0
0.3933244049549103 -2.6916725635528564 20.241565704345703 -0.9738040796821098 0.2273886857222211 0 0 0 1 0 0 0 0 0 0
0.3677220642566681 -2.3364365100860596 20.631328582763672 -0.9311351402289408 -0.364674307609997 0 0 0 1 0 0 0 0 0 0
0.14526799321174622 -2.058295488357544 21.02109146118164 -0.5603781886917215 -0.8282368535863308 0 0 0 1 0 0 0 0 0 0
-0.19565913081169128 -1.955256700515747 21.41085433959961 0.00783697853996456 -0.9999692904121426 0 0 0 1 0 0 0 0 0 0
-0.5349287390708923 -2.063624620437622 21.800617218017578 0.5732845631474481 -0.819356338632246 0 0 0 1 0 0 0 0 0 0
-0.7529997229576111 -2.3452141284942627 22.190380096435547 0.9367333761294767 -0.3500436859094483 0 0 0 1 0 0 0 0 0 0
-0.7730326056480408 -2.7008049488067627 22.580142974853516 0.9701253329682173 0.24260428341912113 0 0 0 1 0 0 0 0 0 0
-0.5879701972007751 -3.0051071643829346 22.969905853271484 0.6616878229782175 0.7497794508536139 0 0 0 1 0 0 0 0 0 0
2.4767231941223145 -0.8941949009895325 22.969905853271484 -0.765528323230129 -0.6434021964000957 0 0 0 -1 0 0 0 0 0 0
2.60929536819458 -1.1819260120391846 22.625118255615234 -0.9864847437094497 -0.1638531367673537 0 0 0 -1 0 0 0 0 0 0
2.5768589973449707 -1.4970619678497314 22.280330657958984 -0.9324247375122904 0.36136423297711173 0 0 0 -1 0 0 0 0 0 0
2.388451099395752 -1.7517540454864502 21.935535430908203 -0.6184055827316477 0.7858591064855909 0 0 0 -1 0 0 0 0 0 0
2.09660005569458 -1.8749916553497314 21.590747833251953 -0.13198734005335067 0.9912514020497731 0 0 0 -1 0 0 0 0 0 0
1.7826695442199707 -1.8324158191680908 21.245960235595703 0.3912297306138849 0.9202930500029798 0 0 0 -1 0 0 0 0 0 0
1.5341839790344238 -1.635901689529419 20.901165008544922 0.8053718484003054 0.5927699265349716 0 0 0 -1 0 0 0 0 0 0
1.4204106330871582 -1.3402321338653564 20.556377410888672 0.9949885275490792 0.09998914963992415 0 0 0 -1 0 0 0 0 0 0
1.473076343536377 -1.0278351306915283 20.211589813232422 0.907213181845107 -0.42067118119319363 0 0 0 -1 0 0 0 0 0 0
1.6774945259094238 -0.7858079075813293 19.86679458618164 0.5665150958177071 -0.8240513613911782 0 0 0 -1 0 0 0 0 0 0
1.976677417755127 -0.681624710559845 19.52200698852539 0.06787947894928308 -0.9976935282628497 0 0 0 -1 0 0 0 0 0 0
2.28721284866333 -0.7443268895149231 19.17721176147461 -0.4496758229013398 -0.8931918351048685 0 0 0 -1 0 0 0 0 0 0
2.5225300788879395 -0.95643550157547 18.83242416381836 -0.8418759509556137 -0.539671087980986 0 0 0 -1 0 0 0 0 0 0
2.6170239448547363 -1.258815050125122 18.48763656616211 -0.999362110914348 -0.03571234056763483 0 0 0 -1 0 0 0 0 0 0
2.5443501472473145 -1.5671722888946533 18.142841339111328 -0.8782375112098743 0.4782247106788671 0 0 0 -1 0 0 0 0 0 0
2.324768543243408 -1.7955315113067627 17.798053741455078 -0.5122698806642986 0.8588245276913005 0 0 0 -1 0 0 0 0 0 0
2.019501209259033 -1.8802368640899658 17.453266143798828 -0.0034893032205554784 0.9999939123629878 0 0 0 -1 0 0 0 0 0 0
1.713646411895752 -1.797663927078247 17.108470916748047 0.5062702283540839 0.8623748928872547 0 0 0 -1 0 0 0 0 0 0
1.4924778938293457 -1.5708420276641846 16.763683319091797 0.8748829356085739 0.48433443918528435 0 0 0 -1 0 0 0 0 0 0
1.4176526069641113 -1.2630035877227783 16.418895721435547 0.999587424262733 -0.02872248693611768 0 0 0 -1 0 0 0 0 0 0
1.510033130645752 -0.9599679112434387 16.074100494384766 0.8456179951877937 -0.5337885407299194 0 0 0 -1 0 0 0 0 0 0
1.7438626289367676 -0.7462227940559387 15.729312896728516 0.45590347194189035 -0.8900292266388391 0 0 0 -1 0 0 0 0 0 0
2.053955554962158 -0.6813538670539856 15.384525299072266 -0.06092324311306947 -0.9981424539856953 0 0 0 -1 0 0 0 0 0 0
2.353855609893799 -0.7834466099739075 15.039730072021484 -0.5607467573805976 -0.827987363482768 0 0 0 -1 0 0 0 0 0 0
2.559959888458252 -1.024043321609497 14.694942474365234 -0.9042582734645956 -0.4269859188203151 0 0 0 -1 0 0 0 0 0 0
2.6148037910461426 -1.3360626697540283 14.350154876708984 -0.9956630150413348 0.09303311495805583 0 0 0 -1 0 0 0 0 0 0
2.5030980110168457 -1.6325180530548096 14.005359649658203 -0.80949326115379 0.5871291681960641 0 0 0 -1 0 0 0 0 0 0
1.496300220489502 1.5671660900115967 14.005359649658203 0.868507459013595 -0.4956760975049621 0 0 0 1 0 0 0 0 0 0
1.4179234504699707 1.2946898937225342 14.33016586303711 0.9991365696403114 -0.041546542664713575 0 0 0 1 0 0 0 0 0 0
1.4734082221984863 1.0166442394256592 14.654964447021484 0.9066612379262013 0.42185945484500886 0 0 0 1 0 0 0 0 0 0
1.6503643989562988 0.795120894908905 14.97977066040039 0.6117306123433341 0.7910661526838633 0 0 0 1 0 0 0 0 0 0
1.90928316116333 0.6795851588249207 15.304569244384766 0.18020137594629765 0.9836297393364339 0 0 0 1 0 0 0 0 0 0
2.1923413276672363 0.6958281397819519 15.629375457763672 -0.29155397807165817 0.9565543778952617 0 0 0 1 0 0 0 0 0 0
2.4363369941711426 0.8402296900749207 15.954174041748047 -0.6982159395868024 0.715887212979055 0 0 0 1 0 0 0 0 0 0
-0.5560087561607361 3.0209319591522217 15.954174041748047 0.6084180623694387 -0.7936166967640094 0 0 0 -1 0 0 0 0 0 0
-0.22434183955192566 3.1438300609588623 15.564411163330078 0.05563841767417546 -0.998450983513319 0 0 0 -1 0 0 0 0 0 0
0.11892750859260559 3.0585410594940186 15.17464828491211 -0.5164776308419993 -0.8563006813262708 0 0 0 -1 0 0 0 0 0 0
0.35450413823127747 2.794701337814331 14.78488540649414 -0.9091056328697535 -0.41656565903166465 0 0 0 -1 0 0 0 0 0 0
0.40051892399787903 2.4440009593963623 14.395122528076172 -0.9857977829323528 0.16793668796798944 0 0 0 -1 0 0 0 0 0 0
0.2409825623035431 2.1283156871795654 14.005359649658203 -0.7199027557589779 0.6940749399384979 0 0 0 -1 0 0 0 0 0 0
-0.0686621367931366 1.9573562145233154 13.615596771240234 -0.20382790501538958 0.9790067339589841 0 0 0 -1 0 0 0 0 0 0
-0.42081019282341003 1.990532636642456 13.225833892822266 0.38308367222181644 0.9237136461463844 0 0 0 -1 0 0 0 0 0 0
-0.6930784583091736 2.2163169384002686 12.836071014404297 0.8368654096445794 0.5474087011917241 0 0 0 -1 0 0 0 0 0 0
-0.7908491492271423 2.5562407970428467 12.446308135986328 0.9998170121000479 -0.01912961879737106 0 0 0 -1 0 0 0 0 0 0
-0.680144727230072 2.892174482345581 12.05654525756836 0.8153084046335587 -0.5790269469842325 0 0 0 -1 0 0 0 0 0 0
-0.39943835139274597 3.10737681388855 11.66678237915039 0.3474665471811996 -0.9376923795093863 0 0 0 -1 0 0 0 0 0 0
-0.04627940058708191 3.127056837081909 11.277019500732422 -0.24113357061739063 -0.9704919376900089 0 0 0 -1 0 0 0 0 0 0
0.25659993290901184 2.9443747997283936 10.887256622314453 -0.7459304937747153 -0.6660237972152415 0 0 0 -1 0 0 0 0 0 0
0.40394261479377747 2.6228187084198 10.497493743896484 -0.9915018692487091 -0.13009244127279476 0 0 0 -1 0 0 0 0 0 0
0.3445420563220978 2.2741363048553467 10.107730865478516 -0.892501517830327 0.4510443888028785 0 0 0 -1 0 0 0 0 0 0
0.09904339909553528 2.0195014476776123 9.717967987060547 -0.48334114871003747 0.8754320841525408 0 0 0 -1 0 0 0 0 0 0
-0.2472357451915741 1.9474074840545654 9.328205108642578 0.09379113832464285 0.9955918954932123 0 0 0 -1 0 0 0 0 0 0
-0.5739588141441345 2.0829055309295654 8.93844223022461 0.6383328990305313 0.7697604237782543 0 0 0 -1 0 0 0 0 0 0
-0.7675814032554626 2.378910779953003 8.54867935180664 0.9610368150828408 0.2764204045569529 0 0 0 -1 0 0 0 0 0 0
-0.7608141303062439 2.7325522899627686 8.158916473388672 0.9497582084682269 -0.3129845770117502 0 0 0 -1 0 0 0 0 0 0
2.6055073738098145 1.1508605480194092 8.158916473388672 -0.9801694573494141 0.1981611336245204 0 0 0 1 0 0 0 0 0 0
2.588959217071533 1.4523131847381592 8.493000030517578 -0.9525899735250111 -0.3042570333445373 0 0 0 1 0 0 0 0 0 0
2.427704334259033 1.707543134689331 8.827083587646484 -0.6838306499611362 -0.7296407624123875 0 0 0 1 0 0 0 0 0 0
2.162567615509033 1.8519370555877686 9.16116714477539 -0.2419415954968109 -0.9702908143275693 0 0 0 1 0 0 0 0 0 0
1.8606762886047363 1.848931074142456 9.495250701904297 0.26121534064806445 -0.9652805529016504 0 0 0 1 0 0 0 0 0 0
1.5984692573547363 1.699284315109253 9.829334259033203 0.6982273853062692 -0.7158760496122012 0 0 0 1 0 0 0 0 0 0
1.4423298835754395 1.440891981124878 10.16341781616211 0.9584625219546289 -0.28521850221956574 0 0 0 1 0 0 0 0 0 0
1.4317898750305176 1.1391723155975342 10.497493743896484 0.976026549739675 0.21765149713077014 0 0 0 1 0 0 0 0 0 0
2.610851764678955 -1.1918022632598877 10.497493743896484 -0.9890778615113481 -0.14739397500623425 0 0 0 -1 0 0 0 0 0 0
2.5850796699523926 -1.4745209217071533 10.17269515991211 -0.9461251856172715 0.3238010703204722 0 0 0 -1 0 0 0 0 0 0
2.432220935821533 -1.7137482166290283 9.847888946533203 -0.6913566278439969 0.7225136767814 0 0 0 -1 0 0 0 0 0 0
2.186493396759033 -1.855921983718872 9.523090362548828 -0.28181460186875884 0.9594688792105522 0 0 0 -1 0 0 0 0 0 0
1.9029126167297363 -1.8692123889923096 9.198284149169922 0.19082491351246783 0.9816240891415406 0 0 0 -1 0 0 0 0 0 0
1.6449666023254395 -1.7506515979766846 8.873485565185547 0.6207313944065096 0.7840233006729775 0 0 0 -1 0 0 0 0 0 0
1.4703946113586426 -1.5267746448516846 8.54867935180664 0.9116866529900701 0.4108861725098126 0 0 0 -1 0 0 0 0 0 0
1.4182896614074707 -1.247706651687622 8.223880767822266 0.998528725908435 -0.054225303463211874 0 0 0 -1 0 0 0 0 0 0
1.5003056526184082 -0.9759209752082825 7.899074554443359 0.8618298639947911 -0.5071974817827075 0 0 0 -1 0 0 0 0 0 0
1.6980900764465332 -0.7722657322883606 7.574275970458984 0.5321978186933698 -0.846620033886524 0 0 0 -1 0 0 0 0 0 0
1.9673619270324707 -0.6823304295539856 7.249469757080078 0.08340761595804361 -0.9965155139786813 0 0 0 -1 0 0 0 0 0 0
2.247833728790283 -0.7262528538703918 6.924671173095703 -0.38404974331474767 -0.9233124036098921 0 0 0 -1 0 0 0 0 0 0
2.4767231941223145 -0.8941949009895325 6.599864959716797 -0.765528323230129 -0.6434021964000957 0 0 0 -1 0 0 0 0 0 0
-0.5879701972007751 -3.0051071643829346 6.599864959716797 0.6616878229782175 0.7497794508536139 0 0 0 1 0 0 0 0 0 0
-0.2737230956554413 -3.1495048999786377 6.989627838134766 0.13794047135633686 0.9904405213651104 0 0 0 1 0 0 0 0 0 0
0.06802228093147278 -3.0964691638946533 7.379390716552734 -0.4316363233173071 0.9020477173592965 0 0 0 1 0 0 0 0 0 0
0.32372525334358215 -2.8636200428009033 7.769153594970703 -0.8578110393363952 0.5139651941451031 0 0 0 1 0 0 0 0 0 0
0.4084363281726837 -2.5283234119415283 8.158916473388672 -0.9989934416939044 -0.044856476149689795 0 0 0 1 0 0 0 0 0 0
0.29401257634162903 -2.2019646167755127 8.54867935180664 -0.8082885166473645 -0.588786611478219 0 0 0 1 0 0 0 0 0 0
0.018467457965016365 -1.992976427078247 8.93844223022461 -0.34904585654081643 -0.9371056450751365 0 0 0 1 0 0 0 0 0 0
-0.3266558349132538 -1.9707863330841064 9.328205108642578 0.226162595775807 -0.9740895648101098 0 0 0 1 0 0 0 0 0 0
-0.6266970038414001 -2.142768144607544 9.717967987060547 0.7262285394639892 -0.6874533500303864 0 0 0 1 0 0 0 0 0 0
-0.781972348690033 -2.4517853260040283 10.107730865478516 0.9850227478898379 -0.1724244360279397 0 0 0 1 0 0 0 0 0 0
-0.7408975958824158 -2.7951691150665283 10.497493743896484 0.9165666559469622 0.3998819390847792 0 0 0 1 0 0 0 0 0 0
-0.5171179175376892 -3.058844804763794 10.887256622314453 0.5435993767687199 0.8393448144693926 0 0 0 1 0 0 0 0 0 0
-0.1849798858165741 -3.155207872390747 11.277019500732422 -0.00996315162601446 0.9999503665731 0 0 0 1 0 0 0 0 0 0
-2.339334011077881 -0.6832459568977356 11.277019500732422 -0.09998472952596009 -0.994988971728642 0 0 0 -1 0 0 0 0 0 0
-1.9466395378112793 -0.8864434361457825 10.78982162475586 -0.7544797499941522 -0.6563233249312121 0 0 0 -1 0 0 0 0 0 0
-1.7997736930847168 -1.3034889698028564 10.302616119384766 -0.9992488265604738 0.03875284012193614 0 0 0 -1 0 0 0 0 0 0
-1.9784941673278809 -1.7079079151153564 9.815410614013672 -0.7013869949710285 0.712780669831548 0 0 0 -1 0 0 0 0 0 0
-2.3857436180114746 -1.8800842761993408 9.328205108642578 -0.022635771691097668 0.9997437780951419 0 0 0 -1 0 0 0 0 0 0
-2.8003687858581543 -1.7265160083770752 8.841007232666016 0.6684060389230942 0.743796589889426 0 0 0 -1 0 0 0 0 0 0
-2.9972071647644043 -1.3305962085723877 8.353801727294922 0.9964722113413212 0.08392336995460295 0 0 0 -1 0 0 0 0 0 0
-2.8693671226501465 -0.907332718372345 7.866596221923828 0.7834030104658365 -0.6215140571162204 0 0 0 -1 0 0 0 0 0 0
-2.4862704277038574 -0.6865723729133606 7.379390716552734 0.14490837941512008 -0.9894450775941451 0 0 0 -1 0 0 0 0 0 0
-2.2368273735046387 0.69218510389328 7.379390716552734 -0.27082675887083113 0.9626281040357801 0 0 0 1 0 0 0 0 0 0
-1.9053950309753418 0.92912358045578 7.832607269287109 -0.8232165011194528 0.5677275687199327 0 0 0 1 0 0 0 0 0 0
-1.8017020225524902 1.3231208324432373 8.285816192626953 -0.9960370930152049 -0.08893879545968797 0 0 0 1 0 0 0 0 0 0
-1.9735560417175293 1.6925170421600342 8.739032745361328 -0.7096099292036491 -0.704594740525071 0 0 0 1 0 0 0 0 0 0
-2.341722011566162 1.8669898509979248 9.192241668701172 -0.09600165714015582 -0.9953811741369957 0 0 0 1 0 0 0 0 0 0
-2.736445903778076 1.7660949230194092 9.645458221435547 0.5618747785708411 -0.8272222997513837 0 0 0 1 0 0 0 0 0 0
-2.9757323265075684 1.4363563060760498 10.09866714477539 0.9606781762049387 -0.2776642608683242 0 0 0 1 0 0 0 0 0 0
-2.9492506980895996 1.0298011302947998 10.551883697509766 0.9165425189836577 0.39993725869827534 0 0 0 1 0 0 0 0 0 0
-2.6692118644714355 0.7338873744010925 11.00509262084961 0.4498146020748957 0.8931219534644771 0 0 0 1 0 0 0 0 0 0
-2.2647337913513184 0.6850516200065613 11.458309173583984 -0.2243169761911498 0.9745162359819662 0 0 0 1 0 0 0 0 0 0
-1.9223132133483887 0.9058119654655457 11.911518096923828 -0.7950193636507504 0.6065840514061972 0 0 0 1 0 0 0 0 0 0
-1.7998290061950684 1.294377088546753 12.364734649658203 -0.9991578989417949 -0.04103039095863345 0 0 0 1 0 0 0 0 0 0
-1.9537577629089355 1.671593427658081 12.817943572998047 -0.742614253741395 -0.6697193965685262 0 0 0 1 0 0 0 0 0 0
-2.313127040863037 1.8635375499725342 13.271160125732422 -0.14366166492524143 -0.9896268620196744 0 0 0 1 0 0 0 0 0 0
-2.71223783493042 1.7817046642303467 13.724369049072266 0.5215203507495536 -0.8532388433223502 0 0 0 1 0 0 0 0 0 0
-2.9670729637145996 1.4638259410858154 14.17758560180664 0.9462480486904886 -0.323441850027857 0 0 0 1 0 0 0 0 0 0
-2.960132122039795 1.0564696788787842 14.630794525146484 0.9346816861872432 0.3554857880509034 0 0 0 1 0 0 0 0 0 0
-2.694617748260498 0.7474562525749207 15.08401107788086 0.49215903181084303 0.8705053057891224 0 0 0 1 0 0 0 0 0 0
-2.2929491996765137 0.6792647242546082 15.537220001220703 -0.1772935924733856 0.984158006657407 0 0 0 1 0 0 0 0 0 0
-1.9403281211853027 0.8833357691764832 15.990436553955078 -0.7649899527628333 0.644042213035697 0 0 0 1 0 0 0 0 0 0
-1.7993388175964355 1.2655799388885498 16.443645477294922 -0.999975726987038 0.006967455543064639 0 0 0 1 0 0 0 0 0 0
-1.9349875450134277 1.6497504711151123 16.896862030029297 -0.7738930598755782 -0.6333162968662771 0 0 0 1 0 0 0 0 0 0
-2.2847304344177246 1.8587157726287842 17.35007095336914 -0.19098797797861694 -0.9815923758198407 0 0 0 1 0 0 0 0 0 0
-2.6873087882995605 1.7961318492889404 17.803287506103516 0.47996995295915207 -0.87728492763548 0 0 0 1 0 0 0 0 0 0
-2.9571051597595215 1.490849256515503 18.25649642944336 0.9296366544609584 -0.36847753077038037 0 0 0 1 0 0 0 0 0 0
-2.969722270965576 1.0836303234100342 18.709712982177734 0.9506664479077326 0.3102149332680396 0 0 0 1 0 0 0 0 0 0
-2.7193427085876465 0.7622305750846863 19.162921905517578 0.5333621054158127 0.8458870282173685 0 0 0 1 0 0 0 0 0 0
-2.321410655975342 0.6748396754264832 19.616130828857422 -0.12985572558207006 0.9915328993702397 0 0 0 1 0 0 0 0 0 0
-1.9594016075134277 0.8617560267448425 20.069347381591797 -0.7332080592679608 0.6800043689745753 0 0 0 1 0 0 0 0 0 0
-1.8002314567565918 1.236790418624878 20.52255630493164 -0.9984888734655164 0.05495424974980447 0 0 0 1 0 0 0 0 0 0
-1.917285442352295 1.6270263195037842 20.975772857666016 -0.8033987572514354 -0.5954413798577065 0 0 0 1 0 0 0 0 0 0
-2.2565970420837402 1.8525359630584717 21.42898178100586 -0.2378812584539462 -0.971294243201496 0 0 0 1 0 0 0 0 0 0
-2.6617159843444824 1.8093459606170654 21.882198333740234 0.43731761153085785 -0.8993071258724386 0 0 0 1 0 0 0 0 0 0
-2.9458518028259277 1.5173614025115967 22.335407257080078 0.9108793095778058 -0.41267285273332405 0 0 0 1 0 0 0 0 0 0
-2.9779982566833496 1.1112182140350342 22.788623809814453 0.9644581693323319 0.26423557596986713 0 0 0 1 0 0 0 0 0 0
-2.7433314323425293 0.7781721949577332 23.241832733154297 0.5733417761564842 0.8193163050456935 0 0 0 1 0 0 0 0 0 0
-2.3500514030456543 0.6717879176139832 23.695049285888672 -0.08212247532807637 0.9966222449082649 0 0 0 1 0 0 0 0 0 0
-1.979489803314209 0.84111088514328 24.148258209228516 -0.6997224314323864 0.7144148087423366 0 0 0 1 0 0 0 0 0 0
-1.8025031089782715 1.2080771923065186 24.60147476196289 -0.9947013922582749 0.10280632392732143 0 0 0 1 0 0 0 0 0 0
-1.9006953239440918 1.6034820079803467 25.054683685302734 -0.8310460692083967 -0.5562035875947517 0 0 0 1 0 0 0 0 0 0
-2.2287936210632324 1.8450171947479248 25.50790023803711 -0.2842182099660959 -0.9587596200944574 0 0 0 1 0 0 0 0 0 0
-2.6355185508728027 1.8213164806365967 25.961109161376953 0.39365726571273274 -0.919257285612453 0 0 0 1 0 0 0 0 0 0
-2.9333395957946777 1.5433051586151123 26.414325714111328 0.8900292630763789 -0.4559034008073617 0 0 0 1 0 0 0 0 0 0
-2.984941005706787 1.1391723155975342 26.867534637451172 0.9760268154889394 0.2176503054133395 0 0 0 1 0 0 0 0 0 0
0.40248730778694153 2.6331984996795654 26.867534637451172 -0.9890779833848764 -0.14739315717938326 0 0 0 -1 0 0 0 0 0 0
0.3529973328113556 2.2915618419647217 26.477771759033203 -0.9065967520432924 0.4219980203562014 0 0 0 -1 0 0 0 0 0 0
0.12344983220100403 2.033734083175659 26.088008880615234 -0.5240154184078661 0.8517087772653448 0 0 0 -1 0 0 0 0 0 0
-0.21017023921012878 1.9450690746307373 25.698246002197266 0.03201550483199104 0.9994873723316132 0 0 0 -1 0 0 0 0 0 0
-0.5374330878257751 2.0549094676971436 25.308483123779297 0.5774599198077377 0.8164190351869813 0 0 0 -1 0 0 0 0 0 0
-0.7500070929527283 2.326897382736206 24.918720245361328 0.9317484943426 0.3631043146126162 0 0 0 -1 0 0 0 0 0 0
-0.7775282263755798 2.671002149581909 24.52895736694336 0.9776148430850672 -0.21040251562127205 0 0 0 -1 0 0 0 0 0 0
-0.6108850836753845 2.9733169078826904 24.13919448852539 0.6998782861521277 -0.7142621259543028 0 0 0 -1 0 0 0 0 0 0
-0.30524012446403503 3.1337783336639404 23.749431610107422 0.19046423506595325 -0.9816941352380288 0 0 0 -1 0 0 0 0 0 0
0.03823330998420715 3.0992629528045654 23.359668731689453 -0.38198642157782997 -0.924167935891613 0 0 0 -1 0 0 0 0 0 0
0.30584004521369934 2.881199598312378 22.969905853271484 -0.8279943899483437 -0.5607363821030968 0 0 0 -1 0 0 0 0 0 0
0.4089989960193634 2.551769971847534 22.580142974853516 -0.9999317893315914 -0.011679755310883186 0 0 0 -1 0 0 0 0 0 0
0.31356480717658997 2.2200210094451904 22.190380096435547 -0.8408766870772879 0.5412267520456882 0 0 0 -1 0 0 0 0 0 0
0.05112317204475403 1.9957664012908936 21.800617218017578 -0.4034728056340336 0.9149916366359864 0 0 0 -1 0 0 0 0 0 0
-0.29144999384880066 1.9532363414764404 21.41085433959961 0.1674820854097621 0.9858751194075227 0 0 0 -1 0 0 0 0 0 0
-0.600758969783783 2.106510877609253 21.02109146118164 0.683001882954747 0.7304166125440126 0 0 0 -1 0 0 0 0 0 0
-0.7744192481040955 2.404850721359253 20.631328582763672 0.9724312759797156 0.23318965134941574 0 0 0 -1 0 0 0 0 0 0
-0.7549452185630798 2.749504804611206 20.241565704345703 0.939978031907608 -0.3412349623516031 0 0 0 -1 0 0 0 0 0 0
2.601688861846924 1.1333281993865967 20.241565704345703 -0.9738037896202347 0.22738992792397283 0 0 0 1 0 0 0 0 0 0
2.5942578315734863 1.4348113536834717 20.57564926147461 -0.961419725458577 -0.2750856439350378 0 0 0 1 0 0 0 0 0 0
2.4410977363586426 1.6945960521697998 20.909732818603516 -0.7061524692951694 -0.708059806872509 0 0 0 1 0 0 0 0 0 0
2.180901050567627 1.8470542430877686 21.243816375732422 -0.27249317199988626 -0.9621577163924013 0 0 0 1 0 0 0 0 0 0
1.8794026374816895 1.853672742843628 21.577899932861328 0.2300047813029171 -0.9731894988016452 0 0 0 1 0 0 0 0 0 0
1.6127667427062988 1.7127807140350342 21.911983489990234 0.6743954546889174 -0.7383703479250292 0 0 0 1 0 0 0 0 0 0
1.4483532905578613 1.459965467453003 22.24605941772461 0.9484249287392172 -0.31700182104525915 0 0 0 1 0 0 0 0 0 0
1.427696704864502 1.1591002941131592 22.580142974853516 0.9828437238131831 0.18444027369594654 0 0 0 1 0 0 0 0 0 0
1.556023120880127 0.8861929774284363 22.914226531982422 0.7689720237115297 0.6392824311280536 0 0 0 1 0 0 0 0 0 0
1.8009037971496582 0.7101828455924988 23.248310089111328 0.3608376019722598 0.932628664047438 0 0 0 1 0 0 0 0 0 0
2.1004796028137207 0.6755415797233582 23.582393646240234 -0.13845194497514027 0.9903691528579637 0 0 0 1 0 0 0 0 0 0
2.37907075881958 0.7910124659538269 23.91647720336914 -0.6027769755481356 0.7979097177933366 0 0 0 1 0 0 0 0 0 0
2.5662922859191895 1.0274322032928467 24.250560760498047 -0.9148090649037663 0.40388658651890924 0 0 0 1 0 0 0 0 0 0
2.61484956741333 1.3250701427459717 24.584636688232422 -0.9957422189693838 -0.09218152397269216 0 0 0 1 0 0 0 0 0 0
2.5124783515930176 1.6087348461151123 24.918720245361328 -0.8251200795967899 -0.5649573915315977 0 0 0 1 0 0 0 0 0 0
2.285034656524658 1.806767225265503 25.252803802490234 -0.44605085573454517 -0.8950076167823826 0 0 0 1 0 0 0 0 0 0
1.9899792671203613 1.869133710861206 25.58688735961914 0.045708947555233914 -0.9989547998350041 0 0 0 1 0 0 0 0 0 0
1.701855182647705 1.780083417892456 25.920970916748047 0.5259184710386832 -0.8505349856533438 0 0 0 1 0 0 0 0 0 0
1.4934468269348145 1.562107801437378 26.255054473876953 0.8732677598282422 -0.4872406178107111 0 0 0 1 0 0 0 0 0 0
1.4174046516418457 1.2702796459197998 26.58913803100586 0.9999996268244824 -0.0008639160235780177 0 0 0 1 0 0 0 0 0 0
1.492943286895752 0.9783217310905457 26.923213958740234 0.8741058612939165 0.4857354663308211 0 0 0 1 0 0 0 0 0 0
1.70097017288208 0.7599875330924988 27.25729751586914 0.5273923874622323 0.8496218392007628 0 0 0 1 0 0 0 0 0 0
1.9889416694641113 0.6704375147819519 27.591381072998047 0.04743720481065503 0.9988742221119493 0 0 0 1 0 0 0 0 0 0
2.2841038703918457 0.7322928309440613 27.925464630126953 -0.44450079976417856 0.8957784542000357 0 0 0 1 0 0 0 0 0 0
2.5118908882141113 0.9299284815788269 28.25954818725586 -0.8241429850967263 0.5663817971261587 0 0 0 1 0 0 0 0 0 0
2.6147541999816895 1.213413953781128 28.593631744384766 -0.9955807892844238 0.0939089559509847 0 0 0 1 0 0 0 0 0 0
2.566711902618408 1.5111358165740967 28.92770767211914 -0.9155116279492799 -0.4022915100889641 0 0 0 1 0 0 0 0 0 0
2.3798985481262207 1.7478797435760498 29.261791229248047 -0.6041566097074188 -0.7968656040681122 0 0 0 1 0 0 0 0 0 0
2.1015095710754395 1.863835096359253 29.595874786376953 -0.14016933453585131 -0.9901275461554316 0 0 0 1 0 0 0 0 0 0
1.801872730255127 1.8297126293182373 29.92995834350586 0.35922040603545374 -0.9332527524136878 0 0 0 1 0 0 0 0 0 0
1.5566868782043457 1.6541297435760498 30.264041900634766 0.767865257185668 -0.6406113851682532 0 0 0 1 0 0 0 0 0 0
1.4278912544250488 1.381443738937378 30.598125457763672 0.9825240783965755 -0.18613552957713383 0 0 0 1 0 0 0 0 0 0
1.4480252265930176 1.080540418624878 30.932209014892578 0.9489667756140607 0.3153760593016745 0 0 0 1 0 0 0 0 0 0
1.6119961738586426 0.8274428248405457 31.266284942626953 0.6756788146705632 0.7371961336071852 0 0 0 1 0 0 0 0 0 0
1.8783917427062988 0.6860892176628113 31.60036849975586 0.23168874499482872 0.972789969851006 0 0 0 1 0 0 0 0 0 0
2.179901599884033 0.69218510389328 31.934452056884766 -0.27083195724315234 0.9626266415053363 0 0 0 1 0 0 0 0 0 0
1.9304585456848145 -0.6865723729133606 31.934452056884766 0.14491387147337348 -0.9894442732436218 0 0 0 -1 0 0 0 0 0 0
2.2358593940734863 -0.721419632434845 31.60036849975586 -0.36408845666410733 -0.9313643732309866 0 0 0 -1 0 0 0 0 0 0
2.4839253425598145 -0.9029305577278137 31.266284942626953 -0.7775291477881384 -0.628846900556766 0 0 0 -1 0 0 0 0 0 0
2.609550952911377 -1.1834709644317627 30.932209014892578 -0.9869081448305527 -0.16128333350695978 0 0 0 -1 0 0 0 0 0 0
2.579765796661377 -1.489405870437622 30.598125457763672 -0.9372691729292374 0.3486065080811647 0 0 0 -1 0 0 0 0 0 0
2.4023900032043457 -1.740443468093872 30.264041900634766 -0.6416388582469417 0.7670068940938936 0 0 0 -1 0 0 0 0 0 0
2.1239705085754395 -1.8707001209259033 29.92995834350586 -0.1776076789370737 0.9841013730213902 0 0 0 -1 0 0 0 0 0 0
1.8175854682922363 -1.8459885120391846 29.595874786376953 0.33303431908953374 0.9429147057441466 0 0 0 -1 0 0 0 0 0 0
1.56364107131958 -1.6727936267852783 29.261791229248047 0.7562747957966512 0.6542541044905517 0 0 0 -1 0 0 0 0 0 0
1.4287915229797363 -1.396571397781372 28.92770767211914 0.9810239080569713 0.19388680156376542 0 0 0 -1 0 0 0 0 0 0
1.4484257698059082 -1.0898163318634033 28.593631744384766 0.9483011376392212 -0.3173719463849297 0 0 0 -1 0 0 0 0 0 0
1.6173901557922363 -0.8330414891242981 28.25954818725586 0.6666929435534025 -0.7453324889041799 0 0 0 -1 0 0 0 0 0 0
1.89133882522583 -0.6936333775520325 27.925464630126953 0.21011218580320395 -0.9776772828377469 0 0 0 -1 0 0 0 0 0 0
2.198376178741455 -0.7081826329231262 27.591381072998047 -0.3016194786217666 -0.9534283875131543 0 0 0 -1 0 0 0 0 0 0
2.457916736602783 -0.8728669285774231 27.25729751586914 -0.7341790796608634 -0.6789558741098923 0 0 0 -1 0 0 0 0 0 0
-0.5879740118980408 -3.005103349685669 27.25729751586914 0.6616965429827885 0.7497717552726476 0 0 0 1 0 0 0 0 0 0
-0.26556918025016785 -3.150580644607544 27.64706039428711 0.12434819020026265 0.9922386444771839 0 0 0 1 0 0 0 0 0 0
0.08276417851448059 -3.0891640186309814 28.036823272705078 -0.4562025257262804 0.8898759776064091 0 0 0 1 0 0 0 0 0 0
0.3359723389148712 -2.8421967029571533 28.426586151123047 -0.8782182420646714 0.4782600958734046 0 0 0 1 0 0 0 0 0 0
0.40605977177619934 -2.495501756668091 28.816349029541016 -0.9950311897450581 -0.09956370540781684 0 0 0 1 0 0 0 0 0 0
0.26866963505744934 -2.169570207595825 29.206111907958984 -0.7660511020106173 -0.6427796738450268 0 0 0 1 0 0 0 0 0 0
-0.028451411053538322 -1.9776642322540283 29.595874786376953 -0.27084760300107386 -0.9626222394836788 0 0 0 1 0 0 0 0 0 0
-0.3820490539073944 -1.9864799976348877 29.985637664794922 0.3184820295907159 -0.9479288986141198 0 0 0 1 0 0 0 0 0 0
-0.6692366003990173 -2.1929543018341064 30.37540054321289 0.797127135556579 -0.6038115018442126 0 0 0 1 0 0 0 0 0 0
-0.7902140021324158 -2.5253288745880127 30.76516342163086 0.9987567694229494 -0.049848927088087386 0 0 0 1 0 0 0 0 0 0
-0.7029356360435486 -2.868098497390747 31.154926300048828 0.8532924872035742 0.52143257596926 0 0 0 1 0 0 0 0 0 0
-0.43773218989372253 -3.1021416187286377 31.544689178466797 0.4112886395729181 0.911505159040945 0 0 0 1 0 0 0 0 0 0
-0.08677241206169128 -3.146125078201294 31.934452056884766 -0.1736416408723027 0.9848089056030994 0 0 0 1 0 0 0 0 0 0
0.2279820740222931 -2.984759569168091 32.324214935302734 -0.6982387418238458 0.7158649728938085 0 0 0 1 0 0 0 0 0 0
0.3971448242664337 -2.674128770828247 32.7139778137207 -0.9801716365007647 0.19815035452759786 0 0 0 1 0 0 0 0 0 0
0.3619275391101837 -2.322180986404419 33.10374069213867 -0.9214798621087154 -0.3884261367726207 0 0 0 1 0 0 0 0 0 0
0.1345696747303009 -2.051223039627075 33.49350357055664 -0.5425476987304544 -0.8400249964151592 0 0 0 1 0 0 0 0 0 0
-0.2059168517589569 -1.9554245471954346 33.88326644897461 0.024929961200496734 -0.9996892002190189 0 0 0 1 0 0 0 0 0 0
-0.5412058234214783 -2.0680763721466064 34.27302932739258 0.5837448734273464 -0.8119371421158729 0 0 0 1 0 0 0 0 0 0
-0.7547754645347595 -2.3500282764434814 34.66279220581055 0.9396924771153822 -0.3420205380569378 0 0 0 1 0 0 0 0 0 0
2.5812230110168457 -1.485450029373169 34.66279220581055 -0.93969248736894 0.3420205098855549 0 0 0 -1 0 0 0 0 0 0
2.400177478790283 -1.742285966873169 34.32870864868164 -0.6379524775232589 0.7700757342118606 0 0 0 -1 0 0 0 0 0 0
2.114147663116455 -1.8723900318145752 33.994625091552734 -0.16123783621007892 0.9869155790513654 0 0 0 -1 0 0 0 0 0 0
1.8015828132629395 -1.8400795459747314 33.66054916381836 0.3597044940137609 0.9330662768454897 0 0 0 -1 0 0 0 0 0 0
1.5482144355773926 -1.6542160511016846 33.32646560668945 0.7819818783998271 0.6233011646501857 0 0 0 -1 0 0 0 0 0 0
1.423534870147705 -1.365779161453247 32.99238204956055 0.9897847948594797 0.1425694913541387 0 0 0 -1 0 0 0 0 0 0
1.461742877960205 -1.0538818836212158 32.65829849243164 0.9261065883134452 -0.3772619608209005 0 0 0 -1 0 0 0 0 0 0
1.652355670928955 -0.8040688633918762 32.324214935302734 0.6084146689583422 -0.7936192982761386 0 0 0 -1 0 0 0 0 0 0
2.4363369941711426 0.8402296900749207 32.324214935302734 -0.6982159395868024 0.715887212979055 0 0 0 1 0 0 0 0 0 0
2.5914463996887207 1.0951850414276123 32.651615142822266 -0.9567352761853032 0.29095981045950614 0 0 0 1 0 0 0 0 0 0
2.604546070098877 1.3933227062225342 32.9790153503418 -0.9785653765835205 -0.20593640705798644 0 0 0 1 0 0 0 0 0 0
2.47239351272583 1.6608970165252686 33.30641555786133 -0.7583109790758497 -0.6518929812576804 0 0 0 1 0 0 0 0 0 0
2.227684497833252 1.8317077159881592 33.63381576538086 -0.3504692330267389 -0.9365742451624693 0 0 0 1 0 0 0 0 0 0
1.9309544563293457 1.863499402999878 33.96122360229492 0.14408327755118586 -0.9895655658571127 0 0 0 1 0 0 0 0 0 0
1.6556096076965332 1.7484099864959717 34.28862380981445 0.6029883045401325 -0.7977500263790758 0 0 0 1 0 0 0 0 0 0
1.4697728157043457 1.5149085521697998 34.616024017333984 0.9127237954293825 -0.40857713256738043 0 0 0 1 0 0 0 0 0 0
1.4194111824035645 1.2207610607147217 34.943424224853516 0.9966595576055115 0.08166839188808545 0 0 0 1 0 0 0 0 0 0
1.5169835090637207 0.9387328028678894 35.27082443237305 0.8340333306633976 0.5517140594026219 0 0 0 1 0 0 0 0 0 0
1.738354206085205 0.7385985255241394 35.59822463989258 0.46508821504711123 0.885264340309883 0 0 0 1 0 0 0 0 0 0
2.028759479522705 0.6698691248893738 35.92562484741211 -0.018916409797442607 0.9998210687119847 0 0 0 1 0 0 0 0 0 0
2.316357135772705 0.7495428919792175 36.25302505493164 -0.498257916132117 0.8670288628481061 0 0 0 1 0 0 0 0 0 0
2.5299954414367676 0.9579092860221863 36.58042526245117 -0.854315667511223 0.5197544999755688 0 0 0 1 0 0 0 0 0 0
2.616825580596924 1.2434279918670654 36.9078254699707 -0.9990363041596029 0.043891490873761735 0 0 0 1 0 0 0 0 0 0
2.555370807647705 1.5354583263397217 37.235225677490234 -0.8966065400900802 -0.4428280843258425 0 0 0 1 0 0 0 0 0 0
2.3608250617980957 1.7617576122283936 37.562625885009766 -0.5723662080366058 -0.8199981243257798 0 0 0 1 0 0 0 0 0 0
2.0813260078430176 1.8663451671600342 37.89003372192383 -0.1065319351567396 -0.9943092812559683 0 0 0 1 0 0 0 0 0 0
1.7860112190246582 1.8233458995819092 38.21743392944336 0.3856555871639692 -0.9226428171774894 0 0 0 1 0 0 0 0 0 0
1.5479435920715332 1.6433990001678467 38.54483413696289 0.7824338142177226 -0.6227337523923897 0 0 0 1 0 0 0 0 0 0
1.4260106086730957 1.3710143566131592 38.87223434448242 0.985658053708324 -0.16875485521880118 0 0 0 1 0 0 0 0 0 0
1.4503827095031738 1.073582410812378 39.19963455200195 0.945036484229522 0.32696489639578213 0 0 0 1 0 0 0 0 0 0
1.6150288581848145 0.8246847987174988 39.527034759521484 0.6706273348759261 0.7417944309019936 0 0 0 1 0 0 0 0 0 0
1.8792157173156738 0.6858908534049988 39.854434967041016 0.23031732996491736 0.9731155776770977 0 0 0 1 0 0 0 0 0 0
2.1775898933410645 0.6915404200553894 40.18183517456055 -0.266975387821576 0.9637033476633352 0 0 0 1 0 0 0 0 0 0
2.4363369941711426 0.8402296900749207 40.50923538208008 -0.6982159395868024 0.715887212979055 0 0 0 1 0 0 0 0 0 0
-0.5560087561607361 3.0209319591522217 40.50923538208008 0.6084180623694387 -0.7936166967640094 0 0 0 -1 0 0 0 0 0 0
-0.22464892268180847 3.1438148021698 40.11947250366211 0.056149198178108116 -0.9984223893442872 0 0 0 -1 0 0 0 0 0 0
0.11839917302131653 3.0588576793670654 39.72970962524414 -0.5155983309149339 -0.8568304156352844 0 0 0 -1 0 0 0 0 0 0
0.35411885380744934 2.7955405712127686 39.33994674682617 -0.9084624644304724 -0.41796644688409224 0 0 0 -1 0 0 0 0 0 0
0.4007249176502228 2.4452178478240967 38.9501838684082 -0.9861415410209772 0.1659061815387621 0 0 0 -1 0 0 0 0 0 0
0.2420525848865509 2.129429578781128 38.560420989990234 -0.7216847760532753 0.692221845951812 0 0 0 -1 0 0 0 0 0 0
-0.06685206294059753 1.957737684249878 38.170658111572266 -0.20684727391836427 0.9783732443564376 0 0 0 -1 0 0 0 0 0 0
-0.41881510615348816 1.989708662033081 37.7808952331543 0.3797583868250329 0.9250857082649416 0 0 0 -1 0 0 0 0 0 0
-0.6917242407798767 2.2142531871795654 37.39113235473633 0.8346097926142828 0.5508416234021754 0 0 0 -1 0 0 0 0 0 0
-0.7908968329429626 2.5534675121307373 37.00136947631836 0.9998947679047061 -0.014507002336588205 0 0 0 -1 0 0 0 0 0 0
-0.6819242835044861 2.8896567821502686 36.61160659790039 0.8182735385622583 -0.5748290320510963 0 0 0 -1 0 0 0 0 0 0
-0.4026140868663788 3.1061904430389404 36.22184371948242 0.35275944851174285 -0.9357140436509922 0 0 0 -1 0 0 0 0 0 0
-0.04987284541130066 3.1279380321502686 35.83208084106445 -0.235142084662629 -0.9719610074588965 0 0 0 -1 0 0 0 0 0 0
0.2539201080799103 2.9473540782928467 35.442317962646484 -0.7414693230325037 -0.6709867681271522 0 0 0 -1 0 0 0 0 0 0
0.4033646881580353 2.6270949840545654 35.052555084228516 -0.9905395223670497 -0.137227747299361 0 0 0 -1 0 0 0 0 0 0
0.34661152958869934 2.278271436691284 34.66279220581055 -0.8959545589122748 0.44414572874712055 0 0 0 -1 0 0 0 0 0 0
0.10335209965705872 2.0219008922576904 34.27302932739258 -0.4905179721467856 0.8714310753014293 0 0 0 -1 0 0 0 0 0 0
-0.2420172393321991 1.9469382762908936 33.88326644897461 0.08509643481112789 0.9963727198104309 0 0 0 -1 0 0 0 0 0 0
-0.5696730017662048 2.0793845653533936 33.49350357055664 0.6311909084020808 0.7756275118576934 0 0 0 -1 0 0 0 0 0 0
-0.7659353613853455 2.3732879161834717 33.10374069213867 0.9582931444592503 0.28578706983067376 0 0 0 -1 0 0 0 0 0 0
-0.7627138495445251 2.7266852855682373 32.7139778137207 0.9529262140076206 -0.3032022932912985 0 0 0 -1 0 0 0 0 0 0
-0.561126172542572 3.0169646739959717 32.324214935302734 0.6169440642568811 -0.7870070022421665 0 0 0 -1 0 0 0 0 0 0
-0.23111101984977722 3.143414258956909 31.934452056884766 0.06692001079734798 -0.9977583435656566 0 0 0 -1 0 0 0 0 0 0
0.11283543705940247 3.062168836593628 31.544689178466797 -0.5063217442043713 -0.8623446476588366 0 0 0 -1 0 0 0 0 0 0
0.3513799011707306 2.8014075756073 31.154926300048828 -0.90390123340069 -0.427741230484871 0 0 0 -1 0 0 0 0 0 0
0.4017644226551056 2.4516074657440186 30.76516342163086 -0.9878738806093452 0.1552584812814842 0 0 0 -1 0 0 0 0 0 0
0.2465081512928009 2.1341254711151123 30.37540054321289 -0.729114049235436 0.6843922144556482 0 0 0 -1 0 0 0 0 0 0
-0.060527294874191284 1.959110975265503 29.985637664794922 -0.21738839802018656 0.976085182966229 0 0 0 -1 0 0 0 0 0 0
-0.4128126800060272 1.9872825145721436 29.595874786376953 0.36975358341288656 0.9291298550543565 0 0 0 -1 0 0 0 0 0 0
-0.6881288886070251 2.2088706493377686 29.206111907958984 0.8286150343120295 0.5598188322234918 0 0 0 -1 0 0 0 0 0 0
-0.790954053401947 2.5469939708709717 28.816349029541016 0.9999930623337098 -0.0037249542881697896 0 0 0 -1 0 0 0 0 0 0
-0.6856150031089783 2.8843390941619873 28.426586151123047 0.8244266888695034 -0.5659687576886792 0 0 0 -1 0 0 0 0 0 0
-0.4086584746837616 3.103874921798706 28.036823272705078 0.3628306445018058 -0.9318550978614669 0 0 0 -1 0 0 0 0 0 0
-0.05617281794548035 3.1294257640838623 27.64706039428711 -0.22464071699392105 -0.97444165975622 0 0 0 -1 0 0 0 0 0 0
0.24955037236213684 2.952130079269409 27.25729751586914 -0.7341845836785071 -0.6789499223719059 0 0 0 -1 0 0 0 0 0 0
2.6055073738098145 1.1508605480194092 40.89899826049805 -0.9801694573494141 0.1981611336245204 0 0 0 1 0 0 0 0 0 0
2.5776638984680176 1.484490156173706 41.24978256225586 -0.9337645529908896 -0.3578879148249131 0 0 0 1 0 0 0 0 0 0
2.375389575958252 1.7512671947479248 41.6005744934082 -0.5966395932903802 -0.8025093119199861 0 0 0 1 0 0 0 0 0 0
2.061657428741455 1.868126630783081 41.951358795166016 -0.0737584469801196 -0.9972761360320826 0 0 0 1 0 0 0 0 0 0
1.7341465950012207 1.7986876964569092 42.30214309692383 0.4721027840349302 -0.8815435107278983 0 0 0 1 0 0 0 0 0 0
1.4948277473449707 1.5645720958709717 42.65293502807617 0.870960000849459 -0.4913539222600248 0 0 0 1 0 0 0 0 0 0
1.4182133674621582 1.2386672496795654 43.003719329833984 0.9986562390496428 0.05182389610230763 0 0 0 1 0 0 0 0 0 0
1.5281529426574707 0.922440230846405 43.3545036315918 0.815418226065676 0.5788722800410346 0 0 0 1 0 0 0 0 0 0
1.790417194366455 0.7143523097038269 43.70528793334961 0.3783151567149974 0.9256768562515254 0 0 0 1 0 0 0 0 0 0
2.123356342315674 0.6791884303092957 44.05607986450195 -0.1765854373089167 0.9842853160188965 0 0 0 1 0 0 0 0 0 0
2.4233059883117676 0.827896773815155 44.406864166259766 -0.6765035311230809 0.7364393881223374 0 0 0 1 0 0 0 0 0 0
-0.5416082739830017 3.0316321849823 44.406864166259766 0.5844171254970393 -0.8114534018819428 0 0 0 -1 0 0 0 0 0 0
-0.18846270442008972 3.144757032394409 44.0171012878418 -0.0041624699703137385 -0.9999913368843483 0 0 0 -1 0 0 0 0 0 0
0.1637292206287384 3.028698682785034 43.62733840942383 -0.5911493820739641 -0.8065620918897507 0 0 0 -1 0 0 0 0 0 0
0.38044217228889465 2.7277915477752686 43.23757553100586 -0.952335391274657 -0.3050529503639428 0 0 0 -1 0 0 0 0 0 0
0.37889721989631653 2.356976270675659 42.84781265258789 -0.9497615521744798 0.3129744302832466 0 0 0 -1 0 0 0 0 0 0
0.1596856415271759 2.057884931564331 42.45804977416992 -0.5844044748045893 0.8114625128916135 0 0 0 -1 0 0 0 0 0 0
-0.19345995783805847 1.944767713546753 42.06828689575195 0.004168126435010313 0.9999913133232817 0 0 0 -1 0 0 0 0 0 0
-0.5456518530845642 2.060826063156128 41.678524017333984 0.5911529744804463 0.8065594589135512 0 0 0 -1 0 0 0 0 0 0
-0.7623609900474548 2.3617331981658936 41.288761138916016 0.9523386425463201 0.30504280013308394 0 0 0 -1 0 0 0 0 0 0
-0.7608141303062439 2.7325522899627686 40.89899826049805 0.9497582084682269 -0.3129845770117502 0 0 0 -1 0 0 0 0 0 0
1.44755220413208 -1.0924484729766846 49.08401870727539 0.9497582170547402 -0.3129845509557953 0 0 0 -1 0 0 0 0 0 0
1.6184163093566895 -0.8321221470832825 48.74178695678711 0.6649800093126222 -0.746861156584398 0 0 0 -1 0 0 0 0 0 0
1.896751880645752 -0.6924965977668762 48.39955520629883 0.20109132084752504 -0.9795724989401232 0 0 0 -1 0 0 0 0 0 0
2.207584857940674 -0.7111771702766418 48.05732345581055 -0.3169682235804173 -0.9484361577039725 0 0 0 -1 0 0 0 0 0 0
2.467194080352783 -0.8831360936164856 47.7150993347168 -0.749645385515962 -0.6618397056498083 0 0 0 -1 0 0 0 0 0 0
2.6056485176086426 -1.1620514392852783 47.372867584228516 -0.9804063836473512 -0.1969855905987108 0 0 0 -1 0 0 0 0 0 0
2.585663318634033 -1.472804307937622 47.030635833740234 -0.9470985423687421 0.3209429093203401 0 0 0 -1 0 0 0 0 0 0
2.412621021270752 -1.7316887378692627 46.68840408325195 -0.658693633001304 0.752411255792697 0 0 0 -1 0 0 0 0 0 0
2.133121967315674 -1.8689758777618408 46.34617233276367 -0.19285487458306177 0.981227291380316 0 0 0 -1 0 0 0 0 0 0
1.822460651397705 -1.8476860523223877 46.00394058227539 0.32491200646509466 0.945744250870618 0 0 0 -1 0 0 0 0 0 0
1.5643010139465332 -1.6735565662384033 45.66170883178711 0.7551702089247015 0.6555287602787713 0 0 0 -1 0 0 0 0 0 0
1.4281888008117676 -1.3934853076934814 45.31947708129883 0.9820274878399665 0.18873794829531365 0 0 0 -1 0 0 0 0 0 0
1.4507832527160645 -1.082911729812622 44.97725296020508 0.944370946071903 -0.32888222240683485 0 0 0 -1 0 0 0 0 0 0
1.6259922981262207 -0.8254922032356262 44.6350212097168 0.6523571332365141 -0.757911716966717 0 0 0 -1 0 0 0 0 0 0
1.9066319465637207 -0.6905549168586731 44.292789459228516 0.18462184784521213 -0.9828096322778992 0 0 0 -1 0 0 0 0 0 0
2.217106342315674 -0.7144463658332825 43.950557708740234 -0.33283014957060303 -0.94298679287507 0 0 0 -1 0 0 0 0 0 0
2.4737935066223145 -0.8907387852668762 43.60832595825195 -0.7606456606358089 -0.6491672965853362 0 0 0 -1 0 0 0 0 0 0
2.6075520515441895 -1.1719391345977783 43.26609420776367 -0.9835745351490666 -0.18050244820028727 0 0 0 -1 0 0 0 0 0 0
2.5823521614074707 -1.4823105335235596 42.92386245727539 -0.941582394232672 0.33678271165704005 0 0 0 -1 0 0 0 0 0 0
2.4049878120422363 -1.7382538318634033 42.58163070678711 -0.6459764416758321 0.7633573454155205 0 0 0 -1 0 0 0 0 0 0
2.123230457305908 -1.8708336353302002 42.23940658569336 -0.176373087075014 0.9843233890117767 0 0 0 -1 0 0 0 0 0 0
1.8129658699035645 -1.844336748123169 41.89717483520508 0.3407294110094142 0.9401614055433128 0 0 0 -1 0 0 0 0 0 0
1.5577664375305176 -1.6658966541290283 41.5549430847168 0.7660658986563654 0.6427620391060871 0 0 0 -1 0 0 0 0 0 0
1.42637300491333 -1.383582353591919 41.212711334228516 0.9850561275084208 0.1722336368370419 0 0 0 -1 0 0 0 0 0 0
1.4541707038879395 -1.073432207107544 40.870479583740234 0.9387212562593782 -0.34467724474762584 0 0 0 -1 0 0 0 0 0 0
1.633678913116455 -0.8189881443977356 40.52824783325195 0.6395463966713131 -0.7687525001616186 0 0 0 -1 0 0 0 0 0 0
1.9165425300598145 -0.6887772679328918 40.18601608276367 0.16810397777492142 -0.9857692694825949 0 0 0 -1 0 0 0 0 0 0
2.2265706062316895 -0.717879593372345 39.84378433227539 -0.3486102312933187 -0.9372677881148049 0 0 0 -1 0 0 0 0 0 0
2.4802632331848145 -0.89845210313797 39.50156021118164 -0.7714313290224722 -0.6363125840360396 0 0 0 -1 0 0 0 0 0 0
2.609283924102783 -1.1818573474884033 39.15932846069336 -0.9864659992979119 -0.1639659483831087 0 0 0 -1 0 0 0 0 0 0
2.5788846015930176 -1.4917633533477783 38.81709671020508 -0.9357955524968725 0.3525431660478944 0 0 0 -1 0 0 0 0 0 0
2.397247791290283 -1.7446930408477783 38.4748649597168 -0.6330722017124598 0.7740927511732291 0 0 0 -1 0 0 0 0 0 0
2.113304615020752 -1.8725273609161377 38.132633209228516 -0.15983419313397124 0.987143875382516 0 0 0 -1 0 0 0 0 0 0
1.8035283088684082 -1.8408234119415283 37.790401458740234 0.356461378910883 0.9343100584629024 0 0 0 -1 0 0 0 0 0 0
1.5513615608215332 -1.6581299304962158 37.44816970825195 0.7767416558762441 0.6298193391970672 0 0 0 -1 0 0 0 0 0 0
1.4247212409973145 -1.373652696609497 37.10593795776367 0.9878067741787675 0.15568486402517637 0 0 0 -1 0 0 0 0 0 0
1.4577221870422363 -1.0640137195587158 36.76371383666992 0.9328067065045801 -0.36037709180812016 0 0 0 -1 0 0 0 0 0 0
1.641472339630127 -0.8126137852668762 36.42148208618164 0.626554191187126 -0.7793778579776605 0 0 0 -1 0 0 0 0 0 0
1.9264798164367676 -0.6871674656867981 36.07925033569336 0.15154374540498214 -0.9884505517367219 0 0 0 -1 0 0 0 0 0 0
2.2359776496887207 -0.7214692234992981 35.73701858520508 -0.36428433800645427 -0.9312877756543351 0 0 0 -1 0 0 0 0 0 0
2.486603260040283 -0.9062722325325012 35.3947868347168 -0.7819972598334923 -0.6232818669052624 0 0 0 -1 0 0 0 0 0 0
2.610851764678955 -1.1918022632598877 35.052555084228516 -0.9890778615113481 -0.14739397500623425 0 0 0 -1 0 0 0 0 0 0
-0.7765745520591736 -2.685828447341919 35.052555084228516 0.9760265455873082 0.21765151575145597 0 0 0 1 0 0 0 0 0 0
-0.6003183722496033 -2.993903398513794 35.442317962646484 0.6822624363012876 0.7311073573779925 0 0 0 1 0 0 0 0 0 0
-0.28081271052360535 -3.1484711170196533 35.83208084106445 0.14975635554199246 0.9887229308430044 0 0 0 1 0 0 0 0 0 0
0.07013562321662903 -3.0954506397247314 36.22184371948242 -0.43515911069303237 0.9003535685389652 0 0 0 1 0 0 0 0 0 0
0.32971814274787903 -2.8533928394317627 36.61160659790039 -0.867795380910171 0.49692170094590477 0 0 0 1 0 0 0 0 0 0
0.40709927678108215 -2.5069992542266846 37.00136947631836 -0.9967626571796545 -0.08040028141837793 0 0 0 1 0 0 0 0 0 0
0.27519848942756653 -2.177485704421997 37.39113235473633 -0.7769270546540751 -0.629590622346413 0 0 0 1 0 0 0 0 0 0
-0.019824473187327385 -1.9801628589630127 37.7808952331543 -0.2852205935917702 -0.9584618996032958 0 0 0 1 0 0 0 0 0 0
-0.37473246455192566 -1.984076738357544 38.170658111572266 0.3062877282068517 -0.9519389831023236 0 0 0 1 0 0 0 0 0 0
-0.665334165096283 -2.1878578662872314 38.560420989990234 0.7906231030043761 -0.6123031185579018 0 0 0 1 0 0 0 0 0 0
-0.7899355292320251 -2.520198106765747 38.9501838684082 0.9982933551953043 -0.05839843296615211 0 0 0 1 0 0 0 0 0 0
-0.7049345374107361 -2.864802598953247 39.33994674682617 0.8566254587871459 0.5159387786915339 0 0 0 1 0 0 0 0 0 0
-0.4400782287120819 -3.1010773181915283 39.72970962524414 0.41520273019049686 0.9097289117326971 0 0 0 1 0 0 0 0 0 0
-0.08804652094841003 -3.1463463306427 40.11947250366211 -0.1715213357450928 0.9851804055015606 0 0 0 1 0 0 0 0 0 0
0.22797253727912903 -2.984767198562622 40.50923538208008 -0.6982245089455514 0.7158788550500313 0 0 0 1 0 0 0 0 0 0
-2.7643752098083496 -0.8040688633918762 40.50923538208008 0.6084217354539069 -0.7936138808181572 0 0 0 -1 0 0 0 0 0 0
-2.3628287315368652 -0.68135005235672 40.037418365478516 -0.06082195807946913 -0.9981486309239618 0 0 0 -1 0 0 0 0 0 0
-1.979154109954834 -0.8519204258918762 39.56560134887695 -0.7002835346172281 -0.7138648129330941 0 0 0 -1 0 0 0 0 0 0
-1.801246166229248 -1.232245683670044 39.09378433227539 -0.9967960566911261 -0.07998513214980317 0 0 0 -1 0 0 0 0 0 0
-1.9162287712097168 -1.6360771656036377 38.62196731567383 -0.8051576284493034 0.5930608681660706 0 0 0 -1 0 0 0 0 0 0
-2.2677931785583496 -1.8656456470489502 38.150142669677734 -0.21921610774373715 0.9756763285565998 0 0 0 -1 0 0 0 0 0 0
-2.6837706565856934 -1.808528184890747 37.67832565307617 0.4740797508636155 0.8804819077193422 0 0 0 -1 0 0 0 0 0 0
-2.960448741912842 -1.4926979541778564 37.20650863647461 0.935209554187156 0.3540947468645373 0 0 0 -1 0 0 0 0 0 0
-2.9623312950134277 -1.072821855545044 36.73469161987305 0.9383443619261721 -0.34570197922685547 0 0 0 -1 0 0 0 0 0 0
-2.6884989738464355 -0.7545235753059387 36.262874603271484 0.48196017042791867 -0.8761931260407672 0 0 0 -1 0 0 0 0 0 0
-2.273049831390381 -0.6936753392219543 35.79105758666992 -0.21045845599948437 -0.9776028019079698 0 0 0 -1 0 0 0 0 0 0
-1.919440746307373 -0.9200814366340637 35.31923294067383 -0.7998034731059058 -0.6002619464931376 0 0 0 -1 0 0 0 0 0 0
-1.800839900970459 -1.3228638172149658 34.847415924072266 -0.9974732588171403 0.07104293029368906 0 0 0 -1 0 0 0 0 0 0
-1.975329875946045 -1.7047722339630127 34.3755989074707 -0.7066550446517768 0.7075582293127509 0 0 0 -1 0 0 0 0 0 0
-2.3574576377868652 -1.8787758350372314 33.90378189086914 -0.06977587016647278 0.9975626937403541 0 0 0 -1 0 0 0 0 0 0
-2.760087490081787 -1.7596657276153564 33.43196487426758 0.6012702122728562 0.799045763291036 0 0 0 -1 0 0 0 0 0 0
-2.9860453605651855 -1.405768632888794 32.960147857666016 0.9778699277377164 0.20921377685571585 0 0 0 -1 0 0 0 0 0 0
-2.9246726036071777 -0.9903977513313293 32.48832321166992 0.8755838128863219 -0.48306623418683503 0 0 0 -1 0 0 0 0 0 0
-2.606027126312256 -0.7169678807258606 32.01650619506836 0.34450590005089193 -0.9387841524174365 0 0 0 -1 0 0 0 0 0 0
-2.186152935028076 -0.7193825840950012 31.544689178466797 -0.35528330874875824 -0.9347586696706986 0 0 0 -1 0 0 0 0 0 0
-2.5328402519226074 0.6848036646842957 31.544689178466797 0.22252391697451263 0.9749272313225844 0 0 0 1 0 0 0 0 0 0
-2.1293234825134277 0.7339445948600769 31.997905731201172 -0.4499983192479852 0.8930294019090237 0 0 0 1 0 0 0 0 0 0
-1.8497366905212402 1.0290229320526123 32.451114654541016 -0.9159780220693432 0.4012284425186401 0 0 0 1 0 0 0 0 0 0
-1.8224120140075684 1.434605360031128 32.90433120727539 -0.9615167498118226 -0.27474631904960833 0 0 0 1 0 0 0 0 0 0
-2.059892177581787 1.764519453048706 33.357540130615234 -0.5657223961497704 -0.8245957618703617 0 0 0 1 0 0 0 0 0 0
-2.453172206878662 1.8673408031463623 33.81075668334961 0.08974565473774225 -0.995964716973294 0 0 0 1 0 0 0 0 0 0
-2.8217368125915527 1.6958701610565186 34.26396560668945 0.7040202869557325 -0.7101798614117188 0 0 0 1 0 0 0 0 0 0
-2.9964118003845215 1.3288123607635498 34.71718215942383 0.9951450742133042 -0.09841890707073113 0 0 0 1 0 0 0 0 0 0
-2.897019863128662 0.9346510767936707 35.17039108276367 0.8294937051423295 0.558516063447821 0 0 0 1 0 0 0 0 0 0
-2.5691866874694824 0.6943060755729675 35.62360763549805 0.28310523256785813 0.9590888526579272 0 0 0 1 0 0 0 0 0 0
-2.1633849143981934 0.7180983424186707 36.07681655883789 -0.3932312355107447 0.9194396094462611 0 0 0 1 0 0 0 0 0 0
-1.8658785820007324 0.99510258436203 36.530033111572266 -0.8890744679270001 0.45776259183153184 0 0 0 1 0 0 0 0 0 0
-1.8132281303405762 1.3981788158416748 36.98324203491211 -0.9768276816633585 -0.21402728876521424 0 0 0 1 0 0 0 0 0 0
-2.0295958518981934 1.7423064708709717 37.43645095825195 -0.6162143234717814 -0.7875785088156068 0 0 0 1 0 0 0 0 0 0
-2.4156699180603027 1.8695380687713623 37.88966751098633 0.02724139053899741 -0.9996288844573779 0 0 0 1 0 0 0 0 0 0
-2.7942423820495605 1.7214667797088623 38.34287643432617 0.6581995361366201 -0.7528435233363824 0 0 0 1 0 0 0 0 0 0
-2.991544246673584 1.366062879562378 38.79609298706055 0.9870360542207917 -0.16049868431937553 0 0 0 1 0 0 0 0 0 0
-2.9170165061950684 0.9664542078971863 39.24930191040039 0.8628191453140529 0.5055127322625287 0 0 0 1 0 0 0 0 0 0
-2.604865550994873 0.7060667872428894 39.702518463134766 0.3425707561979704 0.9394920313647959 0 0 0 1 0 0 0 0 0 0
-2.1983695030212402 0.7044150233268738 40.15572738647461 -0.3349258319102691 0.9422444943427444 0 0 0 1 0 0 0 0 0 0
-1.88411283493042 0.9622580409049988 40.608943939208984 -0.8586854298441323 0.5125030073798569 0 0 0 1 0 0 0 0 0 0
-1.8063406944274902 1.3612487316131592 41.06215286254883 -0.988305453198522 -0.15248715086217654 0 0 0 1 0 0 0 0 0 0
-2.0007472038269043 1.7182433605194092 41.5153694152832 -0.6642969821365349 -0.7474687415031429 0 0 0 1 0 0 0 0 0 0
-2.3781046867370605 1.8693854808807373 41.96857833862305 -0.03536457012228081 -0.9993744779511162 0 0 0 1 0 0 0 0 0 0
-2.7651991844177246 1.7452971935272217 42.42179489135742 0.6097920902236751 -0.7925614214057113 0 0 0 1 0 0 0 0 0 0
-2.9843573570251465 1.4029357433319092 42.875003814697266 0.9750558128934173 -0.2219598201088593 0 0 0 1 0 0 0 0 0 0
-2.934983730316162 0.9994475245475769 43.32822036743164 0.8927638385314688 0.45052494782260116 0 0 0 1 0 0 0 0 0 0
-2.639739513397217 0.7200323939323425 43.781429290771484 0.40069457680965576 0.9162116873928923 0 0 0 1 0 0 0 0 0 0
-2.2341437339782715 0.6929442286491394 44.23464584350586 -0.27529747013201195 0.961359091567201 0 0 0 1 0 0 0 0 0 0
-1.9043669700622559 0.930618941783905 44.6878547668457 -0.8249283184964459 0.5652373566411075 0 0 0 1 0 0 0 0 0 0
-1.80177640914917 1.3239600658416748 45.14107131958008 -0.9959119000337108 -0.09032988083266852 0 0 0 1 0 0 0 0 0 0
-1.9734625816345215 1.6924216747283936 45.59428024291992 -0.7097720375143117 -0.7044314407824104 0 0 0 1 0 0 0 0 0 0
-2.3406214714050293 1.8668830394744873 46.0474967956543 -0.09783507738062072 -0.9952026414926398 0 0 0 1 0 0 0 0 0 0
-2.7347235679626465 1.7672622203826904 46.50070571899414 0.5589985400985769 -0.8291686391607317 0 0 0 1 0 0 0 0 0 0
-2.9748759269714355 1.4392859935760498 46.953922271728516 0.9592535861894518 -0.2825465579027213 0 0 0 1 0 0 0 0 0 0
-2.9508490562438965 1.0334975719451904 47.40713119506836 0.9192059534909344 0.39377711343705846 0 0 0 1 0 0 0 0 0 0
-2.6736693382263184 0.7361571192741394 47.860347747802734 0.45724260390064414 0.8893420046181101 0 0 0 1 0 0 0 0 0 0
-2.270564556121826 0.6837393641471863 48.31355667114258 -0.21460018655319527 0.9767019811238913 0 0 0 1 0 0 0 0 0 0
-1.926560878753662 0.9003073573112488 48.76677322387695 -0.7879351489834211 0.6157582325852199 0 0 0 1 0 0 0 0 0 0
-1.7995562553405762 1.2864577770233154 49.2199821472168 -0.9996128143167389 -0.02782483519752075 0 0 0 1 0 0 0 0 0 0
-1.9478468894958496 1.6649444103240967 49.67319869995117 -0.7524585285235834 -0.658639630490091 0 0 0 1 0 0 0 0 0 0
-2.3033671379089355 1.8620383739471436 50.126407623291016 -0.1599306636134354 -0.9871282504498419 0 0 0 1 0 0 0 0 0 0
-2.7029318809509277 1.7872779369354248 50.57962417602539 0.5060138879860827 -0.8625253301586034 0 0 0 1 0 0 0 0 0 0
-2.9631400108337402 1.4749724864959717 51.032833099365234 0.93969248736894 -0.3420205098855549 0 0 0 1 0 0 0 0 0 0
0.37285664677619934 2.3395469188690186 51.032833099365234 -0.93969248736894 0.3420205098855549 0 0 0 -1 0 0 0 0 0 0
0.1638512909412384 2.0609138011932373 50.643070220947266 -0.5913556378844311 0.80641088133922 0 0 0 -1 0 0 0 0 0 0
-0.16472575068473816 1.945336103439331 50.2533073425293 -0.043723517636363785 0.9990436697189481 0 0 0 -1 0 0 0 0 0 0
-0.5021433234214783 2.0317656993865967 49.86354446411133 0.5186392860334453 0.8549931525940532 0 0 0 -1 0 0 0 0 0 0
-0.7346910834312439 2.2910773754119873 49.47378158569336 0.9062213863710719 0.42280349913842064 0 0 0 -1 0 0 0 0 0 0
-0.7839998602867126 2.6358802318573 49.08401870727539 0.9884021571195656 -0.15185906558842466 0 0 0 -1 0 0 0 0 0 0
-0.6334509253501892 2.9499785900115967 48.69425582885742 0.7374830443454027 -0.6753656485956603 0 0 0 -1 0 0 0 0 0 0
-0.3337816894054413 3.127514600753784 48.30449295043945 0.23803721972954828 -0.9712560331979546 0 0 0 -1 0 0 0 0 0 0
0.01401952002197504 3.1086623668670654 47.914730072021484 -0.3416268536183951 -0.9398356733423113 0 0 0 -1 0 0 0 0 0 0
0.2927422821521759 2.899773359298706 47.524967193603516 -0.8061652293589472 -0.5916904790282127 0 0 0 -1 0 0 0 0 0 0
0.40845540165901184 2.57124400138855 47.13520431518555 -0.9990254285932589 -0.044138339615977636 0 0 0 -1 0 0 0 0 0 0
0.32216504216194153 2.233788251876831 46.74544143676758 -0.8552031060392286 0.518293013092841 0 0 0 -1 0 0 0 0 0 0
0.06294873356819153 2.001133680343628 46.35567855834961 -0.4231787316629276 0.9060462245758524 0 0 0 -1 0 0 0 0 0 0
-0.28183504939079285 1.951683759689331 45.96591567993164 0.15146150273491135 0.9884631572240223 0 0 0 -1 0 0 0 0 0 0
-0.5959925055503845 2.1021010875701904 45.57615280151367 0.6750577252894309 0.7377649134562169 0 0 0 -1 0 0 0 0 0 0
-0.7736544013023376 2.401695966720581 45.1863899230957 0.971157159401357 0.23844028968168815 0 0 0 -1 0 0 0 0 0 0
-0.7549452185630798 2.749504804611206 44.796627044677734 0.939978031907608 -0.3412349623516031 0 0 0 -1 0 0 0 0 0 0
2.601688861846924 1.1333281993865967 44.796627044677734 -0.9738037896202347 0.22738992792397283 0 0 0 1 0 0 0 0 0 0
2.5978169441223145 1.4218223094940186 45.12643051147461 -0.967350679264527 -0.25344163692349014 0 0 0 1 0 0 0 0 0 0
2.4597363471984863 1.6751525402069092 45.45622634887695 -0.737217941462406 -0.6756550205437182 0 0 0 1 0 0 0 0 0 0
2.2193760871887207 1.8347442150115967 45.7860221862793 -0.3366157089256807 -0.9416421106261452 0 0 0 1 0 0 0 0 0 0
1.9323124885559082 1.8636977672576904 46.11582565307617 0.14182817045311058 -0.989891292044699 0 0 0 1 0 0 0 0 0 0
1.664928913116455 1.7553107738494873 46.445621490478516 0.5874616605432855 -0.8092519986949216 0 0 0 1 0 0 0 0 0 0
1.4790425300598145 1.5346496105194092 46.77542495727539 0.8972699011087993 -0.44148241704988117 0 0 0 1 0 0 0 0 0 0
1.4176487922668457 1.252739667892456 47.105220794677734 0.9995973588682734 0.028374639091487137 0 0 0 1 0 0 0 0 0 0
1.4949307441711426 0.9747664332389832 47.43502426147461 0.8707896035096285 0.49165584143742647 0 0 0 1 0 0 0 0 0 0
1.6930279731750488 0.7650038599967957 47.76482009887695 0.5406299172976782 0.8412605378375392 0 0 0 1 0 0 0 0 0 0
1.9661335945129395 0.6719557642936707 48.09462356567383 0.0854491782550191 0.9963425304259285 0 0 0 1 0 0 0 0 0 0
2.251091480255127 0.7171370387077332 48.42441940307617 -0.38947595000049257 0.9210366357378048 0 0 0 1 0 0 0 0 0 0
2.4820141792297363 0.8901068568229675 48.75422286987305 -0.7743499760074652 0.6327575480839704 0 0 0 1 0 0 0 0 0 0
2.6055073738098145 1.1508605480194092 49.08401870727539 -0.9801694573494141 0.1981611336245204 0 0 0 1 0 0 0 0 0 0
-2.984941005706787 1.1391723155975342 51.4225959777832 0.9760268154889394 0.2176503054133395 0 0 0 1 0 0 0 0 0 0
-2.8101649284362793 0.8324858546257019 51.81235885620117 0.6847393075197544 0.7287880904195452 0 0 0 1 0 0 0 0 0 0
-2.4931883811950684 0.6771475672721863 52.20212173461914 0.15644101538515734 0.9876873031001568 0 0 0 1 0 0 0 0 0 0
-2.143723964691162 0.7269255518913269 52.59188461303711 -0.4260006606562189 0.9047228509993902 0 0 0 1 0 0 0 0 0 0
-1.882728099822998 0.9645926356315613 52.98164749145508 -0.860995574492184 0.5086124464706642 0 0 0 1 0 0 0 0 0 0
-1.8005366325378418 1.3078811168670654 53.37141036987305 -0.9979794798635228 -0.06353705825211221 0 0 0 1 0 0 0 0 0 0
-1.9255976676940918 1.6379783153533936 53.761173248291016 -0.7895424830630462 -0.6136959079533116 0 0 0 1 0 0 0 0 0 0
-2.2146239280700684 1.8406264781951904 54.150936126708984 -0.30783432535500305 -0.9514399761063387 0 0 0 1 0 0 0 0 0 0
-2.5675806999206543 1.8456847667694092 54.54069900512695 0.2804325340897248 -0.9598737384802312 0 0 0 1 0 0 0 0 0 0
-2.2946600914001465 -1.871039628982544 54.54069900512695 -0.17443910977154617 0.9846679628088397 0 0 0 -1 0 0 0 0 0 0
-2.697608470916748 -1.8008415699005127 54.08597946166992 0.49713724566683704 0.8676719189709846 0 0 0 -1 0 0 0 0 0 0
-2.961940288543701 -1.488715410232544 53.63125228881836 0.9376935299950516 0.3474634424013826 0 0 0 -1 0 0 0 0 0 0
-2.964820384979248 -1.079707384109497 53.17653274536133 0.9424938268485066 -0.334223557446894 0 0 0 -1 0 0 0 0 0 0
-2.7049078941345215 -0.7638886570930481 52.721805572509766 0.5093072350328575 -0.8605847665065806 0 0 0 -1 0 0 0 0 0 0
-2.302987575531006 -0.6880219578742981 52.267086029052734 -0.16055883028965137 -0.9870262722015148 0 0 0 -1 0 0 0 0 0 0
-1.9458365440368652 -0.8873665928840637 51.81235885620117 -0.7558089142952357 -0.6547922457328409 0 0 0 -1 0 0 0 0 0 0
-1.799424648284912 -1.269282579421997 51.35763931274414 -0.99983316842961 -0.018265686628401882 0 0 0 -1 0 0 0 0 0 0
-1.931790828704834 -1.656287431716919 50.90291213989258 -0.7792253024950024 0.6267439093853024 0 0 0 -1 0 0 0 0 0 0
-2.2814249992370605 -1.8685410022735596 50.44819259643555 -0.1965023375283125 0.980503356111497 0 0 0 -1 0 0 0 0 0 0
-2.685847759246826 -1.8074066638946533 49.993465423583984 0.4775368565694081 0.8786117177785693 0 0 0 -1 0 0 0 0 0 0
-2.957120418548584 -1.501288652420044 49.53874588012695 0.9296589160470184 0.36842136177790047 0 0 0 -1 0 0 0 0 0 0
-2.9691786766052246 -1.0924484729766846 49.08401870727539 0.9497582170547402 -0.3129845509557953 0 0 0 -1 0 0 0 0 0 0
0.3971410095691681 -2.674140214920044 49.08401870727539 -0.9801668374643532 0.19817409198764746 0 0 0 1 0 0 0 0 0 0
0.3630872070789337 -2.3249504566192627 49.47378158569336 -0.9234100139633648 -0.3838149894313386 0 0 0 1 0 0 0 0 0 0
0.1395879089832306 -2.054499864578247 49.86354446411133 -0.550909105785703 -0.8345652503923207 0 0 0 1 0 0 0 0 0 0
-0.19693323969841003 -1.955268144607544 50.2533073425293 0.009957430585231452 -0.9999504235591584 0 0 0 1 0 0 0 0 0 0
-0.5314134955406189 -2.061183214187622 50.643070220947266 0.5674250517632201 -0.8234250485815374 0 0 0 1 0 0 0 0 0 0
-0.749480664730072 -2.3360283374786377 51.032833099365234 0.9308712347248358 -0.365347429663683 0 0 0 1 0 0 0 0 0 0
-0.7765745520591736 -2.685828447341919 51.4225959777832 0.9760265455873082 0.21765151575145597 0 0 0 1 0 0 0 0 0 0
2.610851764678955 -1.1918022632598877 51.4225959777832 -0.9890778615113481 -0.14739397500623425 0 0 0 -1 0 0 0 0 0 0
2.5847973823547363 -1.475348711013794 51.09779739379883 -0.9456519941727066 0.32518042056246727 0 0 0 -1 0 0 0 0 0 0
2.4309582710266113 -1.7149536609649658 50.77299118041992 -0.6892552830884624 0.7245185675568595 0 0 0 -1 0 0 0 0 0 0
2.1839795112609863 -1.856654405593872 50.44819259643555 -0.27761835289172315 0.9606914437724979 0 0 0 -1 0 0 0 0 0 0
1.899487018585205 -1.868537187576294 50.12338638305664 0.1965346967070189 0.9804968704642968 0 0 0 -1 0 0 0 0 0 0
1.641552448272705 -1.7479279041290283 49.798587799072266 0.6264230040670127 0.7794833032051806 0 0 0 -1 0 0 0 0 0 0
1.4682660102844238 -1.5219910144805908 49.47378158569336 0.91523461145068 0.4029213397211957 0 0 0 -1 0 0 0 0 0 0
2.536652088165283 1.570397138595581 49.47378158569336 -0.8654114340890511 -0.5010619220694507 0 0 0 1 0 0 0 0 0 0
2.309147357940674 1.7940566539764404 49.817691802978516 -0.4862401089907548 -0.873825243632077 0 0 0 1 0 0 0 0 0 0
1.9991612434387207 1.8694846630096436 50.16160202026367 0.03040529630454012 -0.999537652095524 0 0 0 1 0 0 0 0 0 0
1.694328784942627 1.775353193283081 50.5055046081543 0.5384629740802095 -0.8426491710935788 0 0 0 1 0 0 0 0 0 0
1.4808430671691895 1.5382773876190186 50.84941482543945 0.894267814212455 -0.4475322071803075 0 0 0 1 0 0 0 0 0 0
1.4190564155578613 1.2252814769744873 51.19332504272461 0.9972478812909027 0.07413948516684987 0 0 0 1 0 0 0 0 0 0
1.526440143585205 0.9248663783073425 51.537235260009766 0.8182787624366902 0.5748215957539161 0 0 0 1 0 0 0 0 0 0
1.7726330757141113 0.7219588160514832 51.88113784790039 0.40795830392405125 0.9130005598352127 0 0 0 1 0 0 0 0 0 0
2.0880284309387207 0.6739317774772644 52.22504806518555 -0.11770632850471638 0.9930484480779072 0 0 0 1 0 0 0 0 0 0
2.3834614753723145 0.7943617701530457 52.5689582824707 -0.610090697637824 0.7923315850423945 0 0 0 1 0 0 0 0 0 0
2.5753941535949707 1.049198865890503 52.91286849975586 -0.9299824863248147 0.3676038290457754 0 0 0 1 0 0 0 0 0 0
2.6095738410949707 1.366398572921753 53.256771087646484 -0.9869432198905436 -0.16106855904268289 0 0 0 1 0 0 0 0 0 0
2.4763264656066895 1.656273603439331 53.60068130493164 -0.764866972288004 -0.6441882602958404 0 0 0 1 0 0 0 0 0 0
2.2133336067199707 1.8368690013885498 53.9445915222168 -0.32654904741827395 -0.9451802577446367 0 0 0 1 0 0 0 0 0 0
1.8949437141418457 1.8571288585662842 54.28850173950195 0.20409941855943295 -0.9789501659143336 0 0 0 1 0 0 0 0 0 0
1.6111760139465332 1.7113234996795654 54.63240432739258 0.6770531279566936 -0.7359341423823581 0 0 0 1 0 0 0 0 0 0
1.4422650337219238 1.440678358078003 54.976314544677734 0.9585666666470201 -0.2848682951702776 0 0 0 1 0 0 0 0 0 0
1.4359593391418457 1.1217048168182373 55.32022476196289 0.9690753229690029 0.2467651077695605 0 0 0 1 0 0 0 0 0 0
0.40313389897346497 2.6287429332733154 55.32022476196289 -0.9901563251925106 -0.1399658947074732 0 0 0 -1 0 0 0 0 0 0
0.3392472565174103 2.263901472091675 54.93046188354492 -0.8836777723580844 0.46809571098254404 0 0 0 -1 0 0 0 0 0 0
0.0733056366443634 2.0060927867889404 54.54069900512695 -0.44044205659232194 0.8977810394437644 0 0 0 -1 0 0 0 0 0 0
-0.29334208369255066 1.9535605907440186 54.150936126708984 0.17063989196524307 0.9853334599363255 0 0 0 -1 0 0 0 0 0 0
-0.6209730505943298 2.126324415206909 53.761173248291016 0.7166898159862855 0.6973920759956657 0 0 0 -1 0 0 0 0 0 0
-0.7847341895103455 2.458550214767456 53.37141036987305 0.9896243516073742 0.1436789570733453 0 0 0 -1 0 0 0 0 0 0
-0.7222151160240173 2.8236281871795654 52.98164749145508 0.8854275503466666 -0.4647774231684464 0 0 0 -1 0 0 0 0 0 0
-0.4572424590587616 3.082432508468628 52.59188461303711 0.4438085319192903 -0.8961216362724673 0 0 0 -1 0 0 0 0 0 0
-0.09079501032829285 3.1363418102264404 52.20212173461914 -0.1669383463309741 -0.9859673364388294 0 0 0 -1 0 0 0 0 0 0
0.23748257756233215 2.964806318283081 51.81235885620117 -0.7140704183429646 -0.7000738801351638 0 0 0 -1 0 0 0 0 0 0
0.40248730778694153 2.6331984996795654 51.4225959777832 -0.9890779833848764 -0.14739315717938326 0 0 0 -1 0 0 0 0 0 0
0.29473546147346497 2.192478895187378 71.30050659179688 -0.8094879267798545 0.5871365227931685 0 0 0 -1 0 0 0 0 0 0
0.01611378975212574 1.9816253185272217 70.91073608398438 -0.3451221895628221 0.9385577628848231 0 0 0 -1 0 0 0 0 0 0
-0.3327326476573944 1.9617507457733154 70.52098083496094 0.23628716199833455 0.971683269936646 0 0 0 -1 0 0 0 0 0 0
-0.6335005164146423 2.1395957469940186 70.13121032714844 0.737566125127845 0.6752749151744761 0 0 0 -1 0 0 0 0 0 0
-0.7841848731040955 2.4548499584198 69.741455078125 0.988708803724261 0.14984959605598083 0 0 0 -1 0 0 0 0 0 0
2.5941624641418457 1.4351394176483154 69.741455078125 -0.961262283565907 -0.275635306507816 0 0 0 1 0 0 0 0 0 0
2.406506061553955 1.7264869213104248 70.13121032714844 -0.6485006492712964 -0.7612141012190375 0 0 0 1 0 0 0 0 0 0
2.089043140411377 1.8654677867889404 70.52098083496094 -0.11940049235176835 -0.99284617258977 0 0 0 1 0 0 0 0 0 0
1.7476811408996582 1.805718183517456 70.91073608398438 0.44953679165754135 -0.8932618165724115 0 0 0 1 0 0 0 0 0 0
1.496300220489502 1.5671660900115967 71.30050659179688 0.868507459013595 -0.4956760975049621 0 0 0 1 0 0 0 0 0 0
