t = 0
b = 216 216 216
E = 0 0 0
-1.8822888135910034 1.4149489402770996 71.77058410644531 -0.9690749600165477 -0.2467665331217472 0 0 0 -1 0 0 0 0 0 0
-1.9426296949386597 0.9694876670837402 71.38082885742188 -0.8685073728689531 0.4956762484447576 0 0 0 -1 0 0 0 0 0 0
-2.2465121746063232 0.7075934410095215 70.93910217285156 -0.36203636218039653 0.9321639729463828 0 0 0 -1 0 0 0 0 0 0
-2.6474997997283936 0.6957259178161621 70.49736022949219 0.30627428977135307 0.9519433068334759 0 0 0 -1 0 0 0 0 0 0
-2.9663379192352295 0.9391913414001465 70.05563354492188 0.8376771055413439 0.5461657869657127 0 0 0 -1 0 0 0 0 0 0
-3.0604960918426514 1.329148769378662 69.61390686035156 0.9946024033319865 -0.10375962261995995 0 0 0 -1 0 0 0 0 0 0
-2.88788104057312 1.6912741661071777 69.17216491699219 0.706913215097611 -0.7073002943024688 0 0 0 -1 0 0 0 0 0 0
-2.5256564617156982 1.8636908531188965 68.73043823242188 0.10320326938148207 -0.9946602863234126 0 0 0 -1 0 0 0 0 0 0
-2.1357524394989014 1.769315242767334 68.28871154785156 -0.5466349574265496 -0.837371018915316 0 0 0 -1 0 0 0 0 0 0
-1.892466425895691 1.4503417015075684 67.84698486328125 -0.9521126595038178 -0.30574741799820127 0 0 0 -1 0 0 0 0 0 0
-1.9045571088790894 1.0493597984313965 67.40524291992188 -0.9319631396021426 0.3625530394617001 0 0 0 -1 0 0 0 0 0 0
-2.166619062423706 0.7456221580505371 66.96351623535156 -0.49519135769082107 0.8687839312903534 0 0 0 -1 0 0 0 0 0 0
-2.5615012645721436 0.6749129295349121 66.52178955078125 0.1629450871812092 0.9866351395341177 0 0 0 -1 0 0 0 0 0 0
-2.9126784801483154 0.8688368797302246 66.08004760742188 0.7482444045264911 0.6634231764830023 0 0 0 -1 0 0 0 0 0 0
-3.0631625652313232 1.2407050132751465 65.63832092285156 0.9990471187241152 0.04364463963699753 0 0 0 -1 0 0 0 0 0 0
-2.94568133354187 1.6242804527282715 65.19659423828125 0.8032484185427929 -0.5956441707164625 0 0 0 -1 0 0 0 0 0 0
-2.6127536296844482 1.8480925559997559 64.75485229492188 0.24836549752069262 -0.9686663923360296 0 0 0 -1 0 0 0 0 0 0
-2.213209867477417 1.8120856285095215 64.31312561035156 -0.41754423814619834 -0.9086565958550628 0 0 0 -1 0 0 0 0 0 0
-1.925658106803894 1.5323615074157715 63.871402740478516 -0.8967941525947585 -0.4424480171408265 0 0 0 -1 0 0 0 0 0 0
-1.8786457777023315 1.1339621543884277 63.4296760559082 -0.9751478253229501 0.2215552273540874 0 0 0 -1 0 0 0 0 0 0
-2.0931880474090576 0.7949881553649902 62.98793411254883 -0.6175762461490814 0.7865110172098096 0 0 0 -1 0 0 0 0 0 0
-2.4733760356903076 0.6669707298278809 62.546207427978516 0.0160666894183866 0.999870922415055 0 0 0 -1 0 0 0 0 0 0
-2.849255323410034 0.8071379661560059 62.1044807434082 0.6425331143654883 0.7662579180300757 0 0 0 -1 0 0 0 0 0 0
-3.0527942180633545 1.1528334617614746 61.66273880004883 0.9817657360852112 0.19009481699684283 0 0 0 -1 0 0 0 0 0 0
-2.9930007457733154 1.549516201019287 61.221012115478516 0.8821127472195699 -0.4710383224247719 0 0 0 -1 0 0 0 0 0 0
-2.696608304977417 1.8198561668395996 60.7792854309082 0.38812270685142736 -0.9216077063622683 0 0 0 -1 0 0 0 0 0 0
-2.296114683151245 1.843003749847412 60.33754348754883 -0.2793657457290324 -0.9601847635290103 0 0 0 -1 0 0 0 0 0 0
-1.9705513715744019 1.608609676361084 59.895816802978516 -0.8219688557328634 -0.569532439993726 0 0 0 -1 0 0 0 0 0 0
-1.865458369255066 1.2214560508728027 59.4540901184082 -0.9971281339441863 0.07573298156671804 0 0 0 -1 0 0 0 0 0 0
-2.027813673019409 0.8546156883239746 59.01236343383789 -0.7265367630847286 0.6871275950552159 0 0 0 -1 0 0 0 0 0 0
-2.385042905807495 0.6720747947692871 58.570621490478516 -0.13115277528103597 0.9913621687032856 0 0 0 -1 0 0 0 0 0 0
-2.777449369430542 0.7554411888122559 58.1288948059082 0.5228611644188567 0.852417856888602 0 0 0 -1 0 0 0 0 0 0
-3.029614210128784 1.067441463470459 57.68716812133789 0.9431325475510927 0.33241690352595776 0 0 0 -1 0 0 0 0 0 0
-3.02881121635437 1.4686064720153809 57.245426177978516 0.9417949524259077 -0.3361878456831572 0 0 0 -1 0 0 0 0 0 0
-2.7754008769989014 1.7795958518981934 56.8036994934082 0.5194444538925911 -0.854504218433255 0 0 0 -1 0 0 0 0 0 0
-2.382664442062378 1.8613905906677246 56.36197280883789 -0.13511821147071307 -0.990829485294496 0 0 0 -1 0 0 0 0 0 0
-2.026169538497925 1.6774230003356934 55.92023849487305 -0.729279809098237 -0.684215580092736 0 0 0 -1 0 0 0 0 0 0
-1.8652809858322144 1.3099379539489746 55.4785041809082 -0.9974234367158754 -0.07173902626807814 0 0 0 -1 0 0 0 0 0 0
-1.9719208478927612 0.9232077598571777 55.03677749633789 -0.8196880141504633 0.572810229882524 0 0 0 -1 0 0 0 0 0 0
-2.2984187602996826 0.6901183128356934 54.59504318237305 -0.27552789729039445 0.9612930759215599 0 0 0 -1 0 0 0 0 0 0
-2.6988189220428467 0.7148642539978027 54.153316497802734 0.39180789735092547 0.9200470485651516 0 0 0 -1 0 0 0 0 0 0
-2.9941279888153076 0.986386775970459 53.71158218383789 0.8839865157838631 0.46751239546380574 0 0 0 -1 0 0 0 0 0 0
-3.052332639694214 1.3833060264587402 53.26984786987305 0.9809972355630371 -0.19402170965559298 0 0 0 -1 0 0 0 0 0 0
-2.8474128246307373 1.7281851768493652 52.828121185302734 0.6394634796051009 -0.7688214735888539 0 0 0 -1 0 0 0 0 0 0
-2.4709765911102295 1.866849422454834 52.38638687133789 0.012066713393323604 -0.9999271945636259 0 0 0 -1 0 0 0 0 0 0
-2.091303586959839 1.7373137474060059 51.94466018676758 -0.6207190373889316 -0.7840330838829177 0 0 0 -1 0 0 0 0 0 0
-1.8781174421310425 1.3974814414978027 51.502925872802734 -0.9760267988797381 -0.21765037989530608 0 0 0 -1 0 0 0 0 0 0
-1.8999184370040894 1.0616812705993652 51.113162994384766 -0.9396924463546937 0.3420206225711123 0 0 0 -1 0 0 0 0 0 0
-2.1702353954315186 0.7435774803161621 50.62595748901367 -0.4891645908961739 0.8721914944628724 0 0 0 -1 0 0 0 0 0 0
-2.5826213359832764 0.6787886619567871 50.13875961303711 0.19814496495217696 0.9801727260356209 0 0 0 -1 0 0 0 0 0 0
-2.9374606609344482 0.8986754417419434 49.651554107666016 0.7895424830630462 0.6136959079533116 0 0 0 -1 0 0 0 0 0 0
-3.0629889965057373 1.296800136566162 49.16434860229492 0.9987567696407611 -0.04984892272408434 0 0 0 -1 0 0 0 0 0 0
-2.8984439373016357 1.680448055267334 48.67714309692383 0.7245159024707919 -0.6892580845132931 0 0 0 -1 0 0 0 0 0 0
-2.5234744548797607 1.8639121055603027 48.189945220947266 0.09956370540781684 -0.9950311897450581 0 0 0 -1 0 0 0 0 0 0
-2.1195876598358154 1.7583823204040527 47.70273971557617 -0.5735790535312909 -0.8191502117134247 0 0 0 -1 0 0 0 0 0 0
-1.8822888135910034 1.4149489402770996 47.21553421020508 -0.9690749600165477 -0.2467665331217472 0 0 0 -1 0 0 0 0 0 0
-1.9426296949386597 0.9694876670837402 46.82577133178711 -0.8685073728689531 0.4956762484447576 0 0 0 -1 0 0 0 0 0 0
-2.278496503829956 0.6962027549743652 46.34151840209961 -0.3087321455822894 0.9511490221222729 0 0 0 -1 0 0 0 0 0 0
-2.7108371257781982 0.7201399803161621 45.85727310180664 0.4118378712027869 0.9112571359628173 0 0 0 -1 0 0 0 0 0 0
-3.0144851207733154 1.0288290977478027 45.37302017211914 0.9179166798339253 0.396773195771417 0 0 0 -1 0 0 0 0 0 0
-3.031296491622925 1.461503505706787 44.88876724243164 0.9459371927725116 -0.3243498532906404 0 0 0 -1 0 0 0 0 0 0
-2.752516508102417 1.7928252220153809 44.40451431274414 0.4813044528504597 -0.8765534916172085 0 0 0 -1 0 0 0 0 0 0
-2.323336362838745 1.850236415863037 43.92026901245117 -0.23399668895497544 -0.9722373936226216 0 0 0 -1 0 0 0 0 0 0
-1.9672764539718628 1.6038336753845215 43.43601608276367 -0.8274302335824398 -0.5615685252520027 0 0 0 -1 0 0 0 0 0 0
-1.8697766065597534 1.1819510459899902 42.95176315307617 -0.9899282703301138 0.1415698400127265 0 0 0 -1 0 0 0 0 0 0
-2.081616163253784 0.8043074607849121 42.4675178527832 -0.6368654997165761 0.7709749251893706 0 0 0 -1 0 0 0 0 0 0
-2.492464780807495 0.6675810813903809 41.9832649230957 0.047885516542522606 0.9988528306539737 0 0 0 -1 0 0 0 0 0 0
-2.888350248336792 0.8429808616638184 41.4990119934082 0.707695571573416 0.7065175001196902 0 0 0 -1 0 0 0 0 0 0
-3.063093900680542 1.2391600608825684 41.0147590637207 0.9989310537323437 0.04622499204098721 0 0 0 -1 0 0 0 0 0 0
-2.925684690475464 1.6497817039489746 40.530513763427734 0.769912568415121 -0.6381493845459947 0 0 0 -1 0 0 0 0 0 0
-2.5476863384246826 1.860990047454834 40.046260833740234 0.13992111742537858 -0.990162653758681 0 0 0 -1 0 0 0 0 0 0
-2.1259677410125732 1.7627882957458496 39.562007904052734 -0.5629464909401783 -0.8264933444003887 0 0 0 -1 0 0 0 0 0 0
-1.8801602125167847 1.4063200950622559 39.077754974365234 -0.9726244801128517 -0.23238248790561816 0 0 0 -1 0 0 0 0 0 0
-1.93828284740448 0.9772353172302246 38.593509674072266 -0.8757523143392724 0.48276069012442224 0 0 0 -1 0 0 0 0 0 0
-2.270066022872925 0.6990103721618652 38.109256744384766 -0.3227803807779954 0.9464738907042349 0 0 0 -1 0 0 0 0 0 0
-2.70271372795105 0.7165389060974121 37.625003814697266 0.39829939853573504 0.9172554655743798 0 0 0 -1 0 0 0 0 0 0
-3.010899305343628 1.0206999778747559 37.1407585144043 0.9119434417825605 0.4103159258300579 0 0 0 -1 0 0 0 0 0 0
-3.0341155529022217 1.453080654144287 36.6565055847168 0.950633964115941 -0.3103144635192047 0 0 0 -1 0 0 0 0 0 0
-2.7602736949920654 1.7884917259216309 36.1722526550293 0.49423048983722784 -0.8693309053031845 0 0 0 -1 0 0 0 0 0 0
-2.3319900035858154 1.852250576019287 35.6879997253418 -0.21957466710877988 -0.9755956977990774 0 0 0 -1 0 0 0 0 0 0
-1.9723213911056519 1.6111502647399902 35.20375442504883 -0.8190206461675481 -0.5737640465829941 0 0 0 -1 0 0 0 0 0 0
-1.8685845136642456 1.1907591819763184 34.71950149536133 -0.991917597160102 0.1268837280510369 0 0 0 -1 0 0 0 0 0 0
-2.0748069286346436 0.8100180625915527 34.23524856567383 -0.6482129728953804 0.7614590873908675 0 0 0 -1 0 0 0 0 0 0
-2.483586072921753 0.6672224998474121 33.75100326538086 0.03308694830239285 0.999452477035319 0 0 0 -1 0 0 0 0 0 0
-2.8820273876190186 0.8367400169372559 33.26675033569336 0.6971559349930878 0.7169195228921539 0 0 0 -1 0 0 0 0 0 0
-3.062617063522339 1.2302870750427246 32.78249740600586 0.9981369924715541 0.061012656554526166 0 0 0 -1 0 0 0 0 0 0
-2.9313037395477295 1.6428961753845215 32.29824447631836 0.7792856910936542 -0.6266688213535805 0 0 0 -1 0 0 0 0 0 0
-2.5564754009246826 1.8596816062927246 31.81399917602539 0.1545678578695984 -0.9879821745930459 0 0 0 -1 0 0 0 0 0 0
-2.133347272872925 1.7677359580993652 31.32974624633789 -0.5506480597101687 -0.8347375122380847 0 0 0 -1 0 0 0 0 0 0
-1.8822888135910034 1.4149489402770996 30.84549331665039 -0.9690749600165477 -0.2467665331217472 0 0 0 -1 0 0 0 0 0 0
-1.9426296949386597 0.9694876670837402 30.455730438232422 -0.8685073728689531 0.4956762484447576 0 0 0 -1 0 0 0 0 0 0
-2.3094756603240967 0.6870627403259277 29.954608917236328 -0.25709906202052885 0.9663850538518093 0 0 0 -1 0 0 0 0 0 0
-2.7681663036346436 0.7498602867126465 29.453487396240234 0.5073883112935582 0.8617175300309675 0 0 0 -1 0 0 0 0 0 0
-3.0456016063690186 1.1204962730407715 28.95235824584961 0.9697767648249956 0.24399390649269317 0 0 0 -1 0 0 0 0 0 0
-2.976597547531128 1.578294277191162 28.451236724853516 0.8547734719748195 -0.5190012635900925 0 0 0 -1 0 0 0 0 0 0
-2.6022403240203857 1.8506865501403809 27.950115203857422 0.23084686745023678 -0.972990094393778 0 0 0 -1 0 0 0 0 0 0
-2.1454169750213623 1.7754912376403809 27.448993682861328 -0.5305323413864383 -0.8476646947602711 0 0 0 -1 0 0 0 0 0 0
-1.8781174421310425 1.3974814414978027 26.947864532470703 -0.9760267988797381 -0.21765037989530608 0 0 0 -1 0 0 0 0 0 0
-1.8999184370040894 1.0616812705993652 26.558101654052734 -0.9396924463546937 0.3420206225711123 0 0 0 -1 0 0 0 0 0 0
-2.1735751628875732 0.7417197227478027 26.081729888916016 -0.4836006128651773 0.8752887793388103 0 0 0 -1 0 0 0 0 0 0
-2.5901076793670654 0.6803526878356934 25.605350494384766 0.21062313140349592 0.9775673360530135 0 0 0 -1 0 0 0 0 0 0
-2.94441294670105 0.9077963829040527 25.128971099853516 0.8011295218776041 0.5984910101047145 0 0 0 -1 0 0 0 0 0 0
-3.0620315074920654 1.3120627403259277 24.652599334716797 0.9971621184598654 -0.07528419162502471 0 0 0 -1 0 0 0 0 0 0
-2.8850505352020264 1.6940855979919434 24.176219940185547 0.702192448273637 -0.7119871948198756 0 0 0 -1 0 0 0 0 0 0
-2.50061297416687 1.8657584190368652 23.699840545654297 0.06146740844748017 -0.9981090910811055 0 0 0 -1 0 0 0 0 0 0
-2.098015546798706 1.742551326751709 23.223468780517578 -0.6095323564324183 -0.7927611913192669 0 0 0 -1 0 0 0 0 0 0
-1.8755005598068237 1.385129451751709 22.747089385986328 -0.9803907638547154 -0.19706331507504854 0 0 0 -1 0 0 0 0 0 0
-1.9426296949386597 0.9694876670837402 22.270709991455078 -0.8685073728689531 0.4956762484447576 0 0 0 -1 0 0 0 0 0 0
-2.2954776287078857 0.6909689903259277 21.88094711303711 -0.2804325340897248 0.9598737384802312 0 0 0 -1 0 0 0 0 0 0
-2.7303378582000732 0.7293791770935059 21.393749237060547 0.4443390486136161 0.8958586997273323 0 0 0 -1 0 0 0 0 0 0
-3.024061918258667 1.0523390769958496 20.906543731689453 0.9338770811816534 0.3575941795438443 0 0 0 -1 0 0 0 0 0 0
-3.0211570262908936 1.4888815879821777 20.41933822631836 0.9290389309562106 -0.3699819789770059 0 0 0 -1 0 0 0 0 0 0
-2.7231624126434326 1.807908535003662 19.932132720947266 0.43237850449721466 -0.9016922029433059 0 0 0 -1 0 0 0 0 0 0
-2.2878291606903076 1.8405280113220215 19.444934844970703 -0.2931778558994751 -0.956057919171316 0 0 0 -1 0 0 0 0 0 0
-1.9456185102462769 1.569474697113037 18.95772933959961 -0.8635259976970785 -0.5043043240953475 0 0 0 -1 0 0 0 0 0 0
-1.8776901960372925 1.1382384300231934 18.470523834228516 -0.9767416334844107 0.21441963860198351 0 0 0 -1 0 0 0 0 0 0
-2.1200053691864014 0.7751097679138184 17.983318328857422 -0.5728801340294837 0.8196391596515877 0 0 0 -1 0 0 0 0 0 0
-2.544283628463745 0.6723227500915527 17.49612045288086 0.134247993188986 0.9909477666984925 0 0 0 -1 0 0 0 0 0 0
-2.9259231090545654 0.8842940330505371 17.008914947509766 0.7703171631598209 0.6376609350912175 0 0 0 -1 0 0 0 0 0 0
-3.0628859996795654 1.2988066673278809 16.521709442138672 0.9985842792355898 -0.053192454949338004 0 0 0 -1 0 0 0 0 0 0
-2.8826663494110107 1.6964240074157715 16.034503936767578 0.6982189022252391 -0.7158843234597206 0 0 0 -1 0 0 0 0 0 0
-2.6262309551239014 1.844468593597412 15.644740104675293 0.2708268045745457 -0.96262809117745 0 0 0 -1 0 0 0 0 0 0
-2.211512327194214 1.8113036155700684 15.177027702331543 -0.4203704504772735 -0.9073525689419378 0 0 0 -1 0 0 0 0 0 0
-1.9180649518966675 1.5163817405700684 14.709315299987793 -0.9094502922602267 -0.41581265722412575 0 0 0 -1 0 0 0 0 0 0
-1.8869789838790894 1.1015028953552246 14.241595268249512 -0.9612592841218084 0.2756457666818572 0 0 0 -1 0 0 0 0 0 0
-2.133202314376831 0.7661452293395996 13.773882865905762 -0.5508883180751356 0.8345789723018119 0 0 0 -1 0 0 0 0 0 0
-2.5383479595184326 0.6715483665466309 13.30616283416748 0.12435785198770671 0.9922374336059911 0 0 0 -1 0 0 0 0 0 0
-2.907618284225464 0.8632025718688965 12.83845043182373 0.73980958515956 0.6728163030917428 0 0 0 -1 0 0 0 0 0 0
-3.0634658336639404 1.248948574066162 12.37073802947998 0.999552543770751 0.029911740862427705 0 0 0 -1 0 0 0 0 0 0
-2.9309585094451904 1.643327236175537 11.9030179977417 0.7787044998399035 -0.627390868541363 0 0 0 -1 0 0 0 0 0 0
-2.573805570602417 1.8567099571228027 11.43530559539795 0.1834538896715855 -0.9830283161559314 0 0 0 -1 0 0 0 0 0 0
-2.163731336593628 1.7865042686462402 10.967585563659668 -0.5000089598448385 -0.8660202307538102 0 0 0 -1 0 0 0 0 0 0
-1.897898554801941 1.4664664268493652 10.499873161315918 -0.9430611129282176 -0.3326195082712253 0 0 0 -1 0 0 0 0 0 0
-1.9041260480880737 1.050473690032959 10.032160758972168 -0.9326811987182353 0.36070179034420596 0 0 0 -1 0 0 0 0 0 0
-2.179415464401245 0.7385344505310059 9.564440727233887 -0.47386295752108293 0.8805986017984428 0 0 0 -1 0 0 0 0 0 0
-2.5914084911346436 0.6806349754333496 9.096728324890137 0.21278666478103012 0.9770986824734571 0 0 0 -1 0 0 0 0 0 0
-2.9420154094696045 0.9046111106872559 8.629008293151855 0.7971366581843679 0.6037989302563047 0 0 0 -1 0 0 0 0 0 0
-3.0626609325408936 1.3027777671813965 8.161295890808105 0.9982096516415855 -0.05981213396614899 0 0 0 -1 0 0 0 0 0 0
-2.895336866378784 1.6836905479431152 7.693583965301514 0.7193324405484217 -0.6946659916640884 0 0 0 -1 0 0 0 0 0 0
-2.5204970836639404 1.8642020225524902 7.225863933563232 0.09460471515797587 -0.9955149159454509 0 0 0 -1 0 0 0 0 0 0
-2.11836314201355 1.757524013519287 6.758151531219482 -0.5756222148225236 -0.817715761009174 0 0 0 -1 0 0 0 0 0 0
-1.8822888135910034 1.4149489402770996 6.290431499481201 -0.9690749600165477 -0.2467665331217472 0 0 0 -1 0 0 0 0 0 0
-1.9426296949386597 0.9694876670837402 5.900668621063232 -0.8685073728689531 0.4956762484447576 0 0 0 -1 0 0 0 0 0 0
-2.3253657817840576 0.6830649375915527 5.380984783172607 -0.23061399484300252 0.9730453151742479 0 0 0 -1 0 0 0 0 0 0
-2.7959372997283936 0.7672514915466309 4.861300945281982 0.5536692853928376 0.8327366464931061 0 0 0 -1 0 0 0 0 0 0
-3.055628538131714 1.1686034202575684 4.341617107391357 0.9864904849295171 0.1638185677617956 0 0 0 -1 0 0 0 0 0 0
-2.9395930767059326 1.6323485374450684 3.8219330310821533 0.7930975627712782 -0.6090946198467513 0 0 0 -1 0 0 0 0 0 0
-2.52148699760437 1.8641066551208496 3.3022491931915283 0.09625391526505661 -0.9953568123020745 0 0 0 -1 0 0 0 0 0 0
-2.0667197704315186 1.7167601585388184 2.7825653553009033 -0.6616910259238478 -0.7497766242100681 0 0 0 -1 0 0 0 0 0 0
-1.8781174421310425 1.3974814414978027 2.3928024768829346 -0.9760267988797381 -0.21765037989530608 0 0 0 -1 0 0 0 0 0 0
-1.9265965223312378 0.9995322227478027 1.9430803060531616 -0.8952312449512478 0.44560186047977723 0 0 0 -1 0 0 0 0 0 0
-2.214869260787964 0.7209372520446777 1.4933503866195679 -0.4147735543527691 0.9099246664474869 0 0 0 -1 0 0 0 0 0 0
-2.6142451763153076 0.6860785484313965 1.0436280965805054 0.2508504070109503 0.9680258639635825 0 0 0 -1 0 0 0 0 0 0
-2.9464271068573 0.9105124473571777 0.5938981771469116 0.8044863842017234 0.5939710915810947 0 0 0 -1 0 0 0 0 0 0
-3.0631206035614014 1.2940459251403809 0.14417587220668793 0.9989752379645608 -0.04526006996955276 0 0 0 -1 0 0 0 0 0 0
-2.9122283458709717 1.6654562950134277 -0.305554062128067 0.7474897855008442 -0.66427330261866 0 0 0 -1 0 0 0 0 0 0
-2.5611140727996826 1.8589377403259277 -0.7552763223648071 0.16229900912366968 -0.9867416235456347 0 0 0 -1 0 0 0 0 0 0
-2.166527509689331 1.7881102561950684 -1.2050062417984009 -0.495344289370757 -0.8686967451232795 0 0 0 -1 0 0 0 0 0 0
-1.904621958732605 1.4845938682556152 -1.6547285318374634 -0.931854313190009 -0.3628326597609107 0 0 0 -1 0 0 0 0 0 0
-1.89232337474823 1.083890438079834 -2.1044585704803467 -0.9523499615316593 0.30500746018851216 0 0 0 -1 0 0 0 0 0 0
-2.1351211071014404 0.7648825645446777 -2.554180860519409 -0.5476873079021378 0.8366831017553236 0 0 0 -1 0 0 0 0 0 0
-2.524622678756714 0.6699919700622559 -3.003910779953003 0.10148309481626379 0.994837263810777 0 0 0 -1 0 0 0 0 0 0
-2.8869407176971436 0.8415732383728027 -3.4536406993865967 0.7053402897869687 0.708868870527713 0 0 0 -1 0 0 0 0 0 0
-3.040491819381714 1.1015143394470215 -3.8434035778045654 0.9612627097712642 0.2756338201368012 0 0 0 -1 0 0 0 0 0 0
-2.9883601665496826 1.558042049407959 -4.350094318389893 0.8743754947006019 -0.48524992969301683 0 0 0 -1 0 0 0 0 0 0
-2.6285369396209717 1.8438162803649902 -4.856785297393799 0.27466926288696525 -0.9615387647022511 0 0 0 -1 0 0 0 0 0 0
-2.1720588207244873 1.791226863861084 -5.363476276397705 -0.48612583206511484 -0.8738888232487013 0 0 0 -1 0 0 0 0 0 0
-1.88664710521698 1.431119441986084 -5.870167255401611 -0.9618108722342292 -0.27371489921454945 0 0 0 -1 0 0 0 0 0 0
-1.9396923780441284 0.9746947288513184 -6.376858234405518 -0.87340596240248 0.4869928385919013 0 0 0 -1 0 0 0 0 0 0
-2.300083875656128 0.6896414756774902 -6.883549213409424 -0.27274970276644217 0.9620850272407409 0 0 0 -1 0 0 0 0 0 0
-2.7564570903778076 0.7431426048278809 -7.39024019241333 0.48787190097494876 0.8729152354261493 0 0 0 -1 0 0 0 0 0 0
-3.0411479473114014 1.103818416595459 -7.896934986114502 0.9623544234531485 0.2717976520504879 0 0 0 -1 0 0 0 0 0 0
-2.9871909618377686 1.560136318206787 -8.403626441955566 0.872428327860848 -0.48874207179853524 0 0 0 -1 0 0 0 0 0 0
-2.6262309551239014 1.844468593597412 -8.910317420959473 0.2708268045745457 -0.96262809117745 0 0 0 -1 0 0 0 0 0 0
-2.3302180767059326 1.8518500328063965 -9.300080299377441 -0.22252395500626454 -0.9749272226419622 0 0 0 -1 0 0 0 0 0 0
-1.9641693830490112 1.599210262298584 -9.8012056350708 -0.8326090233220841 -0.5538611868353347 0 0 0 -1 0 0 0 0 0 0
-1.872630000114441 1.1639609336853027 -10.302327156066895 -0.985173593723626 0.17156045648597476 0 0 0 -1 0 0 0 0 0 0
-2.105900526046753 0.785275936126709 -10.803452491760254 -0.5963910314665206 0.80269404980123 0 0 0 -1 0 0 0 0 0 0
-2.535799741744995 0.6712355613708496 -11.304574012756348 0.12010653449223256 0.9927610086885293 0 0 0 -1 0 0 0 0 0 0
-2.926100492477417 0.8845076560974121 -11.805699348449707 0.7706088202013005 0.6373084388488509 0 0 0 -1 0 0 0 0 0 0
-3.062330961227417 1.3078970909118652 -12.3068208694458 0.9976621408002457 -0.06833924797559952 0 0 0 -1 0 0 0 0 0 0
-2.8696372509002686 1.708756923675537 -12.80794620513916 0.6765066609095607 -0.7364365130444013 0 0 0 -1 0 0 0 0 0 0
-2.4697139263153076 1.8668646812438965 -13.197709083557129 0.00996864911101473 -0.9999503117829912 0 0 0 -1 0 0 0 0 0 0
-2.081810712814331 1.7296385765075684 -13.649014472961426 -0.6365398258379753 -0.7712438331177499 0 0 0 -1 0 0 0 0 0 0
-1.8735169172286987 1.3747954368591309 -14.100316047668457 -0.9836958447684873 -0.17984016510560746 0 0 0 -1 0 0 0 0 0 0
-1.942788004875183 0.9692091941833496 -14.551621437072754 -0.8682396035903296 0.49614513074029765 0 0 0 -1 0 0 0 0 0 0
-2.2570483684539795 0.7036147117614746 -15.00292682647705 -0.3444725502331389 0.9387963901378604 0 0 0 -1 0 0 0 0 0 0
-2.6685073375701904 0.7029166221618652 -15.454232215881348 0.3412849413546685 0.9399598868061022 0 0 0 -1 0 0 0 0 0 0
-2.983666181564331 0.9674429893493652 -15.905533790588379 0.8665527625404374 0.49908547337458775 0 0 0 -1 0 0 0 0 0 0
-3.054314374923706 1.3727927207946777 -16.35683822631836 0.9843010824036019 -0.1764975330680223 0 0 0 -1 0 0 0 0 0 0
-2.8472278118133545 1.7283377647399902 -16.808143615722656 0.6391575029127399 -0.7690758652241995 0 0 0 -1 0 0 0 0 0 0
-2.45979380607605 1.866879940032959 -17.259445190429688 -0.006569135802431929 -0.9999784229946208 0 0 0 -1 0 0 0 0 0 0
-2.074211835861206 1.7232604026794434 -17.710750579833984 -0.6492090323444313 -0.7606100395882288 0 0 0 -1 0 0 0 0 0 0
-1.8718136548995972 1.3650221824645996 -18.16205596923828 -0.9865351590558245 -0.16354931961551922 0 0 0 -1 0 0 0 0 0 0
-1.9477814435958862 0.9606375694274902 -18.613361358642578 -0.8599205214215967 0.5104279546008521 0 0 0 -1 0 0 0 0 0 0
-2.2663886547088623 0.7002768516540527 -19.06466293334961 -0.32891072225839385 0.9443610203642787 0 0 0 -1 0 0 0 0 0 0
-2.6778037548065186 0.7063803672790527 -19.515968322753906 0.35678159306275276 0.9341878263238095 0 0 0 -1 0 0 0 0 0 0
-2.9885470867156982 0.9760794639587402 -19.967273712158203 0.8746859870930846 0.48469002876374107 0 0 0 -1 0 0 0 0 0 0
-3.052483320236206 1.3825430870056152 -20.4185791015625 0.9812470205722874 -0.19275446718042363 0 0 0 -1 0 0 0 0 0 0
-2.8395450115203857 1.734616756439209 -20.86988067626953 0.6263492287646769 -0.7795425861528634 0 0 0 -1 0 0 0 0 0 0
-2.449873685836792 1.8667311668395996 -21.321186065673828 -0.023101402934213793 -0.9997331269806314 0 0 0 -1 0 0 0 0 0 0
-2.0667197704315186 1.7167601585388184 -21.772491455078125 -0.6616910259238478 -0.7497766242100681 0 0 0 -1 0 0 0 0 0 0
-1.8781174421310425 1.3974814414978027 -22.162254333496094 -0.9760267988797381 -0.21765037989530608 0 0 0 -1 0 0 0 0 0 0
-1.9491394758224487 0.9583601951599121 -22.67194366455078 -0.857658608410964 0.514219516761634 0 0 0 -1 0 0 0 0 0 0
-2.3030078411102295 0.6888213157653809 -23.18163299560547 -0.26787474298747715 0.9634537467203048 0 0 0 -1 0 0 0 0 0 0
-2.7452189922332764 0.7370200157165527 -23.691322326660156 0.4691399131145928 0.8831238542372369 0 0 0 -1 0 0 0 0 0 0
-3.0327117443084717 1.0764594078063965 -24.201011657714844 0.9482938188860901 0.3173938138376915 0 0 0 -1 0 0 0 0 0 0
-3.0074679851531982 1.5205740928649902 -24.710704803466797 0.9062214020403397 -0.42280346555348997 0 0 0 -1 0 0 0 0 0 0
-2.683363676071167 1.8252501487731934 -25.220394134521484 0.3660484134204166 -0.9305958086260628 0 0 0 -1 0 0 0 0 0 0
-2.238539457321167 1.8230299949645996 -25.730083465576172 -0.37532679991069556 -0.9268925467759448 0 0 0 -1 0 0 0 0 0 0
-1.9174946546554565 1.5151305198669434 -26.23977279663086 -0.9104009955715016 -0.41372699605225033 0 0 0 -1 0 0 0 0 0 0
-1.896687388420105 1.070786952972412 -26.749462127685547 -0.9450793713963838 0.3268409120061561 0 0 0 -1 0 0 0 0 0 0
-2.1875579357147217 0.7342352867126465 -27.259151458740234 -0.46029702331791733 0.8877649747115869 0 0 0 -1 0 0 0 0 0 0
-2.6302268505096436 0.6904540061950684 -27.768840789794922 0.2774851136853223 0.9607299369141382 0 0 0 -1 0 0 0 0 0 0
-2.9813849925994873 0.9635138511657715 -28.278533935546875 0.8627467467701436 0.5056362832486744 0 0 0 -1 0 0 0 0 0 0
-3.048016309738159 1.4033255577087402 -28.788223266601562 0.9738037896202347 -0.22738992792397283 0 0 0 -1 0 0 0 0 0 0
-2.8696372509002686 1.708756923675537 -29.17798614501953 0.6765066609095607 -0.7364365130444013 0 0 0 -1 0 0 0 0 0 0
-2.444584608078003 1.8665862083435059 -29.684677124023438 -0.031914630257967 -0.9994905984427754 0 0 0 -1 0 0 0 0 0 0
-2.030468702316284 1.6819586753845215 -30.191368103027344 -0.7221131334305058 -0.6917749796915009 0 0 0 -1 0 0 0 0 0 0
-1.8637703657150269 1.2603087425231934 -30.69805908203125 -0.9999397961408809 0.010972879919754935 0 0 0 -1 0 0 0 0 0 0
-2.0396831035614014 0.8424162864685059 -31.204750061035156 -0.7067532713495228 0.7074601143787174 0 0 0 -1 0 0 0 0 0 0
-2.4577529430389404 0.6669211387634277 -31.711444854736328 -0.00996864911101473 0.9999503117829912 0 0 0 -1 0 0 0 0 0 0
-2.879236936569214 0.8340468406677246 -32.218135833740234 0.6925080056058177 0.721410189955654 0 0 0 -1 0 0 0 0 0 0
-3.0634467601776123 1.2483458518981934 -32.72482681274414 0.9995221595398269 0.03091039612882185 0 0 0 -1 0 0 0 0 0 0
-2.9051902294158936 1.6732382774353027 -33.23151779174805 0.7357593628008104 -0.6772430583261412 0 0 0 -1 0 0 0 0 0 0
-2.494837522506714 1.866086483001709 -33.73820877075195 0.05184068046392278 -0.9986553679067856 0 0 0 -1 0 0 0 0 0 0
-2.066723585128784 1.7167601585388184 -34.244903564453125 -0.6616847185501903 -0.7497821905307938 0 0 0 -1 0 0 0 0 0 0
-1.8822888135910034 1.4149489402770996 -34.634666442871094 -0.9690749600165477 -0.2467665331217472 0 0 0 -1 0 0 0 0 0 0
-1.9321049451828003 0.988736629486084 -35.102378845214844 -0.8860460263391468 0.4635972812782751 0 0 0 -1 0 0 0 0 0 0
-2.2538440227508545 0.704801082611084 -35.57009506225586 -0.34981731787888387 0.9368179354132924 0 0 0 -1 0 0 0 0 0 0
-2.6829402446746826 0.7083678245544434 -36.037811279296875 0.3653406309433425 0.9308739030512782 0 0 0 -1 0 0 0 0 0 0
-2.9999148845672607 0.997617244720459 -36.50552749633789 0.8936370507598144 0.4487903981919631 0 0 0 -1 0 0 0 0 0 0
-3.0426394939422607 1.4245924949645996 -36.973243713378906 0.9648415831912606 -0.262832112469123 0 0 0 -1 0 0 0 0 0 0
-2.789259672164917 1.7709097862243652 -37.440956115722656 0.5425437401909654 -0.8400275531073954 0 0 0 -1 0 0 0 0 0 0
-2.369377851486206 1.8594260215759277 -37.90867233276367 -0.1572607842968736 -0.987557110106718 0 0 0 -1 0 0 0 0 0 0
-1.9977577924728394 1.6448683738708496 -38.37638854980469 -0.7766256446013234 -0.6299623862958637 0 0 0 -1 0 0 0 0 0 0
-1.864479899406433 1.2369818687438965 -38.8441047668457 -0.9987567687695142 0.04984894018010113 0 0 0 -1 0 0 0 0 0 0
-2.037714719772339 0.8443922996520996 -39.31182098388672 -0.7100318474237605 0.7041695645538805 0 0 0 -1 0 0 0 0 0 0
-2.4288547039031982 0.6679091453552246 -39.779537200927734 -0.05812941646505121 0.9983090558246143 0 0 0 -1 0 0 0 0 0 0
-2.837834119796753 0.7977995872497559 -40.247249603271484 0.6235011989732961 0.7818223934365542 0 0 0 -1 0 0 0 0 0 0
-3.055466413497925 1.1676268577575684 -40.7149658203125 0.986219009537575 0.16544505198622406 0 0 0 -1 0 0 0 0 0 0
-2.970432996749878 1.5882277488708496 -41.182682037353516 0.8444962017961548 -0.5355615418902557 0 0 0 -1 0 0 0 0 0 0
-2.6262309551239014 1.844468593597412 -41.65039825439453 0.2708268045745457 -0.96262809117745 0 0 0 -1 0 0 0 0 0 0
-2.3302180767059326 1.8518500328063965 -42.0401611328125 -0.22252395500626454 -0.9749272226419622 0 0 0 -1 0 0 0 0 0 0
-1.956267237663269 1.5870108604431152 -42.541282653808594 -0.8457806114054154 -0.5335308401308041 0 0 0 -1 0 0 0 0 0 0
-1.878306269645691 1.1354575157165527 -43.04240798950195 -0.9757105828591988 0.21906359463991842 0 0 0 -1 0 0 0 0 0 0
-2.141810178756714 0.7605681419372559 -43.54352951049805 -0.5365404113607192 0.8438746275228743 0 0 0 -1 0 0 0 0 0 0
-2.593083143234253 0.6810011863708496 -44.044654846191406 0.21558131036590278 0.9764858926891472 0 0 0 -1 0 0 0 0 0 0
-2.9689109325408936 0.9431700706481934 -44.545780181884766 0.8419631722630921 0.5395350003036602 0 0 0 -1 0 0 0 0 0 0
-3.050081968307495 1.3941550254821777 -45.04690170288086 0.9772461809749032 -0.21210823126405606 0 0 0 -1 0 0 0 0 0 0
-2.7892539501190186 1.7709136009216309 -45.54802703857422 0.5425358230035536 -0.8400326664825938 0 0 0 -1 0 0 0 0 0 0
-2.3385608196258545 1.8536887168884277 -46.04914855957031 -0.20862101531887975 -0.9779965603044419 0 0 0 -1 0 0 0 0 0 0
-1.960875391960144 1.594205379486084 -46.55027389526367 -0.8380965189446848 -0.5455219747478571 0 0 0 -1 0 0 0 0 0 0
-1.876494288444519 1.1438078880310059 -47.051395416259766 -0.9787324700186081 0.20514081049677654 0 0 0 -1 0 0 0 0 0 0
-2.1346347332000732 0.7652029991149902 -47.552520751953125 -0.5484993401499981 0.8361509874747604 0 0 0 -1 0 0 0 0 0 0
-2.584728956222534 0.6792197227478027 -48.05364227294922 0.20165703610559715 0.9794561959521753 0 0 0 -1 0 0 0 0 0 0
-2.9642493724823 0.9360098838806152 -48.55476760864258 0.8341930612420843 0.5514725166094501 0 0 0 -1 0 0 0 0 0 0
-3.05183482170105 1.3857932090759277 -49.05589294433594 0.9801692370622764 -0.19816222323327695 0 0 0 -1 0 0 0 0 0 0
-2.8826663494110107 1.6964240074157715 -49.445655822753906 0.6982189022252391 -0.7158843234597206 0 0 0 -1 0 0 0 0 0 0
-2.481243848800659 1.866635799407959 -49.94677734375 0.02918243413471264 -0.9995741020744652 0 0 0 -1 0 0 0 0 0 0
-2.0705745220184326 1.7201323509216309 -50.44790267944336 -0.6552672766724199 -0.7553971115395599 0 0 0 -1 0 0 0 0 0 0
-1.8675297498703003 1.334275722503662 -50.94902420043945 -0.9936732969081925 -0.11230930064604136 0 0 0 -1 0 0 0 0 0 0
-1.9793347120285034 0.9128355979919434 -51.45014953613281 -0.8073373434128132 0.5900901744065407 0 0 0 -1 0 0 0 0 0 0
-2.346947431564331 0.6783690452575684 -51.951271057128906 -0.1946454827409104 0.9808736595752574 0 0 0 -1 0 0 0 0 0 0
-2.7762343883514404 0.754697322845459 -52.452396392822266 0.5208331200924627 0.8536585154584648 0 0 0 -1 0 0 0 0 0 0
-3.040491819381714 1.1015143394470215 -52.953521728515625 0.9612627097712642 0.2756338201368012 0 0 0 -1 0 0 0 0 0 0
-3.048016309738159 1.4033255577087402 -53.343284606933594 0.9738037896202347 -0.22738992792397283 0 0 0 -1 0 0 0 0 0 0
-2.844414472579956 1.7306609153747559 -53.765525817871094 0.6344690176836285 -0.7729482942600826 0 0 0 -1 0 0 0 0 0 0
-2.4836719036102295 1.866563320159912 -54.18777084350586 0.03322704026628158 -0.9994478294514142 0 0 0 -1 0 0 0 0 0 0
-2.11470103263855 1.7549262046813965 -54.61001205444336 -0.5817167479670248 -0.8133914341414402 0 0 0 -1 0 0 0 0 0 0
-1.8898056745529175 1.4418349266052246 -55.032257080078125 -0.9565502503299503 -0.29156751978522816 0 0 0 -1 0 0 0 0 0 0
-1.9018200635910034 1.0565314292907715 -55.454498291015625 -0.9365237978860469 0.3506040159397708 0 0 0 -1 0 0 0 0 0 0
-2.145787000656128 0.7580618858337402 -55.876739501953125 -0.5299122051412318 0.8480525071258012 0 0 0 -1 0 0 0 0 0 0
-2.52099871635437 0.6696333885192871 -56.29898452758789 0.09544046590879744 0.9954351397590462 0 0 0 -1 0 0 0 0 0 0
-2.872572660446167 0.8277449607849121 -56.72122573852539 0.6813972853360888 0.7319137514329189 0 0 0 -1 0 0 0 0 0 0
-3.055382490158081 1.167130947113037 -57.143470764160156 0.9860811920243961 0.1662644963176016 0 0 0 -1 0 0 0 0 0 0
-2.9939677715301514 1.5477004051208496 -57.565711975097656 0.8837188601469155 -0.4680181366364303 0 0 0 -1 0 0 0 0 0 0
-2.7136809825897217 1.8123526573181152 -57.98795700073242 0.416577056263388 -0.9091004104030148 0 0 0 -1 0 0 0 0 0 0
-2.3302180767059326 1.8518500328063965 -58.41019821166992 -0.22252395500626454 -0.9749272226419622 0 0 0 -1 0 0 0 0 0 0
-2.066723585128784 1.7167601585388184 -58.79996109008789 -0.6616847185501903 -0.7497821905307938 0 0 0 -1 0 0 0 0 0 0
-1.8646363019943237 1.2997870445251465 -59.30108642578125 -0.9984962848445802 -0.05481942312329447 0 0 0 -1 0 0 0 0 0 0
-2.0198562145233154 0.8631949424743652 -59.802207946777344 -0.7397958762415633 0.6728313767178057 0 0 0 -1 0 0 0 0 0 0
-2.4398066997528076 0.6673712730407715 -60.3033332824707 -0.03988044026142944 0.9992044587993762 0 0 0 -1 0 0 0 0 0 0
-2.874027967453003 0.8291029930114746 -60.80445861816406 0.6838220653118019 0.7296488079841573 0 0 0 -1 0 0 0 0 0 0
-3.0635478496551514 1.251939296722412 -61.305580139160156 0.9996894728067233 0.024919028059210698 0 0 0 -1 0 0 0 0 0 0
-2.8953349590301514 1.6836905479431152 -61.806705474853516 0.7193324405484217 -0.6946659916640884 0 0 0 -1 0 0 0 0 0 0
-2.4697139263153076 1.8668646812438965 -62.30782699584961 0.00996864911101473 -0.9999503117829912 0 0 0 -1 0 0 0 0 0 0
-2.0667197704315186 1.7167601585388184 -62.69758987426758 -0.6616910259238478 -0.7497766242100681 0 0 0 -1 0 0 0 0 0 0
-1.8743046522140503 1.3790221214294434 -63.1263313293457 -0.9823836988673529 -0.1868750068888246 0 0 0 -1 0 0 0 0 0 0
-1.929268717765808 0.994229793548584 -63.55506896972656 -0.8907806135321878 0.4544336019213576 0 0 0 -1 0 0 0 0 0 0
-2.208542585372925 0.7238669395446777 -63.98381042480469 -0.425315007144997 0.9050453826727427 0 0 0 -1 0 0 0 0 0 0
-2.5949161052703857 0.6814093589782715 -64.41254425048828 0.21863188648242401 0.9758074083614741 0 0 0 -1 0 0 0 0 0 0
-2.9262359142303467 0.884671688079834 -64.8412857055664 0.7708376648616067 0.6370316274963947 0 0 0 -1 0 0 0 0 0 0
-3.063448667526245 1.248349666595459 -65.27002716064453 0.9995221648997488 0.03091022280927871 0 0 0 -1 0 0 0 0 0 0
-2.9489657878875732 1.619809627532959 -65.69876861572266 0.8087210435861532 -0.588192378105092 0 0 0 -1 0 0 0 0 0 0
-2.6308372020721436 1.8431525230407715 -66.12750244140625 0.2785080981894808 -0.9604338807241645 0 0 0 -1 0 0 0 0 0 0
-2.242577314376831 1.8246474266052246 -66.55624389648438 -0.3685927903174052 -0.9295909610823619 0 0 0 -1 0 0 0 0 0 0
-1.9471348524093628 1.5720572471618652 -66.9849853515625 -0.8609970117478634 -0.5086100134299852 0 0 0 -1 0 0 0 0 0 0
-1.8685044050216675 1.191392421722412 -67.4137191772461 -0.9920519407844918 0.12582903792735295 0 0 0 -1 0 0 0 0 0 0
-2.039685010910034 0.8424124717712402 -67.84246063232422 -0.7067476615093233 0.707465718569531 0 0 0 -1 0 0 0 0 0 0
-2.388836622238159 0.6715865135192871 -68.27120208740234 -0.12483008326115662 0.9921781343655044 0 0 0 -1 0 0 0 0 0 0
-2.769421339035034 0.7506041526794434 -68.69993591308594 0.5094802015744163 0.8604823787874406 0 0 0 -1 0 0 0 0 0 0
-3.021712064743042 1.0463004112243652 -69.12867736816406 0.9299610324148011 0.36765809958437884 0 0 0 -1 0 0 0 0 0 0
-3.0398261547088623 1.4345793724060059 -69.55741882324219 0.9601509666667334 -0.279481879929518 0 0 0 -1 0 0 0 0 0 0
-2.8161590099334717 1.7524809837341309 -69.98615264892578 0.5873762061812969 -0.8093140258342659 0 0 0 -1 0 0 0 0 0 0
-2.444584608078003 1.8665862083435059 -70.4148941040039 -0.031914630257967 -0.9994905984427754 0 0 0 -1 0 0 0 0 0 0
-2.0810458660125732 1.7290053367614746 -70.84363555908203 -0.6378141791689405 -0.7701902835345633 0 0 0 -1 0 0 0 0 0 0
-1.8781174421310425 1.3974814414978027 -71.27237701416016 -0.9760267988797381 -0.21765037989530608 0 0 0 -1 0 0 0 0 0 0
-1.8999184370040894 1.0616812705993652 -71.66213989257812 -0.9396924463546937 0.3420206225711123 0 0 0 -1 0 0 0 0 0 0
-3.027550458908081 -1.077894687652588 -71.66213989257812 0.93969248736894 -0.3420205098855549 0 0 0 1 0 0 0 0 0 0
-3.0571811199188232 -1.3715424537658691 -71.27237701416016 0.9890779833848764 0.14739315717938326 0 0 0 1 0 0 0 0 0 0
-2.8856074810028076 -1.709749698638916 -70.85263061523438 0.7031210361805974 0.7110701853406054 0 0 0 1 0 0 0 0 0 0
-2.545494794845581 -1.8775086402893066 -70.4328842163086 0.13626968178505536 0.9906717790601486 0 0 0 1 0 0 0 0 0 0
-2.1727187633514404 -1.8078064918518066 -70.01313781738281 -0.48502837292666373 0.8744984147819327 0 0 0 1 0 0 0 0 0 0
-1.9162033796310425 -1.5284829139709473 -69.59339904785156 -0.9125533061947478 0.4089577769807474 0 0 0 1 0 0 0 0 0 0
-1.878428339958191 -1.1511330604553223 -69.17365264892578 -0.9755083576115211 -0.21996237003195013 0 0 0 1 0 0 0 0 0 0
-2.0744845867156982 -0.8265061378479004 -68.75390625 -0.6487521247623167 -0.7609997901552795 0 0 0 1 0 0 0 0 0 0
-2.4260451793670654 -0.6842904090881348 -68.33415985107422 -0.06281344712253133 -0.9980252856819735 0 0 0 1 0 0 0 0 0 0
-2.7926642894744873 -0.7813057899475098 -67.91441345214844 0.5482157269341836 -0.8363369636348883 0 0 0 1 0 0 0 0 0 0
-3.027874708175659 -1.0787873268127441 -67.49467468261719 0.9402303016431813 -0.34053924865127133 0 0 0 1 0 0 0 0 0 0
-3.0377109050750732 -1.457899570465088 -67.0749282836914 0.9566262423710734 0.29131809488426963 0 0 0 1 0 0 0 0 0 0
-2.818241834640503 -1.7671761512756348 -66.65518188476562 0.590850628036579 0.806780971112222 0 0 0 1 0 0 0 0 0 0
-2.457146406173706 -1.883070468902588 -66.23543548583984 -0.01097854683593466 0.9999397339386865 0 0 0 1 0 0 0 0 0 0
-2.0986850261688232 -1.7592759132385254 -65.8156967163086 -0.6084181175764412 0.793616654440127 0 0 0 1 0 0 0 0 0 0
-1.893879771232605 -1.4708962440490723 -65.42593383789062 -0.9497581827086736 0.31298465517963914 0 0 0 1 0 0 0 0 0 0
-1.9177387952804565 -1.034334659576416 -64.95264434814453 -0.9099923754556152 -0.4146249831023775 0 0 0 1 0 0 0 0 0 0
-2.2315165996551514 -0.7298684120178223 -64.47936248779297 -0.38703276198943337 -0.9220659635551192 0 0 0 1 0 0 0 0 0 0
-2.6686007976531982 -0.7191643714904785 -64.0060806274414 0.3414417121799148 -0.9399029509388978 0 0 0 1 0 0 0 0 0 0
-2.99690318107605 -1.0079140663146973 -63.532798767089844 0.8886169693683802 -0.4586500645923374 0 0 0 1 0 0 0 0 0 0
-3.042095899581909 -1.4427857398986816 -63.059513092041016 0.9639366594454493 0.26613176544175965 0 0 0 1 0 0 0 0 0 0
-2.780184507369995 -1.7928719520568848 -62.58623123168945 0.5274136911827332 0.8496086148062557 0 0 0 1 0 0 0 0 0 0
-2.3502414226531982 -1.8722748756408691 -62.112945556640625 -0.18915282909310566 0.9819476601357499 0 0 0 1 0 0 0 0 0 0
-1.9805611371994019 -1.638838291168213 -61.63966369628906 -0.8052885868121322 0.5928830339536787 0 0 0 1 0 0 0 0 0 0
-1.867442011833191 -1.2165093421936035 -61.166378021240234 -0.9938207665367182 -0.11099677472958257 0 0 0 1 0 0 0 0 0 0
-2.070948362350464 -0.8295426368713379 -60.69309616088867 -0.6546451590716585 -0.7559363172278751 0 0 0 1 0 0 0 0 0 0
-2.4830214977264404 -0.6834168434143066 -60.21981430053711 0.032144398696893686 -0.9994832352933265 0 0 0 1 0 0 0 0 0 0
-2.8848540782928467 -0.8557229042053223 -59.74652862548828 0.7018675304885854 -0.7123074965531772 0 0 0 1 0 0 0 0 0 0
-3.063074827194214 -1.2549614906311035 -59.27324676513672 0.9988991447126615 -0.04690947337493275 0 0 0 1 0 0 0 0 0 0
-2.92305064201355 -1.6691498756408691 -58.79996109008789 0.7655259145883191 0.6434050622226387 0 0 0 1 0 0 0 0 0 0
-2.676905393600464 -1.8439621925354004 -58.41019821166992 0.35528325052826726 0.9347586917991555 0 0 0 1 0 0 0 0 0 0
-2.2907092571258545 -1.857618808746338 -57.98795700073242 -0.28837292890698185 0.9575181741740513 0 0 0 1 0 0 0 0 0 0
-1.9762886762619019 -1.6329598426818848 -57.565711975097656 -0.8124083791625345 0.5830888658399367 0 0 0 1 0 0 0 0 0 0
-1.8640660047531128 -1.2631745338439941 -57.143470764160156 -0.9994480091525694 -0.03322163453181526 0 0 0 1 0 0 0 0 0 0
-2.000593900680542 -0.9016594886779785 -56.72122573852539 -0.7719027061959637 -0.6357406799689225 0 0 0 1 0 0 0 0 0 0
-2.3292415142059326 -0.6983742713928223 -56.29898452758789 -0.22415270123571515 -0.9745540346890634 0 0 0 1 0 0 0 0 0 0
-2.713677167892456 -0.7376465797424316 -55.876739501953125 0.41657241990148475 -0.9091025349086983 0 0 0 1 0 0 0 0 0 0
-2.9944331645965576 -1.0031800270080566 -55.454498291015625 0.8844963317036484 -0.4665471457449823 0 0 0 1 0 0 0 0 0 0
-3.055048704147339 -1.3848328590393066 -55.032257080078125 0.9855232714400393 0.16954020599882094 0 0 0 1 0 0 0 0 0 0
-2.8703773021698 -1.724287509918213 -54.61001205444336 0.677742160159485 0.7352996425555741 0 0 0 1 0 0 0 0 0 0
-2.5170257091522217 -1.8807358741760254 -54.18777084350586 0.08882042941248222 0.9960476551445632 0 0 0 1 0 0 0 0 0 0
-2.1415679454803467 -1.789278507232666 -53.765525817871094 -0.5369408287929524 0.8436199063412014 0 0 0 1 0 0 0 0 0 0
-1.899748682975769 -1.4878525733947754 -53.343284606933594 -0.9399737492444086 0.3412467592980331 0 0 0 1 0 0 0 0 0 0
-1.8705090284347534 -1.1931939125061035 -52.953521728515625 -0.9887070094971788 -0.1498614339019391 0 0 0 1 0 0 0 0 0 0
-2.088688611984253 -0.8147683143615723 -52.452396392822266 -0.625076031578801 -0.7805638697414182 0 0 0 1 0 0 0 0 0 0
-2.5056521892547607 -0.684572696685791 -51.951271057128906 0.06986519063825276 -0.9975564420808883 0 0 0 1 0 0 0 0 0 0
-2.9003970623016357 -0.871614933013916 -51.45014953613281 0.7277736255206337 -0.685817431971915 0 0 0 1 0 0 0 0 0 0
-3.0637004375457764 -1.2767586708068848 -50.94902420043945 0.9999440284174405 -0.010580171657439595 0 0 0 1 0 0 0 0 0 0
-2.9090068340301514 -1.6852669715881348 -50.44790267944336 0.742121725591997 0.6702651299331902 0 0 0 1 0 0 0 0 0 0
-2.5183093547821045 -1.8806214332580566 -49.94677734375 0.09095757778909723 0.9958547680473999 0 0 0 1 0 0 0 0 0 0
-2.0986850261688232 -1.7592759132385254 -49.445655822753906 -0.6084181175764412 0.793616654440127 0 0 0 1 0 0 0 0 0 0
-1.893879771232605 -1.4708962440490723 -49.05589294433594 -0.9497581827086736 0.31298465517963914 0 0 0 1 0 0 0 0 0 0
-1.9341953992843628 -1.0009942054748535 -48.55476760864258 -0.8825673834711869 -0.4701859351712072 0 0 0 1 0 0 0 0 0 0
-2.301701307296753 -0.7054009437561035 -48.05364227294922 -0.2700589619689299 -0.9628437864265751 0 0 0 1 0 0 0 0 0 0
-2.7693240642547607 -0.7667603492736816 -47.552520751953125 0.5093162305369612 -0.8605794427661058 0 0 0 1 0 0 0 0 0 0
-3.048130750656128 -1.147158145904541 -47.051395416259766 0.9739921939074869 -0.22658156634483761 0 0 0 1 0 0 0 0 0 0
-2.9658496379852295 -1.6115593910217285 -46.55027389526367 0.8368586150077306 0.5474190885302986 0 0 0 1 0 0 0 0 0 0
-2.5733249187469482 -1.8730149269104004 -46.04914855957031 0.18265029488849668 0.9831779441063279 0 0 0 1 0 0 0 0 0 0
-2.1130855083465576 -1.7699799537658691 -45.54802703857422 -0.5844134893536541 0.8114560206576118 0 0 0 1 0 0 0 0 0 0
-1.899748682975769 -1.4878525733947754 -45.15826416015625 -0.9399737492444086 0.3412467592980331 0 0 0 1 0 0 0 0 0 0
-1.9083279371261597 -1.0561203956604004 -44.67991638183594 -0.9256799071818006 -0.3783076914892074 0 0 0 1 0 0 0 0 0 0
-2.2045867443084717 -0.7419571876525879 -44.20157241821289 -0.43191239319890384 -0.9019155640087355 0 0 0 1 0 0 0 0 0 0
-2.63507342338562 -0.7080903053283691 -43.723228454589844 0.2855625359030919 -0.9583600774701517 0 0 0 1 0 0 0 0 0 0
-2.9768149852752686 -0.9720635414123535 -43.24488067626953 0.8551352845152799 -0.5184049046613771 0 0 0 1 0 0 0 0 0 0
-3.05279803276062 -1.3971428871154785 -42.766536712646484 0.981772219968412 0.19006132720334265 0 0 0 1 0 0 0 0 0 0
-2.8236682415008545 -1.763155460357666 -42.28819274902344 0.5998922849076734 0.8000807749897825 0 0 0 1 0 0 0 0 0 0
-2.408106565475464 -1.8805222511291504 -41.809844970703125 -0.09271403760373265 0.9956927775329163 0 0 0 1 0 0 0 0 0 0
-2.021357297897339 -1.688448429107666 -41.33150100708008 -0.7372954708357498 0.675570417266098 0 0 0 1 0 0 0 0 0 0
-1.8637436628341675 -1.2864251136779785 -40.853153228759766 -0.9999847021382443 0.005531318964493249 0 0 0 1 0 0 0 0 0 0
-2.0169036388397217 -0.8826813697814941 -40.37480926513672 -0.7447228735820777 -0.6673738394360784 0 0 0 1 0 0 0 0 0 0
-2.4015052318573 -0.686342716217041 -39.89646530151367 -0.10371522674745934 -0.994607033828297 0 0 0 1 0 0 0 0 0 0
-2.8183391094207764 -0.7991089820861816 -39.41811752319336 0.5910099910170806 -0.8066642365433033 0 0 0 1 0 0 0 0 0 0
-3.0515010356903076 -1.1625657081604004 -38.93977355957031 0.9796116471413476 -0.20090052460114613 0 0 0 1 0 0 0 0 0 0
-2.9802215099334717 -1.5884613990783691 -38.46142578125 0.8608101333704009 0.5089262365872215 0 0 0 1 0 0 0 0 0 0
-2.64142107963562 -1.8561921119689941 -37.98308181762695 0.29614370686643465 0.9551433949326179 0 0 0 1 0 0 0 0 0 0
-2.210585355758667 -1.827089786529541 -37.504737854003906 -0.4219141513424301 0.9066357862432946 0 0 0 1 0 0 0 0 0 0
-1.9108704328536987 -1.5162224769592285 -37.026390075683594 -0.9214377367074584 0.38852605751923086 0 0 0 1 0 0 0 0 0 0
-1.897520899772644 -1.084608554840088 -36.54804611206055 -0.9436885237220203 -0.33083526141473224 0 0 0 1 0 0 0 0 0 0
-2.1774470806121826 -0.7558121681213379 -36.0697021484375 -0.47714422873900714 -0.8788250024783422 0 0 0 1 0 0 0 0 0 0
-2.6056602001190186 -0.7001328468322754 -35.59135437011719 0.23654367798457146 -0.9716208563043156 0 0 0 1 0 0 0 0 0 0
-2.960362195968628 -0.946413516998291 -35.11301040649414 0.8277133561239821 -0.5611511383700241 0 0 0 1 0 0 0 0 0 0
-3.0578277111053467 -1.3670907020568848 -34.634666442871094 0.9901547702152433 0.13997689459335394 0 0 0 1 0 0 0 0 0 0
-2.92305064201355 -1.6691498756408691 -34.244903564453125 0.7655259145883191 0.6434050622226387 0 0 0 1 0 0 0 0 0 0
-2.520014524459839 -1.8804612159729004 -33.73820877075195 0.09380225931654287 0.9955908477618262 0 0 0 1 0 0 0 0 0 0
-2.0846030712127686 -1.7481446266174316 -33.23151779174805 -0.6318893248096488 0.7750586308090543 0 0 0 1 0 0 0 0 0 0
-1.867287516593933 -1.3483147621154785 -32.72482681274414 -0.9940762814963208 0.10868461973272718 0 0 0 1 0 0 0 0 0 0
-1.9930790662765503 -0.9109749794006348 -32.218135833740234 -0.784429801361179 -0.6202176124042766 0 0 0 1 0 0 0 0 0 0
-2.3896148204803467 -0.6877045631408691 -31.711444854736328 -0.12353483672749675 -0.99234023606559 0 0 0 1 0 0 0 0 0 0
-2.8287875652313232 -0.8069405555725098 -31.204750061035156 0.6084216508062205 -0.7936139457130486 0 0 0 1 0 0 0 0 0 0
-3.0579631328582764 -1.2000908851623535 -30.69805908203125 0.9903817754400583 -0.13836162356736656 0 0 0 1 0 0 0 0 0 0
-2.9453094005584717 -1.6409974098205566 -30.191368103027344 0.8026244461181583 0.5964847009718854 0 0 0 1 0 0 0 0 0 0
-2.555628538131714 -1.8760285377502441 -29.684677124023438 0.15316071006561943 0.9882012937110513 0 0 0 1 0 0 0 0 0 0
-2.1130855083465576 -1.7699799537658691 -29.17798614501953 -0.5844134893536541 0.8114560206576118 0 0 0 1 0 0 0 0 0 0
-1.899748682975769 -1.4878525733947754 -28.788223266601562 -0.9399737492444086 0.3412467592980331 0 0 0 1 0 0 0 0 0 0
-1.9428757429122925 -0.9852738380432129 -28.20357894897461 -0.8681021693799945 -0.4963855593364367 0 0 0 1 0 0 0 0 0 0
-2.3541419506073 -0.6932015419006348 -27.618934631347656 -0.18265773243210706 -0.9831765623644415 0 0 0 1 0 0 0 0 0 0
-2.842869520187378 -0.8180718421936035 -27.034290313720703 0.6318926947253461 -0.7750558833740574 0 0 0 1 0 0 0 0 0 0
-3.063624143600464 -1.2716279029846191 -26.44964599609375 0.999817012132124 -0.019129617120889567 0 0 0 1 0 0 0 0 0 0
-2.8603789806365967 -1.7332978248596191 -25.865001678466797 0.661076717042734 0.7503183152396061 0 0 0 1 0 0 0 0 0 0
-2.3767879009246826 -1.876772403717041 -25.280357360839844 -0.14490835427962642 0.9894450812753431 0 0 0 1 0 0 0 0 0 0
-2.0986850261688232 -1.7592759132385254 -24.890594482421875 -0.6084181175764412 0.793616654440127 0 0 0 1 0 0 0 0 0 0
-1.8780125379562378 -1.4132256507873535 -24.435871124267578 -0.9762015610885817 0.2168651934456428 0 0 0 1 0 0 0 0 0 0
-1.9314087629318237 -1.006289005279541 -23.98114776611328 -0.8872099296782134 -0.46136595093307425 0 0 0 1 0 0 0 0 0 0
-2.2338836193084717 -0.7288804054260254 -23.526424407958984 -0.38308764243986637 -0.9237119996026171 0 0 0 1 0 0 0 0 0 0
-2.6439101696014404 -0.7107987403869629 -23.071701049804688 0.3002962722882451 -0.9538459775298023 0 0 0 1 0 0 0 0 0 0
-2.969630002975464 -0.9605088233947754 -22.61697769165039 0.8431617133304786 -0.5376600461012624 0 0 0 1 0 0 0 0 0 0
-3.0586345195770264 -1.3611664772033691 -22.162254333496094 0.9915004219949446 0.13010347106763354 0 0 0 1 0 0 0 0 0 0
-2.8692805767059326 -1.7252984046936035 -21.707530975341797 0.6759070016764206 0.7369869232793692 0 0 0 1 0 0 0 0 0 0
-2.490166425704956 -1.8825249671936035 -21.2528076171875 0.04405386146515716 0.9990291573773054 0 0 0 1 0 0 0 0 0 0
-2.0986850261688232 -1.7592759132385254 -20.798084259033203 -0.6084181175764412 0.793616654440127 0 0 0 1 0 0 0 0 0 0
-1.8780125379562378 -1.4132256507873535 -20.343360900878906 -0.9762015610885817 0.2168651934456428 0 0 0 1 0 0 0 0 0 0
-1.9314087629318237 -1.006289005279541 -19.88863754272461 -0.8872099296782134 -0.46136595093307425 0 0 0 1 0 0 0 0 0 0
-2.2338836193084717 -0.7288804054260254 -19.433914184570312 -0.38308764243986637 -0.9237119996026171 0 0 0 1 0 0 0 0 0 0
-2.6439101696014404 -0.7107987403869629 -18.979190826416016 0.3002962722882451 -0.9538459775298023 0 0 0 1 0 0 0 0 0 0
-2.969630002975464 -0.9605088233947754 -18.52446746826172 0.8431617133304786 -0.5376600461012624 0 0 0 1 0 0 0 0 0 0
-3.0586345195770264 -1.3611664772033691 -18.069744110107422 0.9915004219949446 0.13010347106763354 0 0 0 1 0 0 0 0 0 0
-2.8692805767059326 -1.7252984046936035 -17.615020751953125 0.6759070016764206 0.7369869232793692 0 0 0 1 0 0 0 0 0 0
-2.490166425704956 -1.8825249671936035 -17.160297393798828 0.04405386146515716 0.9990291573773054 0 0 0 1 0 0 0 0 0 0
-2.0986850261688232 -1.7592759132385254 -16.70557403564453 -0.6084181175764412 0.793616654440127 0 0 0 1 0 0 0 0 0 0
-1.893879771232605 -1.4708962440490723 -16.315811157226562 -0.9497581827086736 0.31298465517963914 0 0 0 1 0 0 0 0 0 0
-1.927134394645691 -1.0146660804748535 -15.81468677520752 -0.8943351001809877 -0.44739772974866854 0 0 0 1 0 0 0 0 0 0
-2.27229380607605 -0.7144684791564941 -15.313565254211426 -0.31906718834024744 -0.9477320978655567 0 0 0 1 0 0 0 0 0 0
-2.7287299633026123 -0.7447991371154785 -14.812439918518066 0.4416579742417537 -0.8971835006221808 0 0 0 1 0 0 0 0 0 0
-3.0311343669891357 -1.0880227088928223 -14.311318397521973 0.9456641234706697 -0.32514514540501754 0 0 0 1 0 0 0 0 0 0
-3.0037314891815186 -1.5446457862854004 -13.810193061828613 0.8999962137898392 0.4358977118131663 0 0 0 1 0 0 0 0 0 0
-2.6624515056610107 -1.849245548248291 -13.309067726135254 0.3311933922963657 0.9435628950415683 0 0 0 1 0 0 0 0 0 0
-2.2056643962860107 -1.824770450592041 -12.80794620513916 -0.43011910106608875 0.9027721522610783 0 0 0 1 0 0 0 0 0 0
-1.8988827466964722 -1.4854493141174316 -12.3068208694458 -0.9414185554610834 0.33724042378334 0 0 0 1 0 0 0 0 0 0
-1.9204262495040894 -1.0285134315490723 -11.805699348449707 -0.9055090584442995 -0.4243269318288886 0 0 0 1 0 0 0 0 0 0
-2.2577731609344482 -0.7195649147033691 -11.304574012756348 -0.3432727086494807 -0.939235778437155 0 0 0 1 0 0 0 0 0 0
-2.714836835861206 -0.7381768226623535 -10.803452491760254 0.41850242760019635 -0.908215678180432 0 0 0 1 0 0 0 0 0 0
-3.025944471359253 -1.0735383033752441 -10.302327156066895 0.9370182980681621 -0.3492802729692087 0 0 0 1 0 0 0 0 0 0
-3.0102622509002686 -1.5307106971740723 -9.8012056350708 0.9108802649241443 0.4126707440220599 0 0 0 1 0 0 0 0 0 0
-2.676905393600464 -1.8439621925354004 -9.300080299377441 0.35528325052826726 0.9347586917991555 0 0 0 1 0 0 0 0 0 0
-2.3767879009246826 -1.876772403717041 -8.910317420959473 -0.14490835427962642 0.9894450812753431 0 0 0 1 0 0 0 0 0 0
-1.98228919506073 -1.6411728858947754 -8.403626441955566 -0.8024087650137626 0.5967748099820303 0 0 0 1 0 0 0 0 0 0
-1.8701542615890503 -1.1955666542053223 -7.896934986114502 -0.9892992647799632 -0.14590053017663873 0 0 0 1 0 0 0 0 0 0
-2.1061503887176514 -0.801302433013916 -7.39024019241333 -0.5959730856191593 -0.8030044092142822 0 0 0 1 0 0 0 0 0 0
-2.5518672466278076 -0.6896157264709473 -6.883549213409424 0.14688858739274976 -0.989153043211091 0 0 0 1 0 0 0 0 0 0
-2.945894956588745 -0.9260048866271973 -6.376858234405518 0.8035991285468252 -0.5951709339330872 0 0 0 1 0 0 0 0 0 0
-3.0571372509002686 -1.3718323707580566 -5.870167255401611 0.9890059485176118 0.1478757376880296 0 0 0 1 0 0 0 0 0 0
-2.8203532695770264 -1.7656235694885254 -5.363476276397705 0.594364561378226 0.8041957275301012 0 0 0 1 0 0 0 0 0 0
-2.374415159225464 -1.8764214515686035 -4.856785297393799 -0.14886273722939977 0.9888578691928231 0 0 0 1 0 0 0 0 0 0
-1.9808624982833862 -1.6392426490783691 -4.350094318389893 -0.8047894196976556 0.5935604349539404 0 0 0 1 0 0 0 0 0 0
-1.8705090284347534 -1.1931939125061035 -3.8434035778045654 -0.9887070094971788 -0.1498614339019391 0 0 0 1 0 0 0 0 0 0
-1.9857491254806519 -0.9204354286193848 -3.4536406993865967 -0.7966430776505318 -0.6044500035830003 0 0 0 1 0 0 0 0 0 0
-2.3826892375946045 -0.6886048316955566 -2.9339568614959717 -0.1350741518264198 -0.9908354926567644 0 0 0 1 0 0 0 0 0 0
-2.8271987438201904 -0.805727481842041 -2.4142730236053467 0.6057754528354653 -0.7956356582896388 0 0 0 1 0 0 0 0 0 0
-3.0583693981170654 -1.2030510902404785 -1.8945890665054321 0.9910589498536985 -0.13342472752411566 0 0 0 1 0 0 0 0 0 0
-2.9405105113983154 -1.6473641395568848 -1.3749052286148071 0.7946259021441905 0.6070993951912085 0 0 0 1 0 0 0 0 0 0
-2.54280161857605 -1.8778748512268066 -0.8552213907241821 0.13177494125570496 0.9912796602659893 0 0 0 1 0 0 0 0 0 0
-2.0986850261688232 -1.7592759132385254 -0.3355375826358795 -0.6084181175764412 0.793616654440127 0 0 0 1 0 0 0 0 0 0
-1.893879771232605 -1.4708962440490723 0.05422531068325043 -0.9497581827086736 0.31298465517963914 0 0 0 1 0 0 0 0 0 0
-1.9212158918380737 -1.026838779449463 0.5414308309555054 -0.9041982752943426 -0.42711295807401634 0 0 0 1 0 0 0 0 0 0
-2.2468421459198 -0.7236809730529785 1.0286363363265991 -0.36148665169559413 -0.9323772844969509 0 0 0 1 0 0 0 0 0 0
-2.6917197704315186 -0.7281098365783691 1.5158418416976929 0.3799771404916523 -0.9249958771279942 0 0 0 1 0 0 0 0 0 0
-3.0112464427948 -1.0376877784729004 2.003039598464966 0.9125184222218903 -0.4090356086035442 0 0 0 1 0 0 0 0 0 0
-3.029738187789917 -1.4822030067443848 2.4902451038360596 0.9433417254699182 0.33182282770695215 0 0 0 1 0 0 0 0 0 0
-2.7370288372039795 -1.8172516822814941 2.9774506092071533 0.4554924510622854 0.8902396458399678 0 0 0 1 0 0 0 0 0 0
-2.2940547466278076 -1.858614444732666 3.464656114578247 -0.2827970828893466 0.9591797589134563 0 0 0 1 0 0 0 0 0 0
-1.944374918937683 -1.5835518836975098 3.9518539905548096 -0.8655953972091969 0.500744054712837 0 0 0 1 0 0 0 0 0 0
-1.8802517652511597 -1.1432976722717285 4.439059734344482 -0.9724740877122963 -0.23301104851087373 0 0 0 1 0 0 0 0 0 0
-2.1369388103485107 -0.7799134254455566 4.926265239715576 -0.5446633506485818 -0.8386547766872016 0 0 0 1 0 0 0 0 0 0
-2.57330584526062 -0.6931977272033691 5.41347074508667 0.18261775853860424 -0.9831839880034338 0 0 0 1 0 0 0 0 0 0
-2.9494292736053467 -0.9308266639709473 5.900668621063232 0.8094879286684037 -0.5871365201894168 0 0 0 1 0 0 0 0 0 0
-3.0578277111053467 -1.3670907020568848 6.290431499481201 0.9901547702152433 0.13997689459335394 0 0 0 1 0 0 0 0 0 0
-2.8358676433563232 -1.7537636756896973 6.797122478485107 0.6202243456128976 0.7844244776325207 0 0 0 1 0 0 0 0 0 0
-2.4084231853485107 -1.8805527687072754 7.303821086883545 -0.09218605627704196 0.9957417993777733 0 0 0 1 0 0 0 0 0 0
-2.011521100997925 -1.6774468421936035 7.810512065887451 -0.7536907869292986 0.6572291820194037 0 0 0 1 0 0 0 0 0 0
-1.8643196821212769 -1.2565979957580566 8.3172025680542 -0.9990234479616213 -0.044183146366840245 0 0 0 1 0 0 0 0 0 0
-2.048100233078003 -0.8503861427307129 8.823893547058105 -0.6927256486624664 -0.7212012033303642 0 0 0 1 0 0 0 0 0 0
-2.4613826274871826 -0.6831116676330566 9.330584526062012 -0.003921296482976654 -0.9999923116873911 0 0 0 1 0 0 0 0 0 0
-2.8759639263153076 -0.847139835357666 9.837275505065918 0.6870497270199399 -0.7266103994589024 0 0 0 1 0 0 0 0 0 0
-3.062922239303589 -1.2518982887268066 10.343966484069824 0.998646334491276 -0.05201440768804728 0 0 0 1 0 0 0 0 0 0
-2.9190242290496826 -1.673891544342041 10.85065746307373 0.7588168806403793 0.6513040316589513 0 0 0 1 0 0 0 0 0 0
-2.523724317550659 -1.880098819732666 11.357348442077637 0.09998471208562766 0.9949889734811909 0 0 0 1 0 0 0 0 0 0
-2.1130855083465576 -1.7699799537658691 11.747111320495605 -0.5844134893536541 0.8114560206576118 0 0 0 1 0 0 0 0 0 0
-1.8783386945724487 -1.4146790504455566 12.2343168258667 -0.9756599020601288 0.21928920518808043 0 0 0 1 0 0 0 0 0 0
-1.9384773969650269 -0.9930977821350098 12.721522331237793 -0.8754296285172032 -0.4833455963534078 0 0 0 1 0 0 0 0 0 0
-2.263209104537964 -0.7176079750061035 13.208727836608887 -0.3342118239198025 -0.9424979876648009 0 0 0 1 0 0 0 0 0 0
-2.6889541149139404 -0.7269806861877441 13.69592571258545 0.3753644397359186 -0.9268773043837789 0 0 0 1 0 0 0 0 0 0
-3.001246213912964 -1.0164971351623535 14.183131217956543 0.8958553590181356 -0.4443457839548915 0 0 0 1 0 0 0 0 0 0
-3.0427730083465576 -1.4403138160705566 14.670336723327637 0.9650640515919934 0.26201407657766457 0 0 0 1 0 0 0 0 0 0
-2.792614698410034 -1.7849411964416504 15.15754222869873 0.548131145672886 0.8363924002185393 0 0 0 1 0 0 0 0 0 0
-2.3767879009246826 -1.876772403717041 15.644740104675293 -0.14490835427962642 0.9894450812753431 0 0 0 1 0 0 0 0 0 0
-2.0986850261688232 -1.7592759132385254 16.034503936767578 -0.6084181175764412 0.793616654440127 0 0 0 1 0 0 0 0 0 0
-1.8727997541427612 -1.3870110511779785 16.515216827392578 -0.9848909442145408 0.1731757142447812 0 0 0 1 0 0 0 0 0 0
-1.958149790763855 -0.9600205421447754 16.995922088623047 -0.8426390989048269 -0.5384787358818 0 0 0 1 0 0 0 0 0 0
-2.3097808361053467 -0.7031960487365723 17.476627349853516 -0.2565888225091134 -0.9665206548043278 0 0 0 1 0 0 0 0 0 0
-2.742497205734253 -0.7517952919006348 17.957332611083984 0.4646038841321246 -0.885518622531081 0 0 0 1 0 0 0 0 0 0
-3.028393507003784 -1.0802292823791504 18.438045501708984 0.9410997658399642 -0.33812901492768155 0 0 0 1 0 0 0 0 0 0
-3.0168960094451904 -1.5155129432678223 18.918750762939453 0.9219381575033992 0.38733710607071614 0 0 0 1 0 0 0 0 0 0
-2.7140586376190186 -1.8283944129943848 19.399456024169922 0.41721133710673425 0.9088094960934392 0 0 0 1 0 0 0 0 0 0
-2.2793796062469482 -1.8540825843811035 19.880168914794922 -0.307258628966955 0.9516260478388279 0 0 0 1 0 0 0 0 0 0
-1.9417980909347534 -1.5790505409240723 20.36087417602539 -0.869892534226968 0.49324129885501633 0 0 0 1 0 0 0 0 0 0
-1.879109263420105 -1.1481499671936035 20.84157943725586 -0.9743768046366318 -0.22492185884459262 0 0 0 1 0 0 0 0 0 0
-2.124333143234253 -0.7883286476135254 21.32229232788086 -0.5656723629501405 -0.8246300854288574 0 0 0 1 0 0 0 0 0 0
-2.548311948776245 -0.6890969276428223 21.802997589111328 0.14096425077873312 -0.9900146867609543 0 0 0 1 0 0 0 0 0 0
-2.927746534347534 -0.9027199745178223 22.283702850341797 0.7733523360596205 -0.6339764698402679 0 0 0 1 0 0 0 0 0 0
-3.0627944469451904 -1.3166871070861816 22.764408111572266 0.9984328033702977 0.05596371283366066 0 0 0 1 0 0 0 0 0 0
-2.882328748703003 -1.712965488433838 23.245121002197266 0.6976563916856182 0.7164325223914693 0 0 0 1 0 0 0 0 0 0
-2.481398344039917 -1.882845401763916 23.725826263427734 0.029440594671677325 0.9995665317453251 0 0 0 1 0 0 0 0 0 0
-2.0711638927459717 -1.7368569374084473 24.206531524658203 -0.6542812497560911 0.7562513115476942 0 0 0 1 0 0 0 0 0 0
-1.8676899671554565 -1.3518853187561035 24.687244415283203 -0.9934080713327953 0.114631600402576 0 0 0 1 0 0 0 0 0 0
-1.9781407117843628 -0.9306893348693848 25.167949676513672 -0.8093231092362603 -0.5873636904475391 0 0 0 1 0 0 0 0 0 0
-2.344343900680542 -0.6951050758361816 25.64865493774414 -0.1989860134906081 -0.980002329811065 0 0 0 1 0 0 0 0 0 0
-2.7734286785125732 -0.7692093849182129 26.12936782836914 0.5161538138963709 -0.8564959079880244 0 0 0 1 0 0 0 0 0 0
-3.039402723312378 -1.1139740943908691 26.61007308959961 0.9594454122215484 -0.2818944855207761 0 0 0 1 0 0 0 0 0 0
-3.0021846294403076 -1.5478196144104004 27.090778350830078 0.8974138365368564 0.44118976188506487 0 0 0 1 0 0 0 0 0 0
-2.6813743114471436 -1.8422417640686035 27.571483612060547 0.36273537103565984 0.9318921882919837 0 0 0 1 0 0 0 0 0 0
-2.245936155319214 -1.8421807289123535 28.052196502685547 -0.36299846232046373 0.9317897382741339 0 0 0 1 0 0 0 0 0 0
-1.925209879875183 -1.5476670265197754 28.532901763916016 -0.8975399251048433 0.4409331954421128 0 0 0 1 0 0 0 0 0 0
-1.8881138563156128 -1.113813877105713 29.013607025146484 -0.9593693147123807 -0.28215335898815214 0 0 0 1 0 0 0 0 0 0
-2.1541850566864014 -0.7691216468811035 29.494319915771484 -0.5159123562140588 -0.8566413722822742 0 0 0 1 0 0 0 0 0 0
-2.5832908153533936 -0.6951394081115723 29.975025177001953 0.19926094251619697 -0.9799464662865808 0 0 0 1 0 0 0 0 0 0
-2.9494292736053467 -0.9308266639709473 30.455730438232422 0.8094879286684037 -0.5871365201894168 0 0 0 1 0 0 0 0 0 0
-3.0578277111053467 -1.3670907020568848 30.84549331665039 0.9901547702152433 0.13997689459335394 0 0 0 1 0 0 0 0 0 0
-2.8492648601531982 -1.7428536415100098 31.332698822021484 0.6425485196127514 0.7662449999467934 0 0 0 1 0 0 0 0 0 0
-2.4429099559783936 -1.8827462196350098 31.819904327392578 -0.034708236071715755 0.9993974876638375 0 0 0 1 0 0 0 0 0 0
-2.047236204147339 -1.714998722076416 32.30710220336914 -0.6941606939064271 0.7198200685138944 0 0 0 1 0 0 0 0 0 0
-1.8652466535568237 -1.3256707191467285 32.794307708740234 -0.997480435853466 0.07094208968996808 0 0 0 1 0 0 0 0 0 0
-1.990305781364441 -0.9145073890686035 33.28151321411133 -0.789046294078551 -0.614333741382406 0 0 0 1 0 0 0 0 0 0
-2.3582541942596436 -0.6924500465393066 33.76871871948242 -0.17580112311647442 -0.984425703195008 0 0 0 1 0 0 0 0 0 0
-2.780319929122925 -0.7734284400939941 34.255916595458984 0.5276410055317263 -0.8494674621676036 0 0 0 1 0 0 0 0 0 0
-3.039961576461792 -1.115889072418213 34.74312210083008 0.9603789263476188 -0.2786975382514075 0 0 0 1 0 0 0 0 0 0
-3.0039756298065186 -1.544142246246338 35.23032760620117 0.9004037481875277 0.43505527263768595 0 0 0 1 0 0 0 0 0 0
-2.690819501876831 -1.838472843170166 35.717533111572266 0.3784733816755577 0.9256121754617684 0 0 0 1 0 0 0 0 0 0
-2.2611606121063232 -1.8478760719299316 36.20473098754883 -0.33762467789438966 0.9412808172255023 0 0 0 1 0 0 0 0 0 0
-1.9354313611984253 -1.5675263404846191 36.69193649291992 -0.8805068651160277 0.4740333959580751 0 0 0 1 0 0 0 0 0 0
-1.8807438611984253 -1.1412568092346191 37.179141998291016 -0.9716504496549981 -0.2364220879808823 0 0 0 1 0 0 0 0 0 0
-2.125155210494995 -0.7877640724182129 37.66634750366211 -0.564301146186687 -0.8255690258315119 0 0 0 1 0 0 0 0 0 0
-2.5432746410369873 -0.6884026527404785 38.15354537963867 0.13256681131212047 -0.9911740717646605 0 0 0 1 0 0 0 0 0 0
-2.9205844402313232 -0.8941483497619629 38.640750885009766 0.761415307811716 -0.6482643974721964 0 0 0 1 0 0 0 0 0 0
-3.063511610031128 -1.2994484901428223 39.12795639038086 0.9996291899209417 0.02723017917682192 0 0 0 1 0 0 0 0 0 0
-2.898726224899292 -1.696363925933838 39.61516189575195 0.7249890688457461 0.6887603720120504 0 0 0 1 0 0 0 0 0 0
-2.5107715129852295 -1.8812623023986816 40.102359771728516 0.07839731954830684 0.9969221936980042 0 0 0 1 0 0 0 0 0 0
-2.0986850261688232 -1.7592759132385254 40.58956527709961 -0.6084181175764412 0.793616654440127 0 0 0 1 0 0 0 0 0 0
-1.893879771232605 -1.4708962440490723 40.97932815551758 -0.9497581827086736 0.31298465517963914 0 0 0 1 0 0 0 0 0 0
-1.9275845289230347 -1.0137696266174316 41.486019134521484 -0.8935818070387873 -0.44890038330268267 0 0 0 1 0 0 0 0 0 0
-2.274193525314331 -0.7138314247131348 41.99271011352539 -0.31590125465885577 -0.9487920727456364 0 0 0 1 0 0 0 0 0 0
-2.7314231395721436 -0.7461304664611816 42.4994010925293 0.4461496558211162 -0.8949583703227205 0 0 0 1 0 0 0 0 0 0
-3.032423734664917 -1.0918183326721191 43.006099700927734 0.9478152724802131 -0.3188200264306796 0 0 0 1 0 0 0 0 0 0
-3.001530408859253 -1.5491433143615723 43.51279067993164 0.8963275229073436 0.4433925706174895 0 0 0 1 0 0 0 0 0 0
-2.656771421432495 -1.8512063026428223 44.01948165893555 0.32173075139932383 0.9468312012201683 0 0 0 1 0 0 0 0 0 0
-2.1993510723114014 -1.821718692779541 44.52617263793945 -0.4406403144545655 0.8976837490326879 0 0 0 1 0 0 0 0 0 0
-1.8962315320968628 -1.477888584136963 45.03286361694336 -0.9458404312099601 0.32463191261574537 0 0 0 1 0 0 0 0 0 0
-1.9243134260177612 -1.0203804969787598 45.539554595947266 -0.8990326133169813 -0.4378816737343997 0 0 0 1 0 0 0 0 0 0
-2.2672107219696045 -0.7162041664123535 46.04624557495117 -0.3275348020758103 -0.9448391151032856 0 0 0 1 0 0 0 0 0 0
-2.7248008251190186 -0.7428803443908691 46.55293655395508 0.4351095422888983 -0.9003775242692063 0 0 0 1 0 0 0 0 0 0
-3.0300300121307373 -1.084841251373291 47.059627532958984 0.9438258170811075 -0.3304433794331183 0 0 0 1 0 0 0 0 0 0
-3.0047595500946045 -1.542513370513916 47.56631851196289 0.901710658306888 0.43234001514520765 0 0 0 1 0 0 0 0 0 0
-2.663738965988159 -1.8487915992736816 48.0730094909668 0.3333403291936895 0.9428065681427144 0 0 0 1 0 0 0 0 0 0
-2.2059924602508545 -1.8249268531799316 48.579708099365234 -0.4295707597798858 0.9030332011294665 0 0 0 1 0 0 0 0 0 0
-1.8986691236495972 -1.4848504066467285 49.08639907836914 -0.941775247167701 0.33624304278633915 0 0 0 1 0 0 0 0 0 0
-1.9211243391036987 -1.0270333290100098 49.59309005737305 -0.904352527644656 -0.4267862529917309 0 0 0 1 0 0 0 0 0 0
-2.26025652885437 -0.7186646461486816 50.09978103637695 -0.3391274626066079 -0.940740433969968 0 0 0 1 0 0 0 0 0 0
-2.7181403636932373 -0.7397141456604004 50.60647201538086 0.42401069578064177 -0.9056571812024767 0 0 0 1 0 0 0 0 0 0
-3.027550458908081 -1.077894687652588 51.113162994384766 0.93969248736894 -0.3420205098855549 0 0 0 1 0 0 0 0 0 0
-3.0571811199188232 -1.3715424537658691 51.502925872802734 0.9890779833848764 0.14739315717938326 0 0 0 1 0 0 0 0 0 0
-2.8466708660125732 -1.7450165748596191 51.970638275146484 0.6382256852001693 0.7698493195104963 0 0 0 1 0 0 0 0 0 0
-2.4406535625457764 -1.882662296295166 52.438358306884766 -0.03846673145270988 0.9992598813979 0 0 0 1 0 0 0 0 0 0
-2.046421766281128 -1.7142090797424316 52.906070709228516 -0.6955243998441972 0.7185024768373239 0 0 0 1 0 0 0 0 0 0
-1.865244746208191 -1.3256592750549316 53.3737907409668 -0.9974820234915233 0.07091976319233018 0 0 0 1 0 0 0 0 0 0
-1.9896248579025269 -0.9153847694396973 53.84150314331055 -0.7901850722811404 -0.6128682986939761 0 0 0 1 0 0 0 0 0 0
-2.3560588359832764 -0.6928467750549316 54.3092155456543 -0.17945904844668276 -0.9837654445703056 0 0 0 1 0 0 0 0 0 0
-2.7774665355682373 -0.7716660499572754 54.77693557739258 0.5228865457088915 -0.8524022878410308 0 0 0 1 0 0 0 0 0 0
-3.03869891166687 -1.1115975379943848 55.24464797973633 0.9582759535668951 -0.2858447075169627 0 0 0 1 0 0 0 0 0 0
-3.0063865184783936 -1.5390915870666504 55.71236801147461 0.9044211370609754 0.42664084056420604 0 0 0 1 0 0 0 0 0 0
-2.697026014328003 -1.8358941078186035 56.18008041381836 0.38882179202605593 0.9213129837604843 0 0 0 1 0 0 0 0 0 0
-2.2685611248016357 -1.8504738807678223 56.64780044555664 -0.32528953614447653 0.9456144656650041 0 0 0 1 0 0 0 0 0 0
-1.9397400617599487 -1.5753884315490723 57.11551284790039 -0.8733252853288208 0.4871375021545082 0 0 0 1 0 0 0 0 0 0
-1.8784416913986206 -1.1510796546936035 57.58322525024414 -0.9754904162970507 -0.2200419226252282 0 0 0 1 0 0 0 0 0 0
-2.115961790084839 -0.7941765785217285 58.05093765258789 -0.5796206528679151 -0.8148864330500121 0 0 0 1 0 0 0 0 0 0
-2.5310351848602295 -0.686892032623291 58.51865005493164 0.11216827975042416 -0.9936892255719746 0 0 0 1 0 0 0 0 0 0
-2.9117496013641357 -0.884005069732666 58.98637771606445 0.7466920622257752 -0.6651698762038303 0 0 0 1 0 0 0 0 0 0
-3.0637309551239014 -1.2848763465881348 59.4540901184082 0.9999956464306186 0.0029507829146822027 0 0 0 1 0 0 0 0 0 0
-2.909388303756714 -1.6848435401916504 59.92180252075195 0.7427577776997178 0.6695602166098105 0 0 0 1 0 0 0 0 0 0
-2.527519941329956 -1.8797059059143066 60.3895149230957 0.10631206644724037 0.9943328137639418 0 0 0 1 0 0 0 0 0 0
-2.1130855083465576 -1.7699799537658691 60.85722732543945 -0.5844134893536541 0.8114560206576118 0 0 0 1 0 0 0 0 0 0
-1.899748682975769 -1.4878525733947754 61.24699783325195 -0.9399737492444086 0.3412467592980331 0 0 0 1 0 0 0 0 0 0
-1.9034966230392456 -1.0683236122131348 61.734195709228516 -0.9337309158454142 -0.3579756650870055 0 0 0 1 0 0 0 0 0 0
-2.1811683177948 -0.7538094520568848 62.22140884399414 -0.4709431332308761 -0.882163570582398 0 0 0 1 0 0 0 0 0 0
-2.596998929977417 -0.698091983795166 62.7086067199707 0.22210455809589946 -0.9750228537183245 0 0 0 1 0 0 0 0 0 0
-2.9476706981658936 -0.9284157752990723 63.195804595947266 0.8065594171202879 -0.5911530315024879 0 0 0 1 0 0 0 0 0 0
-3.0617263317108154 -1.3321633338928223 63.68301773071289 0.9966522102834149 0.0817580071747344 0 0 0 1 0 0 0 0 0 0
-2.883396863937378 -1.7119240760803223 64.17021179199219 0.6994362235566549 0.7146950182957799 0 0 0 1 0 0 0 0 0 0
-2.4998748302459717 -1.8820176124572754 64.65742492675781 0.0602330374364212 0.9981843422941389 0 0 0 1 0 0 0 0 0 0
-2.0986850261688232 -1.7592759132385254 65.14462280273438 -0.6084181175764412 0.793616654440127 0 0 0 1 0 0 0 0 0 0
-1.893879771232605 -1.4708962440490723 65.53437805175781 -0.9497581827086736 0.31298465517963914 0 0 0 1 0 0 0 0 0 0
-1.907175898551941 -1.0589585304260254 65.98411560058594 -0.9275973733611328 -0.37358146759914 0 0 0 1 0 0 0 0 0 0
-2.183090925216675 -0.7527871131896973 66.433837890625 -0.46773873413898864 -0.8838667753604367 0 0 0 1 0 0 0 0 0 0
-2.5914313793182373 -0.6968522071838379 66.88356018066406 0.21282648825599404 -0.977090009106951 0 0 0 1 0 0 0 0 0 0
-2.93951678276062 -0.9175515174865723 67.33329772949219 0.7929683779404536 -0.6092627935353399 0 0 0 1 0 0 0 0 0 0
-3.0630977153778076 -1.3107399940490723 67.78302001953125 0.9989388226895248 0.046056796715211505 0 0 0 1 0 0 0 0 0 0
-2.9038608074188232 -1.6908936500549316 68.23274230957031 0.7335427059927657 0.679643361245301 0 0 0 1 0 0 0 0 0 0
-2.5369460582733154 -1.8786225318908691 68.68246459960938 0.12201976734575841 0.9925276703331183 0 0 0 1 0 0 0 0 0 0
-2.135483503341675 -1.785353183746338 69.1322021484375 -0.5470830915588114 0.8370783063312853 0 0 0 1 0 0 0 0 0 0
-1.8889111280441284 -1.455091953277588 69.58192443847656 -0.9580381401683103 0.28664075422529317 0 0 0 1 0 0 0 0 0 0
-1.9135769605636597 -1.0436768531799316 70.03164672851562 -0.9169288496453946 -0.3990507294667855 0 0 0 1 0 0 0 0 0 0
-2.197840452194214 -0.745241641998291 70.48136901855469 -0.44315644270037646 -0.896444291237971 0 0 0 1 0 0 0 0 0 0
-2.607569456100464 -0.7006020545959473 70.93110656738281 0.2397257235175389 -0.9708406550428307 0 0 0 1 0 0 0 0 0 0
-2.9494292736053467 -0.9308266639709473 71.38082885742188 0.8094879286684037 -0.5871365201894168 0 0 0 1 0 0 0 0 0 0
-3.0578277111053467 -1.3670907020568848 71.77058410644531 0.9901547702152433 0.13997689459335394 0 0 0 1 0 0 0 0 0 0
0.3260776400566101 -2.4100518226623535 71.77058410644531 -0.96907800762956 -0.24675456455498912 0 0 0 -1 0 0 0 0 0 0
0.26573485136032104 -2.855513095855713 71.38082885742188 -0.8685074657436418 0.4956760857127938 0 0 0 -1 0 0 0 0 0 0
0.0029804015066474676 -3.0996384620666504 70.99105834960938 -0.43058130721883464 0.9025517923497354 0 0 0 -1 0 0 0 0 0 0
-0.3520877957344055 -3.150259494781494 70.60130310058594 0.1611995879089472 0.9869218271261335 0 0 0 -1 0 0 0 0 0 0
-0.6725967526435852 -2.9892945289611816 70.21153259277344 0.6953790947667164 0.7186431065288401 0 0 0 -1 0 0 0 0 0 0
-0.8440216183662415 -2.6742539405822754 69.82177734375 0.9810838005012658 0.19358351271219518 0 0 0 -1 0 0 0 0 0 0
-0.805105984210968 -2.317709445953369 69.4320068359375 0.9162246582660095 -0.40066491683866484 0 0 0 -1 0 0 0 0 0 0
-0.5697563290596008 -2.0470681190490723 69.04225158691406 0.5239769169654086 -0.8517324641502313 0 0 0 -1 0 0 0 0 0 0
-0.22206957638263702 -1.9590325355529785 68.65248107910156 -0.055498604127603685 -0.998458764766922 0 0 0 -1 0 0 0 0 0 0
0.1137191578745842 -2.0850586891174316 68.26272583007812 -0.6151442398587342 -0.7884145890130522 0 0 0 -1 0 0 0 0 0 0
0.3176223635673523 -2.380117893218994 67.87295532226562 -0.9549866762635689 -0.2966486948548091 0 0 0 -1 0 0 0 0 0 0
0.3167831301689148 -2.7387757301330566 67.48320007324219 -0.9535882632844045 0.3011136398873911 0 0 0 -1 0 0 0 0 0 0
0.11149900406599045 -3.0328774452209473 67.09342956542969 -0.6114484590360697 0.7912842611491876 0 0 0 -1 0 0 0 0 0 0
-0.2248752862215042 -3.157331943511963 66.70367431640625 -0.05082509818540314 0.998707569508935 0 0 0 -1 0 0 0 0 0 0
-0.5721462368965149 -3.0676674842834473 66.31390380859375 0.5279622263726204 0.8492678538150762 0 0 0 -1 0 0 0 0 0 0
-0.806225597858429 -2.7959275245666504 65.92414855957031 0.9180910744330909 0.39636949812806344 0 0 0 -1 0 0 0 0 0 0
-0.8434703946113586 -2.4392075538635254 65.53437805175781 0.9801692370622764 -0.19816222323327695 0 0 0 -1 0 0 0 0 0 0
-0.6743019223213196 -2.1285767555236816 65.14462280273438 0.6982189022252391 -0.7158843234597206 0 0 0 -1 0 0 0 0 0 0
-0.375418484210968 -1.9702401161193848 64.75485229492188 0.20008025064543156 -0.9797795125953906 0 0 0 -1 0 0 0 0 0 0
-0.038384269922971725 -1.9987168312072754 64.36509704589844 -0.3616458958718579 -0.9323155292062023 0 0 0 -1 0 0 0 0 0 0
0.22969548404216766 -2.2049622535705566 63.9753303527832 -0.8084424476919363 -0.5885752362866372 0 0 0 -1 0 0 0 0 0 0
0.3436271548271179 -2.523428440093994 63.585575103759766 -0.998327960299126 -0.05780383797799858 0 0 0 -1 0 0 0 0 0 0
0.2672073245048523 -2.852919101715088 63.195804595947266 -0.8709600074626138 0.49135391053773386 0 0 0 -1 0 0 0 0 0 0
0.024720361456274986 -3.0887207984924316 62.80604934692383 -0.4668156708294695 0.8843546401009225 0 0 0 -1 0 0 0 0 0 0
-0.30677682161331177 -3.1559014320373535 62.41627883911133 0.08567942627954588 0.9963227568977875 0 0 0 -1 0 0 0 0 0 0
-0.6219356656074524 -3.0331101417541504 62.02652359008789 0.6109422129585944 0.7916751937665191 0 0 0 -1 0 0 0 0 0 0
-0.8206050992012024 -2.759371280670166 61.63675308227539 0.94206246464602 0.33543749448305005 0 0 0 -1 0 0 0 0 0 0
-0.839651882648468 -2.421675205230713 61.24699783325195 0.9738037896202347 -0.22738992792397283 0 0 0 -1 0 0 0 0 0 0
-0.6612709164619446 -2.116243839263916 60.85722732543945 0.6765036184621784 -0.7364393078914102 0 0 0 -1 0 0 0 0 0 0
-0.3423526883125305 -1.9644455909729004 60.467472076416016 0.14497037550448025 -0.9894359960230322 0 0 0 -1 0 0 0 0 0 0
0.006707360502332449 -2.0183701515197754 60.077701568603516 -0.43679399789203194 -0.8995615617652276 0 0 0 -1 0 0 0 0 0 0
0.2649509310722351 -2.259329319000244 59.68794631958008 -0.8671993618129199 -0.49796110979800834 0 0 0 -1 0 0 0 0 0 0
0.34288519620895386 -2.6038269996643066 59.29817581176758 -0.9970922143547674 0.07620443604611755 0 0 0 -1 0 0 0 0 0 0
0.21350781619548798 -2.932478427886963 58.90842056274414 -0.7814639159324911 0.6239504372107262 0 0 0 -1 0 0 0 0 0 0
-0.07835275679826736 -3.131399631500244 58.51865005493164 -0.2950266922438785 0.9554890113777531 0 0 0 -1 0 0 0 0 0 0
-0.4315536618232727 -3.131655216217041 58.1288948059082 0.29364430362221255 0.9559147571568428 0 0 0 -1 0 0 0 0 0 0
-0.7237022519111633 -2.9331612586975098 57.7391242980957 0.7805512745383205 0.6250917595174355 0 0 0 -1 0 0 0 0 0 0
-0.853558361530304 -2.604696750640869 57.349369049072266 0.9969805723213783 0.07765139028850168 0 0 0 -1 0 0 0 0 0 0
-0.7761238217353821 -2.2600884437561035 56.959598541259766 0.8679239773674285 -0.49669706009871195 0 0 0 -1 0 0 0 0 0 0
-0.518231213092804 -2.018751621246338 56.56984329223633 0.43810252612483686 -0.898925011668402 0 0 0 -1 0 0 0 0 0 0
-0.16924937069416046 -1.9643197059631348 56.18008041381836 -0.14353370491647102 -0.989645429208336 0 0 0 -1 0 0 0 0 0 0
0.14988820254802704 -2.115652561187744 55.79031753540039 -0.6754268368217458 -0.7374270052696542 0 0 0 -1 0 0 0 0 0 0
0.3285934329032898 -2.420309543609619 55.40055465698242 -0.9732695311176747 -0.22966588731890872 0 0 0 -1 0 0 0 0 0 0
0.30493468046188354 -2.772718906402588 55.01079177856445 -0.933842084140272 0.35768556287408815 0 0 0 -1 0 0 0 0 0 0
0.08711355179548264 -3.0507569313049316 54.621028900146484 -0.5708057476877372 0.8210851346886288 0 0 0 -1 0 0 0 0 0 0
-0.24938853085041046 -3.1580758094787598 54.231266021728516 -0.009968717128504242 0.9999503111049127 0 0 0 -1 0 0 0 0 0 0
-0.587963879108429 -3.0574898719787598 53.84150314331055 0.5543208300327281 0.8323030802489122 0 0 0 -1 0 0 0 0 0 0
-0.8112838864326477 -2.783846378326416 53.45174026489258 0.9265257396656812 0.3762313832430284 0 0 0 -1 0 0 0 0 0 0
-0.8419635891914368 -2.4319825172424316 53.06197738647461 0.9776581053230353 -0.21020140127071663 0 0 0 -1 0 0 0 0 0 0
-0.6693695187568665 -2.1238198280334473 52.67221450805664 0.6899966076690067 -0.7238126010268562 0 0 0 -1 0 0 0 0 0 0
-0.35331231355667114 -1.9661545753479004 52.28245162963867 0.16323991701060364 -0.9865864024475358 0 0 0 -1 0 0 0 0 0 0
-0.0033138489816337824 -2.0136170387268066 51.8926887512207 -0.42009278296798636 -0.9074811588667901 0 0 0 -1 0 0 0 0 0 0
0.25933951139450073 -2.2497658729553223 51.502925872802734 -0.8578510984816883 -0.5138983292770669 0 0 0 -1 0 0 0 0 0 0
0.34362906217575073 -2.5927605628967285 51.113162994384766 -0.99833056784561 0.05775878552273709 0 0 0 -1 0 0 0 0 0 0
0.2203475683927536 -2.923750400543213 50.7234001159668 -0.7928583293577787 0.609405997318694 0 0 0 -1 0 0 0 0 0 0
-0.06778604537248611 -3.1280312538146973 50.33363723754883 -0.3126374582361619 0.9498725281360819 0 0 0 -1 0 0 0 0 0 0
-0.42092210054397583 -3.1348137855529785 49.94387435913086 0.27592046938124926 0.961180469306587 0 0 0 -1 0 0 0 0 0 0
-0.7166889309883118 -2.9417519569396973 49.55411148071289 0.7688646453435841 0.639411571009381 0 0 0 -1 0 0 0 0 0 0
-0.8525951504707336 -2.615744113922119 49.16434860229492 0.9953752755347314 0.09606279641025249 0 0 0 -1 0 0 0 0 0 0
-0.7815425992012024 -2.2697625160217285 48.77458572387695 0.876954429796073 -0.48057354074173125 0 0 0 -1 0 0 0 0 0 0
-0.5281551480293274 -2.023703098297119 48.384822845458984 0.4546390238969973 -0.8906757872256242 0 0 0 -1 0 0 0 0 0 0
-0.1802395135164261 -1.9628281593322754 47.995059967041016 -0.12521667773043746 -0.9921294187847428 0 0 0 -1 0 0 0 0 0 0
0.1416427344083786 -2.108236789703369 47.60529708862305 -0.6616822936432969 -0.7497843305104114 0 0 0 -1 0 0 0 0 0 0
0.3260776400566101 -2.4100518226623535 47.21553421020508 -0.96907800762956 -0.24675456455498912 0 0 0 -1 0 0 0 0 0 0
0.3013126254081726 -2.7819466590881348 46.82577133178711 -0.9278043174805085 0.37306721708631524 0 0 0 -1 0 0 0 0 0 0
0.06173436716198921 -3.067465305328369 46.43600845336914 -0.5285055084420879 0.8489298719837641 0 0 0 -1 0 0 0 0 0 0
-0.30020982027053833 -3.1564278602600098 46.04624557495117 0.07473499976273958 0.9972034295019563 0 0 0 -1 0 0 0 0 0 0
-0.6448505520820618 -3.014509677886963 45.6564826965332 0.6491335967564009 0.7606744202101833 0 0 0 -1 0 0 0 0 0 0
-0.8391979336738586 -2.696474552154541 45.266719818115234 0.9730465739925024 0.2306086833609129 0 0 0 -1 0 0 0 0 0 0
-0.8082550168037415 -2.325045108795166 44.876956939697266 0.9214749998136603 -0.38843767160049597 0 0 0 -1 0 0 0 0 0 0
-0.5639618039131165 -2.0435471534729004 44.4871940612793 0.5143208498846239 -0.8575978447815492 0 0 0 -1 0 0 0 0 0 0
-0.20058901607990265 -1.9606118202209473 44.09743118286133 -0.09129998980163023 -0.9958234340796676 0 0 0 -1 0 0 0 0 0 0
0.1416446417570114 -2.1082406044006348 43.70766830444336 -0.6616878599354892 -0.7497794182384525 0 0 0 -1 0 0 0 0 0 0
0.33024710416793823 -2.4275193214416504 43.31790542602539 -0.9760292002044973 -0.21763961116526861 0 0 0 -1 0 0 0 0 0 0
0.30315321683883667 -2.777315616607666 42.92814254760742 -0.9308712500810099 0.36534739053757825 0 0 0 -1 0 0 0 0 0 0
0.08508413285017014 -3.0521645545959473 42.53837966918945 -0.5674198690288248 0.8234286199976967 0 0 0 -1 0 0 0 0 0 0
-0.2493942528963089 -3.1580758094787598 42.148616790771484 -0.009957498476868278 0.9999504228830961 0 0 0 -1 0 0 0 0 0 0
-0.5859172940254211 -3.0588440895080566 41.758853912353516 0.5509181715328664 0.8345592658852237 0 0 0 -1 0 0 0 0 0 0
-0.8094146847724915 -2.7883973121643066 41.36909103393555 0.9234100139633648 0.3838149894313386 0 0 0 -1 0 0 0 0 0 0
-0.8434703946113586 -2.4392075538635254 40.97932815551758 0.9801692370622764 -0.19816222323327695 0 0 0 -1 0 0 0 0 0 0
-0.6743019223213196 -2.1285767555236816 40.58956527709961 0.6982189022252391 -0.7158843234597206 0 0 0 -1 0 0 0 0 0 0
-0.375418484210968 -1.9702401161193848 40.19980239868164 0.20008025064543156 -0.9797795125953906 0 0 0 -1 0 0 0 0 0 0
-0.038384269922971725 -1.9987168312072754 39.81003952026367 -0.3616458958718579 -0.9323155292062023 0 0 0 -1 0 0 0 0 0 0
0.22969548404216766 -2.2049622535705566 39.4202766418457 -0.8084424476919363 -0.5885752362866372 0 0 0 -1 0 0 0 0 0 0
0.3436271548271179 -2.523428440093994 39.030513763427734 -0.998327960299126 -0.05780383797799858 0 0 0 -1 0 0 0 0 0 0
0.2672073245048523 -2.852919101715088 38.640750885009766 -0.8709600074626138 0.49135391053773386 0 0 0 -1 0 0 0 0 0 0
0.024720361456274986 -3.0887207984924316 38.2509880065918 -0.4668156708294695 0.8843546401009225 0 0 0 -1 0 0 0 0 0 0
-0.30677682161331177 -3.1559014320373535 37.86122512817383 0.08567942627954588 0.9963227568977875 0 0 0 -1 0 0 0 0 0 0
-0.6219356656074524 -3.0331101417541504 37.47146224975586 0.6109422129585944 0.7916751937665191 0 0 0 -1 0 0 0 0 0 0
-0.8206050992012024 -2.759371280670166 37.08169937133789 0.94206246464602 0.33543749448305005 0 0 0 -1 0 0 0 0 0 0
-0.839651882648468 -2.421675205230713 36.69193649291992 0.9738037896202347 -0.22738992792397283 0 0 0 -1 0 0 0 0 0 0
-0.6612709164619446 -2.116243839263916 36.30217361450195 0.6765036184621784 -0.7364393078914102 0 0 0 -1 0 0 0 0 0 0
-0.33442193269729614 -1.9633393287658691 35.912410736083984 0.13175289148273317 -0.9912825911847435 0 0 0 -1 0 0 0 0 0 0
0.021020105108618736 -2.025557041168213 35.522647857666016 -0.4606533172782155 -0.8875801492150306 0 0 0 -1 0 0 0 0 0 0
0.27649229764938354 -2.280397891998291 35.13288497924805 -0.8864377670018045 -0.4628477992092591 0 0 0 -1 0 0 0 0 0 0
0.3395931124687195 -2.6356873512268066 34.74312210083008 -0.9916045716154883 0.1293072834424404 0 0 0 -1 0 0 0 0 0 0
0.18749921023845673 -2.962912082672119 34.35335922241211 -0.7381157996783014 0.67467404445796 0 0 0 -1 0 0 0 0 0 0
-0.12477952986955643 -3.1437249183654785 33.96359634399414 -0.21764913458386745 0.9760270765787668 0 0 0 -1 0 0 0 0 0 0
-0.48429185152053833 -3.1127190589904785 33.57383346557617 0.38153574091885734 0.924354087134091 0 0 0 -1 0 0 0 0 0 0
-0.7610042691230774 -2.8811135292053223 33.1840705871582 0.8427246798891759 0.5383447909153445 0 0 0 -1 0 0 0 0 0 0
-0.8548305630683899 -2.5326790809631348 32.794307708740234 0.9991017020991444 -0.04237674908003985 0 0 0 -1 0 0 0 0 0 0
-0.731833279132843 -2.193441867828369 32.404544830322266 0.7941106390301844 -0.6077732249606529 0 0 0 -1 0 0 0 0 0 0
-0.43650132417678833 -1.9861016273498535 32.0147819519043 0.3018849065391072 -0.9533443780732512 0 0 0 -1 0 0 0 0 0 0
-0.07565576583147049 -1.9856553077697754 31.625019073486328 -0.2995211437230966 -0.954089662695707 0 0 0 -1 0 0 0 0 0 0
0.22018925845623016 -2.1922593116760254 31.23525619506836 -0.7925977077127393 -0.6097449251355122 0 0 0 -1 0 0 0 0 0 0
0.34402579069137573 -2.531191349029541 30.84549331665039 -0.9989934417517755 -0.04485647486084835 0 0 0 -1 0 0 0 0 0 0
0.2510635256767273 -2.8798584938049316 30.455730438232422 -0.8440592709379828 0.5362498924416125 0 0 0 -1 0 0 0 0 0 0
-0.02507288195192814 -3.1121506690979004 30.065967559814453 -0.3838265585503698 0.9234052051788422 0 0 0 -1 0 0 0 0 0 0
-0.3845070004463196 -3.144045352935791 29.676204681396484 0.21522776740412045 0.9765638781658054 0 0 0 -1 0 0 0 0 0 0
-0.6972339749336243 -2.964010715484619 29.286441802978516 0.7364393078914102 0.6765036184621784 0 0 0 -1 0 0 0 0 0 0
-0.8501384854316711 -2.637159824371338 28.896678924560547 0.9912825911847435 0.13175289148273317 0 0 0 -1 0 0 0 0 0 0
-0.7879188656806946 -2.2817177772521973 28.506916046142578 0.8875824496131136 -0.460648884877392 0 0 0 -1 0 0 0 0 0 0
-0.5330780148506165 -2.0262436866760254 28.11715316772461 0.46284781044778056 -0.8864377611336823 0 0 0 -1 0 0 0 0 0 0
-0.17779047787189484 -1.9631447792053223 27.72739028930664 -0.12930249025501367 -0.9916051966452436 0 0 0 -1 0 0 0 0 0 0
0.14943616092205048 -2.1152405738830566 27.337627410888672 -0.6746768152481061 -0.7381132670306592 0 0 0 -1 0 0 0 0 0 0
0.33024710416793823 -2.4275193214416504 26.947864532470703 -0.9760292002044973 -0.21763961116526861 0 0 0 -1 0 0 0 0 0 0
0.30844610929489136 -2.763319492340088 26.558101654052734 -0.9396924905731759 0.3420205010819986 0 0 0 -1 0 0 0 0 0 0
0.11087530106306076 -3.033358097076416 26.168338775634766 -0.6104072722483067 0.7920877236685223 0 0 0 -1 0 0 0 0 0 0
-0.20059283077716827 -3.155600070953369 25.778575897216797 -0.09129544675562022 0.9958238505888938 0 0 0 -1 0 0 0 0 0 0
-0.529095470905304 -3.092031955718994 25.388813018798828 0.456206968016554 0.8898737002143297 0 0 0 -1 0 0 0 0 0 0
-0.772473156452179 -2.8624138832092285 24.99905014038086 0.861842482039888 0.507176040592737 0 0 0 -1 0 0 0 0 0 0
-0.8550384640693665 -2.5381646156311035 24.60928726196289 0.9994476431405196 -0.03323264390415603 0 0 0 -1 0 0 0 0 0 0
-0.7511127591133118 -2.220114231109619 24.219524383544922 0.8262401605713053 -0.5633180247951454 0 0 0 -1 0 0 0 0 0 0
-0.4930179715156555 -2.0071778297424316 23.829761505126953 0.39608137378236746 -0.9182154133658792 0 0 0 -1 0 0 0 0 0 0
-0.1610172539949417 -1.9655709266662598 23.439998626708984 -0.1572553131814743 -0.9875579813237277 0 0 0 -1 0 0 0 0 0 0
0.1416427344083786 -2.108236789703369 23.050235748291016 -0.6616822936432969 -0.7497843305104114 0 0 0 -1 0 0 0 0 0 0
0.3260776400566101 -2.4100518226623535 22.660472869873047 -0.96907800762956 -0.24675456455498912 0 0 0 -1 0 0 0 0 0 0
0.3041049838066101 -2.774874210357666 22.270709991455078 -0.9324555958991187 0.3612845992793205 0 0 0 -1 0 0 0 0 0 0
0.07454221695661545 -3.0592637062072754 21.88094711303711 -0.5498503641651978 0.8352631783021439 0 0 0 -1 0 0 0 0 0 0
-0.27743226289749146 -3.1577019691467285 21.49118423461914 0.03677242715153413 0.999323665586573 0 0 0 -1 0 0 0 0 0 0
-0.6212223172187805 -3.033663272857666 21.101421356201172 0.6097546792387537 0.7925902037916218 0 0 0 -1 0 0 0 0 0 0
-0.8292625546455383 -2.733168125152588 20.711658477783203 0.9564891652954273 0.2917678472218224 0 0 0 -1 0 0 0 0 0 0
-0.824362576007843 -2.367720127105713 20.321895599365234 0.948320279711541 -0.31731474451689834 0 0 0 -1 0 0 0 0 0 0
-0.6083400845527649 -2.0729126930236816 19.932132720947266 0.5882804320900655 -0.8086569935516084 0 0 0 -1 0 0 0 0 0 0
-0.26134949922561646 -1.9581360816955566 19.542369842529297 0.00996864911101473 -0.9999503117829912 0 0 0 -1 0 0 0 0 0 0
0.1416446417570114 -2.1082406044006348 19.152606964111328 -0.6616878599354892 -0.7497794182384525 0 0 0 -1 0 0 0 0 0 0
0.3260776400566101 -2.4100594520568848 18.76284408569336 -0.9690806904807467 -0.24674402796695855 0 0 0 -1 0 0 0 0 0 0
0.30844420194625854 -2.763327121734619 18.37308120727539 -0.9396882283299811 0.34203221125803573 0 0 0 -1 0 0 0 0 0 0
0.09487073868513107 -3.0452752113342285 17.983318328857422 -0.5837322169251614 0.8119462414000304 0 0 0 -1 0 0 0 0 0 0
-0.2404201775789261 -3.157919406890869 17.593555450439453 -0.024913421674786565 0.9996896125400395 0 0 0 -1 0 0 0 0 0 0
-0.5809066891670227 -3.062117099761963 17.203792572021484 0.5425607291390661 0.8400165803102253 0 0 0 -1 0 0 0 0 0 0
-0.8082588315010071 -2.791159152984619 16.814029693603516 0.9214798621087154 0.3884261367726207 0 0 0 -1 0 0 0 0 0 0
-0.8434703946113586 -2.4392075538635254 16.424266815185547 0.9801692370622764 -0.19816222323327695 0 0 0 -1 0 0 0 0 0 0
-0.6743019223213196 -2.1285767555236816 16.034503936767578 0.6982189022252391 -0.7158843234597206 0 0 0 -1 0 0 0 0 0 0
-0.4178646206855774 -1.9805283546447754 15.644740104675293 0.27082387956667925 -0.9626289140974589 0 0 0 -1 0 0 0 0 0 0
-0.07393915206193924 -1.9861969947814941 15.254977226257324 -0.3023838697109352 -0.9531862332926553 0 0 0 -1 0 0 0 0 0 0
0.21035687625408173 -2.179823398590088 14.865214347839355 -0.7762138547316736 -0.6304697072204155 0 0 0 -1 0 0 0 0 0 0
0.34159010648727417 -2.4977784156799316 14.475451469421387 -0.9949319413033101 -0.10055064482352533 0 0 0 -1 0 0 0 0 0 0
0.2766258120536804 -2.835562229156494 14.085688591003418 -0.8866560605140564 0.46242948689902325 0 0 0 -1 0 0 0 0 0 0
0.036818671971559525 -3.082155704498291 13.69592571258545 -0.48697698069697837 0.8734148042432386 0 0 0 -1 0 0 0 0 0 0
-0.29901963472366333 -3.156515598297119 13.30616283416748 0.07274916912631083 0.9973502686576222 0 0 0 -1 0 0 0 0 0 0
-0.6205127835273743 -3.0342049598693848 12.916399955749512 0.6085766287789042 0.7934951083050883 0 0 0 -1 0 0 0 0 0 0
-0.8219974637031555 -2.755423069000244 12.526637077331543 0.9443785219805594 0.32886046770904853 0 0 0 -1 0 0 0 0 0 0
-0.8372543454170227 -2.411787509918213 12.136874198913574 0.9698076297060841 -0.24387119830735837 0 0 0 -1 0 0 0 0 0 0
-0.6612709164619446 -2.116243839263916 11.747111320495605 0.6765036184621784 -0.7364393078914102 0 0 0 -1 0 0 0 0 0 0
-0.26134949922561646 -1.9581360816955566 11.357348442077637 0.00996864911101473 -0.9999503117829912 0 0 0 -1 0 0 0 0 0 0
0.07079046219587326 -2.0544991493225098 10.967585563659668 -0.5435994385207985 -0.8393447744758247 0 0 0 -1 0 0 0 0 0 0
0.2945682406425476 -2.3181748390197754 10.5778226852417 -0.9165616649883485 -0.39989337863208785 0 0 0 -1 0 0 0 0 0 0
0.3356429934501648 -2.661562442779541 10.18805980682373 -0.9850227513407093 0.17242441631387165 0 0 0 -1 0 0 0 0 0 0
0.1803676337003708 -2.9705796241760254 9.798296928405762 -0.7262285705323904 0.6874533172095985 0 0 0 -1 0 0 0 0 0 0
-0.11967355757951736 -3.142561435699463 9.408534049987793 -0.22616014484896615 0.974090133859231 0 0 0 -1 0 0 0 0 0 0
-0.46479493379592896 -3.1203713417053223 9.018771171569824 0.3490409253164041 0.9371074818046584 0 0 0 -1 0 0 0 0 0 0
-0.7403400540351868 -2.9113831520080566 8.629008293151855 0.8082812341835981 0.5887966087424754 0 0 0 -1 0 0 0 0 0 0
-0.8547657132148743 -2.585024356842041 8.239245414733887 0.998993452981437 0.04485622476563531 0 0 0 -1 0 0 0 0 0 0
-0.7700546383857727 -2.2497239112854004 7.849483013153076 0.8578060927087284 -0.5139734500066948 0 0 0 -1 0 0 0 0 0 0
-0.5143497586250305 -2.016878604888916 7.459720134735107 0.4316361271003894 -0.9020478112504772 0 0 0 -1 0 0 0 0 0 0
-0.17260630428791046 -1.9638428688049316 7.069957256317139 -0.13794047135633686 -0.9904405213651104 0 0 0 -1 0 0 0 0 0 0
0.1416427344083786 -2.108236789703369 6.68019437789917 -0.6616822936432969 -0.7497843305104114 0 0 0 -1 0 0 0 0 0 0
0.3260776400566101 -2.4100518226623535 6.290431499481201 -0.96907800762956 -0.24675456455498912 0 0 0 -1 0 0 0 0 0 0
0.30450934171676636 -2.773825168609619 5.900668621063232 -0.9331352240069336 0.3595255953580077 0 0 0 -1 0 0 0 0 0 0
0.07641523331403732 -3.058027744293213 5.510905742645264 -0.5529694525833224 0.8332015269487333 0 0 0 -1 0 0 0 0 0 0
-0.274069607257843 -3.1578164100646973 5.121142864227295 0.03116820060093563 0.9995141536122936 0 0 0 -1 0 0 0 0 0 0
-0.6176555752754211 -3.0363831520080566 4.731379985809326 0.6038114596550523 0.7971271675142149 0 0 0 -1 0 0 0 0 0 0
-0.8276012539863586 -2.738527774810791 4.341617107391357 0.9537190687598526 0.30069908194711786 0 0 0 -1 0 0 0 0 0 0
-0.8264625668525696 -2.3741135597229004 3.9518539905548096 0.9518204339941683 -0.3066559333049874 0 0 0 -1 0 0 0 0 0 0
-0.6146591305732727 -2.0775742530822754 3.562091112136841 0.5988181353507247 -0.8008850359290534 0 0 0 -1 0 0 0 0 0 0
-0.27032166719436646 -1.9582924842834473 3.172328233718872 0.0249187485643099 -0.9996894797735888 0 0 0 -1 0 0 0 0 0 0
0.07953184098005295 -2.0602707862854004 2.7825653553009033 -0.5581674234134215 -0.8297283455686096 0 0 0 -1 0 0 0 0 0 0
0.3058463931083679 -2.345888614654541 2.3928024768829346 -0.935358506300825 -0.35370109512226516 0 0 0 -1 0 0 0 0 0 0
0.32514113187789917 -2.709791660308838 2.003039598464966 -0.9675180692155245 0.25280187052603764 0 0 0 -1 0 0 0 0 0 0
0.13029591739177704 -3.0177407264709473 1.6132768392562866 -0.6427741350374406 0.7660557494901206 0 0 0 -1 0 0 0 0 0 0
-0.20681460201740265 -3.1561379432678223 1.2235139608383179 -0.08092266383585867 0.9967203832959917 0 0 0 -1 0 0 0 0 0 0
-0.5618351101875305 -3.073935031890869 0.8337510824203491 0.5107785207377964 0.8597123372110631 0 0 0 -1 0 0 0 0 0 0
-0.8038051724433899 -2.801455020904541 0.443988174200058 0.9140589066211299 0.4055814532576468 0 0 0 -1 0 0 0 0 0 0
-0.8434703946113586 -2.4392075538635254 0.05422531068325043 0.9801692370622764 -0.19816222323327695 0 0 0 -1 0 0 0 0 0 0
-0.6743019223213196 -2.1285767555236816 -0.3355375826358795 0.6982189022252391 -0.7158843234597206 0 0 0 -1 0 0 0 0 0 0
-0.3661697506904602 -1.968428134918213 -0.7253004312515259 0.1846651649813193 -0.9828014941189407 0 0 0 -1 0 0 0 0 0 0
-0.020920583978295326 -2.0058083534240723 -1.1150633096694946 -0.39074837483949465 -0.9204975326204268 0 0 0 -1 0 0 0 0 0 0
0.24579159915447235 -2.228201389312744 -1.5048261880874634 -0.8352674474555275 -0.5498438789521327 0 0 0 -1 0 0 0 0 0 0
0.34462279081344604 -2.561110019683838 -1.8945890665054321 -0.9999874800320175 0.005003976340394755 0 0 0 -1 0 0 0 0 0 0
0.24246518313884735 -2.8930115699768066 -2.2843520641326904 -0.8297213982162899 0.55817775066909 0 0 0 -1 0 0 0 0 0 0
-0.026459524407982826 -3.112722873687744 -2.674114942550659 -0.38151658187753934 0.9243619949740896 0 0 0 -1 0 0 0 0 0 0
-0.37206536531448364 -3.146650791168213 -3.063877820968628 0.19449332687019405 0.9809038412622126 0 0 0 -1 0 0 0 0 0 0
-0.678580105304718 -2.9834237098693848 -3.4536406993865967 0.7053487184373306 0.708860483733446 0 0 0 -1 0 0 0 0 0 0
-0.8433254361152649 -2.6777215003967285 -3.8434035778045654 0.9799258528105259 0.19936229080135376 0 0 0 -1 0 0 0 0 0 0
-0.8111160397529602 -2.3319497108459473 -4.233166217803955 0.9262432897165646 -0.3769262106235599 0 0 0 -1 0 0 0 0 0 0
-0.5927398800849915 -2.061941623687744 -4.622929096221924 0.5622891529782311 -0.8269406922162092 0 0 0 -1 0 0 0 0 0 0
-0.26134949922561646 -1.9581360816955566 -5.012691974639893 0.00996864911101473 -0.9999503117829912 0 0 0 -1 0 0 0 0 0 0
0.1416446417570114 -2.1082406044006348 -5.402454853057861 -0.6616878599354892 -0.7497794182384525 0 0 0 -1 0 0 0 0 0 0
0.3260776400566101 -2.410055637359619 -5.79221773147583 -0.96907800762956 -0.24675456455498912 0 0 0 -1 0 0 0 0 0 0
0.30844420194625854 -2.7633233070373535 -6.181980609893799 -0.9396918343404236 0.34202230405915074 0 0 0 -1 0 0 0 0 0 0
0.09487264603376389 -3.045271396636963 -6.571743488311768 -0.5837412329415861 0.8119397594426799 0 0 0 -1 0 0 0 0 0 0
-0.24041636288166046 -3.157919406890869 -6.961506366729736 -0.02492463444128364 0.9996893330420047 0 0 0 -1 0 0 0 0 0 0
-0.5809028744697571 -3.0621209144592285 -7.351269245147705 0.5425516572337991 0.8400224397198319 0 0 0 -1 0 0 0 0 0 0
-0.8082588315010071 -2.7911629676818848 -7.741028308868408 0.9214807084877743 0.38842412886543143 0 0 0 -1 0 0 0 0 0 0
-0.8434723019599915 -2.439211368560791 -8.130791664123535 0.9801692370622764 -0.19816222323327695 0 0 0 -1 0 0 0 0 0 0
-0.674307644367218 -2.1285805702209473 -8.520554542541504 0.6982246521469834 -0.7158787153800734 0 0 0 -1 0 0 0 0 0 0
-0.35955125093460083 -1.9672226905822754 -8.910317420959473 0.1736362001607403 -0.9848098648946098 0 0 0 -1 0 0 0 0 0 0
-0.008589575067162514 -2.0112061500549316 -9.300080299377441 -0.41130263585822846 -0.91149884351878 0 0 0 -1 0 0 0 0 0 0
0.25660818815231323 -2.245253086090088 -9.68984317779541 -0.8532975119652446 -0.5214243531653687 0 0 0 -1 0 0 0 0 0 0
0.3438846468925476 -2.5880227088928223 -10.079606056213379 -0.9987562110575273 0.04986011305654915 0 0 0 -1 0 0 0 0 0 0
0.22290532290935516 -2.9203972816467285 -10.469368934631348 -0.7971217633119105 0.603818593995341 0 0 0 -1 0 0 0 0 0 0
-0.06428606063127518 -3.1268677711486816 -10.859131813049316 -0.31846858047493776 0.9479334170975714 0 0 0 -1 0 0 0 0 0 0
-0.4178836941719055 -3.1356797218322754 -11.248894691467285 0.27086091980956467 0.962618492508801 0 0 0 -1 0 0 0 0 0 0
-0.7150028347969055 -2.9437737464904785 -11.638657569885254 0.7660534209360944 0.6427769101889913 0 0 0 -1 0 0 0 0 0 0
-0.8523891568183899 -2.6178383827209473 -12.028420448303223 0.9950323012096425 0.09955259689954624 0 0 0 -1 0 0 0 0 0 0
-0.7822979092597961 -2.2711472511291504 -12.418183326721191 0.8782169589044597 -0.47826245210407486 0 0 0 -1 0 0 0 0 0 0
-0.5290859341621399 -2.0241799354553223 -12.80794620513916 0.45619364104341353 -0.8898805323590089 0 0 0 -1 0 0 0 0 0 0
-0.18075259029865265 -1.9627633094787598 -13.197709083557129 -0.12435923641550495 -0.9922372600936495 0 0 0 -1 0 0 0 0 0 0
0.14165036380290985 -2.1082444190979004 -13.587471961975098 -0.661699733558967 -0.7497689394793519 0 0 0 -1 0 0 0 0 0 0
0.3260795474052429 -2.4100632667541504 -13.977234840393066 -0.969081032020835 -0.24674268657334816 0 0 0 -1 0 0 0 0 0 0
0.30844229459762573 -2.7633309364318848 -14.366997718811035 -0.9396846222427638 0.34204211834286485 0 0 0 -1 0 0 0 0 0 0
0.09486692398786545 -3.0452752113342285 -14.756760597229004 -0.5837285185803951 0.8119489002369161 0 0 0 -1 0 0 0 0 0 0
-0.2404239922761917 -3.157919406890869 -15.146523475646973 -0.02490781528801177 0.9996897522419534 0 0 0 -1 0 0 0 0 0 0
-0.5809085965156555 -3.062117099761963 -15.536286354064941 0.5425646875763023 0.840014023570577 0 0 0 -1 0 0 0 0 0 0
-0.8082607388496399 -2.7911553382873535 -15.92604923248291 0.9214847242514906 0.38841460190259897 0 0 0 -1 0 0 0 0 0 0
-0.8434703946113586 -2.4392075538635254 -16.315811157226562 0.9801692370622764 -0.19816222323327695 0 0 0 -1 0 0 0 0 0 0
-0.6743019223213196 -2.1285767555236816 -16.70557403564453 0.6982189022252391 -0.7158843234597206 0 0 0 -1 0 0 0 0 0 0
-0.3582828640937805 -1.9669976234436035 -17.0953369140625 0.1715213357450928 -0.9851804055015606 0 0 0 -1 0 0 0 0 0 0
-0.006251166108995676 -2.0122666358947754 -17.48509979248047 -0.4151938620136181 -0.9097329591403274 0 0 0 -1 0 0 0 0 0 0
0.25860708951950073 -2.2485451698303223 -17.874862670898438 -0.856626984162965 -0.5159362460652122 0 0 0 -1 0 0 0 0 0 0
0.343606173992157 -2.5931458473205566 -18.264625549316406 -0.9982933555923237 0.05839842617929406 0 0 0 -1 0 0 0 0 0 0
0.2190047949552536 -2.9254860877990723 -18.654388427734375 -0.7906285632259038 0.6122960681005091 0 0 0 -1 0 0 0 0 0 0
-0.07159502059221268 -3.1292710304260254 -19.044151306152344 -0.306289560329039 0.951938393612446 0 0 0 -1 0 0 0 0 0 0
-0.426504909992218 -3.1331849098205566 -19.433914184570312 0.2852257420126844 0.9584603675130828 0 0 0 -1 0 0 0 0 0 0
-0.7215278744697571 -2.9358582496643066 -19.82367706298828 0.7769325437955302 0.6295838485788897 0 0 0 -1 0 0 0 0 0 0
-0.8534267544746399 -2.606344699859619 -20.21343994140625 0.9967635562638785 0.08038913424204827 0 0 0 -1 0 0 0 0 0 0
-0.7760475277900696 -2.2599549293518066 -20.60320281982422 0.8677967661502298 -0.49691928183479017 0 0 0 -1 0 0 0 0 0 0
-0.5164650082588196 -2.0178933143615723 -20.992965698242188 0.43515926239617236 -0.90035349521775 0 0 0 -1 0 0 0 0 0 0
-0.1655166894197464 -1.9648728370666504 -21.382728576660156 -0.14975469427116123 -0.9887231824650168 0 0 0 -1 0 0 0 0 0 0
0.1539890021085739 -2.1194443702697754 -21.772491455078125 -0.6822624714406322 -0.7311073245862885 0 0 0 -1 0 0 0 0 0 0
0.33024710416793823 -2.4275193214416504 -22.162254333496094 -0.9760292002044973 -0.21763961116526861 0 0 0 -1 0 0 0 0 0 0
0.30844610929489136 -2.763319492340088 -22.552017211914062 -0.9396924905731759 0.3420205010819986 0 0 0 -1 0 0 0 0 0 0
0.0948745533823967 -3.045271396636963 -22.94178009033203 -0.5837412329415861 0.8119397594426799 0 0 0 -1 0 0 0 0 0 0
-0.24041636288166046 -3.157919406890869 -23.33154296875 -0.024919028059210698 0.9996894728067233 0 0 0 -1 0 0 0 0 0 0
-0.5809028744697571 -3.062117099761963 -23.72130584716797 0.5425567706656852 0.8400191370467838 0 0 0 -1 0 0 0 0 0 0
-0.8082588315010071 -2.791159152984619 -24.111068725585938 0.9214838779102615 0.3884166097780404 0 0 0 -1 0 0 0 0 0 0
-0.8434703946113586 -2.4392075538635254 -24.500831604003906 0.9801692370622764 -0.19816222323327695 0 0 0 -1 0 0 0 0 0 0
-0.6743019223213196 -2.1285767555236816 -24.890594482421875 0.6982189022252391 -0.7158843234597206 0 0 0 -1 0 0 0 0 0 0
-0.4178646206855774 -1.9805283546447754 -25.280357360839844 0.27082387956667925 -0.9626289140974589 0 0 0 -1 0 0 0 0 0 0
-0.07393915206193924 -1.9861969947814941 -25.670120239257812 -0.3023838697109352 -0.9531862332926553 0 0 0 -1 0 0 0 0 0 0
0.21035687625408173 -2.179823398590088 -26.05988311767578 -0.7762138547316736 -0.6304697072204155 0 0 0 -1 0 0 0 0 0 0
0.34159010648727417 -2.4977784156799316 -26.44964599609375 -0.9949319413033101 -0.10055064482352533 0 0 0 -1 0 0 0 0 0 0
0.2766258120536804 -2.835562229156494 -26.83940887451172 -0.8866560605140564 0.46242948689902325 0 0 0 -1 0 0 0 0 0 0
0.036818671971559525 -3.082155704498291 -27.229171752929688 -0.48697698069697837 0.8734148042432386 0 0 0 -1 0 0 0 0 0 0
-0.29901963472366333 -3.156515598297119 -27.618934631347656 0.07274916912631083 0.9973502686576222 0 0 0 -1 0 0 0 0 0 0
-0.6205127835273743 -3.0342049598693848 -28.008697509765625 0.6085766287789042 0.7934951083050883 0 0 0 -1 0 0 0 0 0 0
-0.8219974637031555 -2.755423069000244 -28.398460388183594 0.9443785219805594 0.32886046770904853 0 0 0 -1 0 0 0 0 0 0
-0.8372543454170227 -2.411787509918213 -28.788223266601562 0.9698076297060841 -0.24387119830735837 0 0 0 -1 0 0 0 0 0 0
-0.6612709164619446 -2.116243839263916 -29.17798614501953 0.6765036184621784 -0.7364393078914102 0 0 0 -1 0 0 0 0 0 0
-0.26134949922561646 -1.9581360816955566 -29.5677490234375 0.00996864911101473 -0.9999503117829912 0 0 0 -1 0 0 0 0 0 0
0.08071248978376389 -2.061068058013916 -29.95751190185547 -0.5601397881069188 -0.8283981034379161 0 0 0 -1 0 0 0 0 0 0
0.30365103483200073 -2.3401741981506348 -30.347274780273438 -0.9317046267944954 -0.36321686140614373 0 0 0 -1 0 0 0 0 0 0
0.32844656705856323 -2.696524143218994 -30.737037658691406 -0.9730252370823654 0.23069869527330794 0 0 0 -1 0 0 0 0 0 0
0.14630810916423798 -3.0038132667541504 -31.126800537109375 -0.6694629472072645 0.7428454498188457 0 0 0 -1 0 0 0 0 0 0
-0.17820437252521515 -3.1531243324279785 -31.516563415527344 -0.12861103871484983 0.9916951148012616 0 0 0 -1 0 0 0 0 0 0
-0.5300682187080383 -3.0915322303771973 -31.906326293945312 0.4578270790170061 0.8890412621013469 0 0 0 -1 0 0 0 0 0 0
-0.7845638394355774 -2.840864658355713 -32.29608917236328 0.8819933423391136 0.47126186358486455 0 0 0 -1 0 0 0 0 0 0
-0.8514888882637024 -2.4899773597717285 -32.68585205078125 0.993531768540147 -0.11355450189881514 0 0 0 -1 0 0 0 0 0 0
-0.7071197628974915 -2.1632370948791504 -33.07561492919922 0.7529168102371483 -0.6581157017290488 0 0 0 -1 0 0 0 0 0 0
-0.40262871980667114 -1.9764580726623535 -33.46537780761719 0.2454305423207074 -0.9694141782005066 0 0 0 -1 0 0 0 0 0 0
-0.04594118520617485 -1.9958443641662598 -33.855140686035156 -0.34905078773623316 -0.9371038083268659 0 0 0 -1 0 0 0 0 0 0
0.23651425540447235 -2.214521884918213 -34.244903564453125 -0.8198057809926894 -0.5726416693281818 0 0 0 -1 0 0 0 0 0 0
0.34462279081344604 -2.554983615875244 -34.634666442871094 -0.9999864490797205 -0.00520592517534022 0 0 0 -1 0 0 0 0 0 0
0.2400638312101364 -2.8965516090393066 -35.02442932128906 -0.8257243759462347 0.5640738027671567 0 0 0 -1 0 0 0 0 0 0
-0.04009897634387016 -3.1181588172912598 -35.41419219970703 -0.35878285223435713 0.9334210544778705 0 0 0 -1 0 0 0 0 0 0
-0.3965652585029602 -3.141256809234619 -35.803955078125 0.23532722625915772 0.971916198332537 0 0 0 -1 0 0 0 0 0 0
-0.702984631061554 -2.9576592445373535 -36.19371795654297 0.7460229575388433 0.6659202255713497 0 0 0 -1 0 0 0 0 0 0
-0.8507469296455383 -2.632437229156494 -36.58348083496094 0.9922975419499935 0.12387731123979419 0 0 0 -1 0 0 0 0 0 0
-0.7874801754951477 -2.280874729156494 -36.973243713378906 0.886853170389307 -0.4620513544731092 0 0 0 -1 0 0 0 0 0 0
-0.5356071591377258 -2.027571201324463 -37.363006591796875 0.4670642654607098 -0.884223372191466 0 0 0 -1 0 0 0 0 0 0
-0.18440325558185577 -1.9623169898986816 -37.752769470214844 -0.11827715929329126 -0.9929806209536567 0 0 0 -1 0 0 0 0 0 0
0.1416446417570114 -2.1082406044006348 -38.14253234863281 -0.6616878599354892 -0.7497794182384525 0 0 0 -1 0 0 0 0 0 0
0.33024710416793823 -2.4275193214416504 -38.53229522705078 -0.9760292002044973 -0.21763961116526861 0 0 0 -1 0 0 0 0 0 0
0.3058730959892273 -2.770254611968994 -38.92205810546875 -0.9354049437104187 0.35357826754780647 0 0 0 -1 0 0 0 0 0 0
0.09743993729352951 -3.043417453765869 -39.31182098388672 -0.5880135795490495 0.8088510556745993 0 0 0 -1 0 0 0 0 0 0
-0.22669680416584015 -3.157423496246338 -39.70158386230469 -0.04778983186935165 0.9988574132326891 0 0 0 -1 0 0 0 0 0 0
-0.5602367520332336 -3.074881076812744 -40.091346740722656 0.5081119091754175 0.8612910586753539 0 0 0 -1 0 0 0 0 0 0
-0.7937973141670227 -2.8228631019592285 -40.481109619140625 0.8973795369100288 0.4412595231098618 0 0 0 -1 0 0 0 0 0 0
-0.8507774472236633 -2.4840188026428223 -40.870872497558594 0.9923465097498325 -0.12348443054622464 0 0 0 -1 0 0 0 0 0 0
-0.7124946713447571 -2.1694741249084473 -41.26063537597656 0.7618742591511085 -0.6477249518452639 0 0 0 -1 0 0 0 0 0 0
-0.42429810762405396 -1.9823784828186035 -41.65039825439453 0.28154850013426364 -0.9595469983654509 0 0 0 -1 0 0 0 0 0 0
-0.08070070296525955 -1.9840950965881348 -42.0401611328125 -0.29111408728685145 -0.9566883443332753 0 0 0 -1 0 0 0 0 0 0
0.20561520755290985 -2.1740593910217285 -42.42992401123047 -0.7683118531286284 -0.6400756957907816 0 0 0 -1 0 0 0 0 0 0
0.34074896574020386 -2.4899697303771973 -42.81968688964844 -0.9935305030364409 -0.11356557372794288 0 0 0 -1 0 0 0 0 0 0
0.28038519620895386 -2.828230381011963 -43.209449768066406 -0.8929266069733692 0.4502022596111956 0 0 0 -1 0 0 0 0 0 0
0.0443221814930439 -3.077902317047119 -43.599212646484375 -0.4994857728203621 0.8663220894967675 0 0 0 -1 0 0 0 0 0 0
-0.2900264859199524 -3.157106876373291 -43.988975524902344 0.05775846370706483 0.9983305864643233 0 0 0 -1 0 0 0 0 0 0
-0.6130092740058899 -3.039869785308838 -44.37873840332031 0.5960631753839961 0.8029375386361925 0 0 0 -1 0 0 0 0 0 0
-0.8187034726142883 -2.764639377593994 -44.76850128173828 0.9388886448890651 0.34422102274320066 0 0 0 -1 0 0 0 0 0 0
-0.839651882648468 -2.421675205230713 -45.15826416015625 0.9738037896202347 -0.22738992792397283 0 0 0 -1 0 0 0 0 0 0
-0.6612709164619446 -2.116243839263916 -45.54802703857422 0.6765036184621784 -0.7364393078914102 0 0 0 -1 0 0 0 0 0 0
-0.3258121609687805 -1.9622559547424316 -45.93778991699219 0.11740236433240414 -0.9930844298694657 0 0 0 -1 0 0 0 0 0 0
0.03630559518933296 -2.033773899078369 -46.327552795410156 -0.48612584043255214 -0.8738888185940732 0 0 0 -1 0 0 0 0 0 0
0.2880374789237976 -2.3037285804748535 -46.717315673828125 -0.9056762990721069 -0.42396985895114236 0 0 0 -1 0 0 0 0 0 0
0.33411329984664917 -2.669954776763916 -47.107078552246094 -0.982470992962153 0.18641552507224626 0 0 0 -1 0 0 0 0 0 0
0.15709416568279266 -2.9938530921936035 -47.49684143066406 -0.6874417758582806 0.7262394954867255 0 0 0 -1 0 0 0 0 0 0
-0.17602618038654327 -3.1528382301330566 -47.88660430908203 -0.132241253355114 0.9912175598278455 0 0 0 -1 0 0 0 0 0 0
-0.5391739010810852 -3.0867409706115723 -48.2763671875 0.47300987861288113 0.8810571234231226 0 0 0 -1 0 0 0 0 0 0
-0.794913113117218 -2.8205819129943848 -48.66613006591797 0.8992391445113281 0.4374573818996941 0 0 0 -1 0 0 0 0 0 0
-0.8464592099189758 -2.4550843238830566 -49.05589294433594 0.9851482808137552 -0.17170575065996674 0 0 0 -1 0 0 0 0 0 0
-0.6743019223213196 -2.1285767555236816 -49.445655822753906 0.6982189022252391 -0.7158843234597206 0 0 0 -1 0 0 0 0 0 0
-0.4178646206855774 -1.9805283546447754 -49.835418701171875 0.27082387956667925 -0.9626289140974589 0 0 0 -1 0 0 0 0 0 0
-0.0699508860707283 -1.9874749183654785 -50.225181579589844 -0.3090274882680955 -0.9510531065585729 0 0 0 -1 0 0 0 0 0 0
0.21559254825115204 -2.186361789703369 -50.61494445800781 -0.7849371815981546 -0.6195753553400469 0 0 0 -1 0 0 0 0 0 0
0.342721164226532 -2.5102944374084473 -51.00470733642578 -0.9968202712505794 -0.07968278875592442 0 0 0 -1 0 0 0 0 0 0
0.2686721682548523 -2.8503060340881348 -51.39447021484375 -0.8734012798066567 0.4870012365816891 0 0 0 -1 0 0 0 0 0 0
0.01835172437131405 -3.092031955718994 -51.78423309326172 -0.4562025387408525 0.8898759709343773 0 0 0 -1 0 0 0 0 0 0
-0.3240383267402649 -3.154165744781494 -52.17399597167969 0.11444567332490477 0.9934295082476711 0 0 0 -1 0 0 0 0 0 0
-0.643332302570343 -3.0158028602600098 -52.563758850097656 0.6466023756850623 0.7628272201215905 0 0 0 -1 0 0 0 0 0 0
-0.8321273922920227 -2.7234864234924316 -52.953521728515625 0.9612627097712642 0.2756338201368012 0 0 0 -1 0 0 0 0 0 0
-0.839651882648468 -2.421675205230713 -53.343284606933594 0.9738037896202347 -0.22738992792397283 0 0 0 -1 0 0 0 0 0 0
-0.6574180722236633 -2.112734317779541 -53.73304748535156 0.6700822294518853 -0.7422868756571079 0 0 0 -1 0 0 0 0 0 0
-0.331503689289093 -1.9629578590393066 -54.12281036376953 0.12688990953539253 -0.9919168064198227 0 0 0 -1 0 0 0 0 0 0
0.021620919927954674 -2.025869846343994 -54.5125732421875 -0.46165070222738575 -0.8870617955548314 0 0 0 -1 0 0 0 0 0 0
0.2757541537284851 -2.2789902687072754 -54.90233612060547 -0.88520937901194 -0.4651928151952648 0 0 0 -1 0 0 0 0 0 0
0.3400813937187195 -2.631857395172119 -55.29209899902344 -0.9924176595581975 0.12291130540771947 0 0 0 -1 0 0 0 0 0 0
0.19160954654216766 -2.9583687782287598 -55.68185806274414 -0.7449665868203221 0.6671017797317584 0 0 0 -1 0 0 0 0 0 0
-0.11659891158342361 -3.1418404579162598 -56.07162094116211 -0.23128127286942704 0.9728869270474846 0 0 0 -1 0 0 0 0 0 0
-0.4744003415107727 -3.1166977882385254 -56.46138381958008 0.3650496802643924 0.9309880401696172 0 0 0 -1 0 0 0 0 0 0
-0.7539260983467102 -2.8919358253479004 -56.85114669799805 0.8309248916161651 0.5563846012361091 0 0 0 -1 0 0 0 0 0 0
-0.8552826046943665 -2.5478692054748535 -57.240909576416016 0.9998543796094301 -0.017065156777525285 0 0 0 -1 0 0 0 0 0 0
-0.7422454953193665 -2.2074646949768066 -57.630672454833984 0.8114632572866247 -0.5844034411892017 0 0 0 -1 0 0 0 0 0 0
-0.45521432161331177 -1.9923653602600098 -58.02043533325195 0.33307275551378257 -0.9429011292465697 0 0 0 -1 0 0 0 0 0 0
-0.09676248580217361 -1.9794487953186035 -58.41019821166992 -0.2643456758305808 -0.9644279981780255 0 0 0 -1 0 0 0 0 0 0
0.20500676333904266 -2.173330783843994 -58.79996109008789 -0.7672934642159196 -0.6412961404620591 0 0 0 -1 0 0 0 0 0 0
0.3422500491142273 -2.5047173500061035 -59.18972396850586 -0.9960331165992196 -0.08898331662534005 0 0 0 -1 0 0 0 0 0 0
0.26592177152633667 -2.855185031890869 -59.57948684692383 -0.8688211505555934 0.4951260529877771 0 0 0 -1 0 0 0 0 0 0
0.003298928728327155 -3.0994858741760254 -59.9692497253418 -0.4311156444888049 0.9022966812955718 0 0 0 -1 0 0 0 0 0 0
-0.3517654538154602 -3.150312900543213 -60.359012603759766 0.16066073209659013 0.987009690510781 0 0 0 -1 0 0 0 0 0 0
-0.6723793148994446 -2.989504337310791 -60.748775482177734 0.6950168768552746 0.7189934220049167 0 0 0 -1 0 0 0 0 0 0
-0.8439663052558899 -2.6745247840881348 -61.1385383605957 0.9809948888117933 0.1940335747367891 0 0 0 -1 0 0 0 0 0 0
-0.8052070736885071 -2.3179421424865723 -61.52830123901367 0.9163957472387277 -0.4002734495851226 0 0 0 -1 0 0 0 0 0 0
-0.5699489712715149 -2.0471863746643066 -61.91806411743164 0.5242989812821228 -0.8515342495910122 0 0 0 -1 0 0 0 0 0 0
-0.22226984798908234 -1.9590210914611816 -62.30782699584961 -0.05516739515955365 -0.9984771196734102 0 0 0 -1 0 0 0 0 0 0
0.11357992142438889 -2.084951877593994 -62.69758987426758 -0.6149196230952724 -0.7885897901522491 0 0 0 -1 0 0 0 0 0 0
0.3175784945487976 -2.3799729347229004 -63.08735275268555 -0.9549103004533279 -0.2968944561424734 0 0 0 -1 0 0 0 0 0 0
0.31682127714157104 -2.7386574745178223 -63.477115631103516 -0.9536518259946646 0.3009122708980841 0 0 0 -1 0 0 0 0 0 0
0.11157911270856857 -3.0328164100646973 -63.866878509521484 -0.6115816064720513 0.7911813563431995 0 0 0 -1 0 0 0 0 0 0
-0.22480089962482452 -3.1573281288146973 -64.25664520263672 -0.050948765453790616 0.9987012682973496 0 0 0 -1 0 0 0 0 0 0
-0.572104275226593 -3.0676941871643066 -64.64640808105469 0.5278935480444867 0.8493105450499264 0 0 0 -1 0 0 0 0 0 0
-0.8062160611152649 -2.795950412750244 -65.03617095947266 0.9180770625334621 0.3964019516222511 0 0 0 -1 0 0 0 0 0 0
-0.8434703946113586 -2.4392075538635254 -65.42593383789062 0.9801692370622764 -0.19816222323327695 0 0 0 -1 0 0 0 0 0 0
-0.6743019223213196 -2.1285767555236816 -65.8156967163086 0.6982189022252391 -0.7158843234597206 0 0 0 -1 0 0 0 0 0 0
-0.3582828640937805 -1.9669976234436035 -66.20545959472656 0.1715213357450928 -0.9851804055015606 0 0 0 -1 0 0 0 0 0 0
-0.006251166108995676 -2.0122666358947754 -66.59522247314453 -0.4151938620136181 -0.9097329591403274 0 0 0 -1 0 0 0 0 0 0
0.25860708951950073 -2.2485451698303223 -66.9849853515625 -0.856626984162965 -0.5159362460652122 0 0 0 -1 0 0 0 0 0 0
0.343606173992157 -2.5931458473205566 -67.37474822998047 -0.9982933555923237 0.05839842617929406 0 0 0 -1 0 0 0 0 0 0
0.2190047949552536 -2.9254860877990723 -67.76451110839844 -0.7906285632259038 0.6122960681005091 0 0 0 -1 0 0 0 0 0 0
-0.07159502059221268 -3.1292710304260254 -68.1542739868164 -0.306289560329039 0.951938393612446 0 0 0 -1 0 0 0 0 0 0
-0.426504909992218 -3.1331849098205566 -68.54403686523438 0.2852257420126844 0.9584603675130828 0 0 0 -1 0 0 0 0 0 0
-0.7215278744697571 -2.9358582496643066 -68.93379974365234 0.7769325437955302 0.6295838485788897 0 0 0 -1 0 0 0 0 0 0
-0.8534267544746399 -2.606344699859619 -69.32356262207031 0.9967635562638785 0.08038913424204827 0 0 0 -1 0 0 0 0 0 0
-0.7760475277900696 -2.2599549293518066 -69.71332550048828 0.8677967661502298 -0.49691928183479017 0 0 0 -1 0 0 0 0 0 0
-0.5164650082588196 -2.0178933143615723 -70.10308837890625 0.43515926239617236 -0.90035349521775 0 0 0 -1 0 0 0 0 0 0
-0.1655166894197464 -1.9648728370666504 -70.49285125732422 -0.14975469427116123 -0.9887231824650168 0 0 0 -1 0 0 0 0 0 0
0.1539890021085739 -2.1194443702697754 -70.88261413574219 -0.6822624714406322 -0.7311073245862885 0 0 0 -1 0 0 0 0 0 0
0.33024710416793823 -2.4275193214416504 -71.27237701416016 -0.9760292002044973 -0.21763961116526861 0 0 0 -1 0 0 0 0 0 0
0.30844610929489136 -2.763319492340088 -71.66213989257812 -0.9396924905731759 0.3420205010819986 0 0 0 -1 0 0 0 0 0 0
1.389180302619934 -1.077894687652588 -71.66213989257812 0.93969248736894 -0.3420205098855549 0 0 0 1 0 0 0 0 0 0
1.359547734260559 -1.3715424537658691 -71.27237701416016 0.989078105256376 0.147392339361507 0 0 0 1 0 0 0 0 0 0
1.490712285041809 -1.665590763092041 -70.92436981201172 0.7704724182042966 0.6374733349610974 0 0 0 1 0 0 0 0 0 0
1.754994511604309 -1.8494935035705566 -70.57637023925781 0.33000456641238285 0.9439793356567586 0 0 0 1 0 0 0 0 0 0
2.0762951374053955 -1.870302677154541 -70.22836303710938 -0.20549928881382135 0.9786572649794275 0 0 0 1 0 0 0 0 0 0
2.362088441848755 -1.722017765045166 -69.88036346435547 -0.6818239992674533 0.731516256841183 0 0 0 1 0 0 0 0 0 0
2.5300800800323486 -1.4473443031311035 -69.53236389160156 -0.9618075244253599 0.2737266628568738 0 0 0 1 0 0 0 0 0 0
2.5318920612335205 -1.1253762245178223 -69.18435668945312 -0.9648261928566383 -0.2628886029818812 0 0 0 1 0 0 0 0 0 0
2.36700177192688 -0.8488297462463379 -68.83635711669922 -0.6900136924532237 -0.72379631404634 0 0 0 1 0 0 0 0 0 0
2.0828945636749268 -0.6973366737365723 -68.48834991455078 -0.21649563930796945 -0.9762835849079065 0 0 0 1 0 0 0 0 0 0
1.7613803148269653 -0.7145256996154785 -68.14035034179688 0.3193563289813797 -0.947634705537707 0 0 0 1 0 0 0 0 0 0
1.495045781135559 -0.8954453468322754 -67.79235076904297 0.7632543411484654 -0.6460981432553585 0 0 0 1 0 0 0 0 0 0
1.3605815172195435 -1.1879944801330566 -67.44434356689453 0.9873552816706358 -0.15852301964414914 0 0 0 1 0 0 0 0 0 0
1.3967105150222778 -1.507936954498291 -67.09634399414062 0.9271398408198851 0.3747155128420466 0 0 0 1 0 0 0 0 0 0
1.5930300951004028 -1.7631325721740723 -66.74834442138672 0.5999407582441949 0.8000444278897143 0 0 0 1 0 0 0 0 0 0
1.8930026292800903 -1.880098819732666 -66.40033721923828 0.09999026586935489 0.9949884153754636 0 0 0 1 0 0 0 0 0 0
2.2102558612823486 -1.8251557350158691 -66.05233764648438 -0.4287730104463231 0.9034122566762073 0 0 0 1 0 0 0 0 0 0
2.4534237384796143 -1.6141228675842285 -65.70433044433594 -0.8340471516107237 0.5516931655277585 0 0 0 1 0 0 0 0 0 0
2.55248761177063 -1.3077683448791504 -65.35633087158203 -0.999155136926681 0.04109759546525066 0 0 0 1 0 0 0 0 0 0
2.4789211750030518 -0.9943108558654785 -65.00833129882812 -0.8765414252828765 -0.48132642745133314 0 0 0 1 0 0 0 0 0 0
2.2539074420928955 -0.7640175819396973 -64.66032409667969 -0.5015182652362299 -0.8651470566524762 0 0 0 1 0 0 0 0 0 0
1.9422389268875122 -0.6832032203674316 -64.31232452392578 0.017929003439087814 -0.9998392624995686 0 0 0 1 0 0 0 0 0 0
1.6336718797683716 -0.7751374244689941 -63.96432113647461 0.5322057815648881 -0.8466150282559994 0 0 0 1 0 0 0 0 0 0
1.4170581102371216 -1.013350009918213 -63.61631774902344 0.8932302182649031 -0.4495995742640707 0 0 0 1 0 0 0 0 0 0
1.3547717332839966 -1.3292412757873535 -63.268314361572266 0.9970396833589209 0.07688868452212554 0 0 0 1 0 0 0 0 0 0
1.464753270149231 -1.6318459510803223 -62.920310974121094 0.813733471206735 0.5812381937190965 0 0 0 1 0 0 0 0 0 0
1.7153292894363403 -1.834028720855713 -62.57231140136719 0.3961131834911148 0.918201691277322 0 0 0 1 0 0 0 0 0 0
2.0343449115753174 -1.877565860748291 -62.224308013916016 -0.13557916278936527 0.990766516701758 0 0 0 1 0 0 0 0 0 0
2.3299343585968018 -1.749922275543213 -61.876304626464844 -0.6282323780821514 0.7780257573687679 0 0 0 1 0 0 0 0 0 0
2.5169804096221924 -1.4878525733947754 -61.52830123901367 -0.9399737900733004 0.34124664683368666 0 0 0 1 0 0 0 0 0 0
2.546220064163208 -1.1931939125061035 -61.1385383605957 -0.9887071433587226 -0.14986055075113713 0 0 0 1 0 0 0 0 0 0
2.4301159381866455 -0.9193024635314941 -60.8072395324707 -0.7952044990869388 -0.6063413268381849 0 0 0 1 0 0 0 0 0 0
2.1967251300811768 -0.7348389625549316 -60.47594451904297 -0.40621966253231295 -0.9137754569762386 0 0 0 1 0 0 0 0 0 0
1.9034167528152466 -0.6851601600646973 -60.14464569091797 0.0826332062279236 -0.9965800285117564 0 0 0 1 0 0 0 0 0 0
1.6222964525222778 -0.7824692726135254 -59.81334686279297 0.5511661898289892 -0.834395488476175 0 0 0 1 0 0 0 0 0 0
1.4224711656570435 -1.002851963043213 -59.48204803466797 0.8842092093095756 -0.46709107695623464 0 0 0 1 0 0 0 0 0 0
1.3530627489089966 -1.292128086090088 -59.15074920654297 0.9998869773829414 0.015034375943324562 0 0 0 1 0 0 0 0 0 0
1.4311343431472778 -1.5791878700256348 -58.81945037841797 0.8697676515934833 0.4934614799977372 0 0 0 1 0 0 0 0 0 0
1.6374942064285278 -1.793459415435791 -58.48815155029297 0.525833462094737 0.8505875440784816 0 0 0 1 0 0 0 0 0 0
1.9214144945144653 -1.882277011871338 -58.15685272216797 0.05263126465718827 0.9986140145124066 0 0 0 1 0 0 0 0 0 0
2.2130978107452393 -1.8237977027893066 -57.82555389404297 -0.4335049035831704 0.9011512073838363 0 0 0 1 0 0 0 0 0 0
2.4408390522003174 -1.6324028968811035 -57.49425506591797 -0.8130741661973102 0.5821601156576673 0 0 0 1 0 0 0 0 0 0
2.5486538410186768 -1.3551430702209473 -57.162960052490234 -0.9927663589335104 0.12006230286772178 0 0 0 1 0 0 0 0 0 0
2.5100414752960205 -1.0601754188537598 -56.831661224365234 -0.9284116795074339 -0.3715531635636895 0 0 0 1 0 0 0 0 0 0
2.334489107131958 -0.8200058937072754 -56.500362396240234 -0.6358205071740766 -0.7718369534149683 0 0 0 1 0 0 0 0 0 0
2.0651562213897705 -0.6936821937561035 -56.169063568115234 -0.18693114129135807 -0.9823730189777762 0 0 0 1 0 0 0 0 0 0
1.768250584602356 -0.7122559547424316 -55.837764739990234 0.3079119916395178 -0.9514148440110578 0 0 0 1 0 0 0 0 0 0
1.5167628526687622 -0.8711609840393066 -55.506465911865234 0.7270520453514363 -0.6865823500136694 0 0 0 1 0 0 0 0 0 0
1.3725100755691528 -1.131330966949463 -55.175167083740234 0.9674767670508838 -0.25295988855304685 0 0 0 1 0 0 0 0 0 0
1.3709574937820435 -1.428816318511963 -54.843868255615234 0.9700639115893851 0.2428497630880078 0 0 0 1 0 0 0 0 0 0
1.5124865770339966 -1.6904778480529785 -54.5125732421875 0.734184585000388 0.6789499209424862 0 0 0 1 0 0 0 0 0 0
1.8930026292800903 -1.880098819732666 -54.12281036376953 0.09999026586935489 0.9949884153754636 0 0 0 1 0 0 0 0 0 0
2.1877834796905518 -1.8352608680725098 -53.79301071166992 -0.39131240492018415 0.9202578995887956 0 0 0 1 0 0 0 0 0 0
2.4245808124542236 -1.6540627479553223 -53.46321105957031 -0.7859728831591835 0.6182609699297219 0 0 0 1 0 0 0 0 0 0
2.5449154376983643 -1.3812508583068848 -53.1334114074707 -0.9865315476803822 0.16357110206680725 0 0 0 1 0 0 0 0 0 0
2.5190670490264893 -1.0842041969299316 -52.803611755371094 -0.9434558719903567 -0.33149814118168947 0 0 0 1 0 0 0 0 0 0
2.353421449661255 -0.836275577545166 -52.473812103271484 -0.6673800619821998 -0.7447172972804077 0 0 0 1 0 0 0 0 0 0
2.0888874530792236 -0.6986985206604004 -52.144012451171875 -0.22649146398438977 -0.974013150189569 0 0 0 1 0 0 0 0 0 0
1.790791630744934 -0.705446720123291 -51.814212799072266 0.27033648856129194 -0.9627659024666123 0 0 0 1 0 0 0 0 0 0
1.5327578783035278 -0.8548569679260254 -51.484413146972656 0.7003938445398286 -0.7137565849298476 0 0 0 1 0 0 0 0 0 0
1.3785029649734497 -1.1100258827209473 -51.15461349487305 0.9574890371560897 -0.28846965824139 0 0 0 1 0 0 0 0 0 0
1.3661242723464966 -1.4079384803771973 -50.82481384277344 0.9781167148486833 0.208056944449397 0 0 0 1 0 0 0 0 0 0
1.4986811876296997 -1.6750245094299316 -50.49501419067383 0.7571849100643473 0.6532005909143425 0 0 0 1 0 0 0 0 0 0
1.7434359788894653 -1.845320224761963 -50.165218353271484 0.3492587349641506 0.9370263262316811 0 0 0 1 0 0 0 0 0 0
2.0399410724639893 -1.876772403717041 -49.835418701171875 -0.14491418959010718 0.9894442266522366 0 0 0 1 0 0 0 0 0 0
2.3180439472198486 -1.7592759132385254 -49.445655822753906 -0.6084145843104833 0.7936193631699656 0 0 0 1 0 0 0 0 0 0
2.5116970539093018 -1.5018601417541504 -49.120853424072266 -0.9311662814303001 0.3645947837356801 0 0 0 1 0 0 0 0 0 0
2.54430890083313 -1.1813874244689941 -48.796051025390625 -0.9855251460285892 -0.16952930880920758 0 0 0 1 0 0 0 0 0 0
2.4064838886260986 -0.8902344703674316 -48.471248626708984 -0.7558112327585828 -0.6547895695839627 0 0 0 1 0 0 0 0 0 0
2.137944459915161 -0.7123246192932129 -48.146446228027344 -0.30824951890902397 -0.9513055419224442 0 0 0 1 0 0 0 0 0 0
1.8160945177078247 -0.6989350318908691 -47.8216438293457 0.22816373694216313 -0.9736227755884654 0 0 0 1 0 0 0 0 0 0
1.5337077379226685 -0.8539261817932129 -47.49684143066406 0.6988121615300836 -0.7153052235917564 0 0 0 1 0 0 0 0 0 0
1.389180302619934 -1.077894687652588 -47.107078552246094 0.93969248736894 -0.3420205098855549 0 0 0 1 0 0 0 0 0 0
1.3575793504714966 -1.3571419715881348 -46.795265197753906 0.9923577610630855 0.12339397901786149 0 0 0 1 0 0 0 0 0 0
1.456605076789856 -1.620150089263916 -46.483455657958984 0.8273167451274149 0.5617357058544344 0 0 0 1 0 0 0 0 0 0
1.6645327806472778 -1.8092141151428223 -46.17164611816406 0.4807674992638153 0.8768481120762122 0 0 0 1 0 0 0 0 0 0
1.9357424974441528 -1.8828606605529785 -45.85983657836914 0.028755795785239808 0.9995864665994421 0 0 0 1 0 0 0 0 0 0
2.2107365131378174 -1.8249268531799316 -45.54802703857422 -0.4295707597798858 0.9030332011294665 0 0 0 1 0 0 0 0 0 0
2.4291889667510986 -1.6481308937072754 -45.23621368408203 -0.7936522267181151 0.6083717145178414 0 0 0 1 0 0 0 0 0 0
2.543168306350708 -1.391249179840088 -44.92440414428711 -0.9836237669563175 0.1802339731534098 0 0 0 1 0 0 0 0 0 0
2.527676820755005 -1.1106476783752441 -44.61259460449219 -0.957802813309395 -0.28742611366507453 0 0 0 1 0 0 0 0 0 0
2.38610577583313 -0.8678803443908691 -44.300785064697266 -0.7218550780178172 -0.6920442517208645 0 0 0 1 0 0 0 0 0 0
2.1495182514190674 -0.7162041664123535 -43.988975524902344 -0.3275348020758103 -0.9448391151032856 0 0 0 1 0 0 0 0 0 0
1.8698168992996216 -0.6888985633850098 -43.677162170410156 0.13862957797206196 -0.9903443038212963 0 0 0 1 0 0 0 0 0 0
1.6083651781082153 -0.7919564247131348 -43.365352630615234 0.5743859180469749 -0.8185846426297856 0 0 0 1 0 0 0 0 0 0
1.422516942024231 -1.002760410308838 -43.05354309082031 0.8841296365773647 -0.46724167806990113 0 0 0 1 0 0 0 0 0 0
1.353047490119934 -1.2750725746154785 -42.74173355102539 0.9999104155920774 -0.013385095833769239 0 0 0 1 0 0 0 0 0 0
1.4152003526687622 -1.5491433143615723 -42.42992401123047 0.8963264200164034 0.44339480012803234 0 0 0 1 0 0 0 0 0 0
1.5953341722488403 -1.7648530006408691 -42.11811447143555 0.5960992311393745 0.8029107712785067 0 0 0 1 0 0 0 0 0 0
1.853932499885559 -1.8748726844787598 -41.80630111694336 0.16510851243818753 0.9862754073383605 0 0 0 1 0 0 0 0 0 0
2.134263277053833 -1.8550705909729004 -41.49449157714844 -0.3021133149782297 0.9532720204185503 0 0 0 1 0 0 0 0 0 0
2.3748295307159424 -1.7097878456115723 -41.182682037353516 -0.7030561756152957 0.7111343149709443 0 0 0 1 0 0 0 0 0 0
2.5228512287139893 -1.4708962440490723 -40.870872497558594 -0.9497582170547402 0.3129845509557953 0 0 0 1 0 0 0 0 0 0
2.5021374225616455 -1.041353702545166 -40.481109619140625 -0.91523461145068 -0.4029213397211957 0 0 0 1 0 0 0 0 0 0
2.3288471698760986 -0.8154168128967285 -40.156307220458984 -0.6264175256327389 -0.7794877058556837 0 0 0 1 0 0 0 0 0 0
2.0709125995635986 -0.6948075294494629 -39.831504821777344 -0.19652391038546535 -0.9804990324558234 0 0 0 1 0 0 0 0 0 0
1.7864199876785278 -0.7066941261291504 -39.5067024230957 0.27763170020808203 -0.9606875865959598 0 0 0 1 0 0 0 0 0 0
1.5394450426101685 -0.8483948707580566 -39.18190002441406 0.6892493935338 -0.7245241704134436 0 0 0 1 0 0 0 0 0 0
1.3856021165847778 -1.0879998207092285 -38.85709762573242 0.9456519941727066 -0.32518042056246727 0 0 0 1 0 0 0 0 0 0
1.359547734260559 -1.3715424537658691 -38.53229522705078 0.989078105256376 0.147392339361507 0 0 0 1 0 0 0 0 0 0
1.5124865770339966 -1.6904778480529785 -38.14253234863281 0.734184585000388 0.6789499209424862 0 0 0 1 0 0 0 0 0 0
1.7724391222000122 -1.8552956581115723 -37.8127326965332 0.30092248287377427 0.9536486036801411 0 0 0 1 0 0 0 0 0 0
2.0799152851104736 -1.8695282936096191 -37.482933044433594 -0.2115361517973204 0.9773701737227205 0 0 0 1 0 0 0 0 0 0
2.3539860248565674 -1.729433536529541 -37.153133392333984 -0.6683204358379232 0.7438735074200505 0 0 0 1 0 0 0 0 0 0
2.522526979446411 -1.471876621246338 -36.823333740234375 -0.9492204680166003 0.3146116703149237 0 0 0 1 0 0 0 0 0 0
2.541184663772583 -1.1646409034729004 -36.493534088134766 -0.9803143906854357 -0.19744289152826663 0 0 0 1 0 0 0 0 0 0
2.405045747756958 -0.8885788917541504 -36.163734436035156 -0.7534108122879045 -0.657550110582973 0 0 0 1 0 0 0 0 0 0
2.149937868118286 -0.7163491249084473 -35.83393478393555 -0.32823209513455975 -0.9445971055024345 0 0 0 1 0 0 0 0 0 0
1.8430033922195435 -0.6932740211486816 -35.50413513183594 0.1833177133661259 -0.9830537197763991 0 0 0 1 0 0 0 0 0 0
1.5650149583816528 -0.8254265785217285 -35.17433547973633 0.6466330295660134 -0.7628012356271319 0 0 0 1 0 0 0 0 0 0
1.389130711555481 -1.0780282020568848 -34.84453582763672 0.9397737669752474 -0.34179711365831283 0 0 0 1 0 0 0 0 0 0
1.3616420030593872 -1.3846001625061035 -34.51473617553711 0.9855885492543326 0.16916031324971054 0 0 0 1 0 0 0 0 0 0
1.4897814989089966 -1.664461612701416 -34.184940338134766 0.7720251213116971 0.6355920169917645 0 0 0 1 0 0 0 0 0 0
1.7398234605789185 -1.8439621925354004 -33.855140686035156 0.35528325052826726 0.9347586917991555 0 0 0 1 0 0 0 0 0 0
2.0399410724639893 -1.876772403717041 -33.46537780761719 -0.14491418959010718 0.9894442266522366 0 0 0 1 0 0 0 0 0 0
2.3154194355010986 -1.7612824440002441 -33.14057540893555 -0.6040421475874466 0.7969523724401261 0 0 0 1 0 0 0 0 0 0
2.501065492630005 -1.5272736549377441 -32.815773010253906 -0.9134507708269866 0.40694924655979403 0 0 0 1 0 0 0 0 0 0
2.550877809524536 -1.2327485084533691 -32.490970611572266 -0.9964712334847805 -0.08393497981961902 0 0 0 1 0 0 0 0 0 0
2.4525043964385986 -0.9507050514221191 -32.166168212890625 -0.8325126016607441 -0.5540061083382195 0 0 0 1 0 0 0 0 0 0
2.2303287982940674 -0.7510476112365723 -31.841365814208984 -0.4622247168107288 -0.8867628268986254 0 0 0 1 0 0 0 0 0 0
1.9394160509109497 -0.683260440826416 -31.516563415527344 0.02263016470772096 -0.999743905030334 0 0 0 1 0 0 0 0 0 0
1.6518679857254028 -0.7641434669494629 -31.191761016845703 0.5018794418310341 -0.8649375849547583 0 0 0 1 0 0 0 0 0 0
1.438954472541809 -0.9736504554748535 -30.866958618164062 0.8567346684194151 -0.5157574118985345 0 0 0 1 0 0 0 0 0 0
1.353444218635559 -1.259859561920166 -30.542156219482422 0.9992492609664559 -0.03874163726524412 0 0 0 1 0 0 0 0 0 0
1.416535496711731 -1.5518250465393066 -30.21735382080078 0.894103828021123 0.44785973777285937 0 0 0 1 0 0 0 0 0 0
1.6125842332839966 -1.777193546295166 -29.89255142211914 0.5673456467128339 0.823479761230351 0 0 0 1 0 0 0 0 0 0
1.8930026292800903 -1.880098819732666 -29.5677490234375 0.09999026586935489 0.9949884153754636 0 0 0 1 0 0 0 0 0 0
2.3036434650421143 -1.7699799537658691 -29.17798614501953 -0.5844134893536541 0.8114560206576118 0 0 0 1 0 0 0 0 0 0
2.4801647663116455 -1.569624423980713 -28.85318374633789 -0.8786140714880298 0.4775325259950648 0 0 0 1 0 0 0 0 0 0
2.552273988723755 -1.3125214576721191 -28.52838134765625 -0.9987978581274329 0.04901875763472798 0 0 0 1 0 0 0 0 0 0
2.5056889057159424 -1.049593448638916 -28.20357894897461 -0.9211582268247627 -0.38918828496379343 0 0 0 1 0 0 0 0 0 0
2.3496410846710205 -0.8329148292541504 -27.87877655029297 -0.661076717042734 -0.7503183152396061 0 0 0 1 0 0 0 0 0 0
2.1150333881378174 -0.7054009437561035 -27.553974151611328 -0.2700693633784133 -0.9628408689728426 0 0 0 1 0 0 0 0 0 0
1.848328709602356 -0.6923050880432129 -27.229171752929688 0.1744426217453335 -0.9846673406377479 0 0 0 1 0 0 0 0 0 0
1.4673014879226685 -0.9308266639709473 -26.83940887451172 0.8094879286684037 -0.5871365201894168 0 0 0 1 0 0 0 0 0 0
1.3605471849441528 -1.1882119178771973 -26.533164978027344 0.9874128211656992 -0.15816422034580047 0 0 0 1 0 0 0 0 0 0
1.3815699815750122 -1.4660630226135254 -26.226924896240234 0.9523748917492845 0.30492960755810344 0 0 0 1 0 0 0 0 0 0
1.5258342027664185 -1.7044548988342285 -25.92068099975586 0.7119370948772396 0.7022432434262051 0 0 0 1 0 0 0 0 0 0
1.7622309923171997 -1.851973056793213 -25.614437103271484 0.3179438624434939 0.9481095402613102 0 0 0 1 0 0 0 0 0 0
2.039769411087036 -1.8767991065979004 -25.308197021484375 -0.14462216239069883 0.9894869529940443 0 0 0 1 0 0 0 0 0 0
2.2985928058624268 -1.7735810279846191 -25.001953125 -0.5759949402590318 0.8174532578661575 0 0 0 1 0 0 0 0 0 0
2.482877016067505 -1.564577579498291 -24.69571304321289 -0.8831356201577335 0.4691177639022163 0 0 0 1 0 0 0 0 0 0
2.5528805255889893 -1.2948670387268066 -24.389469146728516 -0.9998078863304373 0.01960077629746021 0 0 0 1 0 0 0 0 0 0
2.4935009479522705 -1.0226197242736816 -24.083229064941406 -0.9008421089974185 -0.43414685839826517 0 0 0 1 0 0 0 0 0 0
2.3175480365753174 -0.8065552711486816 -23.77698516845703 -0.607589609072668 -0.7942511359431111 0 0 0 1 0 0 0 0 0 0
2.0629703998565674 -0.693270206451416 -23.470741271972656 -0.18329602803112613 -0.9830577633628721 0 0 0 1 0 0 0 0 0 0
1.7846728563308716 -0.7072014808654785 -23.164501190185547 0.28053677732625426 -0.9598432770861084 0 0 0 1 0 0 0 0 0 0
1.5426799058914185 -0.845339298248291 -22.858257293701172 0.6838537920247222 -0.7296190726217401 0 0 0 1 0 0 0 0 0 0
1.389180302619934 -1.077894687652588 -22.552017211914062 0.93969248736894 -0.3420205098855549 0 0 0 1 0 0 0 0 0 0
1.359547734260559 -1.3715424537658691 -22.162254333496094 0.989078105256376 0.147392339361507 0 0 0 1 0 0 0 0 0 0
1.483430027961731 -1.6566147804260254 -21.837451934814453 0.7826083836689306 0.6225143514900713 0 0 0 1 0 0 0 0 0 0
1.7333232164382935 -1.8414483070373535 -21.512649536132812 0.36611921210958337 0.9305679569619071 0 0 0 1 0 0 0 0 0 0
2.0421688556671143 -1.8764443397521973 -21.187847137451172 -0.1486167567389379 0.9888948678279199 0 0 0 1 0 0 0 0 0 0
2.32708477973938 -1.7522072792053223 -20.86304473876953 -0.6234820134495489 0.7818376934536326 0 0 0 1 0 0 0 0 0 0
2.5116093158721924 -1.5020852088928223 -20.53824234008789 -0.9310211199643987 0.3649653054472943 0 0 0 1 0 0 0 0 0 0
2.546220064163208 -1.1931939125061035 -20.21343994140625 -0.9887071433587226 -0.14986055075113713 0 0 0 1 0 0 0 0 0 0
2.4309818744659424 -0.9204354286193848 -19.82367706298828 -0.7966432057513108 -0.6044498347508044 0 0 0 1 0 0 0 0 0 0
2.19183087348938 -0.7326912879943848 -19.49237823486328 -0.3980642584877304 -0.917357534505829 0 0 0 1 0 0 0 0 0 0
1.8913546800613403 -0.686281681060791 -19.16107940673828 0.10273914308715912 -0.994708333371002 0 0 0 1 0 0 0 0 0 0
1.6067057847976685 -0.793123722076416 -18.82978057861328 0.5771522307950913 -0.8166365792004725 0 0 0 1 0 0 0 0 0 0
1.4109774827957153 -1.0257821083068848 -18.49848175048828 0.9033648859430692 -0.42887280497259955 0 0 0 1 0 0 0 0 0 0
1.3544245958328247 -1.3245186805725098 -18.16718292236328 0.9976150611883812 0.06902310982636527 0 0 0 1 0 0 0 0 0 0
1.4515734910964966 -1.6126198768615723 -17.83588409423828 0.8356966522638204 0.5491913194826038 0 0 0 1 0 0 0 0 0 0
1.6774760484695435 -1.8161072731018066 -17.504589080810547 0.459200699311366 0.8883325490783013 0 0 0 1 0 0 0 0 0 0
1.9741259813308716 -1.882734775543213 -17.173290252685547 -0.035218500101385386 0.9993796361996821 0 0 0 1 0 0 0 0 0 0
2.2653515338897705 -1.7953896522521973 -16.841991424560547 -0.5205924630093849 0.8538052983308444 0 0 0 1 0 0 0 0 0 0
2.4763691425323486 -1.5765023231506348 -16.510692596435547 -0.8722895439197701 0.48898972542195535 0 0 0 1 0 0 0 0 0 0
2.552994966506958 -1.2822785377502441 -16.179393768310547 -0.9999990477707031 -0.00138002090089417 0 0 0 1 0 0 0 0 0 0
2.4755566120147705 -0.9882645606994629 -15.848095893859863 -0.8709353765190414 -0.4913975680929196 0 0 0 1 0 0 0 0 0 0
2.263932466506958 -0.769960880279541 -15.516797065734863 -0.518226371097323 -0.8552434906500602 0 0 0 1 0 0 0 0 0 0
1.9724704027175903 -0.6834244728088379 -15.185498237609863 -0.032458584498236395 -0.9994730813245402 0 0 0 1 0 0 0 0 0 0
1.6760035753250122 -0.7508683204650879 -14.854199409484863 0.46165510354230477 -0.8870595049788621 0 0 0 1 0 0 0 0 0 0
1.4506655931472778 -0.9549851417541504 -14.522900581359863 0.8372162002198881 -0.5468720454451592 0 0 0 1 0 0 0 0 0 0
1.3543139696121216 -1.2433533668518066 -14.191605567932129 0.9978028950645275 -0.06625241581140898 0 0 0 1 0 0 0 0 0 0
1.4116908311843872 -1.5419297218322754 -13.860306739807129 0.9021733314099242 0.4313737127975223 0 0 0 1 0 0 0 0 0 0
1.6080600023269653 -1.7740464210510254 -13.529007911682129 0.5748951725618197 0.8182270715181182 0 0 0 1 0 0 0 0 0 0
1.8930026292800903 -1.880098819732666 -13.197709083557129 0.09999026586935489 0.9949884153754636 0 0 0 1 0 0 0 0 0 0
2.3036434650421143 -1.7699799537658691 -12.80794620513916 -0.5844134893536541 0.8114560206576118 0 0 0 1 0 0 0 0 0 0
2.48608136177063 -1.5584626197814941 -12.504796028137207 -0.8884731053877638 0.45892868836304396 0 0 0 1 0 0 0 0 0 0
2.5529797077178955 -1.2872681617736816 -12.20164966583252 -0.9999759612036949 0.006933759063178201 0 0 0 1 0 0 0 0 0 0
2.4898464679718018 -1.015169620513916 -11.898499488830566 -0.8947500854119665 -0.44656722299702933 0 0 0 1 0 0 0 0 0 0
2.31036114692688 -0.8011422157287598 -11.595349311828613 -0.5956090328526167 -0.8032744736292636 0 0 0 1 0 0 0 0 0 0
2.0534260272979736 -0.6915726661682129 -11.292202949523926 -0.16738788003555685 -0.9858911185405831 0 0 0 1 0 0 0 0 0 0
1.7747241258621216 -0.7102036476135254 -10.989052772521973 0.29711974591775303 -0.9548402256847842 0 0 0 1 0 0 0 0 0 0
1.534657597541809 -0.852999210357666 -10.68590259552002 0.697227060734035 -0.71685035103582 0 0 0 1 0 0 0 0 0 0
1.385254979133606 -1.0890107154846191 -10.382756233215332 0.9462297042481486 -0.3234955127949402 0 0 0 1 0 0 0 0 0 0
1.3589030504226685 -1.3670907020568848 -10.079606056213379 0.9901546602976221 0.13997767211559228 0 0 0 1 0 0 0 0 0 0
1.4936801195144653 -1.6691498756408691 -9.68984317779541 0.7655235922628122 0.6434078253246845 0 0 0 1 0 0 0 0 0 0
1.7277194261550903 -1.8392090797424316 -9.3600435256958 0.3754571631144909 0.9268397481042872 0 0 0 1 0 0 0 0 0 0
2.014134645462036 -1.8799843788146973 -9.030243873596191 -0.10189768484212496 0.9947948842971676 0 0 0 1 0 0 0 0 0 0
2.2863361835479736 -1.7819886207580566 -8.700444221496582 -0.5555672660996951 0.8314715947273907 0 0 0 1 0 0 0 0 0 0
2.4810383319854736 -1.5680108070373535 -8.370644569396973 -0.8800723356376341 0.4748396403474752 0 0 0 1 0 0 0 0 0 0
2.55297589302063 -1.2877984046936035 -8.040844917297363 -0.9999694221596318 0.007820149981433738 0 0 0 1 0 0 0 0 0 0
2.485429048538208 -1.0064911842346191 -7.711044788360596 -0.8873859268131244 -0.46102734939915657 0 0 0 1 0 0 0 0 0 0
2.2940914630889893 -0.7894959449768066 -7.381245136260986 -0.5684933146187267 -0.8226878820268435 0 0 0 1 0 0 0 0 0 0
2.0234577655792236 -0.687258243560791 -7.051449298858643 -0.11743721339710764 -0.9930803093957317 0 0 0 1 0 0 0 0 0 0
1.736439824104309 -0.7235512733459473 -6.721645832061768 0.3609270574732262 -0.9325940484389329 0 0 0 1 0 0 0 0 0 0
1.4997683763504028 -0.8899331092834473 -6.391849994659424 0.7553791458864816 -0.6552879870406672 0 0 0 1 0 0 0 0 0 0
1.368470311164856 -1.1477227210998535 -6.062046527862549 0.9742106734583115 -0.2256403415169884 0 0 0 1 0 0 0 0 0 0
1.3730632066726685 -1.4369874000549316 -5.732250690460205 0.9665520794186193 0.2564704228006479 0 0 0 1 0 0 0 0 0 0
1.5124865770339966 -1.6904778480529785 -5.402454853057861 0.734184585000388 0.6789499209424862 0 0 0 1 0 0 0 0 0 0
1.8930026292800903 -1.880098819732666 -5.012691974639893 0.09999026586935489 0.9949884153754636 0 0 0 1 0 0 0 0 0 0
2.1945011615753174 -1.8323578834533691 -4.680668354034424 -0.4025073639395856 0.9154167477026003 0 0 0 1 0 0 0 0 0 0
2.433488130569458 -1.6424469947814941 -4.348644733428955 -0.8008232264753612 0.5989007930680943 0 0 0 1 0 0 0 0 0 0
2.5481083393096924 -1.359529972076416 -4.016628742218018 -0.991854354632219 0.12737715335610308 0 0 0 1 0 0 0 0 0 0
2.5086910724639893 -1.0568299293518066 -3.684605360031128 -0.9261616025508678 -0.37712688310488834 0 0 0 1 0 0 0 0 0 0
2.3254406452178955 -0.8127007484436035 -3.3525893688201904 -0.6207437513151711 -0.784013517232432 0 0 0 1 0 0 0 0 0 0
2.0457890033721924 -0.6903252601623535 -3.0205657482147217 -0.15465204991693862 -0.9879689992385838 0 0 0 1 0 0 0 0 0 0
1.7421199083328247 -0.7213845252990723 -2.688549757003784 0.3514566286262178 -0.9362041648031123 0 0 0 1 0 0 0 0 0 0
1.493031620979309 -0.8978371620178223 -2.3565261363983154 0.7666085462216586 -0.6421147380802866 0 0 0 1 0 0 0 0 0 0
1.362996220588684 -1.1740097999572754 -2.024510145187378 0.9833305540818648 -0.1818268995749883 0 0 0 1 0 0 0 0 0 0
1.3856745958328247 -1.4784188270568848 -1.6924864053726196 0.9455353780124379 0.32551935261498044 0 0 0 1 0 0 0 0 0 0
1.5551921129226685 -1.7322754859924316 -1.3604627847671509 0.6630068619071497 0.7486133187861633 0 0 0 1 0 0 0 0 0 0
1.8276759386062622 -1.869875431060791 -1.0284467935562134 0.20886396461390855 0.9779447041043577 0 0 0 1 0 0 0 0 0 0
2.132596254348755 -1.8555970191955566 -0.6964231729507446 -0.29932825798010815 0.9541501946625561 0 0 0 1 0 0 0 0 0 0
2.3910305500030518 -1.6931366920471191 -0.3644072115421295 -0.7300586758473108 0.6833844670608715 0 0 0 1 0 0 0 0 0 0
2.5360844135284424 -1.4245514869689941 -0.03238357603549957 -0.9718142849303633 0.23574773722198636 0 0 0 1 0 0 0 0 0 0
2.530217409133911 -1.1193528175354004 0.29963240027427673 -0.9620366765016601 -0.2729201954155097 0 0 0 1 0 0 0 0 0 0
2.374943971633911 -0.856539249420166 0.6316560506820679 -0.7032479674248463 -0.7109446506675624 0 0 0 1 0 0 0 0 0 0
2.1104557514190674 -0.7041382789611816 0.9636720418930054 -0.2624394996574445 -0.9649484488922453 0 0 0 1 0 0 0 0 0 0
1.8052111864089966 -0.7015900611877441 1.2956956624984741 0.24630357490066768 -0.9691927305707319 0 0 0 1 0 0 0 0 0 0
1.5382205247879028 -0.8495621681213379 1.6277192831039429 0.691293461067846 -0.7225741143196581 0 0 0 1 0 0 0 0 0 0
1.3785830736160278 -1.1097512245178223 1.9597352743148804 0.9573506668758397 -0.2889285389718102 0 0 0 1 0 0 0 0 0 0
1.3676272630691528 -1.414808750152588 2.2917587757110596 0.9756118585012395 0.2195028508966506 0 0 0 1 0 0 0 0 0 0
1.5081835985183716 -1.6857781410217285 2.623774766921997 0.7413518155947483 0.6711165960653711 0 0 0 1 0 0 0 0 0 0
1.7638713121414185 -1.852522373199463 2.955798387527466 0.31520435160602356 0.9490238230564216 0 0 0 1 0 0 0 0 0 0
2.0685131549835205 -1.8718819618225098 3.2878143787384033 -0.1925309769866415 0.9812908961671709 0 0 0 1 0 0 0 0 0 0
2.3432514667510986 -1.7388482093811035 3.619837999343872 -0.6504254053826728 0.7595701363487019 0 0 0 1 0 0 0 0 0 0
2.5169804096221924 -1.4878525733947754 3.9518539905548096 -0.9399737900733004 0.34124664683368666 0 0 0 1 0 0 0 0 0 0
2.546220064163208 -1.1931939125061035 4.341617107391357 -0.9887071433587226 -0.14986055075113713 0 0 0 1 0 0 0 0 0 0
2.422410249710083 -0.9094109535217285 4.666423320770264 -0.7823596177927602 -0.622826965093168 0 0 0 1 0 0 0 0 0 0
2.173600435256958 -0.7251343727111816 4.991221904754639 -0.3676794236701922 -0.9299526017005142 0 0 0 1 0 0 0 0 0 0
1.866047978401184 -0.6894402503967285 5.316028118133545 0.14491384633696805 -0.9894442769250958 0 0 0 1 0 0 0 0 0 0
1.5816470384597778 -0.811830997467041 5.64082670211792 0.6189135511950931 -0.7854591116965155 0 0 0 1 0 0 0 0 0 0
1.3961306810379028 -1.0597176551818848 5.965632915496826 0.9281063666194136 -0.3723151517740189 0 0 0 1 0 0 0 0 0 0
1.3589030504226685 -1.3670907020568848 6.290431499481201 0.9901546602976221 0.13997767211559228 0 0 0 1 0 0 0 0 0 0
1.4936801195144653 -1.6691498756408691 6.68019437789917 0.7655235922628122 0.6434078253246845 0 0 0 1 0 0 0 0 0 0
1.722565770149231 -1.8370957374572754 7.005000591278076 0.38404968115107135 0.9233124294667329 0 0 0 1 0 0 0 0 0 0
2.0030415058135986 -1.8810181617736816 7.329799175262451 -0.08341815857399602 0.9965146315133178 0 0 0 1 0 0 0 0 0 0
2.2723095417022705 -1.7910828590393066 7.654605388641357 -0.5321926844672364 0.8466232613149469 0 0 0 1 0 0 0 0 0 0
2.4700939655303955 -1.5874238014221191 7.979403972625732 -0.8618297873646141 0.5071976119926673 0 0 0 1 0 0 0 0 0 0
2.5521137714385986 -1.3156380653381348 8.30420970916748 -0.9985293663245701 0.05421350927077376 0 0 0 1 0 0 0 0 0 0
2.500005006790161 -1.0365700721740723 8.629008293151855 -0.911680555793747 -0.4108997008852701 0 0 0 1 0 0 0 0 0 0
2.32543683052063 -0.8126931190490723 8.953814506530762 -0.6207382910168847 -0.7840178403999727 0 0 0 1 0 0 0 0 0 0
2.0674870014190674 -0.6941323280334473 9.278613090515137 -0.19082491351246783 -0.9816240891415406 0 0 0 1 0 0 0 0 0 0
1.783906102180481 -0.7074265480041504 9.603419303894043 0.2818176356013257 -0.9594679881393012 0 0 0 1 0 0 0 0 0 0
1.538178563117981 -0.8496003150939941 9.928217887878418 0.6913566278439969 -0.7225136767814 0 0 0 1 0 0 0 0 0 0
1.3853198289871216 -1.0888237953186035 10.253024101257324 0.9461217483445298 -0.3238111136287485 0 0 0 1 0 0 0 0 0 0
1.359547734260559 -1.3715424537658691 10.5778226852417 0.989078105256376 0.147392339361507 0 0 0 1 0 0 0 0 0 0
1.5124865770339966 -1.6904778480529785 10.967585563659668 0.734184585000388 0.6789499209424862 0 0 0 1 0 0 0 0 0 0
1.7720271348953247 -1.855165958404541 11.301669120788574 0.30160922915247845 0.9534316298980475 0 0 0 1 0 0 0 0 0 0
2.0790607929229736 -1.8697152137756348 11.63575267791748 -0.21010984503477545 0.9776777858883073 0 0 0 1 0 0 0 0 0 0
2.353013277053833 -1.7303071022033691 11.969836235046387 -0.6666935140542525 0.74533197859611 0 0 0 1 0 0 0 0 0 0
2.521977663040161 -1.4735283851623535 12.303919792175293 -0.9483011376392212 0.3173719463849297 0 0 0 1 0 0 0 0 0 0
2.5416080951690674 -1.1667733192443848 12.6380033493042 -0.9810234862798297 -0.19388893564968765 0 0 0 1 0 0 0 0 0 0
2.4067585468292236 -0.8905510902404785 12.972079277038574 -0.7562692443509579 -0.6542605215423221 0 0 0 1 0 0 0 0 0 0
2.1528141498565674 -0.7173600196838379 13.30616283416748 -0.33303431908953374 -0.9429147057441466 0 0 0 1 0 0 0 0 0 0
1.8464289903640747 -0.6926445960998535 13.640246391296387 0.1776076789370737 -0.9841013730213902 0 0 0 1 0 0 0 0 0 0
1.568013310432434 -0.8229012489318848 13.974329948425293 0.6416322576778785 -0.7670124157451355 0 0 0 1 0 0 0 0 0 0
1.3906337022781372 -1.0739426612854004 14.3084135055542 0.9372691729292374 -0.3486065080811647 0 0 0 1 0 0 0 0 0 0
1.3608485460281372 -1.3798775672912598 14.642497062683105 0.986908436676325 0.16128154766461095 0 0 0 1 0 0 0 0 0 0
1.4864779710769653 -1.660414218902588 14.976580619812012 0.777530111100771 0.6288457094801733 0 0 0 1 0 0 0 0 0 0
1.7345439195632935 -1.8419251441955566 15.310656547546387 0.36408246933439364 0.9313667137724916 0 0 0 1 0 0 0 0 0 0
2.0399410724639893 -1.876772403717041 15.644740104675293 -0.14491418959010718 0.9894442266522366 0 0 0 1 0 0 0 0 0 0
2.3180439472198486 -1.7592759132385254 16.034503936767578 -0.6084145843104833 0.7936193631699656 0 0 0 1 0 0 0 0 0 0
2.509549379348755 -1.507265567779541 16.380962371826172 -0.9275880801602593 0.37360454165414547 0 0 0 1 0 0 0 0 0 0
2.546170473098755 -1.1928696632385254 16.727420806884766 -0.9886251847969839 -0.15040027920562415 0 0 0 1 0 0 0 0 0 0
2.4177143573760986 -0.9035859107971191 17.073871612548828 -0.7745318527489073 -0.6325349073982754 0 0 0 1 0 0 0 0 0 0
2.1599323749542236 -0.7199234962463379 17.420330047607422 -0.34489412617029463 -0.9386415938648942 0 0 0 1 0 0 0 0 0 0
1.8445597887039185 -0.6929879188537598 17.766788482666016 0.18072749484567402 -0.9835332086954699 0 0 0 1 0 0 0 0 0 0
1.5593615770339966 -0.8302788734436035 18.113239288330078 0.6560570415726239 -0.7547113078541863 0 0 0 1 0 0 0 0 0 0
1.3837138414382935 -1.0935883522033691 18.459697723388672 0.9488032802411479 -0.3158675915690589 0 0 0 1 0 0 0 0 0 0
1.3664904832839966 -1.409639835357666 18.806156158447266 0.9775105238238313 0.2108866420939435 0 0 0 1 0 0 0 0 0 0
1.5124865770339966 -1.6904778480529785 19.152606964111328 0.734184585000388 0.6789499209424862 0 0 0 1 0 0 0 0 0 0
1.8930026292800903 -1.880098819732666 19.542369842529297 0.09999026586935489 0.9949884153754636 0 0 0 1 0 0 0 0 0 0
2.1839611530303955 -1.8368706703186035 19.854183197021484 -0.3849459742975761 0.9229391078896213 0 0 0 1 0 0 0 0 0 0
2.4194042682647705 -1.6605477333068848 20.16598892211914 -0.7773493727535603 0.6290691159798312 0 0 0 1 0 0 0 0 0 0
2.542752504348755 -1.393507480621338 20.477802276611328 -0.9829259990080826 0.18400130563113593 0 0 0 1 0 0 0 0 0 0
2.52435040473938 -1.0999360084533691 20.789615631103516 -0.9522601271010128 -0.3052878155668233 0 0 0 1 0 0 0 0 0 0
2.3686306476593018 -0.8503861427307129 21.101421356201172 -0.6927256486624664 -0.7212012033303642 0 0 0 1 0 0 0 0 0 0
2.113011598587036 -0.7048401832580566 21.41323471069336 -0.26669471224631636 -0.9637810594008656 0 0 0 1 0 0 0 0 0 0
1.8189364671707153 -0.698275089263916 21.725040435791016 0.2234285669157899 -0.9747203062858373 0 0 0 1 0 0 0 0 0 0
1.5570803880691528 -0.8322739601135254 22.036853790283203 0.6598530905549874 -0.751394635917127 0 0 0 1 0 0 0 0 0 0
1.3903781175613403 -1.074629306793213 22.34866714477539 0.9376942072727098 -0.34746161463851527 0 0 0 1 0 0 0 0 0 0
1.3589030504226685 -1.3670907020568848 22.660472869873047 0.9901546602976221 0.13997767211559228 0 0 0 1 0 0 0 0 0 0
1.4936801195144653 -1.6691498756408691 23.050235748291016 0.7655235922628122 0.6434078253246845 0 0 0 1 0 0 0 0 0 0
1.7215930223464966 -1.8366875648498535 23.369136810302734 0.3856691304450021 0.9226371561029808 0 0 0 1 0 0 0 0 0 0
2.0009396076202393 -1.8811898231506348 23.688030242919922 -0.07990699762051832 0.9968023232974904 0 0 0 1 0 0 0 0 0 0
2.269627809524536 -1.792757511138916 24.00693130493164 -0.5277177911137849 0.849419762509672 0 0 0 1 0 0 0 0 0 0
2.467942476272583 -1.591047763824463 24.325824737548828 -0.858246369652118 0.5132379262865909 0 0 0 1 0 0 0 0 0 0
2.551804780960083 -1.3208985328674316 24.644725799560547 -0.9980143242410694 0.06298736865151278 0 0 0 1 0 0 0 0 0 0
2.5025722980499268 -1.0423493385314941 24.963619232177734 -0.915963845049255 -0.40126080616300486 0 0 0 1 0 0 0 0 0 0
2.3311893939971924 -0.8173089027404785 25.282512664794922 -0.6303269038971752 -0.7763298230928666 0 0 0 1 0 0 0 0 0 0
2.075749635696411 -0.6957993507385254 25.60141372680664 -0.20459267404821285 -0.9788471983541669 0 0 0 1 0 0 0 0 0 0
1.7930270433425903 -0.7048249244689941 25.920307159423828 0.2666131080958929 -0.9638036369465761 0 0 0 1 0 0 0 0 0 0
1.545857548713684 -0.8423829078674316 26.239208221435547 0.6785652390008358 -0.7345401394203988 0 0 0 1 0 0 0 0 0 0
1.389180302619934 -1.077894687652588 26.558101654052734 0.93969248736894 -0.3420205098855549 0 0 0 1 0 0 0 0 0 0
1.359547734260559 -1.3715424537658691 26.947864532470703 0.989078105256376 0.147392339361507 0 0 0 1 0 0 0 0 0 0
1.470826268196106 -1.640200138092041 27.25967788696289 0.8036084689002793 0.5951583223914026 0 0 0 1 0 0 0 0 0 0
1.6953593492507935 -1.8249764442443848 27.571483612060547 0.4293895434182744 0.9031193830292017 0 0 0 1 0 0 0 0 0 0
1.980408787727356 -1.882479190826416 27.883296966552734 -0.04568655505761173 0.9989558241919247 0 0 0 1 0 0 0 0 0 0
2.2590153217315674 -1.7992005348205566 28.195110321044922 -0.5100339521881119 0.8601542696606085 0 0 0 1 0 0 0 0 0 0
2.465745210647583 -1.5946946144104004 28.506916046142578 -0.8545826707215016 0.5193153751840067 0 0 0 1 0 0 0 0 0 0
2.552037477493286 -1.3170037269592285 28.818729400634766 -0.9984031115756901 0.05649094437146549 0 0 0 1 0 0 0 0 0 0
2.497624635696411 -1.0313515663146973 29.130535125732422 -0.9077129431342964 -0.41959172163720476 0 0 0 1 0 0 0 0 0 0
2.3152859210968018 -0.8048310279846191 29.44234848022461 -0.6038185887217055 -0.797121767306682 0 0 0 1 0 0 0 0 0 0
2.04784893989563 -0.6906533241271973 29.754161834716797 -0.15808623612242875 -0.9874253095544206 0 0 0 1 0 0 0 0 0 0
1.7581340074539185 -0.7156319618225098 30.065967559814453 0.32476775274411745 -0.9457937971764965 0 0 0 1 0 0 0 0 0 0
1.514191746711731 -0.8738999366760254 30.37778091430664 0.7313376450910333 -0.6820155781745032 0 0 0 1 0 0 0 0 0 0
1.3733149766921997 -1.1282868385314941 30.689586639404297 0.9661361718023269 -0.25803274508314844 0 0 0 1 0 0 0 0 0 0
1.3685961961746216 -1.4190354347229004 31.001399993896484 0.9739996216139429 0.226549634949819 0 0 0 1 0 0 0 0 0 0
1.5011416673660278 -1.677858829498291 31.313213348388672 0.7530866162934834 0.657921384634693 0 0 0 1 0 0 0 0 0 0
1.7398234605789185 -1.8439621925354004 31.625019073486328 0.35528325052826726 0.9347586917991555 0 0 0 1 0 0 0 0 0 0
2.0399410724639893 -1.876772403717041 32.0147819519043 -0.14491418959010718 0.9894442266522366 0 0 0 1 0 0 0 0 0 0
2.3234989643096924 -1.7550454139709473 32.34458541870117 -0.6175073522945627 0.786565108469832 0 0 0 1 0 0 0 0 0 0
2.5090572834014893 -1.508486270904541 32.674381256103516 -0.9267677722637139 0.3756347911114639 0 0 0 1 0 0 0 0 0 0
2.5475285053253174 -1.2023110389709473 33.00418472290039 -0.9908919886402904 -0.1346590763687712 0 0 0 1 0 0 0 0 0 0
2.4287426471710205 -0.9175095558166504 33.333980560302734 -0.792912944880439 -0.6093349340395885 0 0 0 1 0 0 0 0 0 0
2.184117555618286 -0.7294068336486816 33.66377639770508 -0.3852056342951478 -0.9228307641747066 0 0 0 1 0 0 0 0 0 0
1.878358006477356 -0.6877655982971191 33.99357986450195 0.12439237478379198 -0.9922331062283946 0 0 0 1 0 0 0 0 0 0
1.5923396348953247 -0.8035988807678223 34.3233757019043 0.6010944789065911 -0.7991779698089869 0 0 0 1 0 0 0 0 0 0
1.4017192125320435 -1.0462632179260254 34.65317916870117 0.9187918213211103 -0.39474243383937946 0 0 0 1 0 0 0 0 0 0
1.3569155931472778 -1.351576328277588 34.982975006103516 0.9934673783832133 0.114116467209537 0 0 0 1 0 0 0 0 0 0
1.469777226448059 -1.638777256011963 35.31277847290039 0.8053625496640772 0.5927825601336267 0 0 0 1 0 0 0 0 0 0
1.7104579210281372 -1.8319001197814941 35.642574310302734 0.4042262821626355 0.9146590145015646 0 0 0 1 0 0 0 0 0 0
2.0152904987335205 -1.879866123199463 35.97237777709961 -0.10382656209880442 0.9945954177467052 0 0 0 1 0 0 0 0 0 0
2.3036434650421143 -1.7699799537658691 36.30217361450195 -0.5844134893536541 0.8114560206576118 0 0 0 1 0 0 0 0 0 0
2.5169804096221924 -1.4878525733947754 36.69193649291992 -0.9399737900733004 0.34124664683368666 0 0 0 1 0 0 0 0 0 0
2.548569917678833 -1.2103829383850098 37.00374984741211 -0.9926271879856516 -0.12120753141491557 0 0 0 1 0 0 0 0 0 0
2.4511425495147705 -0.9486680030822754 37.315555572509766 -0.8302421223446598 -0.55740292274497 0 0 0 1 0 0 0 0 0 0
2.2458012104034424 -0.7594056129455566 37.62736892700195 -0.4880122066897618 -0.8728368038309274 0 0 0 1 0 0 0 0 0 0
1.9770289659500122 -0.6835885047912598 37.93918228149414 -0.04005451632326412 -0.9991974958546029 0 0 0 1 0 0 0 0 0 0
1.7030497789382935 -0.7376465797424316 38.2509880065918 0.416577056263388 -0.9091004104030148 0 0 0 1 0 0 0 0 0 0
1.483216404914856 -0.9098687171936035 38.562801361083984 0.782966029779944 -0.6220644630668369 0 0 0 1 0 0 0 0 0 0
1.3651515245437622 -1.1629433631896973 38.87460708618164 0.9797403064858423 -0.20027214446105018 0 0 0 1 0 0 0 0 0 0
1.3744288682937622 -1.442049503326416 39.18642044067383 0.9642738455639274 0.26490743810122624 0 0 0 1 0 0 0 0 0 0
1.5090419054031372 -1.6867241859436035 39.498233795166016 0.7399212891645751 0.672693456071213 0 0 0 1 0 0 0 0 0 0
1.7398310899734497 -1.843966007232666 39.81003952026367 0.3552697209817652 0.9347638339995504 0 0 0 1 0 0 0 0 0 0
2.0167934894561768 -1.8797059059143066 40.12185287475586 -0.10632905235960677 0.9943309975175812 0 0 0 1 0 0 0 0 0 0
2.2799389362335205 -1.7862038612365723 40.433658599853516 -0.5449086860720594 0.8384953928574812 0 0 0 1 0 0 0 0 0 0
2.472256898880005 -1.5837197303771973 40.7454719543457 -0.8654393437488386 0.5010137146741391 0 0 0 1 0 0 0 0 0 0
2.5520870685577393 -1.3161110877990723 41.05728530883789 -0.9984857937072971 0.05501017873729552 0 0 0 1 0 0 0 0 0 0
2.5021374225616455 -1.041353702545166 41.36909103393555 -0.91523461145068 -0.4029213397211957 0 0 0 1 0 0 0 0 0 0
2.1993229389190674 -0.7360024452209473 41.758853912353516 -0.41054754153237116 -0.911839194234228 0 0 0 1 0 0 0 0 0 0
1.9498111009597778 -0.6831154823303223 42.0706672668457 0.005306899508128403 -0.9999859183096583 0 0 0 1 0 0 0 0 0 0
1.7008792161941528 -0.7386460304260254 42.38247299194336 0.4201884137111198 -0.9074368831951526 0 0 0 1 0 0 0 0 0 0
1.4975024461746216 -0.8925614356994629 42.69428634643555 0.7591512586931178 -0.6509142542798206 0 0 0 1 0 0 0 0 0 0
1.3764315843582153 -1.117048740386963 43.006099700927734 0.9609375063988228 -0.27676544003182985 0 0 0 1 0 0 0 0 0 0
1.359547734260559 -1.3715424537658691 43.31790542602539 0.989078105256376 0.147392339361507 0 0 0 1 0 0 0 0 0 0
1.5124865770339966 -1.6904778480529785 43.70766830444336 0.734184585000388 0.6789499209424862 0 0 0 1 0 0 0 0 0 0
1.770905613899231 -1.8548073768615723 44.02656936645508 0.30348289593478106 0.9528368862901135 0 0 0 1 0 0 0 0 0 0
2.0767605304718018 -1.8702034950256348 44.345462799072266 -0.20627453871880508 0.9784941566899336 0 0 0 1 0 0 0 0 0 0
2.350377321243286 -1.732649326324463 44.66435623168945 -0.6623048853803881 0.7492344351411452 0 0 0 1 0 0 0 0 0 0
2.5204670429229736 -1.4779839515686035 44.98325729370117 -0.945783457895416 0.32479786140211864 0 0 0 1 0 0 0 0 0 0
2.54272198677063 -1.172548770904541 45.30215072631836 -0.9828773941657261 -0.18426076098288552 0 0 0 1 0 0 0 0 0 0
2.411343812942505 -0.8959145545959473 45.62105178833008 -0.7639120402150289 -0.6453203815272786 0 0 0 1 0 0 0 0 0 0
2.160557985305786 -0.7201523780822754 45.939945220947266 -0.3459367202302749 -0.938257846008399 0 0 0 1 0 0 0 0 0 0
1.8556987047195435 -0.6910500526428223 46.258846282958984 0.16215886138757593 -0.9867646647876508 0 0 0 1 0 0 0 0 0 0
1.5761882066726685 -0.8161835670471191 46.57773971557617 0.6280087784029472 -0.778206254311052 0 0 0 1 0 0 0 0 0 0
1.3948413133621216 -1.062960147857666 46.89664077758789 0.9302541072983952 -0.36691592477632484 0 0 0 1 0 0 0 0 0 0
1.3589030504226685 -1.3670907020568848 47.21553421020508 0.9901546602976221 0.13997767211559228 0 0 0 1 0 0 0 0 0 0
1.4936801195144653 -1.6691498756408691 47.60529708862305 0.7655235922628122 0.6434078253246845 0 0 0 1 0 0 0 0 0 0
1.7398120164871216 -1.8439583778381348 47.93938064575195 0.3553028572665807 0.934751239431221 0 0 0 1 0 0 0 0 0 0
2.0399105548858643 -1.8767800331115723 48.27346420288086 -0.1448576602902939 0.989452504294785 0 0 0 1 0 0 0 0 0 0
2.318009614944458 -1.7593064308166504 48.607547760009766 -0.6083521629246899 0.7936672135503972 0 0 0 1 0 0 0 0 0 0
2.503697633743286 -1.5212769508361816 48.94162368774414 -0.9178389177748639 0.39695304636426043 0 0 0 1 0 0 0 0 0 0
2.549973726272583 -1.2229561805725098 49.27570724487305 -0.9949624841800034 -0.10024796793130729 0 0 0 1 0 0 0 0 0 0
2.445115327835083 -0.9398598670959473 49.60979080200195 -0.8201995548827334 -0.5720775211194421 0 0 0 1 0 0 0 0 0 0
2.2156689167022705 -0.7436623573303223 49.94387435913086 -0.4377957350899985 -0.8990744654015081 0 0 0 1 0 0 0 0 0 0
1.919728398323059 -0.6840310096740723 50.277957916259766 0.05544764929652257 -0.9984615957499265 0 0 0 1 0 0 0 0 0 0
1.6322070360183716 -0.7760605812072754 50.61204147338867 0.5346412220344323 -0.8450791464126474 0 0 0 1 0 0 0 0 0 0
1.4258967638015747 -0.9964585304260254 50.94612503051758 0.8784990204953685 -0.4777441480423153 0 0 0 1 0 0 0 0 0 0
1.353028416633606 -1.2894234657287598 51.28020095825195 0.9999446203427684 0.01052407941611145 0 0 0 1 0 0 0 0 0 0
1.4320460557937622 -1.5807862281799316 51.61428451538086 0.8682459038775885 0.4961341052576301 0 0 0 1 0 0 0 0 0 0
1.6429492235183716 -1.7967934608459473 51.948368072509766 0.5167445180070828 0.8561396516396305 0 0 0 1 0 0 0 0 0 0
1.932343602180481 -1.8827500343322754 52.28245162963867 0.03442208737703762 0.9994073843536517 0 0 0 1 0 0 0 0 0 0
2.2269680500030518 -1.8169045448303223 52.61653518676758 -0.45661774757911183 0.889662988212828 0 0 0 1 0 0 0 0 0 0
2.4522297382354736 -1.615919589996338 52.950618743896484 -0.8320554726403516 0.5546924286929118 0 0 0 1 0 0 0 0 0 0
2.5511066913604736 -1.3306794166564941 53.28470230102539 -0.996851598581655 0.07928991364101112 0 0 0 1 0 0 0 0 0 0
2.498563051223755 -1.0333962440490723 53.618778228759766 -0.9092801940818458 -0.416184488719223 0 0 0 1 0 0 0 0 0 0
2.3079044818878174 -0.7993302345275879 53.95286178588867 -0.5915149248981831 -0.8062940491053476 0 0 0 1 0 0 0 0 0 0
2.0273945331573486 -0.6877388954162598 54.28694534301758 -0.12400055756057764 -0.9922821482444728 0 0 0 1 0 0 0 0 0 0
1.7280513048171997 -0.726870059967041 54.621028900146484 0.3749067437359169 -0.9270625294451997 0 0 0 1 0 0 0 0 0 0
1.4856539964675903 -0.9068169593811035 54.95511245727539 0.7789023364313363 -0.627145238602515 0 0 0 1 0 0 0 0 0 0
1.3615695238113403 -1.1820282936096191 55.2891960144043 0.9857078107384302 -0.16846397789809947 0 0 0 1 0 0 0 0 0 0
1.3872119188308716 -1.4828286170959473 55.6232795715332 0.942973761730067 0.33286706759402745 0 0 0 1 0 0 0 0 0 0
1.5560885667800903 -1.7330689430236816 55.95735549926758 0.6615121617860238 0.7499344370071169 0 0 0 1 0 0 0 0 0 0
1.8254443407058716 -1.8693909645080566 56.291439056396484 0.2125814938201095 0.9771433408078934 0 0 0 1 0 0 0 0 0 0
2.127091646194458 -1.8572945594787598 56.62552261352539 -0.29016184294386593 0.9569775885042551 0 0 0 1 0 0 0 0 0 0
2.3846676349639893 -1.699831485748291 56.959598541259766 -0.7194509496758482 0.6945432535202687 0 0 0 1 0 0 0 0 0 0
2.53295636177063 -1.436872959136963 57.2936897277832 -0.9666022946748769 0.25628110334018406 0 0 0 1 0 0 0 0 0 0
2.5344250202178955 -1.1349854469299316 57.62776565551758 -0.9690491207025373 -0.24686798428641807 0 0 0 1 0 0 0 0 0 0
2.3886959552764893 -0.8705964088439941 57.961856842041016 -0.7261684582600536 -0.6875168145058104 0 0 0 1 0 0 0 0 0 0
2.132664918899536 -0.7106385231018066 58.29593276977539 -0.29945343170698885 -0.9541109171573857 0 0 0 1 0 0 0 0 0 0
1.831147313117981 -0.6956086158752441 58.63002395629883 0.20307601358539357 -0.9791629755593627 0 0 0 1 0 0 0 0 0 0
1.5604792833328247 -0.8293099403381348 58.9640998840332 0.654194259876772 -0.7563265632941121 0 0 0 1 0 0 0 0 0 0
1.389180302619934 -1.077894687652588 59.29817581176758 0.93969248736894 -0.3420205098855549 0 0 0 1 0 0 0 0 0 0
1.359547734260559 -1.3715424537658691 59.68794631958008 0.989078105256376 0.147392339361507 0 0 0 1 0 0 0 0 0 0
1.4924060106277466 -1.6676316261291504 60.04227066040039 0.7676452745653388 0.640874974107669 0 0 0 1 0 0 0 0 0 0
1.760010838508606 -1.8512253761291504 60.396610260009766 0.32163500050128835 0.9468637317230693 0 0 0 1 0 0 0 0 0 0
2.084073305130005 -1.8686127662658691 60.75093460083008 -0.21846979340595626 0.9758437115487085 0 0 0 1 0 0 0 0 0 0
2.369786500930786 -1.7147126197814941 61.10525894165039 -0.6946573828729392 0.7193407540381114 0 0 0 1 0 0 0 0 0 0
2.5335705280303955 -1.4345459938049316 61.459598541259766 -0.9676239442509686 0.2523963203222229 0 0 0 1 0 0 0 0 0 0
2.5275051593780518 -1.1100754737854004 61.81392288208008 -0.9575166251655202 -0.28837807221013284 0 0 0 1 0 0 0 0 0 0
2.3533642292022705 -0.8362221717834473 62.16826248168945 -0.6672794432641057 -0.7448074547137302 0 0 0 1 0 0 0 0 0 0
2.0620968341827393 -0.6931099891662598 62.522586822509766 -0.1818377483333826 -0.9833285479843681 0 0 0 1 0 0 0 0 0 0
1.738911747932434 -0.7226014137268066 62.87691116333008 0.35680981128343614 -0.9341770488359682 0 0 0 1 0 0 0 0 0 0
1.4783564805984497 -0.9160676002502441 63.23125076293945 0.791066087081269 -0.6117306971780395 0 0 0 1 0 0 0 0 0 0
1.3566561937332153 -1.2169137001037598 63.585575103759766 0.9938957694031617 -0.11032315968325664 0 0 0 1 0 0 0 0 0 0
1.4094172716140747 -1.537123203277588 63.93989944458008 0.9059611618143547 0.42336080744913634 0 0 0 1 0 0 0 0 0 0
1.6212016344070435 -1.783022403717041 64.29423522949219 0.5529901994687711 0.8331877575261705 0 0 0 1 0 0 0 0 0 0
1.930054783821106 -1.8826699256896973 64.6485595703125 0.03823663626124502 0.9992687124329598 0 0 0 1 0 0 0 0 0 0
2.2456181049346924 -1.8069138526916504 65.00288391113281 -0.48770492683189604 0.8730085362377018 0 0 0 1 0 0 0 0 0 0
2.475571870803833 -1.5779175758361816 65.35722351074219 -0.870960000849459 0.4913539222600248 0 0 0 1 0 0 0 0 0 0
2.552647829055786 -1.2626748085021973 65.7115478515625 -0.9994200663484674 -0.034051886585399135 0 0 0 1 0 0 0 0 0 0
2.4542934894561768 -0.9534096717834473 66.06588745117188 -0.8354966524866502 -0.5494955356357337 0 0 0 1 0 0 0 0 0 0
2.2092831134796143 -0.7405991554260254 66.42021179199219 -0.427149007452226 -0.904181245897402 0 0 0 1 0 0 0 0 0 0
1.8892947435379028 -0.6864991188049316 66.7745361328125 0.10617221795568883 -0.9943477561368406 0 0 0 1 0 0 0 0 0 0
1.5879451036453247 -0.8069367408752441 67.12887573242188 0.6084145843104833 -0.7936193631699656 0 0 0 1 0 0 0 0 0 0
1.3933879137039185 -1.0666794776916504 67.48320007324219 0.9326774697764075 -0.3607114322716682 0 0 0 1 0 0 0 0 0 0
1.3625460863113403 -1.3897385597229004 67.8375244140625 0.9840810484824896 0.17772025775809638 0 0 0 1 0 0 0 0 0 0
1.5044413805007935 -1.6816048622131348 68.19186401367188 0.7475900440139442 0.6641604671246466 0 0 0 1 0 0 0 0 0 0
1.7775622606277466 -1.856886386871338 68.54618835449219 0.2923855677978169 0.9563005174857683 0 0 0 1 0 0 0 0 0 0
2.1020023822784424 -1.8643097877502441 68.9005126953125 -0.24834700686911407 0.9686711331402169 0 0 0 1 0 0 0 0 0 0
2.3828556537628174 -1.7017006874084473 69.25485229492188 -0.7164353263272382 0.6976535122755304 0 0 0 1 0 0 0 0 0 0
2.537949800491333 -1.4166321754455566 69.60917663574219 -0.9749230158287361 0.22254238519302807 0 0 0 1 0 0 0 0 0 0
2.5219128131866455 -1.092501163482666 69.9635009765625 -0.9481997466597434 -0.3176747400005203 0 0 0 1 0 0 0 0 0 0
2.3394405841827393 -0.824129581451416 70.31784057617188 -0.6440728628814136 -0.7649641477218002 0 0 0 1 0 0 0 0 0 0
2.043912172317505 -0.690035343170166 70.67216491699219 -0.151522137641842 -0.9884538642771582 0 0 0 1 0 0 0 0 0 0
1.7217875719070435 -0.7294449806213379 71.02650451660156 0.3853442200977273 -0.9227729038269786 0 0 0 1 0 0 0 0 0 0
1.4673014879226685 -0.9308266639709473 71.38082885742188 0.8094879286684037 -0.5871365201894168 0 0 0 1 0 0 0 0 0 0
1.3589030504226685 -1.3670907020568848 71.77058410644531 0.9901546602976221 0.13997767211559228 0 0 0 1 0 0 0 0 0 0
2.534440279006958 1.4149489402770996 71.77058410644531 -0.9690753229690029 -0.2467651077695605 0 0 0 -1 0 0 0 0 0 0
2.4740993976593018 0.9694876670837402 71.38082885742188 -0.868507459013595 0.4956760975049621 0 0 0 -1 0 0 0 0 0 0
2.2486202716827393 0.7447752952575684 71.03208923339844 -0.4927096406527199 0.870193777274848 0 0 0 -1 0 0 0 0 0 0
1.9399234056472778 0.6670355796813965 70.68336486816406 0.021788604497296298 0.9997626001776924 0 0 0 -1 0 0 0 0 0 0
1.634907841682434 0.7581496238708496 70.33462524414062 0.5301431499066176 0.8479081557616307 0 0 0 -1 0 0 0 0 0 0
1.4194308519363403 0.9924674034118652 69.98588562011719 0.8892754161108027 0.4573720961109875 0 0 0 -1 0 0 0 0 0 0
1.354146122932434 1.3040366172790527 69.63714599609375 0.9980817185499478 -0.06191028263853292 0 0 0 -1 0 0 0 0 0 0
1.457429051399231 1.6051459312438965 69.28842163085938 0.8259438201025041 -0.563752433284755 0 0 0 -1 0 0 0 0 0 0
1.7002116441726685 1.8110442161560059 68.93968200683594 0.42130875274523755 -0.9069172701301107 0 0 0 -1 0 0 0 0 0 0
2.0141499042510986 1.863767147064209 68.5909423828125 -0.10191989117866847 -0.9947926094328045 0 0 0 -1 0 0 0 0 0 0
2.3108723163604736 1.7484793663024902 68.24221801757812 -0.5964595022396401 -0.8026431723923406 0 0 0 -1 0 0 0 0 0 0
2.5068562030792236 1.4976248741149902 67.89347839355469 -0.9231018169541215 -0.384555633863294 0 0 0 -1 0 0 0 0 0 0
2.54693341255188 1.1818251609802246 67.54473876953125 -0.9898975918408023 0.14178419399841566 0 0 0 -1 0 0 0 0 0 0
2.4198238849639893 0.8899703025817871 67.19599914550781 -0.7780510649080721 0.628201035016192 0 0 0 -1 0 0 0 0 0 0
2.1613056659698486 0.7042136192321777 66.84727478027344 -0.3471820710111139 0.9377977444888816 0 0 0 -1 0 0 0 0 0 0
1.8441516160964966 0.676846981048584 66.49853515625 0.1814005860309571 0.983409287828636 0 0 0 -1 0 0 0 0 0 0
1.5576335191726685 0.8155722618103027 66.14979553222656 0.6589326368948267 0.7522019542880958 0 0 0 -1 0 0 0 0 0 0
1.3824092149734497 1.0813384056091309 65.80107116699219 0.9509769134449253 0.30926187947233824 0 0 0 -1 0 0 0 0 0 0
1.3677951097488403 1.399339199066162 65.45233154296875 0.9753313959998433 -0.22074570885296288 0 0 0 -1 0 0 0 0 0 0
1.5179110765457153 1.6800551414489746 65.10359191894531 0.7251363990893848 -0.6886052589950796 0 0 0 -1 0 0 0 0 0 0
1.790497899055481 1.844468593597412 64.75485229492188 0.27083200294760534 -0.9626266286465321 0 0 0 -1 0 0 0 0 0 0
2.0865108966827393 1.8518500328063965 64.36509704589844 -0.2225186229758043 -0.9749284396451628 0 0 0 -1 0 0 0 0 0 0
2.363602876663208 1.7043890953063965 64.03102111816406 -0.6843459592696735 -0.7291574644967097 0 0 0 -1 0 0 0 0 0 0
2.52831768989563 1.4371962547302246 63.69693374633789 -0.9588725573209859 -0.28383695815857507 0 0 0 -1 0 0 0 0 0 0
2.53558087348938 1.1233954429626465 63.362857818603516 -0.9709800951780536 0.23916031185800407 0 0 0 -1 0 0 0 0 0 0
2.3834049701690674 0.8488669395446777 63.02876663208008 -0.7173481097380741 0.6967149269645455 0 0 0 -1 0 0 0 0 0 0
2.1134350299835205 0.6887412071228027 62.6946907043457 -0.26739734473546767 0.9635863531767257 0 0 0 -1 0 0 0 0 0 0
1.7995578050613403 0.6868453025817871 62.360599517822266 0.2557312720236839 0.9667479074242409 0 0 0 -1 0 0 0 0 0 0
1.5276728868484497 0.8436903953552246 62.02652359008789 0.7088716754114311 0.7053374708601482 0 0 0 -1 0 0 0 0 0 0
1.3721858263015747 1.1163573265075684 61.692447662353516 0.9680142590013473 0.2508951860241096 0 0 0 -1 0 0 0 0 0 0
1.3756533861160278 1.430222988128662 61.35835647583008 0.9622370472901801 -0.27221290348232163 0 0 0 -1 0 0 0 0 0 0
1.5371257066726685 1.699388027191162 61.0242805480957 0.6931203756965504 -0.7208218537157935 0 0 0 -1 0 0 0 0 0 0
1.8124133348464966 1.8501906394958496 60.690189361572266 0.23430088979195562 -0.9721641286545694 0 0 0 -1 0 0 0 0 0 0
2.1261723041534424 1.841355800628662 60.35611343383789 -0.2886291550999292 -0.9574409698912519 0 0 0 -1 0 0 0 0 0 0
2.3925373554229736 1.6753058433532715 60.02202224731445 -0.7325708711060018 -0.6806907659187054 0 0 0 -1 0 0 0 0 0 0
2.538609743118286 1.3974814414978027 59.68794631958008 -0.976026549739675 -0.21765149713077014 0 0 0 -1 0 0 0 0 0 0
2.516812562942505 1.0616812705993652 59.29817581176758 -0.93969248736894 0.3420205098855549 0 0 0 -1 0 0 0 0 0 0
2.3522465229034424 0.8190093040466309 58.97476577758789 -0.6654189126292308 0.7464701405383419 0 0 0 -1 0 0 0 0 0 0
2.0923359394073486 0.6832976341247559 58.65134048461914 -0.23223681860307133 0.9726592723482999 0 0 0 -1 0 0 0 0 0 0
1.7991496324539185 0.6869521141052246 58.32791519165039 0.25640475048664035 0.9665695028956189 0 0 0 -1 0 0 0 0 0 0
1.5427027940750122 0.8291029930114746 58.0045051574707 0.6838190786892053 0.7296516070157363 0 0 0 -1 0 0 0 0 0 0
1.3842402696609497 1.0757994651794434 57.68107986450195 0.9479243732600375 0.3184954985232365 0 0 0 -1 0 0 0 0 0 0
1.3616000413894653 1.3681349754333496 57.3576545715332 0.985661785915163 -0.16873305481301448 0 0 0 -1 0 0 0 0 0 0
1.4801875352859497 1.636289119720459 57.034244537353516 0.7880139976229112 -0.6156573231517336 0 0 0 -1 0 0 0 0 0 0
1.711690068244934 1.8162322044372559 56.710819244384766 0.4021674028870973 -0.9155661527465109 0 0 0 -1 0 0 0 0 0 0
2.0008175373077393 1.8649840354919434 56.387393951416016 -0.07970543637512584 -0.9968184606096793 0 0 0 -1 0 0 0 0 0 0
2.2785236835479736 1.7709097862243652 56.06398391723633 -0.5425476987304544 -0.8400249964151592 0 0 0 -1 0 0 0 0 0 0
2.478490114212036 1.5564665794372559 55.74055862426758 -0.8758297394623047 -0.48262021038637776 0 0 0 -1 0 0 0 0 0 0
2.552964448928833 1.272874355316162 55.41714096069336 -0.9999503665731 -0.00996315162601446 0 0 0 -1 0 0 0 0 0 0
2.4841625690460205 0.9878554344177246 55.09372329711914 -0.8852805871018761 0.46505728905217436 0 0 0 -1 0 0 0 0 0 0
2.28851056098938 0.769467830657959 54.77029800415039 -0.5591868629935254 0.8290416468763561 0 0 0 -1 0 0 0 0 0 0
2.0127346515655518 0.6698737144470215 54.44688034057617 -0.09956405254810045 0.9950311550098313 0 0 0 -1 0 0 0 0 0 0
1.7226916551589966 0.7128539085388184 54.12346267700195 0.38384008795029895 0.9233995813743401 0 0 0 -1 0 0 0 0 0 0
1.4876490831375122 0.8881392478942871 53.8000373840332 0.7755749058712172 0.6312555468135331 0 0 0 -1 0 0 0 0 0 0
1.3637362718582153 1.1538786888122559 53.476619720458984 0.9821005165193518 0.18835757338748677 0 0 0 -1 0 0 0 0 0 0
1.3805400133132935 1.4466032981872559 53.153202056884766 0.954089668957922 -0.2995211237755411 0 0 0 -1 0 0 0 0 0 0
1.5340548753738403 1.6964125633239746 52.829776763916016 0.6982387432275818 -0.7158649715246355 0 0 0 -1 0 0 0 0 0 0
1.7876139879226685 1.8436522483825684 52.5063591003418 0.27563233378115787 -0.9612631359697262 0 0 0 -1 0 0 0 0 0 0
2.0806705951690674 1.8531508445739746 52.18294143676758 -0.2127920206037442 -0.9770975160992763 0 0 0 -1 0 0 0 0 0 0
2.3432323932647705 1.7226500511169434 51.85951614379883 -0.6503948992986798 -0.7595962578674675 0 0 0 -1 0 0 0 0 0 0
2.5126049518585205 1.4833083152770996 51.53609848022461 -0.9326850188225898 -0.36069191239048487 0 0 0 -1 0 0 0 0 0 0
2.54833722114563 1.1922850608825684 51.21268081665039 -0.9922386444771839 0.12434819020026265 0 0 0 -1 0 0 0 0 0 0
2.4418957233428955 0.9190764427185059 50.88925552368164 -0.8148304869982241 0.5796992991700413 0 0 0 -1 0 0 0 0 0 0
2.2187016010284424 0.7289328575134277 50.56583786010742 -0.44284155852791246 0.8965998851441871 0 0 0 -1 0 0 0 0 0 0
1.9320536851882935 0.6672568321228027 50.2424201965332 0.034904342816112585 0.9993906577773155 0 0 0 -1 0 0 0 0 0 0
1.6504069566726685 0.7487807273864746 49.91899490356445 0.5043125376317581 0.8635212008905262 0 0 0 -1 0 0 0 0 0 0
1.4410182237625122 0.9540343284606934 49.595577239990234 0.8532909857609862 0.5214350329801827 0 0 0 -1 0 0 0 0 0 0
1.3538981676101685 1.2339987754821777 49.272151947021484 0.9984956717041261 0.05483058989401724 0 0 0 -1 0 0 0 0 0 0
1.4098445177078247 1.5218214988708496 48.948734283447266 0.9052502426114575 -0.4248788041923217 0 0 0 -1 0 0 0 0 0 0
1.5955020189285278 1.748765468597412 48.62531661987305 0.595816344710428 -0.8031207153198731 0 0 0 -1 0 0 0 0 0 0
1.8665324449539185 1.8606314659118652 48.3018913269043 0.14410525098612395 -0.9895623662196469 0 0 0 -1 0 0 0 0 0 0
2.1582119464874268 1.8307089805603027 47.97847366333008 -0.3420304170462392 -0.9396888813938238 0 0 0 -1 0 0 0 0 0 0
2.4008800983428955 1.6661391258239746 47.65505599975586 -0.7464757135588871 -0.665412660735239 0 0 0 -1 0 0 0 0 0 0
2.5365917682647705 1.4062285423278809 47.33163070678711 -0.9726618066873782 -0.232226203972862 0 0 0 -1 0 0 0 0 0 0
2.532933473587036 1.1130423545837402 47.00821304321289 -0.9665667222244707 0.25641523255891596 0 0 0 -1 0 0 0 0 0 0
2.390782594680786 0.8565993309020996 46.68479537963867 -0.7296463605176987 0.6838246767873155 0 0 0 -1 0 0 0 0 0 0
2.1440823078155518 0.6981368064880371 46.36137008666992 -0.3184820295907159 0.9479288986141198 0 0 0 -1 0 0 0 0 0 0
1.8517504930496216 0.6754965782165527 46.0379524230957 0.1687439550468631 0.985659919868482 0 0 0 -1 0 0 0 0 0 0
1.5835963487625122 0.7940878868103027 45.714534759521484 0.6156627663730764 0.7880097449282278 0 0 0 -1 0 0 0 0 0 0
1.403657078742981 1.025590419769287 45.391109466552734 0.9155643380721349 0.40217153411266343 0 0 0 -1 0 0 0 0 0 0
1.3549052476882935 1.3147177696228027 45.067691802978516 0.996818488466797 -0.07970508798545924 0 0 0 -1 0 0 0 0 0 0
1.4489833116531372 1.592423915863037 44.7442741394043 0.8400216937802519 -0.5425528121561592 0 0 0 -1 0 0 0 0 0 0
1.663422703742981 1.7923903465270996 44.42084884643555 0.4826154678884454 -0.875832352767821 0 0 0 -1 0 0 0 0 0 0
1.9470149278640747 1.8668646812438965 44.09743118286133 0.00996303984859335 -0.9999503676868045 0 0 0 -1 0 0 0 0 0 0
2.350011110305786 1.7167601585388184 43.70766830444336 -0.6616910259238478 -0.7497766242100681 0 0 0 -1 0 0 0 0 0 0
2.507706880569458 1.4955763816833496 43.382869720458984 -0.9245169913716033 -0.3811408304881524 0 0 0 -1 0 0 0 0 0 0
2.551701784133911 1.2275176048278809 43.05806350708008 -0.9978444291688274 0.06562389181340131 0 0 0 -1 0 0 0 0 0 0
2.472977876663208 0.9675345420837402 42.7332649230957 -0.8666402455190573 0.4989335475257885 0 0 0 -1 0 0 0 0 0 0
2.287675142288208 0.7689070701599121 42.4084587097168 -0.5577981547982485 0.829976637324009 0 0 0 -1 0 0 0 0 0 0
2.033768892288208 0.6723532676696777 42.08366012573242 -0.1346248748820809 0.9908966359126385 0 0 0 -1 0 0 0 0 0 0
1.7633105516433716 0.6976675987243652 41.758853912353516 0.3161402502463746 0.9487124654889697 0 0 0 -1 0 0 0 0 0 0
1.433747410774231 0.9662566184997559 41.36909103393555 0.8654114340890511 0.5010619220694507 0 0 0 -1 0 0 0 0 0 0
1.353242039680481 1.2496771812438965 41.04652786254883 0.9995880682623889 0.02870006598364826 0 0 0 -1 0 0 0 0 0 0
1.417359471321106 1.5372519493103027 40.72396469116211 0.892728859621576 -0.45059425562113053 0 0 0 -1 0 0 0 0 0 0
1.6106387376785278 1.759629726409912 40.40140151977539 0.570593649069311 -0.8212325417576731 0 0 0 -1 0 0 0 0 0 0
1.8864680528640747 1.8631949424743652 40.0788459777832 0.11088344618731656 -0.9938334173097745 0 0 0 -1 0 0 0 0 0 0
2.1783459186553955 1.822965145111084 39.756282806396484 -0.37559233832371564 -0.926784977970901 0 0 0 -1 0 0 0 0 0 0
2.415879487991333 1.648648738861084 39.433719635009766 -0.7714769492325736 -0.6362572724950193 0 0 0 -1 0 0 0 0 0 0
2.541795015335083 1.3822760581970215 39.11115646362305 -0.9813349287332201 -0.1923064160348413 0 0 0 -1 0 0 0 0 0 0
2.525731325149536 1.0880827903747559 38.78859329223633 -0.9545603977069262 0.29801752822543015 0 0 0 -1 0 0 0 0 0 0
2.3715603351593018 0.837003231048584 38.46603012084961 -0.6976080439654581 0.7164795998454442 0 0 0 -1 0 0 0 0 0 0
2.1164562702178955 0.6895880699157715 38.14346694946289 -0.27243535556699616 0.9621740887371081 0 0 0 -1 0 0 0 0 0 0
1.8219348192214966 0.6813826560974121 37.82090377807617 0.21843774049938644 0.9758508869317702 0 0 0 -1 0 0 0 0 0 0
1.5590182542800903 0.8143630027770996 37.49834060668945 0.656632758299208 0.7542104618263881 0 0 0 -1 0 0 0 0 0 0
1.3911067247390747 1.0564665794372559 37.175777435302734 0.9364844726640151 0.3507090424542847 0 0 0 -1 0 0 0 0 0 0
1.3586817979812622 1.3493094444274902 36.85322189331055 0.9905207895058102 -0.13736289730777532 0 0 0 -1 0 0 0 0 0 0
1.4695712327957153 1.622281551361084 36.53065872192383 0.8057042412292367 -0.5923180527936152 0 0 0 -1 0 0 0 0 0 0
1.6970301866531372 1.8095526695251465 36.20809555053711 0.42660897846914375 -0.9044361666195763 0 0 0 -1 0 0 0 0 0 0
1.9862109422683716 1.8659720420837402 35.88553237915039 -0.055358167157851204 -0.9984665609467968 0 0 0 -1 0 0 0 0 0 0
2.267380952835083 1.7779326438903809 35.56296920776367 -0.5239728472911769 -0.8517349677579152 0 0 0 -1 0 0 0 0 0 0
2.472745180130005 1.5666594505310059 35.24040603637695 -0.866249086678884 -0.4996123695706495 0 0 0 -1 0 0 0 0 0 0
2.5527775287628174 1.2831053733825684 34.917842864990234 -0.9996349780623153 -0.02701685833612866 0 0 0 -1 0 0 0 0 0 0
2.4881794452667236 0.9956374168395996 34.595279693603516 -0.8919702075558474 0.45209418137461005 0 0 0 -1 0 0 0 0 0 0
2.294530153274536 0.7735838890075684 34.2727165222168 -0.5692303984699794 0.8221780545950546 0 0 0 -1 0 0 0 0 0 0
2.018521547317505 0.6704802513122559 33.95016098022461 -0.1092126758200055 0.9940184059866468 0 0 0 -1 0 0 0 0 0 0
1.726716160774231 0.7111983299255371 33.62759780883789 0.3771308019546897 0.9261600068114649 0 0 0 -1 0 0 0 0 0 0
1.489472508430481 0.8859114646911621 33.30503463745117 0.7725406912881652 0.634965259131556 0 0 0 -1 0 0 0 0 0 0
1.364003300666809 1.152493953704834 32.98247146606445 0.9816547252714264 0.19066725034016754 0 0 0 -1 0 0 0 0 0 0
1.3805590867996216 1.4466605186462402 32.659908294677734 0.9540609947503557 -0.2996124468308382 0 0 0 -1 0 0 0 0 0 0
1.5351496934890747 1.6974806785583496 32.337345123291016 0.6964075760090773 -0.7176464924161207 0 0 0 -1 0 0 0 0 0 0
1.790497899055481 1.844468593597412 32.0147819519043 0.27083200294760534 -0.9626266286465321 0 0 0 -1 0 0 0 0 0 0
2.0865108966827393 1.8518500328063965 31.625019073486328 -0.2225186229758043 -0.9749284396451628 0 0 0 -1 0 0 0 0 0 0
2.3518764972686768 1.715104579925537 31.300220489501953 -0.6648017578724263 -0.7470198275345387 0 0 0 -1 0 0 0 0 0 0
2.518498659133911 1.4674086570739746 30.975414276123047 -0.9425063088207791 -0.33418835681847187 0 0 0 -1 0 0 0 0 0 0
2.545132875442505 1.170072078704834 30.650615692138672 -0.9868935621028828 0.16137254128222467 0 0 0 -1 0 0 0 0 0 0
2.4251835346221924 0.8967070579528809 30.325809478759766 -0.7869847992370067 0.6169723865537972 0 0 0 -1 0 0 0 0 0 0
2.1883480548858643 0.7149786949157715 30.00101089477539 -0.3922517523385313 0.9198579035847609 0 0 0 -1 0 0 0 0 0 0
1.893250584602356 0.6698737144470215 29.676204681396484 0.09957481387886039 0.9950300781589422 0 0 0 -1 0 0 0 0 0 0
1.6129428148269653 0.7725615501403809 29.35140609741211 0.5667535535866057 0.8238873767068859 0 0 0 -1 0 0 0 0 0 0
1.4168139696121216 0.997617244720459 29.026599884033203 0.8936336809212442 0.44879710819383406 0 0 0 -1 0 0 0 0 0 0
1.353413701057434 1.289334774017334 28.701801300048828 0.9993001395656868 -0.037406297116911985 0 0 0 -1 0 0 0 0 0 0
1.4384394884109497 1.5754942893981934 28.376995086669922 0.8575928959936981 -0.5143291015888001 0 0 0 -1 0 0 0 0 0 0
1.6508456468582153 1.7852606773376465 28.052196502685547 0.5035828907673033 -0.8639469151090514 0 0 0 -1 0 0 0 0 0 0
1.9380427598953247 1.8667082786560059 27.72739028930664 0.0249187485643099 -0.9996894797735888 0 0 0 -1 0 0 0 0 0 0
2.2289440631866455 1.7996726036071777 27.402591705322266 -0.45991364814059527 -0.8879636457952593 0 0 0 -1 0 0 0 0 0 0
2.45153546333313 1.6007475852966309 27.07778549194336 -0.83089545939735 -0.5564285538619195 0 0 0 -1 0 0 0 0 0 0
2.5507137775421143 1.319180965423584 26.752986907958984 -0.9961948134623793 -0.08715442404522764 0 0 0 -1 0 0 0 0 0 0
2.501927614212036 1.0246672630310059 26.428180694580078 -0.9148881859209994 0.4037073287199318 0 0 0 -1 0 0 0 0 0 0
2.3172543048858643 0.7901167869567871 26.103382110595703 -0.6070993951912085 0.7946259021441905 0 0 0 -1 0 0 0 0 0 0
2.0424129962921143 0.6735930442810059 25.778575897216797 -0.14903094637869 0.98883253234381 0 0 0 -1 0 0 0 0 0 0
1.7454348802566528 0.7039389610290527 25.453777313232422 0.3459367202302749 0.938257846008399 0 0 0 -1 0 0 0 0 0 0
1.499837040901184 0.8736395835876465 25.128971099853516 0.755264312999051 0.655420336509382 0 0 0 -1 0 0 0 0 0 0
1.3664180040359497 1.1406912803649902 24.80417251586914 0.9776291882461807 0.21033585117405348 0 0 0 -1 0 0 0 0 0 0
1.378205418586731 1.438981533050537 24.479366302490234 0.9579873283847787 -0.28681052744659535 0 0 0 -1 0 0 0 0 0 0
1.532277226448059 1.6946730613708496 24.15456771850586 0.7011975612006175 -0.7129670260021191 0 0 0 -1 0 0 0 0 0 0
1.790497899055481 1.844468593597412 23.829761505126953 0.27083200294760534 -0.9626266286465321 0 0 0 -1 0 0 0 0 0 0
2.088944673538208 1.8512892723083496 23.504962921142578 -0.22658156634483761 -0.9739921939074869 0 0 0 -1 0 0 0 0 0 0
2.3537380695343018 1.7134413719177246 23.180156707763672 -0.6679065548310908 -0.7442451437622305 0 0 0 -1 0 0 0 0 0 0
2.5193264484405518 1.4650511741638184 22.855358123779297 -0.9438879138800885 -0.33026596256819196 0 0 0 -1 0 0 0 0 0 0
2.544724702835083 1.1676077842712402 22.53055191040039 -0.9862135170572737 0.165477789366193 0 0 0 -1 0 0 0 0 0 0
2.4236385822296143 0.894742488861084 22.205753326416016 -0.7844049280450995 0.6202490700182969 0 0 0 -1 0 0 0 0 0 0
2.1860477924346924 0.7140021324157715 21.88094711303711 -0.38842412886543143 0.9214807084877743 0 0 0 -1 0 0 0 0 0 0
1.8907634019851685 0.6701292991638184 21.556148529052734 0.10371522674745934 0.994607033828297 0 0 0 -1 0 0 0 0 0 0
1.6108866930007935 0.7739806175231934 21.231342315673828 0.5701844797051489 0.8215166821820288 0 0 0 -1 0 0 0 0 0 0
1.4156962633132935 0.9998526573181152 20.906543731689453 0.8954994538573635 0.44506261148423104 0 0 0 -1 0 0 0 0 0 0
1.3535128831863403 1.2918295860290527 20.581737518310547 0.9991361038405574 -0.041557742988651857 0 0 0 -1 0 0 0 0 0 0
1.439728856086731 1.577634334564209 20.256938934326172 0.8554418713474534 -0.5178988364010552 0 0 0 -1 0 0 0 0 0 0
1.653004765510559 1.7865118980407715 19.932132720947266 0.49998727184445535 -0.8660327522637574 0 0 0 -1 0 0 0 0 0 0
1.940541386604309 1.8667654991149902 19.60733413696289 0.02075638471130721 -0.9997845630403164 0 0 0 -1 0 0 0 0 0 0
2.2311604022979736 1.7985167503356934 19.282527923583984 -0.46360824988238897 -0.8860402872561657 0 0 0 -1 0 0 0 0 0 0
2.4529201984405518 1.5986685752868652 18.95772933959961 -0.8332066962090251 -0.552961663582966 0 0 0 -1 0 0 0 0 0 0
2.5509235858917236 1.3166899681091309 18.632923126220703 -0.9965501673651724 -0.08299255342768243 0 0 0 -1 0 0 0 0 0 0
2.50091290473938 1.022386074066162 18.308124542236328 -0.9131993257209898 0.407513179544821 0 0 0 -1 0 0 0 0 0 0
2.3152668476104736 0.7886061668395996 17.983318328857422 -0.6037864007627418 0.7971461486164089 0 0 0 -1 0 0 0 0 0 0
2.0399410724639893 0.6732268333435059 17.658519744873047 -0.14491418959010718 0.9894442266522366 0 0 0 -1 0 0 0 0 0 0
1.743092656135559 0.7048048973083496 17.33371353149414 0.3498406880258568 0.9368092084312551 0 0 0 -1 0 0 0 0 0 0
1.4982043504714966 0.8755316734313965 17.008914947509766 0.7579848145962482 0.6522721984275361 0 0 0 -1 0 0 0 0 0 0
1.365895390510559 1.1431326866149902 16.68410873413086 0.9784946340719867 0.20627227417258293 0 0 0 -1 0 0 0 0 0 0
1.378926396369934 1.441373348236084 16.359310150146484 0.9567827882045801 -0.2908035353902519 0 0 0 -1 0 0 0 0 0 0
1.5340625047683716 1.6964240074157715 16.034503936767578 0.6982217772030026 -0.7158815194146867 0 0 0 -1 0 0 0 0 0 0
1.790497899055481 1.844468593597412 15.644740104675293 0.27083200294760534 -0.9626266286465321 0 0 0 -1 0 0 0 0 0 0
2.0787250995635986 1.8535704612731934 15.332934379577637 -0.20955054295714393 -0.9777978164970333 0 0 0 -1 0 0 0 0 0 0
2.3379108905792236 1.7271552085876465 15.02112102508545 -0.641528673184561 -0.7670990558474549 0 0 0 -1 0 0 0 0 0 0
2.5081799030303955 1.4944205284118652 14.709315299987793 -0.925309075565501 -0.3792138112939952 0 0 0 -1 0 0 0 0 0 0
2.550206422805786 1.2091307640075684 14.397501945495605 -0.9953556333400463 0.09626610607184431 0 0 0 -1 0 0 0 0 0 0
2.45428204536438 0.9371809959411621 14.085688591003418 -0.8354795745502472 0.5495215014076681 0 0 0 -1 0 0 0 0 0 0
2.2425663471221924 0.7413954734802246 13.773882865905762 -0.4826154678884454 0.875832352767821 0 0 0 -1 0 0 0 0 0 0
1.963959813117981 0.6669936180114746 13.462069511413574 -0.01827690259089341 0.9998329634652395 0 0 0 -1 0 0 0 0 0 0
1.682820439338684 0.7311644554138184 13.150263786315918 0.45028961948090374 0.8928825558760473 0 0 0 -1 0 0 0 0 0 0
1.4640895128250122 0.9190840721130371 12.83845043182373 0.81483955696661 0.5796865501307223 0 0 0 -1 0 0 0 0 0 0
1.3582926988601685 1.1873488426208496 12.526637077331543 0.9911733346311462 0.13257232258723622 0 0 0 -1 0 0 0 0 0 0
1.3898669481277466 1.473985195159912 12.214831352233887 0.9385473422619913 -0.3451505270645727 0 0 0 -1 0 0 0 0 0 0
1.5515223741531372 1.712785243988037 11.9030179977417 0.6691178254387681 -0.7431563332705268 0 0 0 -1 0 0 0 0 0 0
1.8059130907058716 1.8485846519470215 11.591212272644043 0.24514037278363476 -0.9694875953984665 0 0 0 -1 0 0 0 0 0 0
2.0942776203155518 1.850022792816162 11.279398918151855 -0.235467401568266 -0.9718822473935249 0 0 0 -1 0 0 0 0 0 0
2.350011110305786 1.7167601585388184 10.967585563659668 -0.6616910259238478 -0.7497766242100681 0 0 0 -1 0 0 0 0 0 0
2.538609743118286 1.3974814414978027 10.5778226852417 -0.976026549739675 -0.21765149713077014 0 0 0 -1 0 0 0 0 0 0
2.534440279006958 1.118833065032959 10.258929252624512 -0.9690753229690029 0.2467651077695605 0 0 0 -1 0 0 0 0 0 0
2.4048359394073486 0.8721251487731934 9.940028190612793 -0.7530657847086013 0.6579452286484176 0 0 0 -1 0 0 0 0 0 0
2.1777546405792236 0.7105803489685059 9.621134757995605 -0.3746034753309806 0.9271851143487752 0 0 0 -1 0 0 0 0 0 0
1.9021884202957153 0.6690497398376465 9.302241325378418 0.08467587735958644 0.9964085486352395 0 0 0 -1 0 0 0 0 0 0
1.6375819444656372 0.7564864158630371 8.9833402633667 0.5256877819798239 0.8506775863258258 0 0 0 -1 0 0 0 0 0 0
1.4410182237625122 0.9540343284606934 8.664446830749512 0.8532909857609862 0.5214350329801827 0 0 0 -1 0 0 0 0 0 0
1.3549052476882935 1.2190756797790527 8.345545768737793 0.9968193798310994 0.07969393950070684 0 0 0 -1 0 0 0 0 0 0
1.3978129625320435 1.494431972503662 8.026652336120605 0.9253035251363889 -0.3792273544592638 0 0 0 -1 0 0 0 0 0 0
1.5604945421218872 1.720700740814209 7.707751750946045 0.6541694539969652 -0.7563480187435626 0 0 0 -1 0 0 0 0 0 0
1.8078471422195435 1.8490729331970215 7.388858318328857 0.2419072727357802 -0.9702993720484089 0 0 0 -1 0 0 0 0 0 0
2.0865108966827393 1.8518500328063965 7.069957256317139 -0.2225186229758043 -0.9749284396451628 0 0 0 -1 0 0 0 0 0 0
2.3500072956085205 1.7167601585388184 6.68019437789917 -0.6616910259238478 -0.7497766242100681 0 0 0 -1 0 0 0 0 0 0
2.522965669631958 1.4543356895446777 6.346118450164795 -0.9499501510530962 -0.31240152130583465 0 0 0 -1 0 0 0 0 0 0
2.539525270462036 1.1404738426208496 6.012034893035889 -0.9775518198822362 0.21069513389000682 0 0 0 -1 0 0 0 0 0 0
2.3951427936553955 0.8613028526306152 5.677951335906982 -0.7369119160280391 0.675988778025112 0 0 0 -1 0 0 0 0 0 0
2.1294376850128174 0.6934218406677246 5.343867778778076 -0.29406850372953286 0.955784345505969 0 0 0 -1 0 0 0 0 0 0
1.8153163194656372 0.6829009056091309 5.00978422164917 0.22946455550529812 0.9733170181224388 0 0 0 -1 0 0 0 0 0 0
1.538972020149231 0.8326277732849121 4.675700664520264 0.6900425320553962 0.7237688194130619 0 0 0 -1 0 0 0 0 0 0
1.3762370347976685 1.1015143394470215 4.341617107391357 0.961262283565907 0.275635306507816 0 0 0 -1 0 0 0 0 0 0
1.3687106370925903 1.4033255577087402 3.9518539905548096 0.9738043697392312 -0.2273874435336713 0 0 0 -1 0 0 0 0 0 0
1.5166255235671997 1.678697109222412 3.622058153152466 0.7272806852745144 -0.6863401524219843 0 0 0 -1 0 0 0 0 0 0
1.782979130744934 1.842301845550537 3.292254686355591 0.28335364568540716 -0.9590154907386997 0 0 0 -1 0 0 0 0 0 0
2.0954716205596924 1.849729061126709 2.962458848953247 -0.23745567845240698 -0.971398373876911 0 0 0 -1 0 0 0 0 0 0
2.369298219680786 1.698972225189209 2.6326630115509033 -0.6938350634680305 -0.7201339491388487 0 0 0 -1 0 0 0 0 0 0
2.5301334857940674 1.4309401512145996 2.3028595447540283 -0.9618969055762512 -0.2734124046981637 0 0 0 -1 0 0 0 0 0 0
2.5343258380889893 1.1183829307556152 1.9730638265609741 -0.9688836562876525 0.2475165864718364 0 0 0 -1 0 0 0 0 0 0
2.3807384967803955 0.8461356163024902 1.6432603597640991 -0.7129057868905448 0.7012598227604181 0 0 0 -1 0 0 0 0 0 0
2.1110546588897705 0.6880850791931152 1.3134645223617554 -0.26343732388900293 0.9646765138543596 0 0 0 -1 0 0 0 0 0 0
1.7984706163406372 0.687131404876709 0.9836610555648804 0.2575355545146756 0.9662688229270456 0 0 0 -1 0 0 0 0 0 0
1.5278292894363403 0.843533992767334 0.6538652181625366 0.7086142214581783 0.7055961204167862 0 0 0 -1 0 0 0 0 0 0
1.3725825548171997 1.1148390769958496 0.32406172156333923 0.9673561804633243 0.2534206387005776 0 0 0 -1 0 0 0 0 0 0
1.374867558479309 1.427415370941162 -0.005734101869165897 0.963548444106884 -0.26753391534383614 0 0 0 -1 0 0 0 0 0 0
1.5340625047683716 1.6964240074157715 -0.3355375826358795 0.6982217772030026 -0.7158815194146867 0 0 0 -1 0 0 0 0 0 0
1.790497899055481 1.844468593597412 -0.7253004312515259 0.27083200294760534 -0.9626266286465321 0 0 0 -1 0 0 0 0 0 0
2.0701305866241455 1.8553481101989746 -1.0371061563491821 -0.1952227929763566 -0.980758920990531 0 0 0 -1 0 0 0 0 0 0
2.3242809772491455 1.738217830657959 -1.3489195108413696 -0.6188076146825181 -0.7855425742828535 0 0 0 -1 0 0 0 0 0 0
2.4976627826690674 1.5185561180114746 -1.6607252359390259 -0.9077826330411091 -0.41944092688834145 0 0 0 -1 0 0 0 0 0 0
2.5525639057159424 1.2441534996032715 -1.9725385904312134 -0.999281532852271 0.037900106865491175 0 0 0 -1 0 0 0 0 0 0
2.477036714553833 0.9746947288513184 -2.2843520641326904 -0.8734047150987044 0.4869950755842928 0 0 0 -1 0 0 0 0 0 0
2.2875149250030518 0.7688002586364746 -2.5961577892303467 -0.5575295256504301 0.8301571104483816 0 0 0 -1 0 0 0 0 0 0
2.0252201557159424 0.6712546348571777 -2.907971143722534 -0.12037627688644807 0.9927283374433093 0 0 0 -1 0 0 0 0 0 0
1.7472163438796997 0.7032828330993652 -3.2197768688201904 0.34296433140036986 0.9393484270424353 0 0 0 -1 0 0 0 0 0 0
1.513978123664856 0.8579154014587402 -3.531590223312378 0.7316948179522094 0.6816323740711581 0 0 0 -1 0 0 0 0 0 0
1.3762370347976685 1.1015143394470215 -3.8434035778045654 0.961262283565907 0.275635306507816 0 0 0 -1 0 0 0 0 0 0
1.3687106370925903 1.4033255577087402 -4.233166217803955 0.9738043697392312 -0.2273874435336713 0 0 0 -1 0 0 0 0 0 0
1.5020838975906372 1.662717342376709 -4.554142475128174 0.7515206759722782 -0.6597095372860468 0 0 0 -1 0 0 0 0 0 0
1.7420092821121216 1.8285727500915527 -4.875126361846924 0.3516496388650344 -0.9361316849066114 0 0 0 -1 0 0 0 0 0 0
2.0317928791046143 1.8616957664489746 -5.196102619171143 -0.13132694941897405 -0.9913391106762136 0 0 0 -1 0 0 0 0 0 0
2.3029568195343018 1.754258632659912 -5.517086505889893 -0.5832709456987876 -0.8122776642895225 0 0 0 -1 0 0 0 0 0 0
2.491421937942505 1.5316519737243652 -5.838070392608643 -0.8973740017998545 -0.4412707795602545 0 0 0 -1 0 0 0 0 0 0
2.552647829055786 1.246476650238037 -6.159046649932861 -0.999420829760675 0.03402947311499183 0 0 0 -1 0 0 0 0 0 0
2.4721691608428955 0.9661307334899902 -6.480030536651611 -0.8652928510046588 0.5012666775282687 0 0 0 -1 0 0 0 0 0 0
2.2690021991729736 0.7568526268005371 -6.801014423370361 -0.5266728479667063 0.8500680626953576 0 0 0 -1 0 0 0 0 0 0
1.9911586046218872 0.6681075096130371 -7.12199068069458 -0.06360410415254919 0.9979752090783378 0 0 0 -1 0 0 0 0 0 0
1.7042971849441528 0.7208609580993652 -7.44297456741333 0.4144993646752132 0.9100496012217381 0 0 0 -1 0 0 0 0 0 0
1.4762049913406372 0.9026503562927246 -7.7639546394348145 0.7946449973439393 0.6070744008737733 0 0 0 -1 0 0 0 0 0 0
1.3607875108718872 1.1705145835876465 -8.084939002990723 0.9870141380324979 0.16063340662503864 0 0 0 -1 0 0 0 0 0 0
1.3853121995925903 1.4611525535583496 -8.405919075012207 0.946136673076128 -0.3237675027862374 0 0 0 -1 0 0 0 0 0 0
1.5439883470535278 1.7058844566345215 -8.726899147033691 0.681678783188611 -0.7316515813900046 0 0 0 -1 0 0 0 0 0 0
1.7993212938308716 1.846879482269287 -9.047879219055176 0.2561232234535358 -0.9666441405231658 0 0 0 -1 0 0 0 0 0 0
2.0909664630889893 1.8508124351501465 -9.368863105773926 -0.22995976489083267 -0.9732001369355398 0 0 0 -1 0 0 0 0 0 0
2.3500072956085205 1.7167601585388184 -9.68984317779541 -0.6616910259238478 -0.7497766242100681 0 0 0 -1 0 0 0 0 0 0
2.534440279006958 1.4149489402770996 -10.079606056213379 -0.9690753229690029 -0.2467651077695605 0 0 0 -1 0 0 0 0 0 0
2.538609743118286 1.1362967491149902 -10.382756233215332 -0.9760241662393867 0.21766218531639808 0 0 0 -1 0 0 0 0 0 0
2.4164440631866455 0.8858237266540527 -10.68590259552002 -0.7724148446078358 0.6351183415942676 0 0 0 -1 0 0 0 0 0 0
2.1942989826202393 0.7175536155700684 -10.989052772521973 -0.4021674028870973 0.9155661527465109 0 0 0 -1 0 0 0 0 0 0
1.9200984239578247 0.6677947044372559 -11.292202949523926 0.05483058989401724 0.9984956717041261 0 0 0 -1 0 0 0 0 0 0
1.6529933214187622 0.7472777366638184 -11.595349311828613 0.5000041015240922 0.86602303575545 0 0 0 -1 0 0 0 0 0 0
1.4506083726882935 0.9388594627380371 -11.898499488830566 0.8373131662631219 0.5467235696423062 0 0 0 -1 0 0 0 0 0 0
1.3566027879714966 1.2012038230895996 -12.20164966583252 0.9939887739326363 0.10948204097428312 0 0 0 -1 0 0 0 0 0 0
1.391255497932434 1.477719783782959 -12.504796028137207 0.9362327753350871 -0.3513804069500181 0 0 0 -1 0 0 0 0 0 0
1.5470935106277466 1.708756923675537 -12.80794620513916 0.6765036184621784 -0.7364393078914102 0 0 0 -1 0 0 0 0 0 0
1.9470149278640747 1.8668646812438965 -13.197709083557129 0.00996303984859335 -0.9999503676868045 0 0 0 -1 0 0 0 0 0 0
2.236222505569458 1.7958388328552246 -13.52251148223877 -0.4720451797570617 -0.8815743577646321 0 0 0 -1 0 0 0 0 0 0
2.455655336380005 1.5945067405700684 -13.84731388092041 -0.8377705991630653 -0.546022365089525 0 0 0 -1 0 0 0 0 0 0
2.5512630939483643 1.3124709129333496 -14.17211627960205 -0.9971111013425503 -0.07595690606815494 0 0 0 -1 0 0 0 0 0 0
2.499486207962036 1.0192046165466309 -14.496918678283691 -0.9108139627881954 0.4128170601974484 0 0 0 -1 0 0 0 0 0 0
2.3130810260772705 0.7869582176208496 -14.821721076965332 -0.6001400122595443 0.799894971658851 0 0 0 -1 0 0 0 0 0 0
2.0379726886749268 0.672940731048584 -15.146523475646973 -0.14162589430848585 0.9899202523745646 0 0 0 -1 0 0 0 0 0 0
1.7419291734695435 0.7052435874938965 -15.471325874328613 0.35178239657192556 0.9360818048985422 0 0 0 -1 0 0 0 0 0 0
1.497883915901184 0.8759055137634277 -15.796128273010254 0.7585243288159752 0.6516447211435648 0 0 0 -1 0 0 0 0 0 0
1.3659487962722778 1.1428847312927246 -16.120929718017578 0.9784092081638809 0.2066770944737899 0 0 0 -1 0 0 0 0 0 0
1.378632664680481 1.440415859222412 -16.44573211669922 0.9572664849095904 -0.2892073250608234 0 0 0 -1 0 0 0 0 0 0
1.5328112840652466 1.6951994895935059 -16.77053451538086 0.7003089580643794 -0.7138398722786389 0 0 0 -1 0 0 0 0 0 0
1.790497899055481 1.844468593597412 -17.0953369140625 0.27083200294760534 -0.9626266286465321 0 0 0 -1 0 0 0 0 0 0
2.0865108966827393 1.8518500328063965 -17.48509979248047 -0.2225186229758043 -0.9749284396451628 0 0 0 -1 0 0 0 0 0 0
2.3632900714874268 1.704679012298584 -17.819183349609375 -0.6838306499611362 -0.7296407624123875 0 0 0 -1 0 0 0 0 0 0
2.52807354927063 1.438016414642334 -18.153263092041016 -0.9584665017276566 -0.28520512804987924 0 0 0 -1 0 0 0 0 0 0
2.5358898639678955 1.1246428489685059 -18.487346649169922 -0.9714893992232708 0.2370829964312253 0 0 0 -1 0 0 0 0 0 0
2.384598970413208 0.850095272064209 -18.821430206298828 -0.7193351476192071 0.6946631884587331 0 0 0 -1 0 0 0 0 0 0
2.1154987812042236 0.6893172264099121 -19.15550994873047 -0.2708423996226421 0.962623703513813 0 0 0 -1 0 0 0 0 0 0
1.8020411729812622 0.6861929893493652 -19.489593505859375 0.2515905533077246 0.9678337633531457 0 0 0 -1 0 0 0 0 0 0
1.5297900438308716 0.8415732383728027 -19.82367706298828 0.7053374708601482 0.7088716754114311 0 0 0 -1 0 0 0 0 0 0
1.3762370347976685 1.1015143394470215 -20.21343994140625 0.961262283565907 0.275635306507816 0 0 0 -1 0 0 0 0 0 0
1.370320439338684 1.4100394248962402 -20.54323959350586 0.9711237453687279 -0.23857634245879072 0 0 0 -1 0 0 0 0 0 0
1.518525242805481 1.6806998252868652 -20.87303924560547 0.7241192535085264 -0.689674783284306 0 0 0 -1 0 0 0 0 0 0
1.7816516160964966 1.8419089317321777 -21.202838897705078 0.28557284058656485 -0.9583570069234745 0 0 0 -1 0 0 0 0 0 0
2.0901005268096924 1.8510184288024902 -21.532634735107422 -0.2285108722521382 -0.9735413608381345 0 0 0 -1 0 0 0 0 0 0
2.3622829914093018 1.7056212425231934 -21.86243438720703 -0.6821491364604336 -0.7312130712906361 0 0 0 -1 0 0 0 0 0 0
2.5262043476104736 1.4441771507263184 -22.19223403930664 -0.9553512878515089 -0.2954723621600898 0 0 0 -1 0 0 0 0 0 0
2.5385067462921143 1.1358428001403809 -22.52203369140625 -0.9758562052352238 0.2184139801017982 0 0 0 -1 0 0 0 0 0 0
2.3959362506866455 0.8621687889099121 -22.85183334350586 -0.7382364694504158 0.6745420040096727 0 0 0 -1 0 0 0 0 0 0
2.136204957962036 0.6955504417419434 -23.18163299560547 -0.3053452087319579 0.9522417253536188 0 0 0 -1 0 0 0 0 0 0
1.8280116319656372 0.6800551414489746 -23.511432647705078 0.20830450207214146 0.9780640236796756 0 0 0 -1 0 0 0 0 0 0
1.552876591682434 0.8197836875915527 -23.841232299804688 0.6668650400233841 0.7451785144477868 0 0 0 -1 0 0 0 0 0 0
1.383576512336731 1.0777792930603027 -24.171031951904297 0.949030535290445 0.31518414155272956 0 0 0 -1 0 0 0 0 0 0
1.3648959398269653 1.3857932090759277 -24.500831604003906 0.9801690167715046 -0.1981633128537713 0 0 0 -1 0 0 0 0 0 0
1.5340625047683716 1.6964240074157715 -24.890594482421875 0.6982217772030026 -0.7158815194146867 0 0 0 -1 0 0 0 0 0 0
1.7780581712722778 1.8408255577087402 -25.215396881103516 0.2915642928569965 -0.9565512339288471 0 0 0 -1 0 0 0 0 0 0
2.0611202716827393 1.8570685386657715 -25.540199279785156 -0.180212601695316 -0.9836276827083534 0 0 0 -1 0 0 0 0 0 0
2.320035219192505 1.741532802581787 -25.865001678466797 -0.6117306971780395 -0.791066087081269 0 0 0 -1 0 0 0 0 0 0
2.4969913959503174 1.5200095176696777 -26.189804077148438 -0.9066612379262013 -0.42185945484500886 0 0 0 -1 0 0 0 0 0 0
2.552476167678833 1.2419638633728027 -26.514606475830078 -0.9991365696403114 0.041546542664713575 0 0 0 -1 0 0 0 0 0 0
2.4740993976593018 0.9694876670837402 -26.83940887451172 -0.868507459013595 0.4956760975049621 0 0 0 -1 0 0 0 0 0 0
2.121251344680786 0.6909689903259277 -27.229171752929688 -0.2804273653675148 0.9598752485365138 0 0 0 -1 0 0 0 0 0 0
1.915120244026184 0.668088436126709 -27.489013671875 0.0631221759223279 0.9980058070506557 0 0 0 -1 0 0 0 0 0 0
1.7135173082351685 0.7167563438415527 -27.748855590820312 0.39912894690547085 0.9168948051669447 0 0 0 -1 0 0 0 0 0 0
1.5405246019363403 0.8311553001403809 -28.008697509765625 0.6874533062693362 0.7262285808885232 0 0 0 -1 0 0 0 0 0 0
1.4168139696121216 0.997617244720459 -28.268539428710938 0.8936381806530724 0.44878814832732233 0 0 0 -1 0 0 0 0 0 0
1.357167363166809 1.1962485313415527 -28.52838134765625 0.9930445107454998 0.11773954169365007 0 0 0 -1 0 0 0 0 0 0
1.3687106370925903 1.4033255577087402 -28.788223266601562 0.9738043697392312 -0.2273874435336713 0 0 0 -1 0 0 0 0 0 0
1.5470935106277466 1.708756923675537 -29.17798614501953 0.6765036184621784 -0.7364393078914102 0 0 0 -1 0 0 0 0 0 0
1.819935917854309 1.8519530296325684 -29.50778579711914 0.2217675516548163 -0.9750995605747284 0 0 0 -1 0 0 0 0 0 0
2.127873659133911 1.8408408164978027 -29.83758544921875 -0.2914656397046416 -0.9565812986210654 0 0 0 -1 0 0 0 0 0 0
2.3896877765655518 1.6783537864685059 -30.167381286621094 -0.7278197707469045 -0.6857684604222646 0 0 0 -1 0 0 0 0 0 0
2.5363247394561768 1.407346248626709 -30.497180938720703 -0.9722157410307307 -0.23408663544095606 0 0 0 -1 0 0 0 0 0 0
2.52911114692688 1.0992941856384277 -30.826980590820312 -0.9601961720186261 0.27932653157331316 0 0 0 -1 0 0 0 0 0 0
2.369950532913208 0.8354430198669434 -31.156780242919922 -0.6949256179486909 0.7190816264643602 0 0 0 -1 0 0 0 0 0 0
2.1008198261260986 0.6853880882263184 -31.48657989501953 -0.24637216488878627 0.9691752970273299 0 0 0 -1 0 0 0 0 0 0
1.7926989793777466 0.6887030601501465 -31.81637954711914 0.26716411499475606 0.9636510445483204 0 0 0 -1 0 0 0 0 0 0
1.526856541633606 0.844510555267334 -32.14617919921875 0.7102301517684906 0.7039695529771914 0 0 0 -1 0 0 0 0 0 0
1.3734065294265747 1.1117186546325684 -32.47597885131836 0.9659780386272406 0.25862410732541813 0 0 0 -1 0 0 0 0 0 0
1.3728190660476685 1.419858455657959 -32.80577850341797 0.9669556953858446 -0.2549444707399581 0 0 0 -1 0 0 0 0 0 0
1.5252543687820435 1.687650203704834 -33.13557815551758 0.7129002694047919 -0.7012654318320382 0 0 0 -1 0 0 0 0 0 0
1.790497899055481 1.844468593597412 -33.46537780761719 0.27083200294760534 -0.9626266286465321 0 0 0 -1 0 0 0 0 0 0
2.0865108966827393 1.8518500328063965 -33.855140686035156 -0.2225186229758043 -0.9749284396451628 0 0 0 -1 0 0 0 0 0 0
2.360257387161255 1.7075018882751465 -34.184940338134766 -0.6787692458655046 -0.7343516261758902 0 0 0 -1 0 0 0 0 0 0
2.5256588459014893 1.445939540863037 -34.51473617553711 -0.9544376449937283 -0.29841042511753174 0 0 0 -1 0 0 0 0 0 0
2.5387089252471924 1.1367430686950684 -34.84453582763672 -0.9761891720741548 0.2169209540942879 0 0 0 -1 0 0 0 0 0 0
2.395940065383911 0.8621726036071777 -35.17433547973633 -0.7382471615204046 0.6745303021414721 0 0 0 -1 0 0 0 0 0 0
2.1353352069854736 0.6952719688415527 -35.50413513183594 -0.3038986971584276 0.952704351761558 0 0 0 -1 0 0 0 0 0 0
1.8262187242507935 0.6804404258728027 -35.83393478393555 0.21129107632767097 0.9774231842269215 0 0 0 -1 0 0 0 0 0 0
1.5508280992507935 0.8216261863708496 -36.163734436035156 0.6702740994894394 0.7421136244225821 0 0 0 -1 0 0 0 0 0 0
1.3824321031570435 1.0812697410583496 -36.493534088134766 0.9509406902856703 0.30937324312068853 0 0 0 -1 0 0 0 0 0 0
1.3658229112625122 1.3902945518493652 -36.823333740234375 0.9786215082665174 -0.2056695007971926 0 0 0 -1 0 0 0 0 0 0
1.505421757698059 1.666490077972412 -37.153133392333984 0.7459515964794865 -0.6660001619442035 0 0 0 -1 0 0 0 0 0 0
1.764088749885559 1.836381435394287 -37.482933044433594 0.3148440547130789 -0.9491434144594946 0 0 0 -1 0 0 0 0 0 0
2.073014497756958 1.8547682762145996 -37.8127326965332 -0.20003496901650988 -0.9797887584426369 0 0 0 -1 0 0 0 0 0 0
2.350011110305786 1.7167601585388184 -38.14253234863281 -0.6616910259238478 -0.7497766242100681 0 0 0 -1 0 0 0 0 0 0
2.538609743118286 1.3974814414978027 -38.53229522705078 -0.976026549739675 -0.21765149713077014 0 0 0 -1 0 0 0 0 0 0
2.5338528156280518 1.1165366172790527 -38.85709762573242 -0.968093433161307 0.2505895142857218 0 0 0 -1 0 0 0 0 0 0
2.401700258255005 0.8685698509216309 -39.18190002441406 -0.7478437127746778 0.6638748234896283 0 0 0 -1 0 0 0 0 0 0
2.171147584915161 0.7079558372497559 -39.5067024230957 -0.3635857074744046 0.9315607512773049 0 0 0 -1 0 0 0 0 0 0
1.8927470445632935 0.6699271202087402 -39.831504821777344 0.1004168096802453 0.9949454579692505 0 0 0 -1 0 0 0 0 0 0
1.6275607347488403 0.762814998626709 -40.156307220458984 0.5423908301241129 0.840126292528258 0 0 0 -1 0 0 0 0 0 0
1.433747410774231 0.9662566184997559 -40.481109619140625 0.8654114340890511 0.5010619220694507 0 0 0 -1 0 0 0 0 0 0
1.3648959398269653 1.3857932090759277 -40.870872497558594 0.9801690167715046 -0.1981633128537713 0 0 0 -1 0 0 0 0 0 0
1.4738894701004028 1.6280837059020996 -41.17068862915039 0.7985084531861599 -0.601983596280037 0 0 0 -1 0 0 0 0 0 0
1.6768237352371216 1.7995543479919434 -41.47050476074219 0.4602880172568077 -0.8877696442038309 0 0 0 -1 0 0 0 0 0 0
1.9339076280593872 1.8665900230407715 -41.77032470703125 0.0318077937862641 -0.9994940041113055 0 0 0 -1 0 0 0 0 0 0
2.194730043411255 1.8160414695739746 -42.07014083862305 -0.40288900725122195 -0.9152488447608796 0 0 0 -1 0 0 0 0 0 0
2.408158540725708 1.657823085784912 -42.36996078491211 -0.7586068034044059 -0.6515487071804754 0 0 0 -1 0 0 0 0 0 0
2.5323421955108643 1.4229521751403809 -42.669776916503906 -0.9655827104996653 -0.2600961921753551 0 0 0 -1 0 0 0 0 0 0
2.542935609817505 1.157487392425537 -42.9695930480957 -0.9832351743135053 0.18234196443136974 0 0 0 -1 0 0 0 0 0 0
2.4378597736358643 0.9134726524353027 -43.269412994384766 -0.8081087783719204 0.589033277768109 0 0 0 -1 0 0 0 0 0 0
2.237717866897583 0.7387518882751465 -43.56922912597656 -0.4745393414166104 0.8802342946329059 0 0 0 -1 0 0 0 0 0 0
1.9817477464675903 0.6675810813903809 -43.869049072265625 -0.04791909826588285 0.9988512201631357 0 0 0 -1 0 0 0 0 0 0
1.720143437385559 0.7139182090759277 -44.16886520385742 0.3880860916371994 0.9216231255115961 0 0 0 -1 0 0 0 0 0 0
1.5041896104812622 0.8686766624450684 -44.46868133544922 0.7480069879055484 0.6636908512586781 0 0 0 -1 0 0 0 0 0 0
1.3762370347976685 1.1015143394470215 -44.76850128173828 0.961262283565907 0.275635306507816 0 0 0 -1 0 0 0 0 0 0
1.3687106370925903 1.4033255577087402 -45.15826416015625 0.9738043697392312 -0.2273874435336713 0 0 0 -1 0 0 0 0 0 0
1.5234767198562622 1.685838222503662 -45.48306655883789 0.7158593634130446 -0.6982444928632596 0 0 0 -1 0 0 0 0 0 0
1.8020449876785278 1.847592830657959 -45.80786895751953 0.2515800437456047 -0.9678364952764282 0 0 0 -1 0 0 0 0 0 0
2.1241238117218018 1.8419699668884277 -46.13267135620117 -0.28521543508075575 -0.9584634346659737 0 0 0 -1 0 0 0 0 0 0
2.3968746662139893 1.6705870628356934 -46.45747375488281 -0.7397989213602856 -0.6728280285140907 0 0 0 -1 0 0 0 0 0 0
2.54168438911438 1.3828444480895996 -46.78227615356445 -0.9811499813749913 -0.19324780476852624 0 0 0 -1 0 0 0 0 0 0
2.516812562942505 1.0616812705993652 -47.107078552246094 -0.93969248736894 0.3420205098855549 0 0 0 -1 0 0 0 0 0 0
2.372281312942505 0.8377089500427246 -47.49684143066406 -0.6988065531945667 0.7153107025707983 0 0 0 -1 0 0 0 0 0 0
2.10143780708313 0.685544490814209 -47.8216438293457 -0.24740588012190032 0.9689119312306501 0 0 0 -1 0 0 0 0 0 0
1.7907954454421997 0.6892333030700684 -48.146446228027344 0.27033940872778356 0.9627650825038849 0 0 0 -1 0 0 0 0 0 0
1.523640751838684 0.8477835655212402 -48.471248626708984 0.7155934338240248 0.6985170273285691 0 0 0 -1 0 0 0 0 0 0
1.3715869188308716 1.1186919212341309 -48.796051025390625 0.9690148512610287 0.2470024656467348 0 0 0 -1 0 0 0 0 0 0
1.3754016160964966 1.4293303489685059 -49.120853424072266 0.962655417720476 -0.2707296561764442 0 0 0 -1 0 0 0 0 0 0
1.5340625047683716 1.6964240074157715 -49.445655822753906 0.6982217772030026 -0.7158815194146867 0 0 0 -1 0 0 0 0 0 0
1.790497899055481 1.844468593597412 -49.835418701171875 0.27083200294760534 -0.9626266286465321 0 0 0 -1 0 0 0 0 0 0
2.089432954788208 1.8511748313903809 -50.165218353271484 -0.2274005674679767 -0.9738013051517451 0 0 0 -1 0 0 0 0 0 0
2.354478120803833 1.7127737998962402 -50.49501419067383 -0.669135179974742 -0.7431407073496712 0 0 0 -1 0 0 0 0 0 0
2.5198185443878174 1.463639736175537 -50.82481384277344 -0.94470881128319 -0.3279104479639253 0 0 0 -1 0 0 0 0 0 0
2.544389009475708 1.1656432151794434 -51.15461349487305 -0.9856577341873858 0.16875672145603265 0 0 0 -1 0 0 0 0 0 0
2.4220898151397705 0.8927931785583496 -51.484413146972656 -0.7818223934365542 0.6235011989732961 0 0 0 -1 0 0 0 0 0 0
2.1832897663116455 0.7128500938415527 -51.814212799072266 -0.3838265445365066 0.9234052110039044 0 0 0 -1 0 0 0 0 0 0
1.8872958421707153 0.670499324798584 -52.144012451171875 0.10950421136900618 0.993986331743275 0 0 0 -1 0 0 0 0 0 0
1.6076213121414185 0.7762656211853027 -52.473812103271484 0.5756184637200203 0.8177184015445681 0 0 0 -1 0 0 0 0 0 0
1.413716435432434 1.0038771629333496 -52.803611755371094 0.898801870405982 0.4383551046294638 0 0 0 -1 0 0 0 0 0 0
1.3537417650222778 1.2968077659606934 -53.1334114074707 0.9987561970397125 -0.049860393848934856 0 0 0 -1 0 0 0 0 0 0
1.4425898790359497 1.5823073387145996 -53.46321105957031 0.8506775863258258 -0.5256877819798239 0 0 0 -1 0 0 0 0 0 0
1.6581965684890747 1.789475917816162 -53.79301071166992 0.491332098798742 -0.8709723122407642 0 0 0 -1 0 0 0 0 0 0
1.9470149278640747 1.8668646812438965 -54.12281036376953 0.00996303984859335 -0.9999503676868045 0 0 0 -1 0 0 0 0 0 0
2.350011110305786 1.7167601585388184 -54.5125732421875 -0.6616910259238478 -0.7497766242100681 0 0 0 -1 0 0 0 0 0 0
2.513322114944458 1.481442928314209 -54.83737564086914 -0.9338801106313214 -0.35758626786725345 0 0 0 -1 0 0 0 0 0 0
2.548936128616333 1.197232723236084 -55.16217803955078 -0.9932373297328175 0.11610170896770662 0 0 0 -1 0 0 0 0 0 0
2.448735475540161 0.9288954734802246 -55.48698043823242 -0.8262313780875099 0.5633309061853559 0 0 0 -1 0 0 0 0 0 0
2.2355549335479736 0.7375922203063965 -55.8117790222168 -0.4709341063690207 0.8821683895143897 0 0 0 -1 0 0 0 0 0 0
1.957978367805481 0.6669135093688965 -56.13658142089844 -0.008302565968380027 0.9999655331051868 0 0 0 -1 0 0 0 0 0 0
1.6792651414871216 0.7329726219177246 -56.46138381958008 0.4562159651279366 0.8898690876541252 0 0 0 -1 0 0 0 0 0 0
1.4629374742507935 0.920712947845459 -56.78618621826172 0.8167675678417279 0.5769668449069744 0 0 0 -1 0 0 0 0 0 0
1.3582926988601685 1.187345027923584 -57.11098861694336 0.9911718602754725 0.13258334510057798 0 0 0 -1 0 0 0 0 0 0
1.389180302619934 1.4721083641052246 -57.435791015625 0.93969248736894 -0.3420205098855549 0 0 0 -1 0 0 0 0 0 0
1.5485659837722778 1.7101035118103027 -57.76059341430664 0.674049322766032 -0.738686341066798 0 0 0 -1 0 0 0 0 0 0
1.8001185655593872 1.8470892906188965 -58.08539581298828 0.2547893027305166 -0.966996593176055 0 0 0 -1 0 0 0 0 0 0
2.0865108966827393 1.8518500328063965 -58.41019821166992 -0.2225186229758043 -0.9749284396451628 0 0 0 -1 0 0 0 0 0 0
2.3500072956085205 1.7167601585388184 -58.79996109008789 -0.6616910259238478 -0.7497766242100681 0 0 0 -1 0 0 0 0 0 0
2.522965669631958 1.4543356895446777 -59.1340446472168 -0.9499501510530962 -0.31240152130583465 0 0 0 -1 0 0 0 0 0 0
2.539525270462036 1.1404738426208496 -59.4681282043457 -0.9775518198822362 0.21069513389000682 0 0 0 -1 0 0 0 0 0 0
2.3951427936553955 0.8613028526306152 -59.802207946777344 -0.7369119160280391 0.675988778025112 0 0 0 -1 0 0 0 0 0 0
2.1294376850128174 0.6934218406677246 -60.13629150390625 -0.29406850372953286 0.955784345505969 0 0 0 -1 0 0 0 0 0 0
1.8153163194656372 0.6829009056091309 -60.470375061035156 0.22946455550529812 0.9733170181224388 0 0 0 -1 0 0 0 0 0 0
1.538972020149231 0.8326277732849121 -60.80445861816406 0.6900425320553962 0.7237688194130619 0 0 0 -1 0 0 0 0 0 0
1.3762370347976685 1.1015143394470215 -61.1385383605957 0.961262283565907 0.275635306507816 0 0 0 -1 0 0 0 0 0 0
1.3687106370925903 1.4033255577087402 -61.52830123901367 0.9738043697392312 -0.2273874435336713 0 0 0 -1 0 0 0 0 0 0
1.5166255235671997 1.678697109222412 -61.85810089111328 0.7272806852745144 -0.6863401524219843 0 0 0 -1 0 0 0 0 0 0
1.782979130744934 1.842301845550537 -62.18790054321289 0.28335364568540716 -0.9590154907386997 0 0 0 -1 0 0 0 0 0 0
2.0954716205596924 1.849729061126709 -62.5177001953125 -0.23745567845240698 -0.971398373876911 0 0 0 -1 0 0 0 0 0 0
2.369298219680786 1.698972225189209 -62.84749984741211 -0.6938350634680305 -0.7201339491388487 0 0 0 -1 0 0 0 0 0 0
2.5301334857940674 1.4309401512145996 -63.17729949951172 -0.9618969055762512 -0.2734124046981637 0 0 0 -1 0 0 0 0 0 0
2.5343258380889893 1.1183829307556152 -63.50709915161133 -0.9688836562876525 0.2475165864718364 0 0 0 -1 0 0 0 0 0 0
2.3807384967803955 0.8461356163024902 -63.83689880371094 -0.7129057868905448 0.7012598227604181 0 0 0 -1 0 0 0 0 0 0
2.1110546588897705 0.6880850791931152 -64.16669464111328 -0.26343732388900293 0.9646765138543596 0 0 0 -1 0 0 0 0 0 0
1.7984706163406372 0.687131404876709 -64.49649810791016 0.2575355545146756 0.9662688229270456 0 0 0 -1 0 0 0 0 0 0
1.5278292894363403 0.843533992767334 -64.8262939453125 0.7086142214581783 0.7055961204167862 0 0 0 -1 0 0 0 0 0 0
1.3725825548171997 1.1148390769958496 -65.15609741210938 0.9673561804633243 0.2534206387005776 0 0 0 -1 0 0 0 0 0 0
1.374867558479309 1.427415370941162 -65.48589324951172 0.963548444106884 -0.26753391534383614 0 0 0 -1 0 0 0 0 0 0
1.5340625047683716 1.6964240074157715 -65.8156967163086 0.6982217772030026 -0.7158815194146867 0 0 0 -1 0 0 0 0 0 0
1.790497899055481 1.844468593597412 -66.20545959472656 0.27083200294760534 -0.9626266286465321 0 0 0 -1 0 0 0 0 0 0
2.1249477863311768 1.8417258262634277 -66.5673828125 -0.28658300635265566 -0.9580554161789774 0 0 0 -1 0 0 0 0 0 0
2.4059650897979736 1.6603598594665527 -66.9292984008789 -0.7549515493222118 -0.6557805716670722 0 0 0 -1 0 0 0 0 0 0
2.546231508255005 1.3567328453063965 -67.29122161865234 -0.9887256742133377 -0.14973824211396675 0 0 0 -1 0 0 0 0 0 0
2.5021564960479736 1.0251898765563965 -67.65314483642578 -0.9152731715124233 0.4028337392890403 0 0 0 -1 0 0 0 0 0 0
2.287442445755005 0.7687506675720215 -68.01506805419922 -0.5574158486548934 0.8302334440796424 0 0 0 -1 0 0 0 0 0 0
1.968800663948059 0.6671004295349121 -68.37699127197266 -0.026343858491838398 0.9996529403346753 0 0 0 -1 0 0 0 0 0 0
1.6452494859695435 0.751828670501709 -68.7389144897461 0.5129092661236396 0.8584428255419865 0 0 0 -1 0 0 0 0 0 0
1.4173251390457153 0.9966025352478027 -69.10083770751953 0.8927853747755518 0.4504822688928805 0 0 0 -1 0 0 0 0 0 0
1.3558512926101685 1.325364589691162 -69.46276092529297 0.9952400326554893 -0.09745397580345617 0 0 0 -1 0 0 0 0 0 0
1.4799281358718872 1.6359572410583496 -69.8246841430664 0.7884421243486087 -0.6151089468969323 0 0 0 -1 0 0 0 0 0 0
1.7510043382644653 1.8318724632263184 -70.18660736083984 0.33664555380248107 -0.9416314412258232 0 0 0 -1 0 0 0 0 0 0
2.084843873977661 1.8522276878356934 -70.54853057861328 -0.21974739353632095 -0.9755568066668355 0 0 0 -1 0 0 0 0 0 0
2.3777172565460205 1.6906981468200684 -70.91045379638672 -0.7078749147086556 -0.706337812329351 0 0 0 -1 0 0 0 0 0 0
2.538609743118286 1.3974814414978027 -71.27237701416016 -0.976026549739675 -0.21765149713077014 0 0 0 -1 0 0 0 0 0 0
2.516812562942505 1.0616812705993652 -71.66213989257812 -0.93969248736894 0.3420205098855549 0 0 0 -1 0 0 0 0 0 0
-0.8191860318183899 2.7471060752868652 -71.66213989257812 0.93969248736894 -0.3420205098855549 0 0 0 1 0 0 0 0 0 0
-0.8488166928291321 2.4534544944763184 -71.27237701416016 0.9890763476819535 0.14740413310395273 0 0 0 1 0 0 0 0 0 0
-0.6936081051826477 2.132077693939209 -70.88261413574219 0.7303919259474912 0.6830282823651699 0 0 0 1 0 0 0 0 0 0
-0.38334542512893677 1.9557013511657715 -70.49285125732422 0.21329198948812986 0.976988499021455 0 0 0 1 0 0 0 0 0 0
-0.027802297845482826 1.986722469329834 -70.10308837890625 -0.3792793353526608 0.9252822195278823 0 0 0 1 0 0 0 0 0 0
0.24722401797771454 2.2141737937927246 -69.71332550048828 -0.8376566820998939 0.54619710996434 0 0 0 1 0 0 0 0 0 0
0.34442442655563354 2.557572841644287 -69.32356262207031 -0.9996585354031513 -0.026130683030225487 0 0 0 1 0 0 0 0 0 0
0.2294131964445114 2.895425319671631 -68.93379974365234 -0.8079746431948678 -0.5892172570063828 0 0 0 1 0 0 0 0 0 0
-0.057122062891721725 3.108193874359131 -68.54403686523438 -0.3304149033297299 -0.9438357863832062 0 0 0 1 0 0 0 0 0 0
-0.41380006074905396 3.1205992698669434 -68.1542739868164 0.2640490757908045 -0.9645092459764303 0 0 0 1 0 0 0 0 0 0
-0.7144230008125305 2.9282469749450684 -67.76451110839844 0.7650903932799014 -0.6439228914325115 0 0 0 1 0 0 0 0 0 0
-0.8526256680488586 2.599198818206787 -67.37474822998047 0.9954281063087664 -0.09551379570796688 0 0 0 1 0 0 0 0 0 0
-0.7795131802558899 2.249875545501709 -66.9849853515625 0.8735699865930112 0.48669854995046574 0 0 0 1 0 0 0 0 0 0
-0.5209510922431946 2.003873348236084 -66.59522247314453 0.4426345939764433 0.8967020777355816 0 0 0 1 0 0 0 0 0 0
-0.16842348873615265 1.9482245445251465 -66.20545959472656 -0.14490674562597516 0.9894453168680364 0 0 0 1 0 0 0 0 0 0
0.10968130081892014 2.065721035003662 -65.8156967163086 -0.6084162333888858 0.7936180989297565 0 0 0 1 0 0 0 0 0 0
0.3148948550224304 2.3553481101989746 -65.42593383789062 -0.9504399979191159 0.31090804163853747 0 0 0 1 0 0 0 0 0 0
0.3205234408378601 2.7102599143981934 -65.03617095947266 -0.9598203622035265 -0.2806151676219432 0 0 0 1 0 0 0 0 0 0
0.12459676712751389 3.0062460899353027 -64.64640808105469 -0.6332790300802724 -0.7739235556956446 0 0 0 1 0 0 0 0 0 0
-0.20431216061115265 3.1397147178649902 -64.25664520263672 -0.08509643481112789 -0.9963727198104309 0 0 0 1 0 0 0 0 0 0
-0.5510910153388977 3.0639548301696777 -63.866878509521484 0.49287187058603626 -0.8701019016098182 0 0 0 1 0 0 0 0 0 0
-0.7943714261054993 2.805478572845459 -63.477115631103516 0.898337232203541 -0.4393065185458567 0 0 0 1 0 0 0 0 0 0
-0.8490074276924133 2.454751491546631 -63.08735275268555 0.9893966280737093 0.14523881146709344 0 0 0 1 0 0 0 0 0 0
-0.6958797574043274 2.1345229148864746 -62.69758987426758 0.734184585000388 0.6789499209424862 0 0 0 1 0 0 0 0 0 0
-0.315359890460968 1.9448981285095215 -62.30782699584961 0.09998359591694382 0.9949890856424091 0 0 0 1 0 0 0 0 0 0
0.0387069471180439 2.0189032554626465 -61.91806411743164 -0.4901286030170517 0.8716501319362908 0 0 0 1 0 0 0 0 0 0
0.28589361906051636 2.2829833030700684 -61.52830123901367 -0.902108402559558 0.43150947849548116 0 0 0 1 0 0 0 0 0 0
0.3363620638847351 2.641160488128662 -61.1385383605957 -0.9862190103154597 -0.165445047349248 0 0 0 1 0 0 0 0 0 0
0.17176930606365204 2.9632620811462402 -60.748775482177734 -0.7118952802245013 -0.7022856327692305 0 0 0 1 0 0 0 0 0 0
-0.1480625420808792 3.132218837738037 -60.359012603759766 -0.17884742576582296 -0.9838768206929862 0 0 0 1 0 0 0 0 0 0
-0.5068958401679993 3.086625576019287 -59.9692497253418 0.4192132770086784 -0.9078877840237995 0 0 0 1 0 0 0 0 0 0
-0.7743118405342102 2.8430533409118652 -59.57948684692383 0.8649047528860015 -0.5019360202607546 0 0 0 1 0 0 0 0 0 0
-0.8531234860420227 2.4900259971618652 -59.18972396850586 0.9962564011950328 0.08644757415868741 0 0 0 1 0 0 0 0 0 0
-0.7146862149238586 2.155850887298584 -58.79996109008789 0.7655259145883191 0.6434050622226387 0 0 0 1 0 0 0 0 0 0
-0.4685409665107727 1.9810385704040527 -58.41019821166992 0.3552881522568092 0.9347568287345871 0 0 0 1 0 0 0 0 0 0
-0.11153299361467361 1.9593901634216309 -58.02043533325195 -0.23972574417168266 0.970840649942787 0 0 0 1 0 0 0 0 0 0
0.1943637579679489 2.1447272300720215 -57.630672454833984 -0.7495558706441932 0.661941082561602 0 0 0 1 0 0 0 0 0 0
0.3404514193534851 2.4711966514587402 -57.240909576416016 -0.9930339349038542 0.11782870672874178 0 0 0 1 0 0 0 0 0 0
0.27481764554977417 2.8227858543395996 -56.85114669799805 -0.8836471963863847 -0.46815342818191796 0 0 0 1 0 0 0 0 0 0
0.0207855012267828 3.074563503265381 -56.46138381958008 -0.4602613386367462 -0.8877834759423666 0 0 0 1 0 0 0 0 0 0
-0.3313758969306946 3.1370596885681152 -56.07162094116211 0.12667592829568522 -0.9919441562862429 0 0 0 1 0 0 0 0 0 0
-0.6565292477607727 2.988065242767334 -55.68185806274414 0.6686007849515394 -0.7436215370483733 0 0 0 1 0 0 0 0 0 0
-0.839133083820343 2.6805319786071777 -55.29209899902344 0.972937275903587 -0.23106937736815591 0 0 0 1 0 0 0 0 0 0
-0.8143013119697571 2.323728084564209 -54.90233612060547 0.9315524091888092 0.36360708042408246 0 0 0 1 0 0 0 0 0 0
-0.5908573269844055 2.044450283050537 -54.5125732421875 0.5591456139400143 0.8290694677839998 0 0 0 1 0 0 0 0 0 0
-0.24820025265216827 1.9419341087341309 -54.12281036376953 -0.011948880347750303 0.9999286095809217 0 0 0 1 0 0 0 0 0 0
0.09190862625837326 2.052609920501709 -53.73304748535156 -0.578797190759311 0.8154715273810176 0 0 0 1 0 0 0 0 0 0
0.30861586332321167 2.3371481895446777 -53.343284606933594 -0.9399773920823664 0.34123672483194617 0 0 0 1 0 0 0 0 0 0
0.3378555178642273 2.631803035736084 -52.953521728515625 -0.988708680361624 -0.14985041000136068 0 0 0 1 0 0 0 0 0 0
0.18817822635173798 2.9459547996520996 -52.563758850097656 -0.7392426242001625 -0.6734391899538197 0 0 0 1 0 0 0 0 0 0
-0.1106918528676033 3.1241888999938965 -52.17399597167969 -0.24112830758786855 -0.9704932453550669 0 0 0 1 0 0 0 0 0 0
-0.4582279324531555 3.1065611839294434 -51.78423309326172 0.338092063601214 -0.9411130413132486 0 0 0 1 0 0 0 0 0 0
-0.737530529499054 2.898995876312256 -51.39447021484375 0.8035991285468252 -0.5951709339330872 0 0 0 1 0 0 0 0 0 0
-0.8546474575996399 2.5713133811950684 -51.00470733642578 0.9987972952658708 -0.04903022506149475 0 0 0 1 0 0 0 0 0 0
-0.7701881527900696 2.2337355613708496 -50.61494445800781 0.858033472974042 0.5135937687084066 0 0 0 1 0 0 0 0 0 0
-0.5125606656074524 1.9998106956481934 -50.225181579589844 0.42865054871722175 0.903470368680913 0 0 0 1 0 0 0 0 0 0
-0.16842348873615265 1.9482245445251465 -49.835418701171875 -0.14490674562597516 0.9894453168680364 0 0 0 1 0 0 0 0 0 0
0.10968130081892014 2.065721035003662 -49.445655822753906 -0.6084162333888858 0.7936180989297565 0 0 0 1 0 0 0 0 0 0
0.31891173124313354 2.3681082725524902 -49.05589294433594 -0.9571366265669286 0.2896368037457944 0 0 0 1 0 0 0 0 0 0
0.31244391202926636 2.7357687950134277 -48.66613006591797 -0.9463552982957096 -0.3231279149000258 0 0 0 1 0 0 0 0 0 0
0.0927078053355217 3.030606746673584 -48.2763671875 -0.5801253850831333 -0.8145271865212028 0 0 0 1 0 0 0 0 0 0
-0.25776368379592896 3.1418890953063965 -47.88660430908203 0.003988569065290945 -0.9999920456267698 0 0 0 1 0 0 0 0 0 0
-0.6073387265205383 3.0278143882751465 -47.49684143066406 0.586613230215248 -0.8098672225349243 0 0 0 1 0 0 0 0 0 0
-0.8247135281562805 2.731229305267334 -47.107078552246094 0.9489040939357001 -0.3155646059241561 0 0 0 1 0 0 0 0 0 0
-0.8282459378242493 2.3635306358337402 -46.717315673828125 0.9547948730851116 0.2972654543171567 0 0 0 1 0 0 0 0 0 0
-0.6166065335273743 2.062821865081787 -46.327552795410156 0.6020606364516755 0.7984503679223922 0 0 0 1 0 0 0 0 0 0
-0.2692897915840149 1.9420561790466309 -45.93778991699219 0.023202326169038112 0.9997307897931049 0 0 0 1 0 0 0 0 0 0
0.08325689285993576 2.0465826988220215 -45.54802703857422 -0.5643808070253921 0.8255145696239208 0 0 0 1 0 0 0 0 0 0
0.30861586332321167 2.3371481895446777 -45.15826416015625 -0.9399773920823664 0.34123672483194617 0 0 0 1 0 0 0 0 0 0
0.3378555178642273 2.631803035736084 -44.76850128173828 -0.988708680361624 -0.14985041000136068 0 0 0 1 0 0 0 0 0 0
0.1835452765226364 2.9509825706481934 -44.37873840332031 -0.7315214624702389 -0.6818184142023467 0 0 0 1 0 0 0 0 0 0
-0.12400323897600174 3.127336025238037 -43.988975524902344 -0.21894005008506567 -0.9757383124940563 0 0 0 1 0 0 0 0 0 0
-0.47741395235061646 3.0992941856384277 -43.599212646484375 0.3700758594844941 -0.9290015383339325 0 0 0 1 0 0 0 0 0 0
-0.7533043026924133 2.8766493797302246 -43.209449768066406 0.8298933094956206 -0.5579221225712473 0 0 0 1 0 0 0 0 0 0
-0.8553512692451477 2.5371336936950684 -42.81968688964844 0.9999685388471827 0.007932295747784982 0 0 0 1 0 0 0 0 0 0
-0.7479274868965149 2.199277400970459 -42.42992401123047 0.820930584713248 0.571027998510025 0 0 0 1 0 0 0 0 0 0
-0.4685409665107727 1.9810385704040527 -42.0401611328125 0.3552881522568092 0.9347568287345871 0 0 0 1 0 0 0 0 0 0
-0.16842348873615265 1.9482245445251465 -41.65039825439453 -0.14490674562597516 0.9894453168680364 0 0 0 1 0 0 0 0 0 0
0.14688794314861298 2.096707820892334 -41.26063537597656 -0.6704275493519792 0.7419750002998078 0 0 0 1 0 0 0 0 0 0
0.3264724612236023 2.3953986167907715 -40.870872497558594 -0.9697342580577349 0.24416279149209894 0 0 0 1 0 0 0 0 0 0
0.3097373843193054 2.7435202598571777 -40.481109619140625 -0.9418468317972399 -0.336042475638872 0 0 0 1 0 0 0 0 0 0
0.10233037918806076 3.0236105918884277 -40.091346740722656 -0.5961604899068527 -0.8028652877500817 0 0 0 1 0 0 0 0 0 0
-0.22576792538166046 3.141160488128662 -39.70158386230469 -0.04933325205191144 -0.9987823738142271 0 0 0 1 0 0 0 0 0 0
-0.563854992389679 3.056516170501709 -39.31182098388672 0.5141442705756266 -0.8577037186781091 0 0 0 1 0 0 0 0 0 0
-0.7978542447090149 2.7982306480407715 -38.92205810546875 0.9041447681581436 -0.4272262143317713 0 0 0 1 0 0 0 0 0 0
-0.8488166928291321 2.4534544944763184 -38.53229522705078 0.9890763476819535 0.14740413310395273 0 0 0 1 0 0 0 0 0 0
-0.6958797574043274 2.1345229148864746 -38.14253234863281 0.734184585000388 0.6789499209424862 0 0 0 1 0 0 0 0 0 0
-0.38344651460647583 1.9557204246520996 -37.752769470214844 0.21345963891322373 0.9769518834390137 0 0 0 1 0 0 0 0 0 0
-0.024910757318139076 1.9879164695739746 -37.363006591796875 -0.3840959111651877 0.9232931988410749 0 0 0 1 0 0 0 0 0 0
0.2506706118583679 2.219521999359131 -36.973243713378906 -0.8434043035625994 0.5372794251896182 0 0 0 1 0 0 0 0 0 0
0.3440982699394226 2.5671629905700684 -36.58348083496094 -0.9991126145797253 -0.042118682169141324 0 0 0 1 0 0 0 0 0 0
0.22174374759197235 2.905709743499756 -36.19371795654297 -0.7951916129015401 -0.6063582264396579 0 0 0 1 0 0 0 0 0 0
-0.07235033065080643 3.113297939300537 -35.803955078125 -0.30503607699454877 -0.9523407960030777 0 0 0 1 0 0 0 0 0 0
-0.43232423067092896 3.1152052879333496 -35.41419219970703 0.294924994651309 -0.9555204066527964 0 0 0 1 0 0 0 0 0 0
-0.7286022305488586 2.910745143890381 -35.02442932128906 0.7887222910946327 -0.6147496624890767 0 0 0 1 0 0 0 0 0 0
-0.8545368313789368 2.573514461517334 -34.634666442871094 0.9986104585813314 -0.05269869079951816 0 0 0 1 0 0 0 0 0 0
-0.7647960782051086 2.224900722503662 -34.244903564453125 0.849043294868699 0.5283232755032695 0 0 0 1 0 0 0 0 0 0
-0.4916847348213196 1.9903883934020996 -33.855140686035156 0.39385565496595776 0.9191723032442483 0 0 0 1 0 0 0 0 0 0
-0.13350947201251984 1.9543967247009277 -33.46537780761719 -0.20309752738150927 0.9791585134039927 0 0 0 1 0 0 0 0 0 0
0.18080060184001923 2.1298766136169434 -33.07561492919922 -0.726945464223992 0.6866951958796309 0 0 0 1 0 0 0 0 0 0
0.33810919523239136 2.4536681175231934 -32.68585205078125 -0.98913147791447 0.14703373558043234 0 0 0 1 0 0 0 0 0 0
0.28179091215133667 2.809213161468506 -32.29608917236328 -0.8952659687566404 -0.44553209220687334 0 0 0 1 0 0 0 0 0 0
0.03211705759167671 3.0685324668884277 -31.906326293945312 -0.4791465064739551 -0.8777349402489365 0 0 0 1 0 0 0 0 0 0
-0.32103806734085083 3.1382880210876465 -31.516563415527344 0.10944878507583396 -0.9939924363119791 0 0 0 1 0 0 0 0 0 0
-0.650555431842804 2.9933676719665527 -31.126800537109375 0.658639630490091 -0.7524585285235834 0 0 0 1 0 0 0 0 0 0
-0.8378227353096008 2.6859335899353027 -30.737037658691406 0.9707561166781045 -0.24006782777383226 0 0 0 1 0 0 0 0 0 0
-0.8154323697090149 2.3266501426696777 -30.347274780273438 0.9334382531395257 0.3587381044380856 0 0 0 1 0 0 0 0 0 0
-0.5914447903633118 2.044847011566162 -29.95751190185547 0.5601268824382679 0.8284068297461018 0 0 0 1 0 0 0 0 0 0
-0.24648363888263702 1.9419569969177246 -29.5677490234375 -0.014809821901881693 0.9998903285737064 0 0 0 1 0 0 0 0 0 0
0.09527891129255295 2.055020809173584 -29.17798614501953 -0.5844134893536541 0.8114560206576118 0 0 0 1 0 0 0 0 0 0
0.30861586332321167 2.3371481895446777 -28.788223266601562 -0.9399773920823664 0.34123672483194617 0 0 0 1 0 0 0 0 0 0
0.32974356412887573 2.674722194671631 -28.398460388183594 -0.975186116942344 -0.22138662408310286 0 0 0 1 0 0 0 0 0 0
0.1649295538663864 2.9700865745544434 -28.008697509765625 -0.7004929975902119 -0.713659274673201 0 0 0 1 0 0 0 0 0 0
-0.13344843685626984 3.1293768882751465 -27.618934631347656 -0.20319880023495931 -0.9791375018775826 0 0 0 1 0 0 0 0 0 0
-0.470572292804718 3.1019721031188965 -27.229171752929688 0.3586700563487836 -0.9334644024700465 0 0 0 1 0 0 0 0 0 0
-0.7393062710762024 2.896584987640381 -26.83940887451172 0.8065594171202879 -0.5911530315024879 0 0 0 1 0 0 0 0 0 0
-0.8542526364326477 2.5784811973571777 -26.44964599609375 0.9981390417152118 -0.06097912268833309 0 0 0 1 0 0 0 0 0 0
-0.7788837552070618 2.2487502098083496 -26.05988311767578 0.8725228518232024 0.4885733036569905 0 0 0 1 0 0 0 0 0 0
-0.5371482968330383 2.012174129486084 -25.670120239257812 0.4696273934001294 0.8828647186110681 0 0 0 1 0 0 0 0 0 0
-0.20586855709552765 1.943936824798584 -25.280357360839844 -0.0825032134420207 0.9965907985586362 0 0 0 1 0 0 0 0 0 0
0.10968130081892014 2.065721035003662 -24.890594482421875 -0.6084162333888858 0.7936180989297565 0 0 0 1 0 0 0 0 0 0
0.31448477506637573 2.3541007041931152 -24.500831604003906 -0.9497582197380252 0.31298454281331034 0 0 0 1 0 0 0 0 0 0
0.3207675814628601 2.709420680999756 -24.111068725585938 -0.9602288861019813 -0.27921405103495084 0 0 0 1 0 0 0 0 0 0
0.1249343678355217 3.0059714317321777 -23.72130584716797 -0.63384032404779 -0.7734639252162913 0 0 0 1 0 0 0 0 0 0
-0.20431216061115265 3.1397147178649902 -23.33154296875 -0.08509643481112789 -0.9963727198104309 0 0 0 1 0 0 0 0 0 0
-0.5514705777168274 3.0637412071228027 -22.94178009033203 0.4935008169440873 -0.8697453326552079 0 0 0 1 0 0 0 0 0 0
-0.7947528958320618 2.8046927452087402 -22.552017211914062 0.898976672408236 -0.4379965096502657 0 0 0 1 0 0 0 0 0 0
-0.8488166928291321 2.4534544944763184 -22.162254333496094 0.9890763476819535 0.14740413310395273 0 0 0 1 0 0 0 0 0 0
-0.6958797574043274 2.1345229148864746 -21.772491455078125 0.734184585000388 0.6789499209424862 0 0 0 1 0 0 0 0 0 0
-0.3812282681465149 1.9552397727966309 -21.382728576660156 0.2097612460123305 0.9777526372612627 0 0 0 1 0 0 0 0 0 0
-0.02072603441774845 1.9896788597106934 -20.992965698242188 -0.39107650637371016 0.9203581727580482 0 0 0 1 0 0 0 0 0 0
0.25429457426071167 2.2252821922302246 -20.60320281982422 -0.8494395457234907 0.5276859465260277 0 0 0 1 0 0 0 0 0 0
0.34364622831344604 2.576230525970459 -20.21343994140625 -0.9983609106573166 -0.057231914798418784 0 0 0 1 0 0 0 0 0 0
0.2147781103849411 2.9146666526794434 -19.82367706298828 -0.7835793222375602 -0.6212917557490407 0 0 0 1 0 0 0 0 0 0
-0.08536607772111893 3.1173033714294434 -19.433914184570312 -0.283338187404968 -0.9590200579539864 0 0 0 1 0 0 0 0 0 0
-0.447439968585968 3.110318660736084 -19.044151306152344 0.32011441195182694 -0.947378891078293 0 0 0 1 0 0 0 0 0 0
-0.739544689655304 2.896256923675537 -18.654388427734375 0.8069605500575517 -0.5906053425518714 0 0 0 1 0 0 0 0 0 0
-0.8552654385566711 2.5531020164489746 -18.264625549316406 0.9998254990527667 -0.018680777389765375 0 0 0 1 0 0 0 0 0 0
-0.7524440884590149 2.2058615684509277 -17.874862670898438 0.8284565064306569 0.5600534054469369 0 0 0 1 0 0 0 0 0 0
-0.4685409665107727 1.9810385704040527 -17.48509979248047 0.3552881522568092 0.9347568287345871 0 0 0 1 0 0 0 0 0 0
-0.16842348873615265 1.9482245445251465 -17.0953369140625 -0.14490674562597516 0.9894453168680364 0 0 0 1 0 0 0 0 0 0
0.1532546728849411 2.1025443077087402 -16.70557403564453 -0.6810369955974971 0.7322490086217494 0 0 0 1 0 0 0 0 0 0
0.33044928312301636 2.4122138023376465 -16.315811157226562 -0.9763633487309057 0.21613563161813876 0 0 0 1 0 0 0 0 0 0
0.3005039095878601 2.7677359580993652 -15.92604923248291 -0.9264536209276342 -0.37640893755339533 0 0 0 1 0 0 0 0 0 0
0.07401006668806076 3.0434012413024902 -15.536286354064941 -0.5489676442391241 -0.8358436011470963 0 0 0 1 0 0 0 0 0 0
-0.26895028352737427 3.141740322113037 -15.146523475646973 0.022635771691097668 -0.9997437780951419 0 0 0 1 0 0 0 0 0 0
-0.607107937335968 3.0279784202575684 -14.756760597229004 0.5862313581903101 -0.8101436876717268 0 0 0 1 0 0 0 0 0 0
-0.8208950161933899 2.7423453330993652 -14.366997718811035 0.9425418677812454 -0.3340880534820748 0 0 0 1 0 0 0 0 0 0
-0.8347194790840149 2.3858351707458496 -13.977234840393066 0.9655830900047129 0.26009478329437963 0 0 0 1 0 0 0 0 0 0
-0.6436927914619446 2.0845046043395996 -13.587471961975098 0.6472060343807471 0.762315124512919 0 0 0 1 0 0 0 0 0 0
-0.315359890460968 1.9448981285095215 -13.197709083557129 0.09998359591694382 0.9949890856424091 0 0 0 1 0 0 0 0 0 0
0.09527891129255295 2.055020809173584 -12.80794620513916 -0.5844134893536541 0.8114560206576118 0 0 0 1 0 0 0 0 0 0
0.30861586332321167 2.3371481895446777 -12.418183326721191 -0.9399773920823664 0.34123672483194617 0 0 0 1 0 0 0 0 0 0
0.3259536623954773 2.690427303314209 -12.028420448303223 -0.9688745543223061 -0.2475522126476611 0 0 0 1 0 0 0 0 0 0
0.14126889407634735 2.9920897483825684 -11.638657569885254 -0.6610648230084131 -0.7503287944500434 0 0 0 1 0 0 0 0 0 0
-0.18125613033771515 3.137296199798584 -11.248894691467285 -0.12352378819724882 -0.9923416114168555 0 0 0 1 0 0 0 0 0 0
-0.5295379757881165 3.075589656829834 -10.859131813049316 0.4569436152887636 -0.8894956618482377 0 0 0 1 0 0 0 0 0 0
-0.7825401425361633 2.828408718109131 -10.469368934631348 0.8786200580859357 -0.47752151106423163 0 0 0 1 0 0 0 0 0 0
-0.852337658405304 2.481656551361084 -10.079606056213379 0.9949477561830038 0.1003940360101436 0 0 0 1 0 0 0 0 0 0
-0.7146766781806946 2.155839443206787 -9.68984317779541 0.7655078950069887 0.6434265013830012 0 0 0 1 0 0 0 0 0 0
-0.4173954129219055 1.9641852378845215 -9.300080299377441 0.27004335967742654 0.9628481624296368 0 0 0 1 0 0 0 0 0 0
-0.06380731612443924 1.973294734954834 -8.910317420959473 -0.31926895272210964 0.9476641471680395 0 0 0 1 0 0 0 0 0 0
0.22320859134197235 2.1800055503845215 -8.520554542541504 -0.7976295742109126 0.6031476289799359 0 0 0 1 0 0 0 0 0 0
0.34390944242477417 2.5124831199645996 -8.130791664123535 -0.998797858196542 0.04901875622657611 0 0 0 1 0 0 0 0 0 0
0.2563449740409851 2.8551764488220215 -7.741028308868408 -0.8528572270532337 -0.5221441853196003 0 0 0 1 0 0 0 0 0 0
-0.009051153436303139 3.0890021324157715 -7.351269245147705 -0.41052889785368657 -0.9118475881566159 0 0 0 1 0 0 0 0 0 0
-0.3600471615791321 3.1326918601989746 -6.961506366729736 0.174460866338002 -0.984664108270731 0 0 0 1 0 0 0 0 0 0
-0.6746662259101868 2.971066951751709 -6.571743488311768 0.6988263807856077 -0.7152913319187426 0 0 0 1 0 0 0 0 0 0
-0.8435714840888977 2.660295009613037 -6.181980609893799 0.9803345863330661 -0.19734259256221412 0 0 0 1 0 0 0 0 0 0
-0.8080623745918274 2.3083739280700684 -5.79221773147583 0.921153354739758 0.3891998163561867 0 0 0 1 0 0 0 0 0 0
-0.5804794430732727 2.037606716156006 -5.402454853057861 0.5418481578493393 0.8404763969531075 0 0 0 1 0 0 0 0 0 0
-0.23991473019123077 1.9420905113220215 -5.012691974639893 -0.025760247719873456 0.9996681497564134 0 0 0 1 0 0 0 0 0 0
0.09527891129255295 2.055020809173584 -4.622929096221924 -0.5844134893536541 0.8114560206576118 0 0 0 1 0 0 0 0 0 0
0.30861586332321167 2.3371481895446777 -4.233166217803955 -0.9399773920823664 0.34123672483194617 0 0 0 1 0 0 0 0 0 0
0.3378555178642273 2.631803035736084 -3.8434035778045654 -0.988708680361624 -0.14985041000136068 0 0 0 1 0 0 0 0 0 0
0.21362988650798798 2.9161124229431152 -3.4969451427459717 -0.7816628540350568 -0.6237011965851672 0 0 0 1 0 0 0 0 0 0
-0.036003898829221725 3.1003546714782715 -3.150486707687378 -0.3656082964397576 -0.930768807800529 0 0 0 1 0 0 0 0 0 0
-0.34429436922073364 3.1352667808532715 -2.8040359020233154 0.148206035153152 -0.9889565061943739 0 0 0 1 0 0 0 0 0 0
-0.628805935382843 3.011514186859131 -2.4575774669647217 0.6223984618061613 -0.7827005524089813 0 0 0 1 0 0 0 0 0 0
-0.8134639859199524 2.7621893882751465 -2.111119031906128 0.9301562296871806 -0.36716398022427127 0 0 0 1 0 0 0 0 0 0
-0.8488910794258118 2.453958034515381 -1.7646681070327759 0.9892013538521901 0.1465628927696025 0 0 0 1 0 0 0 0 0 0
-0.7256134152412415 2.1692404747009277 -1.4182096719741821 0.7837404150704457 0.621088529748542 0 0 0 1 0 0 0 0 0 0
-0.4765956997871399 1.9841666221618652 -1.0717512369155884 0.36871381061431846 0.9295429661195165 0 0 0 1 0 0 0 0 0 0
-0.16842348873615265 1.9482245445251465 -0.7253004312515259 -0.14490674562597516 0.9894453168680364 0 0 0 1 0 0 0 0 0 0
0.10968130081892014 2.065721035003662 -0.3355375826358795 -0.6084162333888858 0.7936180989297565 0 0 0 1 0 0 0 0 0 0
0.3149520754814148 2.3555235862731934 0.05422531068325043 -0.9505353722042316 0.3106163327781764 0 0 0 1 0 0 0 0 0 0
0.3204185366630554 2.710618495941162 0.443988174200058 -0.9596463227952847 -0.2812097707148319 0 0 0 1 0 0 0 0 0 0
0.12416189163923264 3.0066046714782715 0.8337510824203491 -0.6325505000639715 -0.7745191184656578 0 0 0 1 0 0 0 0 0 0
-0.20505793392658234 3.139779567718506 1.2235139608383179 -0.08385048613478754 -0.9964783469674391 0 0 0 1 0 0 0 0 0 0
-0.5519035458564758 3.063493251800537 1.6132768392562866 0.4942220106828403 -0.8693357258025293 0 0 0 1 0 0 0 0 0 0
-0.7948635220527649 2.804471492767334 2.003039598464966 0.8991534805147071 -0.43763342934274174 0 0 0 1 0 0 0 0 0 0
-0.8488166928291321 2.4534544944763184 2.3928024768829346 0.9890763476819535 0.14740413310395273 0 0 0 1 0 0 0 0 0 0
-0.6958797574043274 2.1345229148864746 2.7825653553009033 0.734184585000388 0.6789499209424862 0 0 0 1 0 0 0 0 0 0
-0.3750923275947571 1.9539580345153809 3.172328233718872 0.19953585596865878 0.979890525611333 0 0 0 1 0 0 0 0 0 0
-0.009238073602318764 1.9946990013122559 3.562091112136841 -0.41021773417572244 0.9119876153587485 0 0 0 1 0 0 0 0 0 0
0.26396864652633667 2.2414145469665527 3.9518539905548096 -0.8655675984312462 0.500792105115451 0 0 0 1 0 0 0 0 0 0
0.3416892886161804 2.6012282371520996 4.341617107391357 -0.9950983211331846 -0.09889050145447395 0 0 0 1 0 0 0 0 0 0
0.1946689337491989 2.9387106895446777 4.731379985809326 -0.750063237360577 -0.6613661164288438 0 0 0 1 0 0 0 0 0 0
-0.12175066024065018 3.1268248558044434 5.121142864227295 -0.22269900189362837 -0.9748872522274471 0 0 0 1 0 0 0 0 0 0
-0.4884651303291321 3.0947623252868652 5.510905742645264 0.38849333689633775 -0.9214515327390523 0 0 0 1 0 0 0 0 0 0
-0.7674415707588196 2.854592800140381 5.900668621063232 0.8534549860674134 -0.5211665633525148 0 0 0 1 0 0 0 0 0 0
-0.8536670804023743 2.496720790863037 6.290431499481201 0.9971621184598654 0.07528419162502471 0 0 0 1 0 0 0 0 0 0
-0.7146862149238586 2.155850887298584 6.68019437789917 0.7655259145883191 0.6434050622226387 0 0 0 1 0 0 0 0 0 0
-0.4685409665107727 1.9810385704040527 7.069957256317139 0.3552881522568092 0.9347568287345871 0 0 0 1 0 0 0 0 0 0
-0.1179397776722908 1.9578452110290527 7.459720134735107 -0.22905123637256086 0.9734143676339493 0 0 0 1 0 0 0 0 0 0
0.1855289191007614 2.1349425315856934 7.849483013153076 -0.7348283826392595 0.6782530855571319 0 0 0 1 0 0 0 0 0 0
0.3377982974052429 2.4516005516052246 8.239245414733887 -0.9886115816081372 0.15048966977921538 0 0 0 1 0 0 0 0 0 0
0.2866451144218445 2.7992262840270996 8.629008293151855 -0.9033551653026275 -0.4288932796408245 0 0 0 1 0 0 0 0 0 0
0.04961507394909859 3.0585989952087402 9.018771171569824 -0.5083066412842119 -0.8611761483148284 0 0 0 1 0 0 0 0 0 0
-0.2920082211494446 3.1407713890075684 9.408534049987793 0.061063640800728514 -0.9981338746742141 0 0 0 1 0 0 0 0 0 0
-0.6210659146308899 3.0175681114196777 9.798296928405762 0.6094914118473959 -0.7927926708063515 0 0 0 1 0 0 0 0 0 0
-0.8247116208076477 2.7312331199645996 10.18805980682373 0.9489040939357001 -0.3155646059241561 0 0 0 1 0 0 0 0 0 0
-0.8331077694892883 2.3799681663513184 10.5778226852417 0.9628945390114109 0.26987794786162617 0 0 0 1 0 0 0 0 0 0
-0.6433742642402649 2.0842337608337402 10.967585563659668 0.6466780144544912 0.7627630992786664 0 0 0 1 0 0 0 0 0 0
-0.320578396320343 1.9454474449157715 11.357348442077637 0.10867964435783171 0.9940768254527691 0 0 0 1 0 0 0 0 0 0
0.02457921765744686 2.0112051963806152 11.747111320495605 -0.4665804356473724 0.8844787714078322 0 0 0 1 0 0 0 0 0 0
0.27373236417770386 2.258958339691162 12.136874198913574 -0.881838412281156 0.471551709386627 0 0 0 1 0 0 0 0 0 0
0.34143370389938354 2.6037421226501465 12.526637077331543 -0.9946723729379024 -0.10308671356718238 0 0 0 1 0 0 0 0 0 0
0.20446889102458954 2.9273123741149902 12.916399955749512 -0.7663991018073185 -0.6423647069608786 0 0 0 1 0 0 0 0 0 0
-0.09019357711076736 3.1187071800231934 13.30616283416748 -0.2752923520879376 -0.9613605571698326 0 0 0 1 0 0 0 0 0 0
-0.4415004849433899 3.112290859222412 13.69592571258545 0.3102216577174943 -0.9506642536053461 0 0 0 1 0 0 0 0 0 0
-0.7289760708808899 2.910264492034912 14.085688591003418 0.7893434573183762 -0.6139518762807658 0 0 0 1 0 0 0 0 0 0
-0.8540332913398743 2.581906795501709 14.475451469421387 0.9977737497615496 -0.06668991143176582 0 0 0 1 0 0 0 0 0 0
-0.773785412311554 2.239823818206787 14.865214347839355 0.8640239753850517 0.5034506628854626 0 0 0 1 0 0 0 0 0 0
-0.5157516598701477 2.0013365745544434 15.254977226257324 0.4339660664065973 0.9009292165356746 0 0 0 1 0 0 0 0 0 0
-0.16842348873615265 1.9482245445251465 15.644740104675293 -0.14490674562597516 0.9894453168680364 0 0 0 1 0 0 0 0 0 0
0.10968130081892014 2.065721035003662 16.034503936767578 -0.6084162333888858 0.7936180989297565 0 0 0 1 0 0 0 0 0 0
0.30667418241500854 2.331876277923584 16.399906158447266 -0.9367414352076928 0.35002211867970856 0 0 0 1 0 0 0 0 0 0
0.3324882388114929 2.6619925498962402 16.765308380126953 -0.979761240425484 -0.2001697073982903 0 0 0 1 0 0 0 0 0 0
0.17926137149333954 2.9555296897888184 17.13071060180664 -0.7243846815093197 -0.6893959915713475 0 0 0 1 0 0 0 0 0 0
-0.10633737593889236 3.1230902671813965 17.49612045288086 -0.24838657317387425 -0.9686609883065074 0 0 0 1 0 0 0 0 0 0
-0.43732720613479614 3.1136374473571777 17.861522674560547 0.30326154422028034 -0.9529073595041289 0 0 0 1 0 0 0 0 0 0
-0.7128971219062805 2.930051326751709 18.226924896240234 0.7625493883704347 -0.6469300041703709 0 0 0 1 0 0 0 0 0 0
-0.8491218686103821 2.6282477378845215 18.592327117919922 0.9895884150781881 -0.14392626147802176 0 0 0 1 0 0 0 0 0 0
-0.8045108914375305 2.3001418113708496 18.95772933959961 0.91523461145068 0.4029213397211957 0 0 0 1 0 0 0 0 0 0
-0.5926521420478821 2.0456671714782715 19.323131561279297 0.5621424503435534 0.8270404255668192 0 0 0 1 0 0 0 0 0 0
-0.278067409992218 1.9423232078552246 19.688533782958984 0.037827283345279766 0.9992842921985294 0 0 0 1 0 0 0 0 0 0
0.04342954233288765 2.021584987640381 20.053936004638672 -0.4979961322094482 0.8671792503885397 0 0 0 1 0 0 0 0 0 0
0.2739230990409851 2.259316921234131 20.41933822631836 -0.8821553405036141 0.47095854936602705 0 0 0 1 0 0 0 0 0 0
0.3432132601737976 2.5831122398376465 20.784740447998047 -0.9976374931172861 -0.0686981246225601 0 0 0 1 0 0 0 0 0 0
0.23019520938396454 2.8943495750427246 21.150142669677734 -0.8092757399939392 -0.5874289545615384 0 0 0 1 0 0 0 0 0 0
-0.030707189813256264 3.098245143890381 21.515544891357422 -0.37443542276474373 -0.927252993620936 0 0 0 1 0 0 0 0 0 0
-0.3600338101387024 3.1326918601989746 21.88094711303711 0.17443910977154617 -0.9846679628088397 0 0 0 1 0 0 0 0 0 0
-0.7410629391670227 2.894174098968506 22.270709991455078 0.8094879286684037 -0.5871365201894168 0 0 0 1 0 0 0 0 0 0
-0.8550804257392883 2.5604910850524902 22.660472869873047 0.9995193823968487 -0.031000067951894722 0 0 0 1 0 0 0 0 0 0
-0.7619579434394836 2.220384120941162 23.050235748291016 0.8443111170416452 0.5358532799562669 0 0 0 1 0 0 0 0 0 0
-0.49386101961135864 1.9913268089294434 23.439998626708984 0.39748369265176453 0.9176092382250289 0 0 0 1 0 0 0 0 0 0
-0.14338763058185577 1.9524359703063965 23.829761505126953 -0.1866338986938064 0.9824295332787741 0 0 0 1 0 0 0 0 0 0
0.1684066504240036 2.117143154144287 24.219524383544922 -0.706292872300709 0.707919754306386 0 0 0 1 0 0 0 0 0 0
0.3338291049003601 2.428555965423584 24.60928726196289 -0.9819973638744425 0.18889461967892507 0 0 0 1 0 0 0 0 0 0
0.2957412600517273 2.7791190147399902 24.99905014038086 -0.9185208990644923 -0.3953724294658856 0 0 0 1 0 0 0 0 0 0
0.06730001419782639 3.0477423667907715 25.388813018798828 -0.5377833840504364 -0.8430830515668436 0 0 0 1 0 0 0 0 0 0
-0.27259141206741333 3.1416449546813965 25.778575897216797 0.028705671225828018 -0.9995879073095446 0 0 0 1 0 0 0 0 0 0
-0.6065338253974915 3.0283942222595215 26.168338775634766 0.5852746509497021 -0.8108351145305094 0 0 0 1 0 0 0 0 0 0
-0.8191860318183899 2.7471060752868652 26.558101654052734 0.93969248736894 -0.3420205098855549 0 0 0 1 0 0 0 0 0 0
-0.8488166928291321 2.4534544944763184 26.947864532470703 0.9890763476819535 0.14740413310395273 0 0 0 1 0 0 0 0 0 0
-0.6958797574043274 2.1345229148864746 27.337627410888672 0.734184585000388 0.6789499209424862 0 0 0 1 0 0 0 0 0 0
-0.38985711336135864 1.9571585655212402 27.72739028930664 0.2241473732411885 0.9745552601412992 0 0 0 1 0 0 0 0 0 0
-0.037094902247190475 1.9830031394958496 28.11715316772461 -0.3637924341241599 0.9314800399761762 0 0 0 1 0 0 0 0 0 0
0.23981015384197235 2.2030768394470215 28.506916046142578 -0.8253028545056488 0.5646903561641797 0 0 0 1 0 0 0 0 0 0
0.3446304202079773 2.5408949851989746 28.896678924560547 -0.9999986213486698 0.0016605121980827677 0 0 0 1 0 0 0 0 0 0
0.24093548953533173 2.8790602684020996 29.286441802978516 -0.8271716205396427 -0.5619493839963003 0 0 0 1 0 0 0 0 0 0
-0.03523523733019829 3.1000494956970215 29.676204681396484 -0.3668916609554998 -0.9302636772019611 0 0 0 1 0 0 0 0 0 0
-0.38790780305862427 3.127072811126709 30.065967559814453 0.22089703683512096 -0.9752971337584576 0 0 0 1 0 0 0 0 0 0
-0.6945198178291321 2.9507269859313965 30.455730438232422 0.7319221447361283 -0.6813882696707259 0 0 0 1 0 0 0 0 0 0
-0.8485191464424133 2.6323065757751465 30.84549331665039 0.9885808793345617 -0.15069122407792968 0 0 0 1 0 0 0 0 0 0
-0.7963836789131165 2.2824645042419434 31.23525619506836 0.9016889670213593 0.43238525269943495 0 0 0 1 0 0 0 0 0 0
-0.556235134601593 2.0227789878845215 31.625019073486328 0.5014448747684755 0.8651895963131017 0 0 0 1 0 0 0 0 0 0
-0.21152766048908234 1.943498134613037 32.0147819519043 -0.07306886513115186 0.9973268977363668 0 0 0 1 0 0 0 0 0 0
0.11794202774763107 2.072171688079834 32.404544830322266 -0.6221892957158324 0.7828668343317631 0 0 0 1 0 0 0 0 0 0
0.31767958402633667 2.364083766937256 32.794307708740234 -0.9550808395673221 0.29634538952273076 0 0 0 1 0 0 0 0 0 0
0.3182670474052429 2.717790126800537 33.1840705871582 -0.9560631209407024 -0.29316089230510245 0 0 0 1 0 0 0 0 0 0
0.11950414627790451 3.0103697776794434 33.57383346557617 -0.6247867157158133 -0.7807954660889413 0 0 0 1 0 0 0 0 0 0
-0.20953448116779327 3.1401381492614746 33.96359634399414 -0.07639534383605043 -0.9970776055253531 0 0 0 1 0 0 0 0 0 0
-0.5545032620429993 3.0620055198669434 34.35335922241211 0.49855417640751215 -0.8668585427776712 0 0 0 1 0 0 0 0 0 0
-0.7955158352851868 2.8031249046325684 34.74312210083008 0.900241041942386 -0.4353918538540736 0 0 0 1 0 0 0 0 0 0
-0.8488166928291321 2.4534544944763184 35.13288497924805 0.9890763476819535 0.14740413310395273 0 0 0 1 0 0 0 0 0 0
-0.6958797574043274 2.1345229148864746 35.522647857666016 0.734184585000388 0.6789499209424862 0 0 0 1 0 0 0 0 0 0
-0.38985711336135864 1.9571585655212402 35.912410736083984 0.2241473732411885 0.9745552601412992 0 0 0 1 0 0 0 0 0 0
-0.037094902247190475 1.9830031394958496 36.30217361450195 -0.3637924341241599 0.9314800399761762 0 0 0 1 0 0 0 0 0 0
0.23981015384197235 2.2030768394470215 36.69193649291992 -0.8253028545056488 0.5646903561641797 0 0 0 1 0 0 0 0 0 0
0.3446304202079773 2.5408949851989746 37.08169937133789 -0.9999986213486698 0.0016605121980827677 0 0 0 1 0 0 0 0 0 0
0.24093548953533173 2.8790602684020996 37.47146224975586 -0.8271716205396427 -0.5619493839963003 0 0 0 1 0 0 0 0 0 0
-0.03523523733019829 3.1000494956970215 37.86122512817383 -0.3668916609554998 -0.9302636772019611 0 0 0 1 0 0 0 0 0 0
-0.38790780305862427 3.127072811126709 38.2509880065918 0.22089703683512096 -0.9752971337584576 0 0 0 1 0 0 0 0 0 0
-0.6945198178291321 2.9507269859313965 38.640750885009766 0.7319221447361283 -0.6813882696707259 0 0 0 1 0 0 0 0 0 0
-0.8485191464424133 2.6323065757751465 39.030513763427734 0.9885808793345617 -0.15069122407792968 0 0 0 1 0 0 0 0 0 0
-0.7963836789131165 2.2824645042419434 39.4202766418457 0.9016889670213593 0.43238525269943495 0 0 0 1 0 0 0 0 0 0
-0.556235134601593 2.0227789878845215 39.81003952026367 0.5014448747684755 0.8651895963131017 0 0 0 1 0 0 0 0 0 0
-0.21152766048908234 1.943498134613037 40.19980239868164 -0.07306886513115186 0.9973268977363668 0 0 0 1 0 0 0 0 0 0
0.11794202774763107 2.072171688079834 40.58956527709961 -0.6221892957158324 0.7828668343317631 0 0 0 1 0 0 0 0 0 0
0.31767958402633667 2.364083766937256 40.97932815551758 -0.9550808395673221 0.29634538952273076 0 0 0 1 0 0 0 0 0 0
0.3182670474052429 2.717790126800537 41.36909103393555 -0.9560631209407024 -0.29316089230510245 0 0 0 1 0 0 0 0 0 0
0.11950414627790451 3.0103697776794434 41.758853912353516 -0.6247867157158133 -0.7807954660889413 0 0 0 1 0 0 0 0 0 0
-0.20953448116779327 3.1401381492614746 42.148616790771484 -0.07639534383605043 -0.9970776055253531 0 0 0 1 0 0 0 0 0 0
-0.5545032620429993 3.0620055198669434 42.53837966918945 0.49855417640751215 -0.8668585427776712 0 0 0 1 0 0 0 0 0 0
-0.7955158352851868 2.8031249046325684 42.92814254760742 0.900241041942386 -0.4353918538540736 0 0 0 1 0 0 0 0 0 0
-0.8488166928291321 2.4534544944763184 43.31790542602539 0.9890763476819535 0.14740413310395273 0 0 0 1 0 0 0 0 0 0
-0.6958797574043274 2.1345229148864746 43.70766830444336 0.734184585000388 0.6789499209424862 0 0 0 1 0 0 0 0 0 0
-0.315359890460968 1.9448981285095215 44.09743118286133 0.09998359591694382 0.9949890856424091 0 0 0 1 0 0 0 0 0 0
0.03107946179807186 2.0146842002868652 44.4871940612793 -0.47741334774826333 0.8786788351791545 0 0 0 1 0 0 0 0 0 0
0.27814406156539917 2.2673697471618652 44.876956939697266 -0.8891893525061477 0.4575393921726276 0 0 0 1 0 0 0 0 0 0
0.34012335538864136 2.6152892112731934 45.266719818115234 -0.992489671180513 -0.12232846193751182 0 0 0 1 0 0 0 0 0 0
0.19551770389080048 2.9377455711364746 45.6564826965332 -0.7514813289739849 -0.659754357472153 0 0 0 1 0 0 0 0 0 0
-0.10550958663225174 3.1228766441345215 46.04624557495117 -0.24976758674238128 -0.9683058156454947 0 0 0 1 0 0 0 0 0 0
-0.45852547883987427 3.106454372406006 46.43600845336914 0.33859133737619274 -0.940933529136783 0 0 0 1 0 0 0 0 0 0
-0.7410629391670227 2.894174098968506 46.82577133178711 0.8094879286684037 -0.5871365201894168 0 0 0 1 0 0 0 0 0 0
-0.8494632840156555 2.4579100608825684 47.21553421020508 0.9901547702152433 0.13997689459335394 0 0 0 1 0 0 0 0 0 0
-0.7001121640205383 2.139146327972412 47.60529708862305 0.7412373406117156 0.6712430296717214 0 0 0 1 0 0 0 0 0 0
-0.3976772427558899 1.959012508392334 47.995059967041016 0.2371781703485507 0.9714661679698958 0 0 0 1 0 0 0 0 0 0
-0.046257805079221725 1.9795126914978027 48.384822845458984 -0.3485166689478765 0.9373025826623314 0 0 0 1 0 0 0 0 0 0
0.2331821173429489 2.193589687347412 48.77458572387695 -0.8142543266825638 0.5805083044011725 0 0 0 1 0 0 0 0 0 0
0.34445875883102417 2.527554988861084 49.16434860229492 -0.9997144030412817 0.02389795706359545 0 0 0 1 0 0 0 0 0 0
0.24926869571208954 2.8664565086364746 49.55411148071289 -0.8410585187033633 -0.5409441450986451 0 0 0 1 0 0 0 0 0 0
-0.019623586907982826 3.0936408042907715 49.94387435913086 -0.39290823747958015 -0.9195776840053753 0 0 0 1 0 0 0 0 0 0
-0.3696621060371399 3.130906581878662 50.33363723754883 0.19048795820397674 -0.9816895322754949 0 0 0 1 0 0 0 0 0 0
-0.6803596615791321 2.9654288291931152 50.7234001159668 0.7083202771467942 -0.705891199111229 0 0 0 1 0 0 0 0 0 0
-0.8447712063789368 2.6541686058044434 51.113162994384766 0.9823345398722473 -0.18713324604137097 0 0 0 1 0 0 0 0 0 0
-0.8063057065010071 2.304257869720459 51.502925872802734 0.9182264942662839 0.3960556845033916 0 0 0 1 0 0 0 0 0 0
-0.5782020688056946 2.0361456871032715 51.8926887512207 0.5380510571731306 0.8429122492139243 0 0 0 1 0 0 0 0 0 0
-0.23897631466388702 1.9421172142028809 52.28245162963867 -0.0273198697861522 0.9996267426969268 0 0 0 1 0 0 0 0 0 0
0.09460752457380295 2.0545363426208496 52.67221450805664 -0.5832947678248174 0.8122605578434746 0 0 0 1 0 0 0 0 0 0
0.3077232241630554 2.3347067832946777 53.06197738647461 -0.9384890977419416 0.34530886669692706 0 0 0 1 0 0 0 0 0 0
0.3270198702812195 2.686196804046631 53.45174026489258 -0.9706479030725743 -0.24050498593753616 0 0 0 1 0 0 0 0 0 0
0.14585034549236298 2.9880118370056152 53.84150314331055 -0.6687012308990375 -0.7435312123872891 0 0 0 1 0 0 0 0 0 0
-0.1734226495027542 3.136270046234131 54.231266021728516 -0.13657703061295956 -0.9906294537863017 0 0 0 1 0 0 0 0 0 0
-0.5209015011787415 3.0799384117126465 54.621028900146484 0.44254911813096776 -0.8967442656864346 0 0 0 1 0 0 0 0 0 0
-0.7769840359687805 2.8384032249450684 55.01079177856445 0.869358077550372 -0.4941826919246781 0 0 0 1 0 0 0 0 0 0
-0.8535202145576477 2.494809627532959 55.40055465698242 0.9969164568108343 0.07847023728606851 0 0 0 1 0 0 0 0 0 0
-0.7241657376289368 2.1674208641052246 55.79031753540039 0.7813272408751961 0.624121576831272 0 0 0 1 0 0 0 0 0 0
-0.43344956636428833 1.968930721282959 56.18008041381836 0.29680272972115435 0.954938814600219 0 0 0 1 0 0 0 0 0 0
-0.08143503218889236 1.9676566123962402 56.56984329223633 -0.28988830434994456 0.9570604845050882 0 0 0 1 0 0 0 0 0 0
0.21070973575115204 2.164041042327881 56.959598541259766 -0.776799058649349 0.6297485390864241 0 0 0 1 0 0 0 0 0 0
0.34242361783981323 2.490487575531006 57.349369049072266 -0.9963232359708525 0.0856738551984733 0 0 0 1 0 0 0 0 0 0
0.26837271451950073 2.8346266746520996 57.7391242980957 -0.8729054040359748 -0.48788949118093483 0 0 0 1 0 0 0 0 0 0
0.014044931158423424 3.0780043601989746 58.1288948059082 -0.449025802074292 -0.8935187905531359 0 0 0 1 0 0 0 0 0 0
-0.33302003145217896 3.1368460655212402 58.51865005493164 0.12941976560544396 -0.9915898972209389 0 0 0 1 0 0 0 0 0 0
-0.6533554196357727 2.9908995628356934 58.90842056274414 0.6633102275574595 -0.7483445343006596 0 0 0 1 0 0 0 0 0 0
-0.8367012143135071 2.6904006004333496 59.29817581176758 0.9688836562876525 -0.2475165864718364 0 0 0 1 0 0 0 0 0 0
-0.8199451565742493 2.338784694671631 59.68794631958008 0.9409622641128352 0.3385114732407856 0 0 0 1 0 0 0 0 0 0
-0.6088588833808899 2.057076930999756 60.077701568603516 0.5891439251517137 0.8080281155113552 0 0 0 1 0 0 0 0 0 0
-0.2760971188545227 1.9422507286071777 60.467472076416016 0.034545357227679596 0.9994031310207169 0 0 0 1 0 0 0 0 0 0
0.06380002945661545 2.0338263511657715 60.85722732543945 -0.5319500209660812 0.846775752601706 0 0 0 1 0 0 0 0 0 0
0.2938339114189148 2.3002829551696777 61.24699783325195 -0.9153378658558077 0.4026867161088576 0 0 0 1 0 0 0 0 0 0
0.33482855558395386 2.6499037742614746 61.63675308227539 -0.9836629943943999 -0.18001975852400948 0 0 0 1 0 0 0 0 0 0
0.17266957461833954 2.9623465538024902 62.02652359008789 -0.7133980181956036 -0.7007590653245845 0 0 0 1 0 0 0 0 0 0
-0.13682444393634796 3.130063533782959 62.41627883911133 -0.1975734013834184 -0.9802880959523003 0 0 0 1 0 0 0 0 0 0
-0.4871223568916321 3.0953269004821777 62.80604934692383 0.38625830911777526 -0.9223906540276072 0 0 0 1 0 0 0 0 0 0
-0.7576492428779602 2.8700919151306152 63.195804595947266 0.8371361965873683 -0.5469945048748069 0 0 0 1 0 0 0 0 0 0
-0.8552864193916321 2.531888484954834 63.585575103759766 0.999861004472721 0.01667248436200326 0 0 0 1 0 0 0 0 0 0
-0.7464264035224915 2.1971259117126465 63.9753303527832 0.818423857920563 0.5746149917870416 0 0 0 1 0 0 0 0 0 0
-0.4685409665107727 1.9810385704040527 64.36509704589844 0.3552881522568092 0.9347568287345871 0 0 0 1 0 0 0 0 0 0
-0.16842348873615265 1.9482245445251465 64.75485229492188 -0.14490674562597516 0.9894453168680364 0 0 0 1 0 0 0 0 0 0
0.1521865576505661 2.1015563011169434 65.14462280273438 -0.679261573278399 0.7338962563382883 0 0 0 1 0 0 0 0 0 0
0.329812228679657 2.4093680381774902 65.53437805175781 -0.9753031776992444 0.22087035013726056 0 0 0 1 0 0 0 0 0 0
0.3021346926689148 2.7636771202087402 65.92414855957031 -0.9291729995517317 -0.3696451499804068 0 0 0 1 0 0 0 0 0 0
0.07886617630720139 3.0401740074157715 66.31390380859375 -0.55705928276356 -0.8304727301284179 0 0 0 1 0 0 0 0 0 0
-0.2616623044013977 3.1418585777282715 66.70367431640625 0.0104848147880381 -0.9999450328187347 0 0 0 1 0 0 0 0 0 0
-0.5999839901924133 3.0330557823181152 67.09342956542969 0.5743603308549253 -0.8186025960991211 0 0 0 1 0 0 0 0 0 0
-0.817404568195343 2.7519354820251465 67.48320007324219 0.9367216622974326 -0.35007503107581783 0 0 0 1 0 0 0 0 0 0
-0.8376434445381165 2.397122859954834 67.87295532226562 0.9704558368424905 0.24127881949798555 0 0 0 1 0 0 0 0 0 0
-0.6535995602607727 2.0931029319763184 68.26272583007812 0.663717684709052 0.7479831782897631 0 0 0 1 0 0 0 0 0 0
-0.32984429597854614 1.9465346336364746 68.65248107910156 0.12412449236964816 0.992266652868057 0 0 0 1 0 0 0 0 0 0
0.02003972791135311 2.008836269378662 69.04225158691406 -0.4590134230684068 0.8884293317101949 0 0 0 1 0 0 0 0 0 0
0.2732993960380554 2.2581534385681152 69.4320068359375 -0.8811166042970264 0.472899069180811 0 0 0 1 0 0 0 0 0 0
0.34108656644821167 2.6070151329040527 69.82177734375 -0.9940921662578427 -0.10853923246821817 0 0 0 1 0 0 0 0 0 0
0.19961468875408173 2.933030605316162 70.21153259277344 -0.7583062064233372 -0.6518985329787507 0 0 0 1 0 0 0 0 0 0
-0.10148126631975174 3.121823787689209 70.60130310058594 -0.2564809248995779 -0.9665492926709207 0 0 0 1 0 0 0 0 0 0
-0.456564724445343 3.1071524620056152 70.99105834960938 0.3353255094414901 -0.9421023313408183 0 0 0 1 0 0 0 0 0 0
-0.7410629391670227 2.894174098968506 71.38082885742188 0.8094879286684037 -0.5871365201894168 0 0 0 1 0 0 0 0 0 0
-0.8494632840156555 2.4579100608825684 71.77058410644531 0.9901547702152433 0.13997689459335394 0 0 0 1 0 0 0 0 0 0
-0.840985119342804 -2.6886963844299316 -71.27237701416016 0.976026549739675 0.21765149713077014 0 0 0 1 0 0 0 0 0 0
-0.6647289395332336 -2.9967713356018066 -70.88261413574219 0.682262483153746 0.7311073136557209 0 0 0 1 0 0 0 0 0 0
-0.34522324800491333 -3.151339054107666 -70.49285125732422 0.14975635554199246 0.9887229308430044 0 0 0 1 0 0 0 0 0 0
0.0057250759564340115 -3.098318576812744 -70.10308837890625 -0.4351591229057749 0.9003535626362993 0 0 0 1 0 0 0 0 0 0
0.26530760526657104 -2.8562607765197754 -69.71332550048828 -0.8677953876740876 0.4969216891337909 0 0 0 1 0 0 0 0 0 0
0.34268873929977417 -2.5098671913146973 -69.32356262207031 -0.9967626573611474 -0.08040027916831845 0 0 0 1 0 0 0 0 0 0
0.21078793704509735 -2.1803536415100098 -68.93379974365234 -0.77692705139678 -0.6295906263659783 0 0 0 1 0 0 0 0 0 0
-0.08423501998186111 -1.9830307960510254 -68.54403686523438 -0.2852206086898149 -0.9584618951103959 0 0 0 1 0 0 0 0 0 0
-0.43914300203323364 -1.9869446754455566 -68.1542739868164 0.3062877282068517 -0.9519389831023236 0 0 0 1 0 0 0 0 0 0
-0.7297447323799133 -2.190725803375244 -67.76451110839844 0.7906231358671042 -0.6123030761246155 0 0 0 1 0 0 0 0 0 0
-0.8543460965156555 -2.5230660438537598 -67.37474822998047 0.9982933554942365 -0.05839842785604708 0 0 0 1 0 0 0 0 0 0
-0.7693451046943665 -2.8676705360412598 -66.9849853515625 0.8566254821200237 0.5159387399513987 0 0 0 1 0 0 0 0 0 0
-0.5044887661933899 -3.103945255279541 -66.59522247314453 0.41520273019049686 0.9097289117326971 0 0 0 1 0 0 0 0 0 0
-0.1524570733308792 -3.149214267730713 -66.20545959472656 -0.1715213357450928 0.9851804055015606 0 0 0 1 0 0 0 0 0 0
0.16356198489665985 -2.9876351356506348 -65.8156967163086 -0.6982244991189805 0.7158788646342683 0 0 0 1 0 0 0 0 0 0
-2.8287856578826904 -0.8069367408752441 -65.8156967163086 0.6084216508062205 -0.7936139457130486 0 0 0 -1 0 0 0 0 0 0
-2.470322370529175 -0.6831421852111816 -66.23543548583984 0.01097842366794814 -0.9999397352909659 0 0 0 -1 0 0 0 0 0 0
-2.109226942062378 -0.7990365028381348 -66.65518188476562 -0.5908452797465903 -0.806784887935547 0 0 0 -1 0 0 0 0 0 0
-1.8897579908370972 -1.1083168983459473 -67.0749282836914 -0.956626212615776 -0.29131819259427705 0 0 0 -1 0 0 0 0 0 0
-1.8995941877365112 -1.4874253273010254 -67.49467468261719 -0.9402338533188646 0.34052944230001586 0 0 0 -1 0 0 0 0 0 0
-2.1348044872283936 -1.7849106788635254 -67.91441345214844 -0.5482157269341836 0.8363369636348883 0 0 0 -1 0 0 0 0 0 0
-2.5014235973358154 -1.8819222450256348 -68.33415985107422 0.06281344712253133 0.9980252856819735 0 0 0 -1 0 0 0 0 0 0
-2.8529841899871826 -1.7397065162658691 -68.75390625 0.6487521247623167 0.7609997901552795 0 0 0 -1 0 0 0 0 0 0
-3.0490405559539795 -1.4150795936584473 -69.17365264892578 0.9755107819916713 0.21995161790266055 0 0 0 -1 0 0 0 0 0 0
-3.011265516281128 -1.0377297401428223 -69.59339904785156 0.9125533648339017 -0.4089576461326086 0 0 0 -1 0 0 0 0 0 0
-2.7547500133514404 -0.7584061622619629 -70.01313781738281 0.4850236140497265 -0.8745010542098516 0 0 0 -1 0 0 0 0 0 0
-2.3819739818573 -0.6887040138244629 -70.4328842163086 -0.13626816714968223 -0.9906719874013126 0 0 0 -1 0 0 0 0 0 0
-2.0418612957000732 -0.8564629554748535 -70.85263061523438 -0.7031210361805974 -0.7110701853406054 0 0 0 -1 0 0 0 0 0 0
-1.8702877759933472 -1.1946702003479004 -71.27237701416016 -0.9890779757678403 -0.14739320829329852 0 0 0 -1 0 0 0 0 0 0
-2.8607451915740967 0.8170256614685059 -34.244903564453125 0.6616847185501903 0.7497821905307938 0 0 0 1 0 0 0 0 0 0
-2.432631254196167 0.6676993370056152 -33.73820877075195 -0.05184068046392278 0.9986553679067856 0 0 0 1 0 0 0 0 0 0
-2.0222785472869873 0.8605475425720215 -33.23151779174805 -0.7357593628008104 0.6772430583261412 0 0 0 1 0 0 0 0 0 0
-1.864022135734558 1.2854399681091309 -32.72482681274414 -0.9995221592048288 -0.0309104069613578 0 0 0 1 0 0 0 0 0 0
-2.048231840133667 1.6997389793395996 -32.218135833740234 -0.6925080056058177 -0.721410189955654 0 0 0 1 0 0 0 0 0 0
-2.4697158336639404 1.8668646812438965 -31.711444854736328 0.00996864911101473 -0.9999503117829912 0 0 0 1 0 0 0 0 0 0
-2.8877856731414795 1.6913695335388184 -31.204750061035156 0.7067532713495228 -0.7074601143787174 0 0 0 1 0 0 0 0 0 0
-3.0636985301971436 1.2734770774841309 -30.69805908203125 0.9999397961830967 -0.010972876072720085 0 0 0 1 0 0 0 0 0 0
-2.8970000743865967 0.8518271446228027 -30.191368103027344 0.7221131334305058 0.6917749796915009 0 0 0 1 0 0 0 0 0 0
-2.482884168624878 0.6671996116638184 -29.684677124023438 0.031914630257967 0.9994905984427754 0 0 0 1 0 0 0 0 0 0
-2.0578315258026123 0.8250288963317871 -29.17798614501953 -0.6765066609095607 0.7364365130444013 0 0 0 1 0 0 0 0 0 0
-2.8143832683563232 -0.7962327003479004 -29.17798614501953 0.5844081687018399 -0.8114598525833314 0 0 0 -1 0 0 0 0 0 0
-2.371840238571167 -0.6901841163635254 -29.684677124023438 -0.15315901193561224 -0.9882015569016814 0 0 0 -1 0 0 0 0 0 0
-1.9821594953536987 -0.9252152442932129 -30.191368103027344 -0.8026243213710511 -0.5964848688304334 0 0 0 -1 0 0 0 0 0 0
-1.869505763053894 -1.366121768951416 -30.69805908203125 -0.9903817687278771 0.13836167161263166 0 0 0 -1 0 0 0 0 0 0
-2.0986812114715576 -1.7592759132385254 -31.204750061035156 -0.6084216508062205 0.7936139457130486 0 0 0 -1 0 0 0 0 0 0
-2.537853956222534 -1.878511905670166 -31.711444854736328 0.12353483672749675 0.99234023606559 0 0 0 -1 0 0 0 0 0 0
-2.93438982963562 -1.6552414894104004 -32.218135833740234 0.7844244776325207 0.6202243456128976 0 0 0 -1 0 0 0 0 0 0
-3.0601813793182373 -1.217897891998291 -32.72482681274414 0.9940762856378885 -0.10868458185216082 0 0 0 -1 0 0 0 0 0 0
-2.8428657054901123 -0.8180680274963379 -33.23151779174805 0.6318838299667316 -0.7750631106087907 0 0 0 -1 0 0 0 0 0 0
-2.407454252243042 -0.6857514381408691 -33.73820877075195 -0.09380225931654287 -0.9955908477618262 0 0 0 -1 0 0 0 0 0 0
-2.004418134689331 -0.8970627784729004 -34.244903564453125 -0.7655259145883191 -0.6434050622226387 0 0 0 -1 0 0 0 0 0 0
-2.3012378215789795 0.6893172264099121 -8.910317420959473 -0.2708268045745457 0.96262809117745 0 0 0 1 0 0 0 0 0 0
-1.9402779340744019 0.9736495018005371 -8.403626441955566 -0.8724282441095481 0.4887422212986418 0 0 0 1 0 0 0 0 0 0
-1.886320948600769 1.4299674034118652 -7.896934986114502 -0.9623543975517297 -0.27179774375967103 0 0 0 1 0 0 0 0 0 0
-2.1710116863250732 1.7906432151794434 -7.39024019241333 -0.48787190097494876 -0.8729152354261493 0 0 0 1 0 0 0 0 0 0
-2.627384901046753 1.844144344329834 -6.883549213409424 0.27274970276644217 -0.9620850272407409 0 0 0 1 0 0 0 0 0 0
-2.987776517868042 1.5590910911560059 -6.376858234405518 0.8734060455554539 -0.4869926894596923 0 0 0 1 0 0 0 0 0 0
-3.0408217906951904 1.1026663780212402 -5.870167255401611 0.961810898502198 0.27371480691112476 0 0 0 1 0 0 0 0 0 0
-2.7554099559783936 0.7425589561462402 -5.363476276397705 0.48612583206511484 0.8738888232487013 0 0 0 1 0 0 0 0 0 0
-2.298931837081909 0.689969539642334 -4.856785297393799 -0.27466926288696525 0.9615387647022511 0 0 0 1 0 0 0 0 0 0
-1.9391087293624878 0.9757437705993652 -4.350094318389893 -0.8743754121423376 0.4852500784553434 0 0 0 1 0 0 0 0 0 0
-1.8869770765304565 1.4322714805603027 -3.8434035778045654 -0.9612626831336312 -0.2756339130345392 0 0 0 1 0 0 0 0 0 0
-3.056959867477417 -1.373018741607666 -3.8434035778045654 0.9887086797234701 0.14985041421188308 0 0 0 -1 0 0 0 0 0 0
-2.946606397628784 -0.9269700050354004 -4.350094318389893 0.8047841836370112 -0.5935675342938742 0 0 0 -1 0 0 0 0 0 0
-2.553053617477417 -0.689791202545166 -4.856785297393799 0.14886273722939977 -0.9888578691928231 0 0 0 -1 0 0 0 0 0 0
-2.1071155071258545 -0.8005890846252441 -5.363476276397705 -0.594364561378226 -0.8041957275301012 0 0 0 -1 0 0 0 0 0 0
-1.8703316450119019 -1.194380283355713 -5.870167255401611 -0.9890059408506091 -0.1478757889656086 0 0 0 -1 0 0 0 0 0 0
-1.9815739393234253 -1.6402077674865723 -6.376858234405518 -0.8035990043488492 0.5951711016250185 0 0 0 -1 0 0 0 0 0 0
-2.3756015300750732 -1.876600742340088 -6.883549213409424 -0.1468869572379884 0.9891532852866461 0 0 0 -1 0 0 0 0 0 0
-2.8213183879852295 -1.7649102210998535 -7.39024019241333 0.5959730856191593 0.8030044092142822 0 0 0 -1 0 0 0 0 0 0
-3.05731463432312 -1.3706459999084473 -7.896934986114502 0.9892992722434788 0.1459004795692023 0 0 0 -1 0 0 0 0 0 0
-2.9451797008514404 -0.9250435829162598 -8.403626441955566 0.8024088898818034 -0.5967746420874901 0 0 0 -1 0 0 0 0 0 0
-2.5506808757781982 -0.6894402503967285 -8.910317420959473 0.14490835427962642 -0.9894450812753431 0 0 0 -1 0 0 0 0 0 0
2.438687562942505 -1.6353859901428223 71.38082885742188 -0.80949326115379 0.5871291681960641 0 0 0 -1 0 0 0 0 0 0
2.18420147895813 -1.8367714881896973 71.02650451660156 -0.38534023053859073 0.9227745698319095 0 0 0 -1 0 0 0 0 0 0
1.8620768785476685 -1.8761773109436035 70.67216491699219 0.15153443767067454 0.9884519787019662 0 0 0 -1 0 0 0 0 0 0
1.566548466682434 -1.7420830726623535 70.31784057617188 0.6440783907308174 0.7649594934332148 0 0 0 -1 0 0 0 0 0 0
1.3840762376785278 -1.4737114906311035 69.9635009765625 0.9481997466597434 0.3176747400005203 0 0 0 -1 0 0 0 0 0 0
1.368043065071106 -1.149580478668213 69.60917663574219 0.974922460163616 -0.2225448194600868 0 0 0 -1 0 0 0 0 0 0
1.5231372117996216 -0.8645119667053223 69.25485229492188 0.7164242574851514 -0.6976648789260137 0 0 0 -1 0 0 0 0 0 0
1.803986668586731 -0.7019028663635254 68.9005126953125 0.24834700686911407 -0.9686711331402169 0 0 0 -1 0 0 0 0 0 0
2.1284306049346924 -0.7093262672424316 68.54618835449219 -0.2923958282893209 -0.9562973803158733 0 0 0 -1 0 0 0 0 0 0
2.40154767036438 -0.8846116065979004 68.19186401367188 -0.7475900440139442 -0.6641604671246466 0 0 0 -1 0 0 0 0 0 0
2.543442964553833 -1.1764740943908691 67.8375244140625 -0.9840810484824896 -0.17772025775809638 0 0 0 -1 0 0 0 0 0 0
2.512601137161255 -1.4995331764221191 67.48320007324219 -0.9326760099353953 0.3607152069028842 0 0 0 -1 0 0 0 0 0 0
2.3180439472198486 -1.7592759132385254 67.12887573242188 -0.6084145843104833 0.7936193631699656 0 0 0 -1 0 0 0 0 0 0
2.0166943073272705 -1.8797173500061035 66.7745361328125 -0.10616028699570883 0.9943490300015326 0 0 0 -1 0 0 0 0 0 0
1.696705937385559 -1.8256173133850098 66.42021179199219 0.42714467417874186 0.9041832929891683 0 0 0 -1 0 0 0 0 0 0
1.4516955614089966 -1.6128029823303223 66.06588745117188 0.8354966524866502 0.5494955356357337 0 0 0 -1 0 0 0 0 0 0
1.3533412218093872 -1.3035378456115723 65.7115478515625 0.9994200793578756 0.03405150475820239 0 0 0 -1 0 0 0 0 0 0
1.4304171800613403 -0.9882950782775879 65.35722351074219 0.870960000849459 -0.4913539222600248 0 0 0 -1 0 0 0 0 0 0
1.6603747606277466 -0.7593026161193848 65.00288391113281 0.4877011527943556 -0.8730106445874853 0 0 0 -1 0 0 0 0 0 0
1.9759341478347778 -0.6835465431213379 64.6485595703125 -0.0382254329873826 -0.9992691410590677 0 0 0 -1 0 0 0 0 0 0
2.28478741645813 -0.7831940650939941 64.29423522949219 -0.5529875801360266 -0.8331894959823375 0 0 0 -1 0 0 0 0 0 0
2.4965717792510986 -1.0290894508361816 63.93989944458008 -0.9059591508437194 -0.4233651107525593 0 0 0 -1 0 0 0 0 0 0
2.549332857131958 -1.3493027687072754 63.585575103759766 -0.9938957694031617 0.11032315968325664 0 0 0 -1 0 0 0 0 0 0
2.4276325702667236 -1.6501450538635254 63.23125076293945 -0.7910618884584575 0.6117361266334849 0 0 0 -1 0 0 0 0 0 0
2.167081117630005 -1.8436150550842285 62.87691116333008 -0.3568060715201341 0.9341784772335364 0 0 0 -1 0 0 0 0 0 0
1.843892216682434 -1.8731026649475098 62.522586822509766 0.1818377483333826 0.9833285479843681 0 0 0 -1 0 0 0 0 0 0
1.5526248216629028 -1.7299904823303223 62.16826248168945 0.6672794432641057 0.7448074547137302 0 0 0 -1 0 0 0 0 0 0
1.3784877061843872 -1.4561409950256348 61.81392288208008 0.9575125939563927 0.2883914569034604 0 0 0 -1 0 0 0 0 0 0
1.3724223375320435 -1.131666660308838 61.459598541259766 0.967623229506462 -0.2523990604568182 0 0 0 -1 0 0 0 0 0 0
1.5362025499343872 -0.8515000343322754 61.10525894165039 0.6946517764579175 -0.7193461680330683 0 0 0 -1 0 0 0 0 0 0
1.8219157457351685 -0.6975998878479004 60.75093460083008 0.21846979340595626 -0.9758437115487085 0 0 0 -1 0 0 0 0 0 0
2.1459782123565674 -0.7149910926818848 60.396610260009766 -0.32163500050128835 -0.9468637317230693 0 0 0 -1 0 0 0 0 0 0
2.4135830402374268 -0.8985848426818848 60.04227066040039 -0.767646186103462 -0.6408738822582872 0 0 0 -1 0 0 0 0 0 0
2.5464413166046143 -1.1946702003479004 59.68794631958008 -0.9890778615113481 -0.14739397500623425 0 0 0 -1 0 0 0 0 0 0
1.3673793077468872 1.1363043785095215 59.68794631958008 0.976026549739675 0.21765149713077014 0 0 0 1 0 0 0 0 0 0
1.5134516954421997 0.8584799766540527 60.02202224731445 0.7325708711060018 0.6806907659187054 0 0 0 1 0 0 0 0 0 0
1.779816746711731 0.6924300193786621 60.35611343383789 0.2886291550999292 0.9574409698912519 0 0 0 1 0 0 0 0 0 0
2.0935757160186768 0.6835951805114746 60.690189361572266 -0.23430088979195562 0.9721641286545694 0 0 0 1 0 0 0 0 0 0
2.368863344192505 0.8343977928161621 61.0242805480957 -0.6931145460421707 0.7208274592888063 0 0 0 1 0 0 0 0 0 0
2.5303356647491455 1.103562831878662 61.35835647583008 -0.9622370472901801 0.27221290348232163 0 0 0 1 0 0 0 0 0 0
2.5338032245635986 1.4174284934997559 61.692447662353516 -0.9680142590013473 -0.2508951860241096 0 0 0 1 0 0 0 0 0 0
2.3783199787139893 1.6900954246520996 62.02652359008789 -0.7088716754114311 -0.7053374708601482 0 0 0 1 0 0 0 0 0 0
2.106431245803833 1.846940517425537 62.360599517822266 -0.2557312720236839 -0.9667479074242409 0 0 0 1 0 0 0 0 0 0
1.7925540208816528 1.8450446128845215 62.6946907043457 0.26739734473546767 -0.9635863531767257 0 0 0 1 0 0 0 0 0 0
1.522584080696106 1.6849188804626465 63.02876663208008 0.71735355588663 -0.6967093194846812 0 0 0 1 0 0 0 0 0 0
1.3704081773757935 1.4103903770446777 63.362857818603516 0.9709800951780536 -0.23916031185800407 0 0 0 1 0 0 0 0 0 0
1.3776713609695435 1.0965895652770996 63.69693374633789 0.9588725573209859 0.28383695815857507 0 0 0 1 0 0 0 0 0 0
1.542389988899231 0.8293967247009277 64.03102111816406 0.6843399940131311 0.7291630631032457 0 0 0 1 0 0 0 0 0 0
1.819478154182434 0.6819357872009277 64.36509704589844 0.22252928701675664 0.9749260056126383 0 0 0 1 0 0 0 0 0 0
-0.042198967188596725 3.1027464866638184 64.36509704589844 -0.35528326010198436 -0.9347586881603753 0 0 0 -1 0 0 0 0 0 0
0.23568646609783173 2.8866591453552246 63.9753303527832 -0.8184238543028532 -0.5746149969397438 0 0 0 -1 0 0 0 0 0 0
0.34454649686813354 2.551896572113037 63.585575103759766 -0.9998610044807159 -0.016672483882545008 0 0 0 -1 0 0 0 0 0 0
0.24690930545330048 2.213693141937256 63.195804595947266 -0.8371345148118777 0.5469970787039746 0 0 0 -1 0 0 0 0 0 0
-0.0236175749450922 1.9884581565856934 62.80604934692383 -0.38625432573783564 0.9223923220890393 0 0 0 -1 0 0 0 0 0 0
-0.37391549348831177 1.953721523284912 62.41627883911133 0.1975787922451358 0.9802870094288476 0 0 0 -1 0 0 0 0 0 0
-0.6834095120429993 2.121438503265381 62.02652359008789 0.713398028956492 0.7007590543696116 0 0 0 -1 0 0 0 0 0 0
-0.8455665707588196 2.4338812828063965 61.63675308227539 0.9836628116731883 0.18002075694540826 0 0 0 -1 0 0 0 0 0 0
-0.8045738339424133 2.7835021018981934 61.24699783325195 0.9153387710822967 -0.40268465845317636 0 0 0 -1 0 0 0 0 0 0
-0.5745380520820618 3.0499587059020996 60.85722732543945 0.5319500209660812 -0.846775752601706 0 0 0 -1 0 0 0 0 0 0
-0.23464281857013702 3.1415343284606934 60.467472076416016 -0.034545357227679596 -0.9994031310207169 0 0 0 -1 0 0 0 0 0 0
0.09811895340681076 3.0267081260681152 60.077701568603516 -0.5891439251517137 -0.8080281155113552 0 0 0 -1 0 0 0 0 0 0
0.30920714139938354 2.745004177093506 59.68794631958008 -0.940959336287438 -0.3385196116231734 0 0 0 -1 0 0 0 0 0 0
0.32596129179000854 2.3933844566345215 59.29817581176758 -0.9688833143222234 0.2475179250639909 0 0 0 -1 0 0 0 0 0 0
0.14261548221111298 2.0928854942321777 58.90842056274414 -0.6633102152854553 0.7483445451781973 0 0 0 -1 0 0 0 0 0 0
-0.17771990597248077 1.9469389915466309 58.51865005493164 -0.12941976560544396 0.9915898972209389 0 0 0 -1 0 0 0 0 0 0
-0.5247829556465149 2.0057806968688965 58.1288948059082 0.44902128748115466 0.8935210592866663 0 0 0 -1 0 0 0 0 0 0
-0.7791126370429993 2.2491583824157715 57.7391242980957 0.8729053975157138 0.48788950284663196 0 0 0 -1 0 0 0 0 0 0
-0.8531635403633118 2.5932974815368652 57.349369049072266 0.9963232357647691 -0.08567385759506961 0 0 0 -1 0 0 0 0 0 0
-0.721447765827179 2.9197440147399902 56.959598541259766 0.7767968382147907 -0.6297512779975156 0 0 0 -1 0 0 0 0 0 0
-0.42930489778518677 3.116128444671631 56.56984329223633 0.28989342267785856 -0.9570589341770528 0 0 0 -1 0 0 0 0 0 0
-0.0772903636097908 3.1148581504821777 56.18008041381836 -0.2967995697288313 -0.9549397967457323 0 0 0 -1 0 0 0 0 0 0
0.21342770755290985 2.9163641929626465 55.79031753540039 -0.7813294217967576 -0.6241188465626918 0 0 0 -1 0 0 0 0 0 0
0.34278029203414917 2.588975429534912 55.40055465698242 -0.9969164224404927 -0.07847067393905219 0 0 0 -1 0 0 0 0 0 0
0.266244113445282 2.2453818321228027 55.01079177856445 -0.8693580842399105 0.49418268015655176 0 0 0 -1 0 0 0 0 0 0
0.010163476690649986 2.0038466453552246 54.621028900146484 -0.4425536424853538 0.8967420328739728 0 0 0 -1 0 0 0 0 0 0
-0.3373172879219055 1.9475150108337402 54.231266021728516 0.13657703061295956 0.9906294537863017 0 0 0 -1 0 0 0 0 0 0
-0.6565902829170227 2.095773220062256 53.84150314331055 0.668701243013682 0.7435312014918786 0 0 0 -1 0 0 0 0 0 0
-0.8377578854560852 2.3975882530212402 53.45174026489258 0.9706475769579722 0.24050630209127108 0 0 0 -1 0 0 0 0 0 0
-0.818463146686554 2.7490782737731934 53.06197738647461 0.9384890944757851 -0.34530887557376866 0 0 0 -1 0 0 0 0 0 0
-0.6053455471992493 3.0292487144470215 52.67221450805664 0.5832947678248174 -0.8122605578434746 0 0 0 -1 0 0 0 0 0 0
-0.2717636227607727 3.1416678428649902 52.28245162963867 0.027325781898775697 -0.9996265811009732 0 0 0 -1 0 0 0 0 0 0
0.06746213883161545 3.0476393699645996 51.8926887512207 -0.5380510571731306 -0.8429122492139243 0 0 0 -1 0 0 0 0 0 0
0.29556578397750854 2.779527187347412 51.502925872802734 -0.9182264985629744 -0.39605567454182466 0 0 0 -1 0 0 0 0 0 0
0.33403128385543823 2.4296202659606934 51.113162994384766 -0.9823366032986705 0.18712241399583956 0 0 0 -1 0 0 0 0 0 0
0.16961972415447235 2.118356227874756 50.7234001159668 -0.7083146564027213 0.70589683915222 0 0 0 -1 0 0 0 0 0 0
-0.14107783138751984 1.952878475189209 50.33363723754883 -0.19048795820397674 0.9816895322754949 0 0 0 -1 0 0 0 0 0 0
-0.49111443758010864 1.9901480674743652 49.94387435913086 0.39290822358167543 0.9195776899435371 0 0 0 -1 0 0 0 0 0 0
-0.7600067257881165 2.217332363128662 49.55411148071289 0.8410636264581159 0.540936203492725 0 0 0 -1 0 0 0 0 0 0
-0.8551986813545227 2.5562338829040527 49.16434860229492 0.9997141349107371 -0.023909171036993842 0 0 0 -1 0 0 0 0 0 0
-0.7439220547676086 2.8901991844177246 48.77458572387695 0.8142543303748805 -0.5805082992221171 0 0 0 -1 0 0 0 0 0 0
-0.4644821286201477 3.1042723655700684 48.384822845458984 0.3485252529047972 -0.9372993908499286 0 0 0 -1 0 0 0 0 0 0
-0.11306268721818924 3.124772548675537 47.995059967041016 -0.2371781910292586 -0.9714661629208136 0 0 0 -1 0 0 0 0 0 0
0.1893722265958786 2.944638729095459 47.60529708862305 -0.7412373307381915 -0.6712430405748137 0 0 0 -1 0 0 0 0 0 0
0.338723361492157 2.6258749961853027 47.21553421020508 -0.9901563257425451 -0.13996589081638056 0 0 0 -1 0 0 0 0 0 0
-3.045180082321167 1.1188368797302246 47.21553421020508 0.9690749813668661 0.2467664492770599 0 0 0 1 0 0 0 0 0 0
-2.8078811168670654 0.7754034996032715 47.70273971557617 0.5735790535312909 0.8191502117134247 0 0 0 1 0 0 0 0 0 0
-2.40399432182312 0.6698737144470215 48.189945220947266 -0.09956370540781684 0.9950311897450581 0 0 0 1 0 0 0 0 0 0
-2.029024839401245 0.8533377647399902 48.67714309692383 -0.7245159024707919 0.6892580845132931 0 0 0 1 0 0 0 0 0 0
-1.864479899406433 1.236985683441162 49.16434860229492 -0.9987567687695142 0.04984894018010113 0 0 0 1 0 0 0 0 0 0
-1.9900082349777222 1.6351103782653809 49.651554107666016 -0.7895423510130363 -0.6136960778404953 0 0 0 1 0 0 0 0 0 0
-2.3448474407196045 1.854997158050537 50.13875961303711 -0.19814496495217696 -0.9801727260356209 0 0 0 1 0 0 0 0 0 0
-2.7572333812713623 1.790208339691162 50.62595748901367 0.4891645908961739 -0.8721914944628724 0 0 0 1 0 0 0 0 0 0
-3.027550458908081 1.472104549407959 51.113162994384766 0.93969248736894 -0.3420205098855549 0 0 0 1 0 0 0 0 0 0
-1.8999184370040894 -1.4883179664611816 51.113162994384766 -0.9396924463546937 0.3420206225711123 0 0 0 -1 0 0 0 0 0 0
-2.2093284130096436 -1.8265023231506348 50.60647201538086 -0.4240063873470869 0.9056591983129593 0 0 0 -1 0 0 0 0 0 0
-2.6672122478485107 -1.8475518226623535 50.09978103637695 0.3391274626066079 0.940740433969968 0 0 0 -1 0 0 0 0 0 0
-3.0063445568084717 -1.5391831398010254 49.59309005737305 0.9043482610697603 0.4267952936714516 0 0 0 -1 0 0 0 0 0 0
-3.0287997722625732 -1.0813660621643066 49.08639907836914 0.941778839655639 -0.33623298050143485 0 0 0 -1 0 0 0 0 0 0
-2.7214763164520264 -0.7412858009338379 48.579708099365234 0.4295664074891255 -0.9030352714910347 0 0 0 -1 0 0 0 0 0 0
-2.2637298107147217 -0.7174248695373535 48.0730094909668 -0.3333438552777829 -0.9428053214468747 0 0 0 -1 0 0 0 0 0 0
-1.922709345817566 -1.0237030982971191 47.56631851196289 -0.9017105927705102 -0.43234015183123464 0 0 0 -1 0 0 0 0 0 0
-1.897438883781433 -1.4813714027404785 47.059627532958984 -0.9438257787962874 0.3304434887837579 0 0 0 -1 0 0 0 0 0 0
-2.2026679515838623 -1.8233323097229004 46.55293655395508 -0.4351139377731907 0.9003754001279177 0 0 0 -1 0 0 0 0 0 0
-2.6602580547332764 -1.850008487701416 46.04624557495117 0.32753827422493464 0.9448379114524097 0 0 0 -1 0 0 0 0 0 0
-3.003155469894409 -1.5458321571350098 45.539554595947266 0.8990370973678973 0.43787246722796613 0 0 0 -1 0 0 0 0 0 0
-3.0312373638153076 -1.0883240699768066 45.03286361694336 0.9458370231008821 -0.3246418422379676 0 0 0 -1 0 0 0 0 0 0
-2.7281177043914795 -0.7444977760314941 44.52617263793945 0.4406447524876091 -0.8976815705500106 0 0 0 -1 0 0 0 0 0 0
-2.2706973552703857 -0.7150063514709473 44.01948165893555 -0.32172733363304107 -0.9468323625612795 0 0 0 -1 0 0 0 0 0 0
-1.9259384870529175 -1.0170693397521973 43.51279067993164 -0.8963229949501379 -0.4434017238617989 0 0 0 -1 0 0 0 0 0 0
-1.8950451612472534 -1.474398136138916 43.006099700927734 -0.947815236841331 0.3188201323809582 0 0 0 -1 0 0 0 0 0 0
-2.1960456371307373 -1.820082187652588 42.4994010925293 -0.4461496558211162 0.8949583703227205 0 0 0 -1 0 0 0 0 0 0
-2.65327525138855 -1.8523812294006348 41.99271011352539 0.31590125465885577 0.9487920727456364 0 0 0 -1 0 0 0 0 0 0
-2.9998843669891357 -1.552443027496338 41.486019134521484 0.8935863782185052 0.4488912837896662 0 0 0 -1 0 0 0 0 0 0
-3.0335891246795654 -1.0953164100646973 40.97932815551758 0.9497582170547402 -0.3129845509557953 0 0 0 -1 0 0 0 0 0 0
0.3327304720878601 -2.6770081520080566 40.97932815551758 -0.9801668385804561 0.19817408646741408 0 0 0 1 0 0 0 0 0 0
0.29867666959762573 -2.3278183937072754 41.36909103393555 -0.9234100179985684 -0.38381497972315226 0 0 0 1 0 0 0 0 0 0
0.07517736405134201 -2.0573678016662598 41.758853912353516 -0.550909105785703 -0.8345652503923207 0 0 0 1 0 0 0 0 0 0
-0.261343777179718 -1.9581360816955566 42.148616790771484 0.009957430585231452 -0.9999504235591584 0 0 0 1 0 0 0 0 0 0
-0.5958240628242493 -2.0640511512756348 42.53837966918945 0.5674251111950925 -0.8234250076268248 0 0 0 1 0 0 0 0 0 0
-0.8138912320137024 -2.3388962745666504 42.92814254760742 0.9308712464247785 -0.36534739985331677 0 0 0 1 0 0 0 0 0 0
-0.840985119342804 -2.6886963844299316 43.31790542602539 0.976026549739675 0.21765149713077014 0 0 0 1 0 0 0 0 0 0
2.5464413166046143 -1.1946702003479004 43.31790542602539 -0.9890778615113481 -0.14739397500623425 0 0 0 -1 0 0 0 0 0 0
2.529557466506958 -1.4491639137268066 43.006099700927734 -0.9609396308920901 0.27675806362412214 0 0 0 -1 0 0 0 0 0 0
2.4084904193878174 -1.6736512184143066 42.69428634643555 -0.7591560123244979 0.6509087101518665 0 0 0 -1 0 0 0 0 0 0
2.205113649368286 -1.8275666236877441 42.38247299194336 -0.42020193049833926 0.9074306241280755 0 0 0 -1 0 0 0 0 0 0
1.956177830696106 -1.8830971717834473 42.0706672668457 -0.00530695904956979 0.9999859179936716 0 0 0 -1 0 0 0 0 0 0
1.706666111946106 -1.8302102088928223 41.758853912353516 0.4105517416650817 0.9118373031499468 0 0 0 -1 0 0 0 0 0 0
2.1426823139190674 1.836118221282959 41.758853912353516 -0.31615034863183705 -0.9487091003358027 0 0 0 1 0 0 0 0 0 0
1.8722201585769653 1.8614325523376465 42.08366012573242 0.13462453062261656 -0.9908966826842446 0 0 0 1 0 0 0 0 0 0
1.6183139085769653 1.764878749847412 42.4084587097168 0.5577981547982485 -0.829976637324009 0 0 0 1 0 0 0 0 0 0
1.4330111742019653 1.566251277923584 42.7332649230957 0.866643038477161 -0.49892869616717206 0 0 0 1 0 0 0 0 0 0
1.3542872667312622 1.3062682151794434 43.05806350708008 0.9978444291688274 -0.06562389181340131 0 0 0 1 0 0 0 0 0 0
1.398285984992981 1.0382094383239746 43.382869720458984 0.9245153614945191 0.38114478398721263 0 0 0 1 0 0 0 0 0 0
1.5559817552566528 0.8170256614685059 43.70766830444336 0.6616847185501903 0.7497821905307938 0 0 0 1 0 0 0 0 0 0
0.18513981997966766 2.9492621421813965 43.70766830444336 -0.7341845748988519 -0.6789499318658131 0 0 0 -1 0 0 0 0 0 0
0.33807677030563354 2.6303305625915527 43.31790542602539 -0.9890779840022724 -0.14739315303636236 0 0 0 -1 0 0 0 0 0 0
0.28477782011032104 2.2806639671325684 42.92814254760742 -0.9002465081492311 0.4353805514318666 0 0 0 -1 0 0 0 0 0 0
0.04376523569226265 2.0217795372009277 42.53837966918945 -0.49855840011989827 0.8668561135908814 0 0 0 -1 0 0 0 0 0 0
-0.30120354890823364 1.9436469078063965 42.148616790771484 0.07638976669326561 0.9970780328261919 0 0 0 -1 0 0 0 0 0 0
-0.6302440762519836 2.0734190940856934 41.758853912353516 0.6247921890204522 0.7807910863598737 0 0 0 -1 0 0 0 0 0 0
-0.8290069699287415 2.365994930267334 41.36909103393555 0.9560636005962913 0.293159328036573 0 0 0 -1 0 0 0 0 0 0
-0.8284175992012024 2.7197012901306152 40.97932815551758 0.9550803443780527 -0.29634698544560945 0 0 0 -1 0 0 0 0 0 0
-0.6286819577217102 3.011613368988037 40.58956527709961 0.6221892957158324 -0.7828668343317631 0 0 0 -1 0 0 0 0 0 0
-0.2992103695869446 3.1402907371520996 40.19980239868164 0.07306804751460247 -0.9973269576384687 0 0 0 -1 0 0 0 0 0 0
0.04549520090222359 3.0610060691833496 39.81003952026367 -0.5014448665667296 -0.8651896010666534 0 0 0 -1 0 0 0 0 0 0
0.2856437563896179 2.8013205528259277 39.4202766418457 -0.9016933464250521 -0.4323761198456629 0 0 0 -1 0 0 0 0 0 0
0.3377792239189148 2.4514784812927246 39.030513763427734 -0.9885808799798944 0.15069121984434816 0 0 0 -1 0 0 0 0 0 0
0.18378178775310516 2.1330580711364746 38.640750885009766 -0.731919143642306 0.6813914933207731 0 0 0 -1 0 0 0 0 0 0
-0.12283212691545486 1.9567160606384277 38.2509880065918 -0.22089413873002048 0.9752977901516656 0 0 0 -1 0 0 0 0 0 0
-0.47550469636917114 1.9837355613708496 37.86122512817383 0.36689165147359465 0.9302636809415804 0 0 0 -1 0 0 0 0 0 0
-0.7516754269599915 2.204728603363037 37.47146224975586 0.8271786106964373 0.5619390945701427 0 0 0 -1 0 0 0 0 0 0
-0.855368435382843 2.542893886566162 37.08169937133789 0.9999986026395865 -0.0016717412701133577 0 0 0 -1 0 0 0 0 0 0
-0.7505500912666321 2.8807120323181152 36.69193649291992 0.8252994180112653 -0.5646953786159993 0 0 0 -1 0 0 0 0 0 0
-0.47364312410354614 3.1007819175720215 36.30217361450195 0.36378755719767963 -0.9314819446603059 0 0 0 -1 0 0 0 0 0 0
-0.12088281661272049 3.126626491546631 35.912410736083984 -0.2241473940537062 -0.974555255354427 0 0 0 -1 0 0 0 0 0 0
0.18513981997966766 2.9492621421813965 35.522647857666016 -0.7341845748988519 -0.6789499318658131 0 0 0 -1 0 0 0 0 0 0
0.33807677030563354 2.6303305625915527 35.13288497924805 -0.9890779840022724 -0.14739315303636236 0 0 0 -1 0 0 0 0 0 0
0.28477782011032104 2.2806639671325684 34.74312210083008 -0.9002465081492311 0.4353805514318666 0 0 0 -1 0 0 0 0 0 0
0.04376523569226265 2.0217795372009277 34.35335922241211 -0.49855840011989827 0.8668561135908814 0 0 0 -1 0 0 0 0 0 0
-0.30120354890823364 1.9436469078063965 33.96359634399414 0.07638976669326561 0.9970780328261919 0 0 0 -1 0 0 0 0 0 0
-0.6302440762519836 2.0734190940856934 33.57383346557617 0.6247921890204522 0.7807910863598737 0 0 0 -1 0 0 0 0 0 0
-0.8290069699287415 2.365994930267334 33.1840705871582 0.9560636005962913 0.293159328036573 0 0 0 -1 0 0 0 0 0 0
-0.8284175992012024 2.7197012901306152 32.794307708740234 0.9550803443780527 -0.29634698544560945 0 0 0 -1 0 0 0 0 0 0
-0.6286819577217102 3.011613368988037 32.404544830322266 0.6221892957158324 -0.7828668343317631 0 0 0 -1 0 0 0 0 0 0
-0.2992103695869446 3.1402907371520996 32.0147819519043 0.07306804751460247 -0.9973269576384687 0 0 0 -1 0 0 0 0 0 0
0.04549520090222359 3.0610060691833496 31.625019073486328 -0.5014448665667296 -0.8651896010666534 0 0 0 -1 0 0 0 0 0 0
0.2856437563896179 2.8013205528259277 31.23525619506836 -0.9016933464250521 -0.4323761198456629 0 0 0 -1 0 0 0 0 0 0
0.3377792239189148 2.4514784812927246 30.84549331665039 -0.9885808799798944 0.15069121984434816 0 0 0 -1 0 0 0 0 0 0
0.18378178775310516 2.1330580711364746 30.455730438232422 -0.731919143642306 0.6813914933207731 0 0 0 -1 0 0 0 0 0 0
-0.12283212691545486 1.9567160606384277 30.065967559814453 -0.22089413873002048 0.9752977901516656 0 0 0 -1 0 0 0 0 0 0
-0.47550469636917114 1.9837355613708496 29.676204681396484 0.36689165147359465 0.9302636809415804 0 0 0 -1 0 0 0 0 0 0
-0.7516754269599915 2.204728603363037 29.286441802978516 0.8271786106964373 0.5619390945701427 0 0 0 -1 0 0 0 0 0 0
-0.855368435382843 2.542893886566162 28.896678924560547 0.9999986026395865 -0.0016717412701133577 0 0 0 -1 0 0 0 0 0 0
-0.7505500912666321 2.8807120323181152 28.506916046142578 0.8252994180112653 -0.5646953786159993 0 0 0 -1 0 0 0 0 0 0
-0.47364312410354614 3.1007819175720215 28.11715316772461 0.36378755719767963 -0.9314819446603059 0 0 0 -1 0 0 0 0 0 0
-0.12088281661272049 3.126626491546631 27.72739028930664 -0.2241473940537062 -0.974555255354427 0 0 0 -1 0 0 0 0 0 0
0.18513981997966766 2.9492621421813965 27.337627410888672 -0.7341845748988519 -0.6789499318658131 0 0 0 -1 0 0 0 0 0 0
0.33807677030563354 2.6303305625915527 26.947864532470703 -0.9890779840022724 -0.14739315303636236 0 0 0 -1 0 0 0 0 0 0
-3.049351453781128 1.1363043785095215 26.947864532470703 0.9760268154889394 0.2176503054133395 0 0 0 1 0 0 0 0 0 0
-2.7820518016815186 0.7582945823669434 27.448993682861328 0.5305323413864383 0.8476646947602711 0 0 0 1 0 0 0 0 0 0
-2.325228452682495 0.6830992698669434 27.950115203857422 -0.23084686745023678 0.972990094393778 0 0 0 1 0 0 0 0 0 0
-1.9508713483810425 0.9554915428161621 28.451236724853516 -0.8547733775320724 0.5190014191333328 0 0 0 1 0 0 0 0 0 0
-1.8818672895431519 1.4132895469665527 28.95235824584961 -0.9697767439518535 -0.24399398945494766 0 0 0 1 0 0 0 0 0 0
-2.1593024730682373 1.7839255332946777 29.453487396240234 -0.5073883112935582 -0.8617175300309675 0 0 0 1 0 0 0 0 0 0
-2.617993116378784 1.8467230796813965 29.954608917236328 0.25709906202052885 -0.9663850538518093 0 0 0 1 0 0 0 0 0 0
-2.9848392009735107 1.564298152923584 30.455730438232422 0.868507459013595 -0.4956760975049621 0 0 0 1 0 0 0 0 0 0
-1.9780396223068237 -1.6353859901428223 30.455730438232422 -0.8094931402888219 0.5871293348363216 0 0 0 -1 0 0 0 0 0 0
-2.3441779613494873 -1.8710732460021973 29.975025177001953 -0.19926313334492132 0.9799460208039851 0 0 0 -1 0 0 0 0 0 0
-2.7732837200164795 -1.797091007232666 29.494319915771484 0.515917314790576 0.8566383859594909 0 0 0 -1 0 0 0 0 0 0
-3.0393550395965576 -1.4524025917053223 29.013607025146484 0.9593663055249343 0.28216359053470835 0 0 0 -1 0 0 0 0 0 0
-3.0022590160369873 -1.0185494422912598 28.532901763916016 0.8975444334898829 -0.4409240182971725 0 0 0 -1 0 0 0 0 0 0
-2.681532621383667 -0.724031925201416 28.052196502685547 0.3629946674056745 -0.931791216654806 0 0 0 -1 0 0 0 0 0 0
-2.2460944652557373 -0.723970890045166 27.571483612060547 -0.3627315784483906 -0.9318936645327831 0 0 0 -1 0 0 0 0 0 0
-1.9252842664718628 -1.0183968544006348 27.090778350830078 -0.8974182104577534 -0.44118086488287706 0 0 0 -1 0 0 0 0 0 0
-1.8880661725997925 -1.4522385597229004 26.61007308959961 -0.9594484188175746 0.2818842521824442 0 0 0 -1 0 0 0 0 0 0
-2.1540400981903076 -1.7970032691955566 26.12936782836914 -0.5161587739534526 0.8564929188679079 0 0 0 -1 0 0 0 0 0 0
-2.583124876022339 -1.871107578277588 25.64865493774414 0.19898820142074872 0.9800018855570306 0 0 0 -1 0 0 0 0 0 0
-2.9493281841278076 -1.6355233192443848 25.167949676513672 0.8093232301974757 0.5873635237761395 0 0 0 -1 0 0 0 0 0 0
-3.059778928756714 -1.2143311500549316 24.687244415283203 0.9934093535323207 -0.11462048819690414 0 0 0 -1 0 0 0 0 0 0
-2.856304883956909 -0.8293595314025879 24.206531524658203 0.6542868012950533 -0.7562465085215848 0 0 0 -1 0 0 0 0 0 0
-2.446070432662964 -0.6833672523498535 23.725826263427734 -0.029440594671677325 -0.9995665317453251 0 0 0 -1 0 0 0 0 0 0
-2.045140027999878 -0.8532471656799316 23.245121002197266 -0.6976563916856182 -0.7164325223914693 0 0 0 -1 0 0 0 0 0 0
-1.86467444896698 -1.2495293617248535 22.764408111572266 -0.998432802272194 -0.055963732424615734 0 0 0 -1 0 0 0 0 0 0
-1.9997223615646362 -1.6634926795959473 22.283702850341797 -0.7733521951388364 0.6339766417415893 0 0 0 -1 0 0 0 0 0 0
-2.3791568279266357 -1.8771157264709473 21.802997589111328 -0.14096425077873312 0.9900146867609543 0 0 0 -1 0 0 0 0 0 0
-2.803135633468628 -1.7778878211975098 21.32229232788086 0.5656671292996388 0.8246336755371478 0 0 0 -1 0 0 0 0 0 0
-3.0483596324920654 -1.4180665016174316 20.84157943725586 0.9743743634238261 0.22493243408280117 0 0 0 -1 0 0 0 0 0 0
-2.985670804977417 -0.9871659278869629 20.36087417602539 0.8698974335204679 -0.49323265824000634 0 0 0 -1 0 0 0 0 0 0
-2.6480891704559326 -0.712130069732666 19.880168914794922 0.3072553483960579 -0.951627107055078 0 0 0 -1 0 0 0 0 0 0
-2.2134101390838623 -0.7378182411193848 19.399456024169922 -0.4172070830089174 -0.9088114490295499 0 0 0 -1 0 0 0 0 0 0
-1.91057288646698 -1.0506997108459473 18.918750762939453 -0.9219340983079903 -0.3873467676088613 0 0 0 -1 0 0 0 0 0 0
-1.8990753889083862 -1.4859871864318848 18.438045501708984 -0.9410961554467966 0.3381390634092119 0 0 0 -1 0 0 0 0 0 0
-2.184971570968628 -1.8144173622131348 17.957332611083984 -0.46460850009026444 0.8855162006670882 0 0 0 -1 0 0 0 0 0 0
-2.617687940597534 -1.863020420074463 17.476627349853516 0.2565888225091134 0.9665206548043278 0 0 0 -1 0 0 0 0 0 0
-2.9693191051483154 -1.6061921119689941 16.995922088623047 0.842639200569146 0.5384785767922345 0 0 0 -1 0 0 0 0 0 0
-3.054669141769409 -1.179201602935791 16.515216827392578 0.9848909547294162 -0.1731756544442063 0 0 0 -1 0 0 0 0 0 0
-2.8287856578826904 -0.8069367408752441 16.034503936767578 0.6084216508062205 -0.7936139457130486 0 0 0 -1 0 0 0 0 0 0
-2.04480242729187 0.8373618125915527 16.034503936767578 -0.6982189022252391 0.7158843234597206 0 0 0 1 0 0 0 0 0 0
-1.864582896232605 1.2349791526794434 16.521709442138672 -0.9985842782435472 0.05319247357299705 0 0 0 1 0 0 0 0 0 0
-2.0015456676483154 1.649491786956787 17.008914947509766 -0.7703171631598209 -0.6376609350912175 0 0 0 1 0 0 0 0 0 0
-2.3831851482391357 1.8614630699157715 17.49612045288086 -0.134247993188986 -0.9909477666984925 0 0 0 1 0 0 0 0 0 0
-2.8074634075164795 1.7586760520935059 17.983318328857422 0.572876365289322 -0.8196417937690194 0 0 0 1 0 0 0 0 0 0
-3.049778699874878 1.3955473899841309 18.470523834228516 0.976741649604226 -0.21441956517168678 0 0 0 1 0 0 0 0 0 0
-2.9818503856658936 0.9643111228942871 18.95772933959961 0.8635260868668242 0.5043041714089523 0 0 0 1 0 0 0 0 0 0
-2.6396396160125732 0.6932578086853027 19.444934844970703 0.2931778558994751 0.956057919171316 0 0 0 1 0 0 0 0 0 0
-2.2043063640594482 0.7258772850036621 19.932132720947266 -0.43237850449721466 0.9016922029433059 0 0 0 1 0 0 0 0 0 0
-1.9063118696212769 1.0449042320251465 20.41933822631836 -0.9290388829614342 0.36998209949370636 0 0 0 1 0 0 0 0 0 0
-1.9034069776535034 1.4814467430114746 20.906543731689453 -0.9338770363471628 -0.357594296631588 0 0 0 1 0 0 0 0 0 0
-2.1971309185028076 1.8044066429138184 21.393749237060547 -0.4443390486136161 -0.8958586997273323 0 0 0 1 0 0 0 0 0 0
-2.631991147994995 1.8428168296813965 21.88094711303711 0.2804325340897248 -0.9598737384802312 0 0 0 1 0 0 0 0 0 0
-0.15070421993732452 1.9510931968688965 21.88094711303711 -0.17444454893711325 0.9846669992165509 0 0 0 -1 0 0 0 0 0 0
-0.480032742023468 1.9855399131774902 21.515544891357422 0.37444023196181286 0.927251051597346 0 0 0 -1 0 0 0 0 0 0
-0.7409351468086243 2.1894354820251465 21.150142669677734 0.8092757437748057 0.5874289493528005 0 0 0 -1 0 0 0 0 0 0
-0.8539531826972961 2.5006766319274902 20.784740447998047 0.9976382618699813 0.06868695984714121 0 0 0 -1 0 0 0 0 0 0
-0.7846630215644836 2.8244681358337402 20.41933822631836 0.8821553344280436 -0.4709585607462154 0 0 0 -1 0 0 0 0 0 0
-0.5541694760322571 3.0622000694274902 20.053936004638672 0.4979961239700071 -0.867179255120214 0 0 0 -1 0 0 0 0 0 0
-0.2326725274324417 3.1414618492126465 19.688533782958984 -0.037827283345279766 -0.9992842921985294 0 0 0 -1 0 0 0 0 0 0
0.08191221207380295 3.0381178855895996 19.323131561279297 -0.5621386131987647 -0.8270430336753762 0 0 0 -1 0 0 0 0 0 0
0.2937728762626648 2.7836432456970215 18.95772933959961 -0.9152346158976197 -0.4029213296199851 0 0 0 -1 0 0 0 0 0 0
0.33838385343551636 2.4555373191833496 18.592327117919922 -0.9895884156668816 0.14392625743036302 0 0 0 -1 0 0 0 0 0 0
0.2021590918302536 2.153733730316162 18.226924896240234 -0.7625493837848227 0.6469300095755236 0 0 0 -1 0 0 0 0 0 0
-0.07341272383928299 1.9701476097106934 17.861522674560547 -0.30326156411833993 0.9529073531715967 0 0 0 -1 0 0 0 0 0 0
-0.40440255403518677 1.9606947898864746 17.49612045288086 0.24838655261243325 0.9686609935789253 0 0 0 -1 0 0 0 0 0 0
-0.6900013089179993 2.1282553672790527 17.13071060180664 0.7243873580892547 0.6893931791368914 0 0 0 -1 0 0 0 0 0 0
-0.8432262539863586 2.4217963218688965 16.765308380126953 0.9797632148609895 0.2001600429787581 0 0 0 -1 0 0 0 0 0 0
-0.8174121975898743 2.7519125938415527 16.399906158447266 0.9367377530846096 -0.3500319727482007 0 0 0 -1 0 0 0 0 0 0
-0.6204193234443665 3.018064022064209 16.034503936767578 0.6084181175764412 -0.793616654440127 0 0 0 -1 0 0 0 0 0 0
2.3719265460968018 0.8373618125915527 16.034503936767578 -0.6982160272136922 0.7158871275151749 0 0 0 1 0 0 0 0 0 0
2.527066469192505 1.0924124717712402 16.359310150146484 -0.9567827882045801 0.2908035353902519 0 0 0 1 0 0 0 0 0 0
2.5400936603546143 1.390653133392334 16.68410873413086 -0.9784946340719867 -0.20627227417258293 0 0 0 1 0 0 0 0 0 0
2.4077885150909424 1.6582541465759277 17.008914947509766 -0.7579895880851493 -0.6522666512665705 0 0 0 1 0 0 0 0 0 0
2.1628963947296143 1.8289809226989746 17.33371353149414 -0.3498308414521044 -0.93681288546268 0 0 0 1 0 0 0 0 0 0
1.866047978401184 1.8605589866638184 17.658519744873047 0.14491384633696805 -0.9894442769250958 0 0 0 1 0 0 0 0 0 0
1.5907222032546997 1.7451796531677246 17.983318328857422 0.6037864007627418 -0.7971461486164089 0 0 0 1 0 0 0 0 0 0
1.4050761461257935 1.511399745941162 18.308124542236328 0.9131993257209898 -0.407513179544821 0 0 0 1 0 0 0 0 0 0
1.3550654649734497 1.2170958518981934 18.632923126220703 0.9965501673651724 0.08299255342768243 0 0 0 1 0 0 0 0 0 0
1.4530688524246216 0.935117244720459 18.95772933959961 0.8332066962090251 0.552961663582966 0 0 0 1 0 0 0 0 0 0
1.6748286485671997 0.7352690696716309 19.282527923583984 0.46360824988238897 0.8860402872561657 0 0 0 1 0 0 0 0 0 0
1.9654475450515747 0.667020320892334 19.60733413696289 -0.02075638471130721 0.9997845630403164 0 0 0 1 0 0 0 0 0 0
2.2529842853546143 0.7472739219665527 19.932132720947266 -0.49998727184445535 0.8660327522637574 0 0 0 1 0 0 0 0 0 0
2.4662601947784424 0.9561514854431152 20.256938934326172 -0.8554418713474534 0.5178988364010552 0 0 0 1 0 0 0 0 0 0
2.552476167678833 1.2419562339782715 20.581737518310547 -0.9991361038405574 0.041557742988651857 0 0 0 1 0 0 0 0 0 0
2.49029278755188 1.533933162689209 20.906543731689453 -0.8954994538573635 -0.44506261148423104 0 0 0 1 0 0 0 0 0 0
2.29510235786438 1.7598052024841309 21.231342315673828 -0.5701769075819341 -0.8215219376622285 0 0 0 1 0 0 0 0 0 0
2.015225648880005 1.8636565208435059 21.556148529052734 -0.10371557359261632 -0.9946069976600579 0 0 0 1 0 0 0 0 0 0
1.7199450731277466 1.8197836875915527 21.88094711303711 0.38841460190259897 -0.9214847242514906 0 0 0 1 0 0 0 0 0 0
1.482350468635559 1.6390433311462402 22.205753326416016 0.7844092443179003 -0.6202436113565546 0 0 0 1 0 0 0 0 0 0
1.361268162727356 1.366178035736084 22.53055191040039 0.9862132098271725 -0.16547962038385627 0 0 0 1 0 0 0 0 0 0
1.3866626024246216 1.0687346458435059 22.855358123779297 0.9438891376668727 0.3302624650100093 0 0 0 1 0 0 0 0 0 0
1.5522509813308716 0.8203444480895996 23.180156707763672 0.6679065548310908 0.7442451437622305 0 0 0 1 0 0 0 0 0 0
1.8170443773269653 0.6824965476989746 23.504962921142578 0.22658156634483761 0.9739921939074869 0 0 0 1 0 0 0 0 0 0
2.1154911518096924 0.6893172264099121 23.829761505126953 -0.27083200294760534 0.9626266286465321 0 0 0 1 0 0 0 0 0 0
2.3737118244171143 0.8391127586364746 24.15456771850586 -0.7011975612006175 0.7129670260021191 0 0 0 1 0 0 0 0 0 0
2.527787446975708 1.094804286956787 24.479366302490234 -0.9579882513098474 0.2868074447295617 0 0 0 1 0 0 0 0 0 0
2.5395710468292236 1.393094539642334 24.80417251586914 -0.9776291882461807 -0.21033585117405348 0 0 0 1 0 0 0 0 0 0
2.4061520099639893 1.6601462364196777 25.128971099853516 -0.755264312999051 -0.655420336509382 0 0 0 1 0 0 0 0 0 0
2.1605541706085205 1.8298468589782715 25.453777313232422 -0.3459268431673918 -0.9382614876335077 0 0 0 1 0 0 0 0 0 0
1.863576054573059 1.8601927757263184 25.778575897216797 0.14903060355185208 -0.9888325840125671 0 0 0 1 0 0 0 0 0 0
1.588734745979309 1.743669033050537 26.103382110595703 0.6070993951912085 -0.7946259021441905 0 0 0 1 0 0 0 0 0 0
1.4040614366531372 1.5091185569763184 26.428180694580078 0.9148881859209994 -0.4037073287199318 0 0 0 1 0 0 0 0 0 0
1.3552790880203247 1.2146048545837402 26.752986907958984 0.9961947282375035 0.08715539817937952 0 0 0 1 0 0 0 0 0 0
1.454457402229309 0.9330382347106934 27.07778549194336 0.83089545939735 0.5564285538619195 0 0 0 1 0 0 0 0 0 0
1.6770449876785278 0.7341132164001465 27.402591705322266 0.45991364814059527 0.8879636457952593 0 0 0 1 0 0 0 0 0 0
1.967946171760559 0.6670775413513184 27.72739028930664 -0.0249187485643099 0.9996894797735888 0 0 0 1 0 0 0 0 0 0
2.2551472187042236 0.7485251426696777 28.052196502685547 -0.5035828907673033 0.8639469151090514 0 0 0 1 0 0 0 0 0 0
2.4675495624542236 0.9582915306091309 28.376995086669922 -0.8575899279792849 0.5143340504268457 0 0 0 1 0 0 0 0 0 0
2.5525753498077393 1.2444510459899902 28.701801300048828 -0.9993001395656868 0.037406297116911985 0 0 0 1 0 0 0 0 0 0
2.4891788959503174 1.5361685752868652 29.026599884033203 -0.8936336809212442 -0.44879710819383406 0 0 0 1 0 0 0 0 0 0
2.2930500507354736 1.7612242698669434 29.35140609741211 -0.5667611693605955 -0.8238821377509106 0 0 0 1 0 0 0 0 0 0
2.012742280960083 1.8639121055603027 29.676204681396484 -0.0995751610179806 -0.9950300434199177 0 0 0 1 0 0 0 0 0 0
1.7176448106765747 1.8188071250915527 30.00101089477539 0.3922517523385313 -0.9198579035847609 0 0 0 1 0 0 0 0 0 0
1.480805516242981 1.6370787620544434 30.325809478759766 0.7869847992370067 -0.6169723865537972 0 0 0 1 0 0 0 0 0 0
1.360859990119934 1.3637137413024902 30.650615692138672 0.9868932699254644 -0.16137432811889446 0 0 0 1 0 0 0 0 0 0
1.3874903917312622 1.0663771629333496 30.975414276123047 0.9425063088207791 0.33418835681847187 0 0 0 1 0 0 0 0 0 0
1.5541125535964966 0.8186812400817871 31.300220489501953 0.6648017578724263 0.7470198275345387 0 0 0 1 0 0 0 0 0 0
1.819478154182434 0.6819357872009277 31.625019073486328 0.22252928701675664 0.9749260056126383 0 0 0 1 0 0 0 0 0 0
2.166165590286255 -0.7222504615783691 31.625019073486328 -0.35528325052826726 -0.9347586917991555 0 0 0 -1 0 0 0 0 0 0
2.4048473834991455 -0.8883538246154785 31.313213348388672 -0.7530866162934834 -0.657921384634693 0 0 0 -1 0 0 0 0 0 0
2.5373966693878174 -1.1471772193908691 31.001399993896484 -0.9740001974563484 -0.22654715922958332 0 0 0 -1 0 0 0 0 0 0
2.5326778888702393 -1.437929630279541 30.689586639404297 -0.9661341217886138 0.25804042070137767 0 0 0 -1 0 0 0 0 0 0
2.391801118850708 -1.6923127174377441 30.37778091430664 -0.7313428638450644 0.6820099819671994 0 0 0 -1 0 0 0 0 0 0
2.147855043411255 -1.8505845069885254 30.065967559814453 -0.3247643064735801 0.945794980553785 0 0 0 -1 0 0 0 0 0 0
1.8581401109695435 -1.875563144683838 29.754161834716797 0.1580968335683463 0.9874236128509702 0 0 0 -1 0 0 0 0 0 0
1.5907069444656372 -1.7613816261291504 29.44234848022461 0.6038114596550523 0.7971271675142149 0 0 0 -1 0 0 0 0 0 0
1.4083682298660278 -1.5348610877990723 29.130535125732422 0.9077109678073387 0.4195959948834883 0 0 0 -1 0 0 0 0 0 0
1.3539515733718872 -1.249208927154541 28.818729400634766 0.9984024787168756 -0.05650212820769534 0 0 0 -1 0 0 0 0 0 0
1.4402438402175903 -0.9715180397033691 28.506916046142578 0.8545826707215016 -0.5193153751840067 0 0 0 -1 0 0 0 0 0 0
1.646973729133606 -0.7670159339904785 28.195110321044922 0.5100388743750169 -0.8601513509995006 0 0 0 -1 0 0 0 0 0 0
1.9255839586257935 -0.6837334632873535 27.883296966552734 0.04568655505761173 -0.9989558241919247 0 0 0 -1 0 0 0 0 0 0
2.21062970161438 -0.7412362098693848 27.571483612060547 -0.4293895434182744 -0.9031193830292017 0 0 0 -1 0 0 0 0 0 0
2.4351627826690674 -0.9260163307189941 27.25967788696289 -0.8036138349802695 -0.5951510768101695 0 0 0 -1 0 0 0 0 0 0
2.5464413166046143 -1.1946702003479004 26.947864532470703 -0.9890778615113481 -0.14739397500623425 0 0 0 -1 0 0 0 0 0 0
-0.840985119342804 -2.6886963844299316 26.947864532470703 0.976026549739675 0.21765149713077014 0 0 0 1 0 0 0 0 0 0
-0.6601760983467102 -3.0009751319885254 27.337627410888672 0.6746798834903098 0.7381104624739457 0 0 0 1 0 0 0 0 0 0
-0.3329475522041321 -3.1530709266662598 27.72739028930664 0.1292955356525989 0.9916061034807658 0 0 0 1 0 0 0 0 0 0
0.022338083013892174 -3.089968204498291 28.11715316772461 -0.4628478233620687 0.8864377543905694 0 0 0 1 0 0 0 0 0 0
0.27717894315719604 -2.8344979286193848 28.506916046142578 -0.8875778680590399 0.4606577125499684 0 0 0 1 0 0 0 0 0 0
0.3394004702568054 -2.479055881500244 28.896678924560547 -0.9912825916721207 -0.13175288781580305 0 0 0 1 0 0 0 0 0 0
0.18649403750896454 -2.152204990386963 29.286441802978516 -0.736439297862542 -0.6765036293795665 0 0 0 1 0 0 0 0 0 0
-0.12623102962970734 -1.972170352935791 29.676204681396484 -0.21523311738591533 -0.9765626990523142 0 0 0 1 0 0 0 0 0 0
-0.48566704988479614 -2.0040650367736816 30.065967559814453 0.38383132791972746 -0.9234032227079233 0 0 0 1 0 0 0 0 0 0
-0.7618034482002258 -2.2363533973693848 30.455730438232422 0.8440557963320738 -0.5362553614447402 0 0 0 1 0 0 0 0 0 0
-0.8547657132148743 -2.5850205421447754 30.84549331665039 0.9989934416939044 0.044856476149689795 0 0 0 1 0 0 0 0 0 0
-0.7309291958808899 -2.923952579498291 31.23525619506836 0.7925977117863265 0.6097449198403209 0 0 0 1 0 0 0 0 0 0
-0.43508416414260864 -3.1305603981018066 31.625019073486328 0.2995262303369526 0.9540880658199928 0 0 0 1 0 0 0 0 0 0
-0.07423669844865799 -3.1301140785217285 32.0147819519043 -0.30188679601067464 0.9533437797533528 0 0 0 1 0 0 0 0 0 0
0.2210952490568161 -2.922773838043213 32.404544830322266 -0.7941052199028701 0.6077803054747779 0 0 0 1 0 0 0 0 0 0
0.34409064054489136 -2.5835366249084473 32.794307708740234 -0.999101216982115 0.0423881849677121 0 0 0 1 0 0 0 0 0 0
0.25026625394821167 -2.2351021766662598 33.1840705871582 -0.8427263152265927 -0.5383422309503587 0 0 0 1 0 0 0 0 0 0
-0.02644617296755314 -2.0034966468811035 33.57383346557617 -0.3815445051094669 -0.9243504695843304 0 0 0 1 0 0 0 0 0 0
-0.3859584927558899 -1.9724907875061035 33.96359634399414 0.21764615300859286 -0.976027741450293 0 0 0 1 0 0 0 0 0 0
-0.6982372403144836 -2.1532998085021973 34.35335922241211 0.7381076688384128 -0.6746829397590575 0 0 0 1 0 0 0 0 0 0
-0.850333034992218 -2.4805283546447754 34.74312210083008 0.9916061034807658 -0.1292955356525989 0 0 0 1 0 0 0 0 0 0
-0.7872322201728821 -2.8358139991760254 35.13288497924805 0.8864377611336823 0.46284781044778056 0 0 0 1 0 0 0 0 0 0
-0.531760036945343 -3.0906548500061035 35.522647857666016 0.4606533043306488 0.887580155934806 0 0 0 1 0 0 0 0 0 0
-0.17631609737873077 -3.152876377105713 35.912410736083984 -0.13175840394431185 0.9912818584994116 0 0 0 1 0 0 0 0 0 0
0.15053288638591766 -2.999971866607666 36.30217361450195 -0.6765036065775505 0.7364393188087983 0 0 0 1 0 0 0 0 0 0
1.602345585823059 -0.7962327003479004 36.30217361450195 0.5844081687018399 -0.8114598525833314 0 0 0 -1 0 0 0 0 0 0
1.8906985521316528 -0.6863503456115723 35.97237777709961 0.10382737387194241 -0.9945953330047632 0 0 0 -1 0 0 0 0 0 0
2.195531129837036 -0.7343125343322754 35.642574310302734 -0.4042262821626355 -0.9146590145015646 0 0 0 -1 0 0 0 0 0 0
2.4362118244171143 -0.9274353981018066 35.31277847290039 -0.8053625496640772 -0.5927825601336267 0 0 0 -1 0 0 0 0 0 0
2.549077272415161 -1.2146363258361816 34.982975006103516 -0.9934675244912281 -0.11411519522513786 0 0 0 -1 0 0 0 0 0 0
2.50426983833313 -1.5199494361877441 34.65317916870117 -0.9187958905169749 0.3947329623544494 0 0 0 -1 0 0 0 0 0 0
2.3136494159698486 -1.7626137733459473 34.3233757019043 -0.6010944789065911 0.7991779698089869 0 0 0 -1 0 0 0 0 0 0
2.0276310443878174 -1.8784470558166504 33.99357986450195 -0.12439271997293799 0.9922330629533237 0 0 0 -1 0 0 0 0 0 0
1.7218714952468872 -1.836805820465088 33.66377639770508 0.3852056342951478 0.9228307641747066 0 0 0 -1 0 0 0 0 0 0
1.4772464036941528 -1.6487069129943848 33.333980560302734 0.7929171106057699 0.6093295132427093 0 0 0 -1 0 0 0 0 0 0
1.358460545539856 -1.3639016151428223 33.00418472290039 0.9908919886402904 0.1346590763687712 0 0 0 -1 0 0 0 0 0 0
1.396931767463684 -1.0577301979064941 32.674381256103516 0.9267716780938547 -0.3756251544866246 0 0 0 -1 0 0 0 0 0 0
1.582490086555481 -0.8111672401428223 32.34458541870117 0.6175073522945627 -0.786565108469832 0 0 0 -1 0 0 0 0 0 0
1.866047978401184 -0.6894402503967285 32.0147819519043 0.14491384633696805 -0.9894442769250958 0 0 0 -1 0 0 0 0 0 0
2.1154911518096924 0.6893172264099121 32.0147819519043 -0.27083200294760534 0.9626266286465321 0 0 0 1 0 0 0 0 0 0
2.3708393573760986 0.8363051414489746 32.337345123291016 -0.6964075760090773 0.7176464924161207 0 0 0 1 0 0 0 0 0 0
2.5254299640655518 1.087125301361084 32.659908294677734 -0.9540609947503557 0.2996124468308382 0 0 0 1 0 0 0 0 0 0
2.54198956489563 1.3812918663024902 32.98247146606445 -0.9816547252714264 -0.19066725034016754 0 0 0 1 0 0 0 0 0 0
2.4165165424346924 1.647874355316162 33.30503463745117 -0.772536167678231 -0.6349707628143461 0 0 0 1 0 0 0 0 0 0
2.1792728900909424 1.822587490081787 33.62759780883789 -0.3771308019546897 -0.9261600068114649 0 0 0 1 0 0 0 0 0 0
1.8874675035476685 1.8633055686950684 33.95016098022461 0.10921232938704058 -0.9940184440491315 0 0 0 1 0 0 0 0 0 0
1.6114627122879028 1.7602019309997559 34.2727165222168 0.5692228141553456 -0.8221833055013152 0 0 0 1 0 0 0 0 0 0
1.4178096055984497 1.5381484031677246 34.595279693603516 0.8919702075558474 -0.45209418137461005 0 0 0 1 0 0 0 0 0 0
1.3532153367996216 1.2506804466247559 34.917842864990234 0.9996349698728536 0.027017161347914962 0 0 0 1 0 0 0 0 0 0
1.4332438707351685 0.9671263694763184 35.24040603637695 0.866249086678884 0.4996123695706495 0 0 0 1 0 0 0 0 0 0
1.6386080980300903 0.7558531761169434 35.56296920776367 0.5239809866037529 0.8517299605378207 0 0 0 1 0 0 0 0 0 0
1.9197779893875122 0.667813777923584 35.88553237915039 0.05536935249817509 0.9984659407330491 0 0 0 1 0 0 0 0 0 0
2.2089626789093018 0.7242331504821777 36.20809555053711 -0.42661815622150095 0.9044318375544765 0 0 0 1 0 0 0 0 0 0
2.4364216327667236 0.9115042686462402 36.53065872192383 -0.8057042412292367 0.5923180527936152 0 0 0 1 0 0 0 0 0 0
2.547307252883911 1.184476375579834 36.85322189331055 -0.9905207895058102 0.13736289730777532 0 0 0 1 0 0 0 0 0 0
2.5148861408233643 1.4773192405700684 37.175777435302734 -0.9364858526442279 -0.35070535752567783 0 0 0 1 0 0 0 0 0 0
2.346970796585083 1.7194228172302246 37.49834060668945 -0.6566263760901395 -0.7542160182750899 0 0 0 1 0 0 0 0 0 0
2.0840542316436768 1.852403163909912 37.82090377807617 -0.21843774049938644 -0.9758508869317702 0 0 0 1 0 0 0 0 0 0
1.7895327806472778 1.8441977500915527 38.14346694946289 0.27243535556699616 -0.9621740887371081 0 0 0 1 0 0 0 0 0 0
1.5344325304031372 1.6967825889587402 38.46603012084961 0.6976080439654581 -0.7164795998454442 0 0 0 1 0 0 0 0 0 0
1.3802577257156372 1.4457030296325684 38.78859329223633 0.9545603977069262 -0.29801752822543015 0 0 0 1 0 0 0 0 0 0
1.3641940355300903 1.1515097618103027 39.11115646362305 0.9813349287332201 0.1923064160348413 0 0 0 1 0 0 0 0 0 0
1.4901095628738403 0.8851370811462402 39.433719635009766 0.7714769492325736 0.6362572724950193 0 0 0 1 0 0 0 0 0 0
1.7276469469070435 0.7108206748962402 39.756282806396484 0.37558270127882126 0.9267888834573405 0 0 0 1 0 0 0 0 0 0
2.0195209980010986 0.670590877532959 40.0788459777832 -0.11087271080262304 0.9938346150136238 0 0 0 1 0 0 0 0 0 0
2.295354127883911 0.7741560935974121 40.40140151977539 -0.5706012158799346 0.821227284274177 0 0 0 1 0 0 0 0 0 0
2.4886295795440674 0.9965338706970215 40.72396469116211 -0.8927265815940922 0.45059876887906214 0 0 0 1 0 0 0 0 0 0
2.5527470111846924 1.2841086387634277 41.04652786254883 -0.9995880682623889 -0.02870006598364826 0 0 0 1 0 0 0 0 0 0
2.4722416400909424 1.5675292015075684 41.36909103393555 -0.8654114340890511 -0.5010619220694507 0 0 0 1 0 0 0 0 0 0
1.4038554430007935 -1.5248589515686035 41.36909103393555 0.91523461145068 0.4029213397211957 0 0 0 -1 0 0 0 0 0 0
1.353901982307434 -1.2501015663146973 41.05728530883789 0.9984857937072971 -0.05501017873729552 0 0 0 -1 0 0 0 0 0 0
1.433735966682434 -0.9824929237365723 40.7454719543457 0.8654316625080701 -0.5010269828347751 0 0 0 -1 0 0 0 0 0 0
1.6260539293289185 -0.7800087928771973 40.433658599853516 0.544900797692535 -0.8385005191853129 0 0 0 -1 0 0 0 0 0 0
1.8891955614089966 -0.6865105628967285 40.12185287475586 0.10632989193129691 -0.9943309077373985 0 0 0 -1 0 0 0 0 0 0
2.1661617755889893 -0.7222504615783691 39.81003952026367 -0.35528325052826726 -0.9347586917991555 0 0 0 -1 0 0 0 0 0 0
2.396947145462036 -0.879488468170166 39.498233795166016 -0.7399162120481517 -0.6726990405436257 0 0 0 -1 0 0 0 0 0 0
2.531560182571411 -1.1241631507873535 39.18642044067383 -0.9642738455639274 -0.26490743810122624 0 0 0 -1 0 0 0 0 0 0
2.540837526321411 -1.403273105621338 38.87460708618164 -0.9797381049561245 0.20028291414142643 0 0 0 -1 0 0 0 0 0 0
2.4227726459503174 -1.6563477516174316 38.562801361083984 -0.7829616881046159 0.6220699277093936 0 0 0 -1 0 0 0 0 0 0
2.20293927192688 -1.828566074371338 38.2509880065918 -0.416577056263388 0.9091004104030148 0 0 0 -1 0 0 0 0 0 0
1.9289599657058716 -1.8826241493225098 37.93918228149414 0.04006571806761371 0.999197046750903 0 0 0 -1 0 0 0 0 0 0
1.660187840461731 -1.8068108558654785 37.62736892700195 0.4880122066897618 0.8728368038309274 0 0 0 -1 0 0 0 0 0 0
1.4548465013504028 -1.6175446510314941 37.315555572509766 0.8302473145591037 0.5573951889525031 0 0 0 -1 0 0 0 0 0 0
1.3574191331863403 -1.3558297157287598 37.00374984741211 0.9926273528160041 0.12120618153168565 0 0 0 -1 0 0 0 0 0 0
1.389008641242981 -1.0783600807189941 36.69193649291992 0.9399737900733004 -0.34124664683368666 0 0 0 -1 0 0 0 0 0 0
0.3289138674736023 -2.694540500640869 36.69193649291992 -0.9738040811338236 0.2273886795051801 0 0 0 1 0 0 0 0 0 0
0.30986708402633667 -2.3568406105041504 37.08169937133789 -0.9420595534517935 -0.3354456703405296 0 0 0 1 0 0 0 0 0 0
0.11119573563337326 -2.083101749420166 37.47146224975586 -0.6109422129585944 -0.7916751937665191 0 0 0 1 0 0 0 0 0 0
-0.20396311581134796 -1.9603142738342285 37.86122512817383 -0.08567942627954588 -0.9963227568977875 0 0 0 1 0 0 0 0 0 0
-0.5354583859443665 -2.0274949073791504 38.2509880065918 0.4668159024440375 -0.8843545178407576 0 0 0 1 0 0 0 0 0 0
-0.7779472470283508 -2.263296604156494 38.640750885009766 0.870960000849459 -0.4913539222600248 0 0 0 1 0 0 0 0 0 0
-0.8543670773506165 -2.5927834510803223 39.030513763427734 0.9983286075975587 0.05779265742565773 0 0 0 1 0 0 0 0 0 0
-0.7404335141181946 -2.9112534523010254 39.4202766418457 0.8084424514875848 0.5885752310730924 0 0 0 1 0 0 0 0 0 0
-0.4723556637763977 -3.1174988746643066 39.81003952026367 0.36164210344645065 0.932317000282 0 0 0 1 0 0 0 0 0 0
-0.1353214532136917 -3.1459755897521973 40.19980239868164 -0.20008025064543156 0.9797795125953906 0 0 0 1 0 0 0 0 0 0
0.16356198489665985 -2.9876351356506348 40.58956527709961 -0.6982244991189805 0.7158788646342683 0 0 0 1 0 0 0 0 0 0
-2.8287856578826904 -0.8069367408752441 40.58956527709961 0.6084216508062205 -0.7936139457130486 0 0 0 -1 0 0 0 0 0 0
-2.4166972637176514 -0.6849541664123535 40.102359771728516 -0.07839731954830684 -0.9969221936980042 0 0 0 -1 0 0 0 0 0 0
-2.028742551803589 -0.8698487281799316 39.61516189575195 -0.7249861276251878 -0.6887634679271507 0 0 0 -1 0 0 0 0 0 0
-1.8639572858810425 -1.2667641639709473 39.12795639038086 -0.9996288841971888 -0.02724140008669892 0 0 0 -1 0 0 0 0 0 0
-2.0068843364715576 -1.6720643043518066 38.640750885009766 -0.761415307811716 0.6482643974721964 0 0 0 -1 0 0 0 0 0 0
-2.3841941356658936 -1.877810001373291 38.15354537963867 -0.13256681131212047 0.9911740717646605 0 0 0 -1 0 0 0 0 0 0
-2.8023135662078857 -1.7784485816955566 37.66634750366211 0.564301146186687 0.8255690258315119 0 0 0 -1 0 0 0 0 0 0
-3.046725034713745 -1.4249558448791504 37.179141998291016 0.9716530465917518 0.23641141480260042 0 0 0 -1 0 0 0 0 0 0
-2.992037534713745 -0.9986863136291504 36.69193649291992 0.8805069439021862 -0.47403324961444687 0 0 0 -1 0 0 0 0 0 0
-2.6663081645965576 -0.7183365821838379 36.20473098754883 0.3376211122976071 -0.9412820961491442 0 0 0 -1 0 0 0 0 0 0
-2.23664927482605 -0.7277398109436035 35.717533111572266 -0.3784733816755577 -0.9256121754617684 0 0 0 -1 0 0 0 0 0 0
-1.9234932661056519 -1.0220704078674316 35.23032760620117 -0.900399286755099 -0.4350645060343454 0 0 0 -1 0 0 0 0 0 0
-1.8875073194503784 -1.4503235816955566 34.74312210083008 -0.9603788991144583 0.278697632095612 0 0 0 -1 0 0 0 0 0 0
-2.147148847579956 -1.792788028717041 34.255916595458984 -0.52764505356061 0.8494649477482995 0 0 0 -1 0 0 0 0 0 0
-2.5692145824432373 -1.873762607574463 33.76871871948242 0.17580112311647442 0.984425703195008 0 0 0 -1 0 0 0 0 0 0
-2.9371631145477295 -1.651705265045166 33.28151321411133 0.7890464264027166 0.6143335714260633 0 0 0 -1 0 0 0 0 0 0
-3.0622222423553467 -1.240541934967041 32.794307708740234 0.9974804376180345 -0.07094206487926744 0 0 0 -1 0 0 0 0 0 0
-2.880232572555542 -0.8512177467346191 32.30710220336914 0.6941663000697812 -0.7198146621509113 0 0 0 -1 0 0 0 0 0 0
-2.4845588207244873 -0.6834702491760254 31.819904327392578 0.034708236071715755 -0.9993974876638375 0 0 0 -1 0 0 0 0 0 0
-2.0782039165496826 -0.8233628273010254 31.332698822021484 -0.6425540436264394 -0.7662403676518955 0 0 0 -1 0 0 0 0 0 0
-1.8696411848068237 -1.1991257667541504 30.84549331665039 -0.9901563183237818 -0.1399659432986964 0 0 0 -1 0 0 0 0 0 0
-3.045180082321167 1.1188368797302246 30.84549331665039 0.9690749813668661 0.2467664492770599 0 0 0 1 0 0 0 0 0 0
-2.794121503829956 0.766049861907959 31.32974624633789 0.5506480597101687 0.8347375122380847 0 0 0 1 0 0 0 0 0 0
-2.3709933757781982 0.6741042137145996 31.81399917602539 -0.1545678578695984 0.9879821745930459 0 0 0 1 0 0 0 0 0 0
-1.996165156364441 0.8908896446228027 32.29824447631836 -0.7792855534011869 0.6266689925791813 0 0 0 1 0 0 0 0 0 0
-1.8648518323898315 1.3034987449645996 32.78249740600586 -0.9981369911663729 -0.06101267790664569 0 0 0 1 0 0 0 0 0 0
-2.0454413890838623 1.6970458030700684 33.26675033569336 -0.6971588183035835 -0.7169167190556733 0 0 0 1 0 0 0 0 0 0
-2.443882703781128 1.866563320159912 33.75100326538086 -0.03308694830239285 -0.999452477035319 0 0 0 1 0 0 0 0 0 0
-2.8526618480682373 1.7237677574157715 34.23524856567383 0.6482129728953804 -0.7614590873908675 0 0 0 1 0 0 0 0 0 0
-3.058884382247925 1.3430266380310059 34.71950149536133 0.9919176028048348 -0.12688368392315078 0 0 0 1 0 0 0 0 0 0
-2.9551475048065186 0.922635555267334 35.20375442504883 0.8190207615919401 0.5737638818201775 0 0 0 1 0 0 0 0 0 0
-2.5954787731170654 0.6815352439880371 35.6879997253418 0.21957466710877988 0.9755956977990774 0 0 0 1 0 0 0 0 0 0
-2.1671950817108154 0.7452940940856934 36.1722526550293 -0.49423048983722784 0.8693309053031845 0 0 0 1 0 0 0 0 0 0
-1.8933533430099487 1.080705165863037 36.6565055847168 -0.9506339303533692 0.3103145669492582 0 0 0 1 0 0 0 0 0 0
-1.9165695905685425 1.5130858421325684 37.1407585144043 -0.9119433827531405 -0.41031605702526297 0 0 0 1 0 0 0 0 0 0
-2.224755048751831 1.817246913909912 37.625003814697266 -0.39829939853573504 -0.9172554655743798 0 0 0 1 0 0 0 0 0 0
-2.657402753829956 1.834775447845459 38.109256744384766 0.3227803807779954 -0.9464738907042349 0 0 0 1 0 0 0 0 0 0
-2.9891860485076904 1.5565505027770996 38.593509674072266 0.8757523960528754 -0.4827605418917829 0 0 0 1 0 0 0 0 0 0
-3.0473086833953857 1.1274657249450684 39.077754974365234 0.972624499046659 0.23238240865916557 0 0 0 1 0 0 0 0 0 0
-2.8015010356903076 0.7709975242614746 39.562007904052734 0.5629464909401783 0.8264933444003887 0 0 0 1 0 0 0 0 0 0
-2.3797824382781982 0.6727957725524902 40.046260833740234 -0.13992111742537858 0.990162653758681 0 0 0 1 0 0 0 0 0 0
-2.001784086227417 0.8840041160583496 40.530513763427734 -0.769912568415121 0.6381493845459947 0 0 0 1 0 0 0 0 0 0
-1.8643749952316284 1.2946257591247559 41.0147590637207 -0.9989310529831682 -0.0462250082308125 0 0 0 1 0 0 0 0 0 0
-2.039118528366089 1.6908049583435059 41.4990119934082 -0.707695571573416 -0.7065175001196902 0 0 0 1 0 0 0 0 0 0
-2.4350039958953857 1.8662047386169434 41.9832649230957 -0.047885516542522606 -0.9988528306539737 0 0 0 1 0 0 0 0 0 0
-2.8458526134490967 1.729478359222412 42.4675178527832 0.6368654997165761 -0.7709749251893706 0 0 0 1 0 0 0 0 0 0
-3.057692289352417 1.351834774017334 42.95176315307617 0.9899282773571388 -0.14156979087618796 0 0 0 1 0 0 0 0 0 0
-2.9601924419403076 0.9299521446228027 43.43601608276367 0.8274303441522776 0.5615683623353827 0 0 0 1 0 0 0 0 0 0
-2.6041324138641357 0.6835494041442871 43.92026901245117 0.23399668895497544 0.9722373936226216 0 0 0 1 0 0 0 0 0 0
-2.174952268600464 0.7409605979919434 44.40451431274414 -0.4813044528504597 0.8765534916172085 0 0 0 1 0 0 0 0 0 0
-1.8961724042892456 1.072282314300537 44.88876724243164 -0.9459371558867898 0.3243499608645125 0 0 0 1 0 0 0 0 0 0
-1.912983775138855 1.5049567222595215 45.37302017211914 -0.9179166246368807 -0.39677332346723637 0 0 0 1 0 0 0 0 0 0
-2.2166316509246826 1.813645839691162 45.85727310180664 -0.4118378712027869 -0.9112571359628173 0 0 0 1 0 0 0 0 0 0
-2.648972272872925 1.837583065032959 46.34151840209961 0.3087321455822894 -0.9511490221222729 0 0 0 1 0 0 0 0 0 0
-2.9848392009735107 1.564298152923584 46.82577133178711 0.868507459013595 -0.4956760975049621 0 0 0 1 0 0 0 0 0 0
0.2303249090909958 2.1896109580993652 46.82577133178711 -0.8094879248913053 0.5871365253969204 0 0 0 -1 0 0 0 0 0 0
-0.05221254751086235 1.9773344993591309 46.43600845336914 -0.33859492159300214 0.9409322393623404 0 0 0 -1 0 0 0 0 0 0
-0.4052303433418274 1.9609084129333496 46.04624557495117 0.24976756619593402 0.9683058209453043 0 0 0 -1 0 0 0 0 0 0
-0.7062576413154602 2.1460394859313965 45.6564826965332 0.7514813337432049 0.6597543520398589 0 0 0 -1 0 0 0 0 0 0
-0.8508632779121399 2.4684958457946777 45.266719818115234 0.9924896707603668 0.12232846534629158 0 0 0 -1 0 0 0 0 0 0
-0.7888839840888977 2.816415309906006 44.876956939697266 0.8891893467718753 -0.4575394033167039 0 0 0 -1 0 0 0 0 0 0
-0.5418174862861633 3.069100856781006 44.4871940612793 0.4774133350591491 -0.8786788420735421 0 0 0 -1 0 0 0 0 0 0
-0.1953781396150589 3.1388869285583496 44.09743118286133 -0.09998471208562766 -0.9949889734811909 0 0 0 -1 0 0 0 0 0 0
1.958974003791809 0.6669211387634277 44.09743118286133 -0.00996303984859335 0.9999503676868045 0 0 0 1 0 0 0 0 0 0
2.2425663471221924 0.7413954734802246 44.42084884643555 -0.4826154678884454 0.875832352767821 0 0 0 1 0 0 0 0 0 0
2.4570095539093018 0.9413619041442871 44.7442741394043 -0.8400249964151592 0.5425476987304544 0 0 0 1 0 0 0 0 0 0
2.5510876178741455 1.2190680503845215 45.067691802978516 -0.9968185597435486 0.07970419656954922 0 0 0 1 0 0 0 0 0 0
2.502335786819458 1.508195400238037 45.391109466552734 -0.9155661527465109 -0.4021674028870973 0 0 0 1 0 0 0 0 0 0
2.3223965167999268 1.7396979331970215 45.714534759521484 -0.6156697333257681 -0.7880043016802494 0 0 0 1 0 0 0 0 0 0
2.0542385578155518 1.8582892417907715 46.0379524230957 -0.16873339544625932 -0.9856617276029216 0 0 0 1 0 0 0 0 0 0
1.7619067430496216 1.835649013519287 46.36137008666992 0.3184820295907159 -0.9479288986141198 0 0 0 1 0 0 0 0 0 0
1.5152064561843872 1.6771864891052246 46.68479537963867 0.7296516070157363 -0.6838190786892053 0 0 0 1 0 0 0 0 0 0
1.3730555772781372 1.420743465423584 47.00821304321289 0.9665667222244707 -0.25641523255891596 0 0 0 1 0 0 0 0 0 0
1.3693972826004028 1.1275572776794434 47.33163070678711 0.9726624117470085 0.23222366971196728 0 0 0 1 0 0 0 0 0 0
1.5051089525222778 0.8676466941833496 47.65505599975586 0.7464806813321706 0.665407087727399 0 0 0 1 0 0 0 0 0 0
1.7477809190750122 0.7030768394470215 47.97847366333008 0.3420205098855549 0.93969248736894 0 0 0 1 0 0 0 0 0 0
2.039456605911255 0.673154354095459 48.3018913269043 -0.14410559431935355 0.989562316221604 0 0 0 1 0 0 0 0 0 0
2.3104870319366455 0.7850203514099121 48.62531661987305 -0.595816344710428 0.8031207153198731 0 0 0 1 0 0 0 0 0 0
2.4961445331573486 1.0119643211364746 48.948734283447266 -0.9052502426114575 0.4248788041923217 0 0 0 1 0 0 0 0 0 0
2.5520946979522705 1.2997870445251465 49.272151947021484 -0.9984956717041261 -0.05483058989401724 0 0 0 1 0 0 0 0 0 0
2.464970827102661 1.5797514915466309 49.595577239990234 -0.8532909857609862 -0.5214350329801827 0 0 0 1 0 0 0 0 0 0
2.2555859088897705 1.7850050926208496 49.91899490356445 -0.5043125376317581 -0.8635212008905262 0 0 0 1 0 0 0 0 0 0
1.973939061164856 1.8665289878845215 50.2424201965332 -0.034904342816112585 -0.9993906577773155 0 0 0 1 0 0 0 0 0 0
1.687287449836731 1.8048529624938965 50.56583786010742 0.4428505778805076 -0.8965954303201085 0 0 0 1 0 0 0 0 0 0
1.4640933275222778 1.6147093772888184 50.88925552368164 0.8148304869982241 -0.5796992991700413 0 0 0 1 0 0 0 0 0 0
1.3576518297195435 1.3415007591247559 51.21268081665039 0.9922386444771839 -0.12434819020026265 0 0 0 1 0 0 0 0 0 0
1.3933840990066528 1.0504775047302246 51.53609848022461 0.9326850188225898 0.36069191239048487 0 0 0 1 0 0 0 0 0 0
1.5627566576004028 0.8111357688903809 51.85951614379883 0.6503948992986798 0.7595962578674675 0 0 0 1 0 0 0 0 0 0
1.8253222703933716 0.6806349754333496 52.18294143676758 0.21278130893913624 0.977099848821065 0 0 0 1 0 0 0 0 0 0
2.118375062942505 0.6901335716247559 52.5063591003418 -0.27563233378115787 0.9612631359697262 0 0 0 1 0 0 0 0 0 0
2.371934175491333 0.8373732566833496 52.829776763916016 -0.6982329934567735 0.7158705796779145 0 0 0 1 0 0 0 0 0 0
2.52544903755188 1.0871825218200684 53.153202056884766 -0.954089668957922 0.2995211237755411 0 0 0 1 0 0 0 0 0 0
2.5422565937042236 1.3799071311950684 53.476619720458984 -0.9821009145743868 -0.18835549790795353 0 0 0 1 0 0 0 0 0 0
2.418339967727661 1.645646572113037 53.8000373840332 -0.7755749058712172 -0.6312555468135331 0 0 0 1 0 0 0 0 0 0
2.1832973957061768 1.8209319114685059 54.12346267700195 -0.38384008795029895 -0.9233995813743401 0 0 0 1 0 0 0 0 0 0
1.8932543992996216 1.8639121055603027 54.44688034057617 0.09957481387886039 -0.9950300781589422 0 0 0 1 0 0 0 0 0 0
1.617482304573059 1.7643179893493652 54.77029800415039 0.5591868629935254 -0.8290416468763561 0 0 0 1 0 0 0 0 0 0
1.4218302965164185 1.5459303855895996 55.09372329711914 0.8852781604845025 -0.46506190831885513 0 0 0 1 0 0 0 0 0 0
1.3530246019363403 1.260911464691162 55.41714096069336 0.9999503676868045 0.00996303984859335 0 0 0 1 0 0 0 0 0 0
1.4274989366531372 0.9773192405700684 55.74055862426758 0.875832352767821 0.4826154678884454 0 0 0 1 0 0 0 0 0 0
1.6274653673171997 0.762876033782959 56.06398391723633 0.5425476987304544 0.8400249964151592 0 0 0 1 0 0 0 0 0 0
1.905171513557434 0.6688017845153809 56.387393951416016 0.07970508798545924 0.996818488466797 0 0 0 1 0 0 0 0 0 0
2.1942989826202393 0.7175536155700684 56.710819244384766 -0.4021674028870973 0.9155661527465109 0 0 0 1 0 0 0 0 0 0
2.4258015155792236 0.8974967002868652 57.034244537353516 -0.7880139976229112 0.6156573231517336 0 0 0 1 0 0 0 0 0 0
2.5443928241729736 1.1656508445739746 57.3576545715332 -0.985661785915163 0.16873305481301448 0 0 0 1 0 0 0 0 0 0
2.5217525959014893 1.4579863548278809 57.68107986450195 -0.9479255113680205 -0.31849211120163806 0 0 0 1 0 0 0 0 0 0
2.363286256790161 1.7046828269958496 58.0045051574707 -0.6838190786892053 -0.7296516070157363 0 0 0 1 0 0 0 0 0 0
2.1068432331085205 1.8468337059020996 58.32791519165039 -0.25641523255891596 -0.9665667222244707 0 0 0 1 0 0 0 0 0 0
1.8136569261550903 1.8504881858825684 58.65134048461914 0.232226203972862 -0.9726618066873782 0 0 0 1 0 0 0 0 0 0
1.5537463426589966 1.7147765159606934 58.97476577758789 0.6654189126292308 -0.7464701405383419 0 0 0 1 0 0 0 0 0 0
1.389180302619934 1.472104549407959 59.29817581176758 0.93969248736894 -0.3420205098855549 0 0 0 1 0 0 0 0 0 0
2.516812562942505 -1.4883179664611816 59.29817581176758 -0.93969248736894 0.3420205098855549 0 0 0 -1 0 0 0 0 0 0
2.3455097675323486 -1.7369027137756348 58.9640998840332 -0.6541933931980132 0.756327312938036 0 0 0 -1 0 0 0 0 0 0
2.0748417377471924 -1.8706040382385254 58.63002395629883 -0.20307601358539357 0.9791629755593627 0 0 0 -1 0 0 0 0 0 0
1.7733241319656372 -1.855574131011963 58.29593276977539 0.29945343170698885 0.9541109171573857 0 0 0 -1 0 0 0 0 0 0
1.517293095588684 -1.6956162452697754 57.961856842041016 0.7261740597160463 0.68751089809218 0 0 0 -1 0 0 0 0 0 0
1.3715640306472778 -1.431227207183838 57.62776565551758 0.9690498044651202 0.24686530024714362 0 0 0 -1 0 0 0 0 0 0
1.3730326890945435 -1.1293396949768066 57.2936897277832 0.9666022946748769 -0.25628110334018406 0 0 0 -1 0 0 0 0 0 0
1.5213252305984497 -0.8663811683654785 56.959598541259766 0.7194509496758482 -0.6945432535202687 0 0 0 -1 0 0 0 0 0 0
1.7788974046707153 -0.7089219093322754 56.62552261352539 0.29016495842202056 -0.9569766438654327 0 0 0 -1 0 0 0 0 0 0
2.0805447101593018 -0.6968216896057129 56.291439056396484 -0.21257916323975107 -0.9771438478321846 0 0 0 -1 0 0 0 0 0 0
2.3499042987823486 -0.8331475257873535 55.95735549926758 -0.6615121617860238 -0.7499344370071169 0 0 0 -1 0 0 0 0 0 0
2.5187771320343018 -1.0833840370178223 55.6232795715332 -0.9429702399852451 -0.33287704412015134 0 0 0 -1 0 0 0 0 0 0
2.544419527053833 -1.3841843605041504 55.2891960144043 -0.9857078107384302 0.16846397789809947 0 0 0 -1 0 0 0 0 0 0
2.420335054397583 -1.659395694732666 54.95511245727539 -0.778897923556788 0.627150719268442 0 0 0 -1 0 0 0 0 0 0
2.1779377460479736 -1.8393464088439941 54.621028900146484 -0.3749028442269845 0.9270641064082449 0 0 0 -1 0 0 0 0 0 0
1.8785945177078247 -1.8784775733947754 54.28694534301758 0.12400021233581464 0.9922821913854308 0 0 0 -1 0 0 0 0 0 0
1.598084568977356 -1.7668824195861816 53.95286178588867 0.5915149248981831 0.8062940491053476 0 0 0 -1 0 0 0 0 0 0
1.4074259996414185 -1.5328164100646973 53.618778228759766 0.9092801940818458 0.416184488719223 0 0 0 -1 0 0 0 0 0 0
1.3548823595046997 -1.2355332374572754 53.28470230102539 0.9968516691177572 -0.07928902683941508 0 0 0 -1 0 0 0 0 0 0
1.4537593126296997 -0.9502930641174316 52.950618743896484 0.8320589247211712 -0.5546872504320327 0 0 0 -1 0 0 0 0 0 0
1.6790248155593872 -0.7493119239807129 52.61653518676758 0.45662230544765087 -0.8896606488811742 0 0 0 -1 0 0 0 0 0 0
1.9736453294754028 -0.6834626197814941 52.28245162963867 -0.03442208737703762 -0.9994073843536517 0 0 0 -1 0 0 0 0 0 0
2.2630398273468018 -0.7694230079650879 51.948368072509766 -0.5167445180070828 -0.8561396516396305 0 0 0 -1 0 0 0 0 0 0
2.473942995071411 -0.9854264259338379 51.61428451538086 -0.8682459038775885 -0.4961341052576301 0 0 0 -1 0 0 0 0 0 0
2.5529606342315674 -1.2767930030822754 51.28020095825195 -0.9999446203427684 -0.01052407941611145 0 0 0 -1 0 0 0 0 0 0
2.4800922870635986 -1.5697579383850098 50.94612503051758 -0.878491750728433 0.47775751579864534 0 0 0 -1 0 0 0 0 0 0
2.2737820148468018 -1.7901520729064941 50.61204147338867 -0.5346412220344323 0.8450791464126474 0 0 0 -1 0 0 0 0 0 0
1.9862643480300903 -1.882185459136963 50.277957916259766 -0.05544764929652257 0.9984615957499265 0 0 0 -1 0 0 0 0 0 0
1.6903201341629028 -1.822554111480713 49.94387435913086 0.43779131890162776 0.8990766158088938 0 0 0 -1 0 0 0 0 0 0
1.460877537727356 -1.626356601715088 49.60979080200195 0.8201958829547937 0.5720827856036275 0 0 0 -1 0 0 0 0 0 0
1.356019139289856 -1.3432602882385254 49.27570724487305 0.9949613650336744 0.10025907485273922 0 0 0 -1 0 0 0 0 0 0
1.4022914171218872 -1.044935703277588 48.94162368774414 0.9178389177748639 -0.39695304636426043 0 0 0 -1 0 0 0 0 0 0
1.5879794359207153 -0.8069100379943848 48.607547760009766 0.6083646473991214 -0.7936576439466472 0 0 0 -1 0 0 0 0 0 0
1.866078495979309 -0.6894364356994629 48.27346420288086 0.14485731703243215 -0.9894525545483045 0 0 0 -1 0 0 0 0 0 0
2.1661808490753174 -0.7222580909729004 47.93938064575195 -0.3553065835599104 -0.9347498230430344 0 0 0 -1 0 0 0 0 0 0
2.4123127460479736 -0.8970627784729004 47.60529708862305 -0.7655282368839068 -0.6434022991359428 0 0 0 -1 0 0 0 0 0 0
-0.6523807644844055 -3.0079751014709473 47.60529708862305 0.6616878722545786 0.7497794073667323 0 0 0 1 0 0 0 0 0 0
-0.33050042390823364 -3.153383731842041 47.995059967041016 0.1252180715733312 0.9921292428668033 0 0 0 1 0 0 0 0 0 0
0.017417123541235924 -3.092512607574463 48.384822845458984 -0.45464348723025305 0.8906735089352972 0 0 0 1 0 0 0 0 0 0
0.27080458402633667 -2.846449375152588 48.77458572387695 -0.8769557317130086 0.48057116498568814 0 0 0 1 0 0 0 0 0 0
0.3418552279472351 -2.5004677772521973 49.16434860229492 -0.9953752240255053 -0.09606333013265313 0 0 0 1 0 0 0 0 0 0
0.20594899356365204 -2.174459934234619 49.55411148071289 -0.7688646408639467 -0.6394115763959505 0 0 0 1 0 0 0 0 0 0
-0.0898178294301033 -1.981398105621338 49.94387435913086 -0.2759204896264063 -0.9611804634949277 0 0 0 1 0 0 0 0 0 0
-0.442953884601593 -1.9881844520568848 50.33363723754883 0.3126424999903702 -0.9498708686973042 0 0 0 1 0 0 0 0 0 0
-0.7310855984687805 -2.192465305328369 50.7234001159668 0.7928616711249619 -0.6094016495390646 0 0 0 1 0 0 0 0 0 0
-0.8543689846992493 -2.5234551429748535 51.113162994384766 0.9983312146393071 -0.05774760494432503 0 0 0 1 0 0 0 0 0 0
-0.7700775265693665 -2.8664498329162598 51.502925872802734 0.8578461435811925 0.5139066004079695 0 0 0 1 0 0 0 0 0 0
-0.5074260830879211 -3.1025948524475098 51.8926887512207 0.4200927699972837 0.9074811648712106 0 0 0 1 0 0 0 0 0 0
-0.1574276238679886 -3.1500611305236816 52.28245162963867 -0.16323445667736072 0.986587305895047 0 0 0 1 0 0 0 0 0 0
0.15862958133220673 -2.992392063140869 52.67221450805664 -0.6900021996181854 0.7238072702882071 0 0 0 1 0 0 0 0 0 0
0.33122366666793823 -2.6842331886291504 53.06197738647461 -0.977655800816328 0.21021211937037493 0 0 0 1 0 0 0 0 0 0
0.300545871257782 -2.3323655128479004 53.45174026489258 -0.9265226265519969 -0.37623904965751354 0 0 0 1 0 0 0 0 0 0
0.07722394913434982 -2.0587258338928223 53.84150314331055 -0.5543221202870393 -0.832302220927279 0 0 0 1 0 0 0 0 0 0
-0.26135140657424927 -1.9581360816955566 54.231266021728516 0.00996864911101473 -0.9999503117829912 0 0 0 1 0 0 0 0 0 0
-0.5978534817695618 -2.0654549598693848 54.621028900146484 0.5708042712989384 -0.8210861610494287 0 0 0 1 0 0 0 0 0 0
-0.8156746029853821 -2.3434929847717285 55.01079177856445 0.9338390507108868 -0.35769348242229637 0 0 0 1 0 0 0 0 0 0
-0.8393314480781555 -2.6959023475646973 55.40055465698242 0.9732717416005259 0.2296565196154446 0 0 0 1 0 0 0 0 0 0
-0.6606281399726868 -3.0005593299865723 55.79031753540039 0.675435487656351 0.7374190816723062 0 0 0 1 0 0 0 0 0 0
-0.34149056673049927 -3.1518959999084473 56.18008041381836 0.14353211120300585 0.9896456603520312 0 0 0 1 0 0 0 0 0 0
0.0074912807904183865 -3.0974602699279785 56.56984329223633 -0.43810253829880574 0.8989250057352633 0 0 0 1 0 0 0 0 0 0
0.26538389921188354 -2.8561272621154785 56.959598541259766 -0.8679191473422575 0.4967054999460833 0 0 0 1 0 0 0 0 0 0
0.3428184390068054 -2.511518955230713 57.349369049072266 -0.9969814410219943 -0.07764023607452239 0 0 0 1 0 0 0 0 0 0
0.2129623144865036 -2.1830544471740723 57.7391242980957 -0.780556744515853 -0.6250849291022886 0 0 0 1 0 0 0 0 0 0
-0.07918626815080643 -1.9845566749572754 58.1288948059082 -0.29363604815780947 -0.9559172930867318 0 0 0 1 0 0 0 0 0 0
-0.43238717317581177 -1.984816074371338 58.51865005493164 0.2950298350344194 -0.9554880409715043 0 0 0 1 0 0 0 0 0 0
-0.7242458462715149 -2.1837334632873535 58.90842056274414 0.781456265492739 -0.6239600188490779 0 0 0 1 0 0 0 0 0 0
-0.8536251187324524 -2.5123887062072754 59.29817581176758 0.9970930992048707 -0.07619285739507456 0 0 0 1 0 0 0 0 0 0
-0.7756889462471008 -2.8568825721740723 59.68794631958008 0.8672028089889615 0.49795510649219643 0 0 0 1 0 0 0 0 0 0
-0.517447292804718 -3.0978455543518066 60.077701568603516 0.43679852523496676 0.899559363439989 0 0 0 1 0 0 0 0 0 0
-0.1683853417634964 -3.1517701148986816 60.467472076416016 -0.14497425808360515 0.9894354271467686 0 0 0 1 0 0 0 0 0 0
0.15053288638591766 -2.999971866607666 60.85722732543945 -0.6765036065775505 0.7364393188087983 0 0 0 1 0 0 0 0 0 0
-2.8143832683563232 -0.7962327003479004 60.85722732543945 0.5844081687018399 -0.8114598525833314 0 0 0 -1 0 0 0 0 0 0
-2.399948835372925 -0.6865067481994629 60.3895149230957 -0.10631206644724037 -0.9943328137639418 0 0 0 -1 0 0 0 0 0 0
-2.018080472946167 -0.8813691139221191 59.92180252075195 -0.7427521979045987 -0.6695664063465906 0 0 0 -1 0 0 0 0 0 0
-1.863737940788269 -1.2813401222229004 59.4540901184082 -0.999995679471425 -0.0029395643355705397 0 0 0 -1 0 0 0 0 0 0
-2.015719175338745 -1.6822113990783691 58.98637771606445 -0.7466920622257752 0.6651698762038303 0 0 0 -1 0 0 0 0 0 0
-2.3964335918426514 -1.8793206214904785 58.51865005493164 -0.11216953030917048 0.9936890844073011 0 0 0 -1 0 0 0 0 0 0
-2.811506986618042 -1.7720398902893066 58.05093765258789 0.5796206528679151 0.8148864330500121 0 0 0 -1 0 0 0 0 0 0
-3.04902720451355 -1.415132999420166 57.58322525024414 0.9754904332733962 0.22004184736563592 0 0 0 -1 0 0 0 0 0 0
-2.9877288341522217 -0.9908242225646973 57.11551284790039 0.8733253685310003 -0.4871373529921436 0 0 0 -1 0 0 0 0 0 0
-2.658907651901245 -0.7157387733459473 56.64780044555664 0.32528608499084494 -0.945615652848095 0 0 0 -1 0 0 0 0 0 0
-2.230442762374878 -0.730318546295166 56.18008041381836 -0.38881777283738095 -0.9213146799686734 0 0 0 -1 0 0 0 0 0 0
-1.9210823774337769 -1.0271210670471191 55.71236801147461 -0.904421073240966 -0.4266409758540065 0 0 0 -1 0 0 0 0 0 0
-1.8887699842453003 -1.4546189308166504 55.24464797973633 -0.9582728515880864 0.28585510649494605 0 0 0 -1 0 0 0 0 0 0
-2.1500022411346436 -1.7945504188537598 54.77693557739258 -0.5228865457088915 0.8524022878410308 0 0 0 -1 0 0 0 0 0 0
-2.5714099407196045 -1.873365879058838 54.3092155456543 0.17945904844668276 0.9837654445703056 0 0 0 -1 0 0 0 0 0 0
-2.9378440380096436 -1.650831699371338 53.84150314331055 0.7901797704845416 0.6128751343601705 0 0 0 -1 0 0 0 0 0 0
-3.0622241497039795 -1.240553379058838 53.3737907409668 0.9974820252549842 -0.07091973838935886 0 0 0 -1 0 0 0 0 0 0
-2.881047010421753 -0.8520035743713379 52.906070709228516 0.6955187929481144 -0.7185079043796235 0 0 0 -1 0 0 0 0 0 0
-2.4868152141571045 -0.6835503578186035 52.438358306884766 0.03846673145270988 -0.9992598813979 0 0 0 -1 0 0 0 0 0 0
-2.0807979106903076 -0.821199893951416 51.970638275146484 -0.6382311978804293 -0.7698447493177519 0 0 0 -1 0 0 0 0 0 0
-1.8702877759933472 -1.1946702003479004 51.502925872802734 -0.9890779757678403 -0.14739320829329852 0 0 0 -1 0 0 0 0 0 0
-3.049351453781128 1.1363043785095215 51.502925872802734 0.9760268154889394 0.2176503054133395 0 0 0 1 0 0 0 0 0 0
-2.836165189743042 0.7964720726013184 51.94466018676758 0.6207190373889316 0.7840330838829177 0 0 0 1 0 0 0 0 0 0
-2.4564921855926514 0.6669363975524902 52.38638687133789 -0.012066713393323604 0.9999271945636259 0 0 0 1 0 0 0 0 0 0
-2.0800559520721436 0.805600643157959 52.828121185302734 -0.6394634796051009 0.7688214735888539 0 0 0 1 0 0 0 0 0 0
-1.8751362562179565 1.150479793548584 53.26984786987305 -0.9809972223643453 0.19402177638976312 0 0 0 1 0 0 0 0 0 0
-1.9333409070968628 1.5473990440368652 53.71158218383789 -0.8839864391507382 -0.4675125403639974 0 0 0 1 0 0 0 0 0 0
-2.228649854660034 1.8189215660095215 54.153316497802734 -0.39180789735092547 -0.9200470485651516 0 0 0 1 0 0 0 0 0 0
-2.6290500164031982 1.8436675071716309 54.59504318237305 0.27552789729039445 -0.9612930759215599 0 0 0 1 0 0 0 0 0 0
-2.955548048019409 1.6105780601501465 55.03677749633789 0.8196881291913861 -0.572810065259616 0 0 0 1 0 0 0 0 0 0
-3.062187910079956 1.2238478660583496 55.4785041809082 0.9974234385203202 0.07173900117997871 0 0 0 1 0 0 0 0 0 0
-2.901299238204956 0.8563628196716309 55.92023849487305 0.729279809098237 0.684215580092736 0 0 0 1 0 0 0 0 0 0
-2.544804334640503 0.6723952293395996 56.36197280883789 0.13511270405900427 0.9908302363179395 0 0 0 1 0 0 0 0 0 0
-2.1520678997039795 0.7541899681091309 56.8036994934082 -0.5194444538925911 0.854504218433255 0 0 0 1 0 0 0 0 0 0
-1.8986576795578003 1.0651793479919434 57.245426177978516 -0.9417949127984261 0.3361879566953656 0 0 0 1 0 0 0 0 0 0
-1.8978546857833862 1.4663443565368652 57.68716812133789 -0.94313250880774 -0.3324170134484971 0 0 0 1 0 0 0 0 0 0
-2.150019407272339 1.7783446311950684 58.1288948059082 -0.5228611644188567 -0.852417856888602 0 0 0 1 0 0 0 0 0 0
-2.5424258708953857 1.861711025238037 58.570621490478516 0.13115277528103597 -0.9913621687032856 0 0 0 1 0 0 0 0 0 0
-2.8996551036834717 1.6791701316833496 59.01236343383789 0.7265367630847286 -0.6871275950552159 0 0 0 1 0 0 0 0 0 0
-3.0620105266571045 1.3123297691345215 59.4540901184082 0.997128135955136 -0.07573295508981545 0 0 0 1 0 0 0 0 0 0
-2.9569175243377686 0.9251761436462402 59.895816802978516 0.8219689694606291 0.569532275857858 0 0 0 1 0 0 0 0 0 0
-2.6313540935516357 0.6907820701599121 60.33754348754883 0.2793657457290324 0.9601847635290103 0 0 0 1 0 0 0 0 0 0
-2.230860471725464 0.7139296531677246 60.7792854309082 -0.38812270685142736 0.9216077063622683 0 0 0 1 0 0 0 0 0 0
-1.934468150138855 0.9842696189880371 61.221012115478516 -0.8821126694256816 0.47103846810923883 0 0 0 1 0 0 0 0 0 0
-1.874674677848816 1.3809523582458496 61.66273880004883 -0.9817657234153819 -0.1900948824315676 0 0 0 1 0 0 0 0 0 0
-2.0782134532928467 1.7266478538513184 62.1044807434082 -0.6425331143654883 -0.7662579180300757 0 0 0 1 0 0 0 0 0 0
-2.4540927410125732 1.8668150901794434 62.546207427978516 -0.0160666894183866 -0.999870922415055 0 0 0 1 0 0 0 0 0 0
-2.8342807292938232 1.738797664642334 62.98793411254883 0.6175762461490814 -0.7865110172098096 0 0 0 1 0 0 0 0 0 0
-3.048823118209839 1.3998236656188965 63.4296760559082 0.9751478425334971 -0.22155515160398745 0 0 0 1 0 0 0 0 0 0
-3.0018107891082764 1.0014243125915527 63.871402740478516 0.8967942212311955 0.44244787802218416 0 0 0 1 0 0 0 0 0 0
-2.714258909225464 0.7217001914978027 64.31312561035156 0.41754423814619834 0.9086565958550628 0 0 0 1 0 0 0 0 0 0
-2.3147151470184326 0.6856932640075684 64.75485229492188 -0.24836549752069262 0.9686663923360296 0 0 0 1 0 0 0 0 0 0
-1.9817875623703003 0.9095053672790527 65.19659423828125 -0.8032482941468123 0.5956443384690533 0 0 0 1 0 0 0 0 0 0
-1.8643063306808472 1.2930808067321777 65.63832092285156 -0.999047118056243 -0.04364465492491635 0 0 0 1 0 0 0 0 0 0
-2.0147902965545654 1.6649489402770996 66.08004760742188 -0.7482444045264911 -0.6634231764830023 0 0 0 1 0 0 0 0 0 0
-2.3659675121307373 1.858872890472412 66.52178955078125 -0.1629450871812092 -0.9866351395341177 0 0 0 1 0 0 0 0 0 0
-2.760849714279175 1.788163661956787 66.96351623535156 0.49519135769082107 -0.8687839312903534 0 0 0 1 0 0 0 0 0 0
-3.022911787033081 1.4844260215759277 67.40524291992188 0.931963185688644 -0.36255292099371383 0 0 0 1 0 0 0 0 0 0
-3.0350024700164795 1.0834441184997559 67.84698486328125 0.9521126922798031 0.30574731593213506 0 0 0 1 0 0 0 0 0 0
-2.7917163372039795 0.7644705772399902 68.28871154785156 0.5466349574265496 0.837371018915316 0 0 0 1 0 0 0 0 0 0
-2.4018123149871826 0.6700949668884277 68.73043823242188 -0.10320326938148207 0.9946602863234126 0 0 0 1 0 0 0 0 0 0
-2.0395877361297607 0.8425116539001465 69.17216491699219 -0.706913215097611 0.7073002943024688 0 0 0 1 0 0 0 0 0 0
-1.866972804069519 1.204637050628662 69.61390686035156 -0.994602399557242 0.10375965880329743 0 0 0 1 0 0 0 0 0 0
-1.961130976676941 1.5945944786071777 70.05563354492188 -0.8376770009533002 -0.5461659473766968 0 0 0 1 0 0 0 0 0 0
-2.2799689769744873 1.838059902191162 70.49736022949219 -0.30627428977135307 -0.9519433068334759 0 0 0 1 0 0 0 0 0 0
-2.6809566020965576 1.8261923789978027 70.93910217285156 0.36203636218039653 -0.9321639729463828 0 0 0 1 0 0 0 0 0 0
-2.9848392009735107 1.564298152923584 71.38082885742188 0.868507459013595 -0.4956760975049621 0 0 0 1 0 0 0 0 0 0
0.3289138674736023 -2.694540500640869 61.24699783325195 -0.9738040811338236 0.2273886795051801 0 0 0 1 0 0 0 0 0 0
0.30986708402633667 -2.3568406105041504 61.63675308227539 -0.9420595534517935 -0.3354456703405296 0 0 0 1 0 0 0 0 0 0
0.11119573563337326 -2.083101749420166 62.02652359008789 -0.6109422129585944 -0.7916751937665191 0 0 0 1 0 0 0 0 0 0
-0.20396311581134796 -1.9603142738342285 62.41627883911133 -0.08567942627954588 -0.9963227568977875 0 0 0 1 0 0 0 0 0 0
-0.5354583859443665 -2.0274949073791504 62.80604934692383 0.4668159024440375 -0.8843545178407576 0 0 0 1 0 0 0 0 0 0
-0.7779472470283508 -2.263296604156494 63.195804595947266 0.870960000849459 -0.4913539222600248 0 0 0 1 0 0 0 0 0 0
-0.8543670773506165 -2.5927834510803223 63.585575103759766 0.9983286075975587 0.05779265742565773 0 0 0 1 0 0 0 0 0 0
-0.7404335141181946 -2.9112534523010254 63.9753303527832 0.8084424514875848 0.5885752310730924 0 0 0 1 0 0 0 0 0 0
-0.4723556637763977 -3.1174988746643066 64.36509704589844 0.36164210344645065 0.932317000282 0 0 0 1 0 0 0 0 0 0
-0.1353214532136917 -3.1459755897521973 64.75485229492188 -0.20008025064543156 0.9797795125953906 0 0 0 1 0 0 0 0 0 0
0.16356198489665985 -2.9876351356506348 65.14462280273438 -0.6982244991189805 0.7158788646342683 0 0 0 1 0 0 0 0 0 0
-2.8287856578826904 -0.8069367408752441 65.14462280273438 0.6084216508062205 -0.7936139457130486 0 0 0 -1 0 0 0 0 0 0
-2.427593946456909 -0.6841950416564941 64.65742492675781 -0.06023236287349391 -0.9981843829987903 0 0 0 -1 0 0 0 0 0 0
-2.044071912765503 -0.8542885780334473 64.17021179199219 -0.6994362235566549 -0.7146950182957799 0 0 0 -1 0 0 0 0 0 0
-1.865742564201355 -1.2340493202209473 63.68301773071289 -0.996651331155939 -0.08176872326932136 0 0 0 -1 0 0 0 0 0 0
-1.9797981977462769 -1.6377968788146973 63.195804595947266 -0.8065646441361585 0.5911458997823738 0 0 0 -1 0 0 0 0 0 0
-2.330469846725464 -1.8681206703186035 62.7086067199707 -0.22210989118463106 0.9750216388562623 0 0 0 -1 0 0 0 0 0 0
-2.746300458908081 -1.8124032020568848 62.22140884399414 0.4709431332308761 0.882163570582398 0 0 0 -1 0 0 0 0 0 0
-3.023972272872925 -1.4978928565979004 61.734195709228516 0.9337309607755737 0.3579755478927628 0 0 0 -1 0 0 0 0 0 0
-3.0277202129364014 -1.0783600807189941 61.24699783325195 0.9399737900733004 -0.34124664683368666 0 0 0 -1 0 0 0 0 0 0
-1.9780396223068237 -1.6353859901428223 71.38082885742188 -0.8094931402888219 0.5871293348363216 0 0 0 -1 0 0 0 0 0 0
-2.319899320602417 -1.8656105995178223 70.93110656738281 -0.2397257235175389 0.9708406550428307 0 0 0 -1 0 0 0 0 0 0
-2.729628324508667 -1.8209748268127441 70.48136901855469 0.44315644270037646 0.896444291237971 0 0 0 -1 0 0 0 0 0 0
-3.0138919353485107 -1.522535800933838 70.03164672851562 0.9169289054778725 0.39905060117628016 0 0 0 -1 0 0 0 0 0 0
-3.038557767868042 -1.1111207008361816 69.58192443847656 0.9580381689758859 -0.28664065794184185 0 0 0 -1 0 0 0 0 0 0
-2.791985273361206 -0.7808594703674316 69.1322021484375 0.5470830915588114 -0.8370783063312853 0 0 0 -1 0 0 0 0 0 0
-2.3905227184295654 -0.6875901222229004 68.68246459960938 -0.12201976734575841 -0.9925276703331183 0 0 0 -1 0 0 0 0 0 0
-2.0236079692840576 -0.8753228187561035 68.23274230957031 -0.7335427059927657 -0.679643361245301 0 0 0 -1 0 0 0 0 0 0
-1.8643711805343628 -1.2554726600646973 67.78302001953125 -0.9989388219457896 -0.04605681284628844 0 0 0 -1 0 0 0 0 0 0
-1.9879521131515503 -1.6486611366271973 67.33329772949219 -0.7929736683245028 0.6092559079270234 0 0 0 -1 0 0 0 0 0 0
-2.3360373973846436 -1.8693604469299316 66.88356018066406 -0.21282648825599404 0.977090009106951 0 0 0 -1 0 0 0 0 0 0
-2.744377851486206 -1.8134255409240723 66.433837890625 0.46773873413898864 0.8838667753604367 0 0 0 -1 0 0 0 0 0 0
-3.0202929973602295 -1.5072541236877441 65.98411560058594 0.9276013102469555 0.3735716922200231 0 0 0 -1 0 0 0 0 0 0
-3.0335891246795654 -1.0953164100646973 65.53437805175781 0.9497582170547402 -0.3129845509557953 0 0 0 -1 0 0 0 0 0 0
0.3327304720878601 -2.6770081520080566 65.53437805175781 -0.9801668385804561 0.19817408646741408 0 0 0 1 0 0 0 0 0 0
0.2954856753349304 -2.3202881813049316 65.92414855957031 -0.9180910787365896 -0.3963694881600822 0 0 0 1 0 0 0 0 0 0
0.06140630319714546 -2.048544406890869 66.31390380859375 -0.5279571877814688 -0.849270986122735 0 0 0 1 0 0 0 0 0 0
-0.2858646512031555 -1.9588837623596191 66.70367431640625 0.05082566769553158 -0.9987075405259057 0 0 0 1 0 0 0 0 0 0
-0.6222389340400696 -2.0833382606506348 67.09342956542969 0.6114519715341837 -0.7912815469268569 0 0 0 1 0 0 0 0 0 0
-0.8275230526924133 -2.3774361610412598 67.48320007324219 0.9535882606766272 -0.3011136481458872 0 0 0 1 0 0 0 0 0 0
-0.8283622860908508 -2.7360939979553223 67.87295532226562 0.9549898521777169 0.2966384705960814 0 0 0 1 0 0 0 0 0 0
-0.6244571805000305 -3.0311532020568848 68.26272583007812 0.6151461942271511 0.7884130641534628 0 0 0 1 0 0 0 0 0 0
-0.2886703610420227 -3.1571831703186035 68.65248107910156 0.055503574954887606 0.9984584884546914 0 0 0 1 0 0 0 0 0 0
0.0590163953602314 -3.0691475868225098 69.04225158691406 -0.5239769090168612 0.8517324690400949 0 0 0 1 0 0 0 0 0 0
0.2943660616874695 -2.7985024452209473 69.4320068359375 -0.9162287813562947 0.40065548818699487 0 0 0 1 0 0 0 0 0 0
0.3332816958427429 -2.4419617652893066 69.82177734375 -0.981085722157955 -0.19357377347617039 0 0 0 1 0 0 0 0 0 0
0.16185681521892548 -2.1269211769104004 70.21153259277344 -0.6953761862416524 -0.7186459208873411 0 0 0 1 0 0 0 0 0 0
-0.1586521416902542 -1.9659523963928223 70.60130310058594 -0.16119233891964774 -0.9869230111176928 0 0 0 1 0 0 0 0 0 0
-0.5137203335762024 -2.0165772438049316 70.99105834960938 0.43058565462144943 -0.9025497183170675 0 0 0 1 0 0 0 0 0 0
-0.7764747738838196 -2.260702610015869 71.38082885742188 0.8685088373171607 -0.49567368247869886 0 0 0 1 0 0 0 0 0 0
0.16356198489665985 -2.9876351356506348 16.034503936767578 -0.6982244991189805 0.7158788646342683 0 0 0 1 0 0 0 0 0 0
0.3327304720878601 -2.6770081520080566 16.424266815185547 -0.9801668385804561 0.19817408646741408 0 0 0 1 0 0 0 0 0 0
0.29752081632614136 -2.325056552886963 16.814029693603516 -0.9214847283839839 -0.388414592098566 0 0 0 1 0 0 0 0 0 0
0.07016675919294357 -2.054098606109619 17.203792572021484 -0.5425658426534137 -0.8400132775056541 0 0 0 1 0 0 0 0 0 0
-0.27031975984573364 -1.9582924842834473 17.593555450439453 0.0249187485643099 -0.9996894797735888 0 0 0 1 0 0 0 0 0 0
-0.6056087613105774 -2.0709404945373535 17.983318328857422 0.5837322169251614 -0.8119462414000304 0 0 0 1 0 0 0 0 0 0
-0.8191822171211243 -2.352888584136963 18.37308120727539 0.9396882251255206 -0.34203222006186607 0 0 0 1 0 0 0 0 0 0
-0.8368175625801086 -2.7061562538146973 18.76284408569336 0.9690806887713646 0.24674403468051187 0 0 0 1 0 0 0 0 0 0
-0.6523845791816711 -3.0079712867736816 19.152606964111328 0.6616965922583695 0.7497717117854348 0 0 0 1 0 0 0 0 0 0
2.3935062885284424 -0.875734806060791 19.152606964111328 -0.7341789922747981 -0.6789559686035332 0 0 0 -1 0 0 0 0 0 0
2.5395023822784424 -1.1565766334533691 18.806156158447266 -0.9775110227940601 -0.21088432923313807 0 0 0 -1 0 0 0 0 0 0
2.5222790241241455 -1.472628116607666 18.459697723388672 -0.9488032802411479 0.3158675915690589 0 0 0 -1 0 0 0 0 0 0
2.3466274738311768 -1.7359375953674316 18.113239288330078 -0.6560506509185908 0.7547168630879354 0 0 0 -1 0 0 0 0 0 0
2.0614330768585205 -1.8732285499572754 17.766788482666016 -0.18072583970383505 0.9835335128318422 0 0 0 -1 0 0 0 0 0 0
1.7460604906082153 -1.8462929725646973 17.420330047607422 0.34489412617029463 0.9386415938648942 0 0 0 -1 0 0 0 0 0 0
1.4882746934890747 -1.6626267433166504 17.073871612548828 0.7745318527489073 0.6325349073982754 0 0 0 -1 0 0 0 0 0 0
1.3598185777664185 -1.3733468055725098 16.727420806884766 0.9886251847969839 0.15040027920562415 0 0 0 -1 0 0 0 0 0 0
1.3964396715164185 -1.0589509010314941 16.380962371826172 0.9275919683233314 -0.373594887949565 0 0 0 -1 0 0 0 0 0 0
1.5879451036453247 -0.8069367408752441 16.034503936767578 0.6084145843104833 -0.7936193631699656 0 0 0 -1 0 0 0 0 0 0
-0.24939043819904327 -3.1580758094787598 19.542369842529297 -0.009963107803156535 0.9999503670097344 0 0 0 1 0 0 0 0 0 0
0.09760015457868576 -3.0432991981506348 19.932132720947266 -0.5882857695096272 0.8086531106676496 0 0 0 1 0 0 0 0 0 0
0.3136226534843445 -2.7484917640686035 20.321895599365234 -0.9483230937891409 0.31730633429887933 0 0 0 1 0 0 0 0 0 0
0.3185226321220398 -2.3830437660217285 20.711658477783203 -0.9564886901827904 -0.2917694047572675 0 0 0 1 0 0 0 0 0 0
0.11048238724470139 -2.082552433013916 21.101421356201172 -0.6097511551308353 -0.7925929149422244 0 0 0 1 0 0 0 0 0 0
-0.23330767452716827 -1.9585137367248535 21.49118423461914 -0.03676723714374437 -0.9993238565514262 0 0 0 1 0 0 0 0 0 0
-0.5852821469306946 -2.0569519996643066 21.88094711303711 0.5498542779472397 -0.8352606018621492 0 0 0 1 0 0 0 0 0 0
-0.8148449063301086 -2.341341495513916 22.270709991455078 0.9324593719914385 -0.3612748532424205 0 0 0 1 0 0 0 0 0 0
-0.8368156552314758 -2.706160068511963 22.660472869873047 0.9690776643461257 0.2467559127264389 0 0 0 1 0 0 0 0 0 0
2.5470898151397705 -1.1991257667541504 22.660472869873047 -0.9901564350911978 -0.13996511725244404 0 0 0 -1 0 0 0 0 0 0
2.515610933303833 -1.4915871620178223 22.34866714477539 -0.9376905517272419 0.3474714796950403 0 0 0 -1 0 0 0 0 0 0
2.348912477493286 -1.7339386940002441 22.036853790283203 -0.6598649879006279 0.75138418784461 0 0 0 -1 0 0 0 0 0 0
2.0870563983917236 -1.8679375648498535 21.725040435791016 -0.2234416700137003 0.9747173026583085 0 0 0 -1 0 0 0 0 0 0
1.7929774522781372 -1.8613762855529785 21.41323471069336 0.2666918283907934 0.9637818574083947 0 0 0 -1 0 0 0 0 0 0
1.5373622179031372 -1.7158303260803223 21.101421356201172 0.6927198128876833 0.7212068086428837 0 0 0 -1 0 0 0 0 0 0
1.3816386461257935 -1.466280460357666 20.789615631103516 0.9522601271010128 0.3052878155668233 0 0 0 -1 0 0 0 0 0 0
1.363240361213684 -1.1727051734924316 20.477802276611328 0.982925619145908 -0.18400333482476164 0 0 0 -1 0 0 0 0 0 0
1.4865847826004028 -0.9056649208068848 20.16598892211914 0.7773438862307259 -0.6290758956912212 0 0 0 -1 0 0 0 0 0 0
1.7220278978347778 -0.729341983795166 19.854183197021484 0.3849459742975761 -0.9229391078896213 0 0 0 -1 0 0 0 0 0 0
2.012986421585083 -0.6861138343811035 19.542369842529297 -0.09999061298052753 -0.9949883804928471 0 0 0 -1 0 0 0 0 0 0
-0.6523807644844055 -3.0079751014709473 23.050235748291016 0.6616878722545786 0.7497794073667323 0 0 0 1 0 0 0 0 0 0
-0.349722683429718 -3.1506409645080566 23.439998626708984 0.1572553131814743 0.9875579813237277 0 0 0 1 0 0 0 0 0 0
-0.017721960321068764 -3.1090378761291504 23.829761505126953 -0.39607665787410506 0.9182174476055653 0 0 0 1 0 0 0 0 0 0
0.24037282168865204 -2.8960976600646973 24.219524383544922 -0.8262383769261628 0.5633206409270125 0 0 0 1 0 0 0 0 0 0
0.3442985415458679 -2.5780510902404785 24.60928726196289 -0.9994472642566954 0.033244036605192887 0 0 0 1 0 0 0 0 0 0
0.26173514127731323 -2.253798007965088 24.99905014038086 -0.8618375862792985 -0.5071843598498211 0 0 0 1 0 0 0 0 0 0
0.018357446417212486 -2.024183750152588 25.388813018798828 -0.4562159781423705 -0.8898690809819161 0 0 0 1 0 0 0 0 0 0
-0.31014710664749146 -1.9606118202209473 25.778575897216797 0.09129442672875059 -0.9958239441027056 0 0 0 1 0 0 0 0 0 0
-0.6216152310371399 -2.0828537940979004 26.168338775634766 0.6104072722483067 -0.7920877236685223 0 0 0 1 0 0 0 0 0 0
-0.8191860318183899 -2.352896213531494 26.558101654052734 0.93969248736894 -0.3420205098855549 0 0 0 1 0 0 0 0 0 0
2.516812562942505 -1.4883179664611816 26.558101654052734 -0.93969248736894 0.3420205098855549 0 0 0 -1 0 0 0 0 0 0
2.3601315021514893 -1.7238335609436035 26.239208221435547 -0.6785591853711388 0.7345457316930354 0 0 0 -1 0 0 0 0 0 0
2.1129658222198486 -1.8613877296447754 25.920307159423828 -0.26662641336281057 0.9637999562654501 0 0 0 -1 0 0 0 0 0 0
1.8302394151687622 -1.8704171180725098 25.60141372680664 0.20459042714364895 0.9788476679857695 0 0 0 -1 0 0 0 0 0 0
1.574799656867981 -1.7489075660705566 25.282512664794922 0.6303214136273623 0.7763342807855412 0 0 0 -1 0 0 0 0 0 0
1.4034167528152466 -1.523867130279541 24.963619232177734 0.9159597213321249 0.4012702193001316 0 0 0 -1 0 0 0 0 0 0
1.354188084602356 -1.245314121246338 24.644725799560547 0.9980143242410694 -0.06298736865151278 0 0 0 -1 0 0 0 0 0 0
1.4380465745925903 -0.9751648902893066 24.325824737548828 0.85824932504902 -0.5132329841825265 0 0 0 -1 0 0 0 0 0 0
1.6363612413406372 -0.7734589576721191 24.00693130493164 0.5277228204193717 -0.8494166379396061 0 0 0 -1 0 0 0 0 0 0
1.905049443244934 -0.6850266456604004 23.688030242919922 0.07990664924385028 -0.9968023512244643 0 0 0 -1 0 0 0 0 0 0
2.1843960285186768 -0.729525089263916 23.369136810302734 -0.3856651381141759 -0.9226388249165399 0 0 0 -1 0 0 0 0 0 0
2.4123127460479736 -0.8970627784729004 23.050235748291016 -0.7655282368839068 -0.6434022991359428 0 0 0 -1 0 0 0 0 0 0
-0.6523845791816711 -3.0079712867736816 43.70766830444336 0.6616965922583695 0.7497717117854348 0 0 0 1 0 0 0 0 0 0
-0.3101509213447571 -3.155600070953369 44.09743118286133 0.09130100988961082 0.9958233405545067 0 0 0 1 0 0 0 0 0 0
0.053221870213747025 -3.072664737701416 44.4871940612793 -0.5143167159205224 0.8576003239998972 0 0 0 1 0 0 0 0 0 0
0.2975150942802429 -2.791170597076416 44.876956939697266 -0.9214750039466513 0.3884376617959683 0 0 0 1 0 0 0 0 0 0
0.3284580111503601 -2.419741153717041 45.266719818115234 -0.9730462771506667 -0.2306099358727373 0 0 0 1 0 0 0 0 0 0
0.13411061465740204 -2.1017022132873535 45.6564826965332 -0.6491335840766826 -0.760674431030622 0 0 0 1 0 0 0 0 0 0
-0.2105301171541214 -1.9597840309143066 46.04624557495117 -0.07473416360626046 -0.9972034921670063 0 0 0 1 0 0 0 0 0 0
-0.5724743008613586 -2.048750400543213 46.43600845336914 0.5285095592497592 -0.8489273501199177 0 0 0 1 0 0 0 0 0 0
-0.8120525479316711 -2.3342690467834473 46.82577133178711 0.9278050944382696 -0.37306528481539764 0 0 0 1 0 0 0 0 0 0
-0.8368156552314758 -2.706160068511963 47.21553421020508 0.9690776643461257 0.2467559127264389 0 0 0 1 0 0 0 0 0 0
2.5470898151397705 -1.1991257667541504 47.21553421020508 -0.9901564350911978 -0.13996511725244404 0 0 0 -1 0 0 0 0 0 0
2.5111477375030518 -1.5032525062561035 46.89664077758789 -0.930256426388151 0.3669100450567507 0 0 0 -1 0 0 0 0 0 0
2.329800844192505 -1.7500290870666504 46.57773971557617 -0.6280142617073906 0.7782018292783186 0 0 0 -1 0 0 0 0 0 0
2.05029034614563 -1.875166416168213 46.258846282958984 -0.16215920278469115 0.9867646086844793 0 0 0 -1 0 0 0 0 0 0
1.7454310655593872 -1.8460602760314941 45.939945220947266 0.3459367202302749 0.938257846008399 0 0 0 -1 0 0 0 0 0 0
1.4946452379226685 -1.6702980995178223 45.62105178833008 0.7639120402150289 0.6453203815272786 0 0 0 -1 0 0 0 0 0 0
1.363270878791809 -1.3936676979064941 45.30215072631836 0.9828749811811052 0.1842736317768826 0 0 0 -1 0 0 0 0 0 0
1.3855258226394653 -1.0882325172424316 44.98325729370117 0.9457857208511997 -0.3247912717946347 0 0 0 -1 0 0 0 0 0 0
1.5556155443191528 -0.8335633277893066 44.66435623168945 0.6622985871561634 -0.7492400025699041 0 0 0 -1 0 0 0 0 0 0
1.8292285203933716 -0.6960129737854004 44.345462799072266 0.20627453871880508 -0.9784941566899336 0 0 0 -1 0 0 0 0 0 0
2.135087251663208 -0.7114052772521973 44.02656936645508 -0.3034930822687302 -0.9528336418362997 0 0 0 -1 0 0 0 0 0 0
2.3935062885284424 -0.875734806060791 43.70766830444336 -0.7341789922747981 -0.6789559686035332 0 0 0 -1 0 0 0 0 0 0
-3.049351453781128 1.1363043785095215 -71.27237701416016 0.9760268154889394 0.2176503054133395 0 0 0 1 0 0 0 0 0 0
-2.8464229106903076 0.8047804832458496 -70.84363555908203 0.6378141791689405 0.7701902835345633 0 0 0 1 0 0 0 0 0 0
-2.482884168624878 0.6671996116638184 -70.4148941040039 0.031914630257967 0.9994905984427754 0 0 0 1 0 0 0 0 0 0
-2.111309766769409 0.7813048362731934 -69.98615264892578 -0.5873762061812969 0.8093140258342659 0 0 0 1 0 0 0 0 0 0
-1.887642741203308 1.0992064476013184 -69.55741882324219 -0.9601509392801735 0.27948197401514197 0 0 0 1 0 0 0 0 0 0
-1.9057568311691284 1.487485408782959 -69.12867736816406 -0.9299609850212274 -0.3676582194625175 0 0 0 1 0 0 0 0 0 0
-2.1580474376678467 1.7831816673278809 -68.69993591308594 -0.5094802015744163 -0.8604823787874406 0 0 0 1 0 0 0 0 0 0
-2.5386321544647217 1.862199306488037 -68.27120208740234 0.12483008326115662 -0.9921781343655044 0 0 0 1 0 0 0 0 0 0
-2.8877837657928467 1.691373348236084 -67.84246063232422 0.7067476615093233 -0.707465718569531 0 0 0 1 0 0 0 0 0 0
-3.058964490890503 1.342393398284912 -67.4137191772461 0.9920519463357721 -0.12582899416035515 0 0 0 1 0 0 0 0 0 0
-2.9803340435028076 0.961728572845459 -66.9849853515625 0.8609971024462711 0.5086098598917692 0 0 0 1 0 0 0 0 0 0
-2.68489146232605 0.7091383934020996 -66.55624389648438 0.3685927903174052 0.9295909610823619 0 0 0 1 0 0 0 0 0 0
-2.2966315746307373 0.6906332969665527 -66.12750244140625 -0.2785080981894808 0.9604338807241645 0 0 0 1 0 0 0 0 0 0
-1.9785031080245972 0.9139761924743652 -65.69876861572266 -0.8087209222835993 0.5881925448871015 0 0 0 1 0 0 0 0 0 0
-1.8640202283859253 1.2854361534118652 -65.27002716064453 -0.9995221645647564 -0.030910233641693246 0 0 0 1 0 0 0 0 0 0
-2.001232862472534 1.6491141319274902 -64.8412857055664 -0.7708376648616067 -0.6370316274963947 0 0 0 1 0 0 0 0 0 0
-2.332552671432495 1.8523764610290527 -64.41254425048828 -0.21863722815283126 -0.9758062115326214 0 0 0 1 0 0 0 0 0 0
-2.718928098678589 1.8099188804626465 -63.98381042480469 0.42531960218185305 -0.9050432232771373 0 0 0 1 0 0 0 0 0 0
-2.9982001781463623 1.5395560264587402 -63.55506896972656 0.8907806859380845 -0.4544334599913122 0 0 0 1 0 0 0 0 0 0
-3.05316424369812 1.1547636985778809 -63.1263313293457 0.9823837111116187 0.1868749425219009 0 0 0 1 0 0 0 0 0 0
-2.8607490062713623 0.8170256614685059 -62.69758987426758 0.6616910259238478 0.7497766242100681 0 0 0 1 0 0 0 0 0 0
0.18513981997966766 2.9492621421813965 -62.69758987426758 -0.7341845748988519 -0.6789499318658131 0 0 0 -1 0 0 0 0 0 0
0.3382694125175476 2.6290335655212402 -63.08735275268555 -0.9893966286731887 -0.14523880738331768 0 0 0 -1 0 0 0 0 0 0
0.28363150358200073 2.278306484222412 -63.477115631103516 -0.8983361548376724 0.4393087216428389 0 0 0 -1 0 0 0 0 0 0
0.040351081639528275 2.0198302268981934 -63.866878509521484 -0.492867067349932 0.8701046224000178 0 0 0 -1 0 0 0 0 0 0
-0.3064277768135071 1.9440703392028809 -64.25664520263672 0.08509643481112789 0.9963727198104309 0 0 0 -1 0 0 0 0 0 0
-0.635336697101593 2.0775389671325684 -64.64640808105469 0.6332790300802724 0.7739235556956446 0 0 0 -1 0 0 0 0 0 0
-0.8312614560127258 2.3735251426696777 -65.03617095947266 0.9598199181893696 0.28061668633021797 0 0 0 -1 0 0 0 0 0 0
-0.8256328701972961 2.7284369468688965 -65.42593383789062 0.9504394529993266 -0.3109097074430785 0 0 0 -1 0 0 0 0 0 0
-0.6204193234443665 3.018064022064209 -65.8156967163086 0.6084181175764412 -0.793616654440127 0 0 0 -1 0 0 0 0 0 0
2.3719265460968018 0.8373618125915527 -65.8156967163086 -0.6982160272136922 0.7158871275151749 0 0 0 1 0 0 0 0 0 0
2.53112530708313 1.106370449066162 -65.48589324951172 -0.963548444106884 0.26753391534383614 0 0 0 1 0 0 0 0 0 0
2.5334103107452393 1.4189467430114746 -65.15609741210938 -0.9673569010070172 -0.25341788822831707 0 0 0 1 0 0 0 0 0 0
2.378159761428833 1.6902518272399902 -64.8262939453125 -0.7086086354824676 -0.7056017302414127 0 0 0 1 0 0 0 0 0 0
2.107518434524536 1.8466544151306152 -64.49649810791016 -0.2575355545146756 -0.9662688229270456 0 0 0 1 0 0 0 0 0 0
1.7949343919754028 1.845700740814209 -64.16669464111328 0.26343732388900293 -0.9646765138543596 0 0 0 1 0 0 0 0 0 0
1.5252543687820435 1.687650203704834 -63.83689880371094 0.7129002694047919 -0.7012654318320382 0 0 0 1 0 0 0 0 0 0
1.371663212776184 1.415402889251709 -63.50709915161133 0.9688836562876525 -0.2475165864718364 0 0 0 1 0 0 0 0 0 0
1.375855565071106 1.1028456687927246 -63.17729949951172 0.9618969055762512 0.2734124046981637 0 0 0 1 0 0 0 0 0 0
1.5366908311843872 0.8348135948181152 -62.84749984741211 0.6938350634680305 0.7201339491388487 0 0 0 1 0 0 0 0 0 0
1.810517430305481 0.6840567588806152 -62.5177001953125 0.23746626557191491 0.971395785823332 0 0 0 1 0 0 0 0 0 0
2.123013734817505 0.6914839744567871 -62.18790054321289 -0.2833639645189181 0.9590124418442763 0 0 0 1 0 0 0 0 0 0
2.3893635272979736 0.8550887107849121 -61.85810089111328 -0.7272806852745144 0.6863401524219843 0 0 0 1 0 0 0 0 0 0
2.537278413772583 1.130460262298584 -61.52830123901367 -0.9738037896202347 0.22738992792397283 0 0 0 1 0 0 0 0 0 0
1.389008641242981 -1.0783600807189941 -61.52830123901367 0.9399737900733004 -0.34124664683368666 0 0 0 -1 0 0 0 0 0 0
1.5760546922683716 -0.8162903785705566 -61.876304626464844 0.6282323780821514 -0.7780257573687679 0 0 0 -1 0 0 0 0 0 0
1.871644139289856 -0.6886467933654785 -62.224308013916016 0.13558983205445127 -0.9907650566322198 0 0 0 -1 0 0 0 0 0 0
2.190659761428833 -0.7321839332580566 -62.57231140136719 -0.39609964346724796 -0.918207532339568 0 0 0 -1 0 0 0 0 0 0
2.441239595413208 -0.9343667030334473 -62.920310974121094 -0.8137372616046791 -0.5812328871253916 0 0 0 -1 0 0 0 0 0 0
2.5512173175811768 -1.2369751930236816 -63.268314361572266 -0.9970396833589209 -0.07688868452212554 0 0 0 -1 0 0 0 0 0 0
2.4889347553253174 -1.5528664588928223 -63.61631774902344 -0.8932324861974137 0.44959506848005687 0 0 0 -1 0 0 0 0 0 0
2.2723171710968018 -1.7910752296447754 -63.96432113647461 -0.5322057815648881 0.8466150282559994 0 0 0 -1 0 0 0 0 0 0
1.9637500047683716 -1.883009433746338 -64.31232452392578 -0.017929204566184333 0.9998392588929601 0 0 0 -1 0 0 0 0 0 0
1.6520854234695435 -1.8021950721740723 -64.66032409667969 0.5015098674896212 0.8651519246990914 0 0 0 -1 0 0 0 0 0 0
1.4270678758621216 -1.571901798248291 -65.00833129882812 0.8765440245769921 0.4813216938580365 0 0 0 -1 0 0 0 0 0 0
1.3535014390945435 -1.2584443092346191 -65.35633087158203 0.9991546761528464 -0.04110879616214913 0 0 0 -1 0 0 0 0 0 0
1.452565312385559 -0.9520936012268066 -65.70433044433594 0.8340523141997569 -0.5516853606704006 0 0 0 -1 0 0 0 0 0 0
1.6957370042800903 -0.7410569190979004 -66.05233764648438 0.42875950739107566 -0.903418665305163 0 0 0 -1 0 0 0 0 0 0
2.012986421585083 -0.6861138343811035 -66.40033721923828 -0.09999061298052753 -0.9949883804928471 0 0 0 -1 0 0 0 0 0 0
2.312962770462036 -0.8030800819396973 -66.74834442138672 -0.5999479395887463 -0.8000390426618055 0 0 0 -1 0 0 0 0 0 0
2.5092785358428955 -1.0582795143127441 -67.09634399414062 -0.9271398408198851 -0.3747155128420466 0 0 0 -1 0 0 0 0 0 0
2.54540753364563 -1.378218173980713 -67.44434356689453 -0.9873552816706358 0.15852301964414914 0 0 0 -1 0 0 0 0 0 0
2.4109432697296143 -1.6707711219787598 -67.79235076904297 -0.7632441245970374 0.6461102121682507 0 0 0 -1 0 0 0 0 0 0
2.144608736038208 -1.851686954498291 -68.14035034179688 -0.31935972445559613 0.9476335612438205 0 0 0 -1 0 0 0 0 0 0
1.8230944871902466 -1.8688759803771973 -68.48834991455078 0.21650633311282594 0.9762812134431542 0 0 0 -1 0 0 0 0 0 0
1.5389872789382935 -1.7173867225646973 -68.83635711669922 0.6900080890129803 0.7238016559090308 0 0 0 -1 0 0 0 0 0 0
1.3740969896316528 -1.4408364295959473 -69.18435668945312 0.9648290385914846 0.26287815864128294 0 0 0 -1 0 0 0 0 0 0
1.3759089708328247 -1.118868350982666 -69.53236389160156 0.9618045705453525 -0.27373704184503367 0 0 0 -1 0 0 0 0 0 0
1.5439006090164185 -0.8441948890686035 -69.88036346435547 0.6818184032727201 -0.7315214726572544 0 0 0 -1 0 0 0 0 0 0
1.8296977281570435 -0.6959137916564941 -70.22836303710938 0.20549079926287575 -0.9786590475841442 0 0 0 -1 0 0 0 0 0 0
2.1509945392608643 -0.7167191505432129 -70.57637023925781 -0.3299945685302312 -0.9439828307445781 0 0 0 -1 0 0 0 0 0 0
2.41528058052063 -0.9006257057189941 -70.92436981201172 -0.7704769775459758 -0.6374678243422313 0 0 0 -1 0 0 0 0 0 0
2.5464413166046143 -1.1946702003479004 -71.27237701416016 -0.9890778615113481 -0.14739397500623425 0 0 0 -1 0 0 0 0 0 0
2.3588955402374268 0.8250288963317871 -12.80794620513916 -0.6765036184621784 0.7364393078914102 0 0 0 1 0 0 0 0 0 0
2.5147335529327393 1.0560660362243652 -12.504796028137207 -0.9362327753350871 0.3513804069500181 0 0 0 1 0 0 0 0 0 0
2.5493900775909424 1.3325819969177246 -12.20164966583252 -0.9939889084135267 -0.10948082001376157 0 0 0 1 0 0 0 0 0 0
2.4553844928741455 1.594926357269287 -11.898499488830566 -0.8373131662631219 -0.5467235696423062 0 0 0 1 0 0 0 0 0 0
2.252995729446411 1.7865080833435059 -11.595349311828613 -0.4999956867550822 -0.8660278940232314 0 0 0 1 0 0 0 0 0 0
1.9858943223953247 1.8659911155700684 -11.292202949523926 -0.05483058989401724 -0.9984956717041261 0 0 0 1 0 0 0 0 0 0
1.711690068244934 1.8162322044372559 -10.989052772521973 0.4021768078004863 -0.9155620215296234 0 0 0 1 0 0 0 0 0 0
1.4895449876785278 1.6479620933532715 -10.68590259552002 0.7724193703330328 -0.6351128374819084 0 0 0 1 0 0 0 0 0 0
1.3673793077468872 1.397489070892334 -10.382756233215332 0.9760241662393867 -0.21766218531639808 0 0 0 1 0 0 0 0 0 0
1.3715487718582153 1.1188368797302246 -10.079606056213379 0.9690753229690029 0.2467651077695605 0 0 0 1 0 0 0 0 0 0
2.5470898151397705 -1.1991257667541504 -10.079606056213379 -0.9901564350911978 -0.13996511725244404 0 0 0 -1 0 0 0 0 0 0
2.5207340717315674 -1.4772019386291504 -10.382756233215332 -0.9462331385471251 0.32348546723965416 0 0 0 -1 0 0 0 0 0 0
2.3713314533233643 -1.7132172584533691 -10.68590259552002 -0.697227060734035 0.71685035103582 0 0 0 -1 0 0 0 0 0 0
2.1312649250030518 -1.8560128211975098 -10.989052772521973 -0.29710951665536045 0.9548434086869 0 0 0 -1 0 0 0 0 0 0
1.8525630235671997 -1.8746438026428223 -11.292202949523926 0.167385687711899 0.9858914907580929 0 0 0 -1 0 0 0 0 0 0
1.5956279039382935 -1.7650704383850098 -11.595349311828613 0.5956090328526167 0.8032744736292636 0 0 0 -1 0 0 0 0 0 0
1.4161425828933716 -1.5510430335998535 -11.898499488830566 0.8947568057572827 0.44655375773922695 0 0 0 -1 0 0 0 0 0 0
1.3530093431472778 -1.2789483070373535 -12.20164966583252 0.9999759612036949 -0.006933759063178201 0 0 0 -1 0 0 0 0 0 0
1.419911503791809 -1.0077500343322754 -12.504796028137207 0.8884707423191328 -0.45893326316893734 0 0 0 -1 0 0 0 0 0 0
1.602345585823059 -0.7962327003479004 -12.80794620513916 0.5844081687018399 -0.8114598525833314 0 0 0 -1 0 0 0 0 0 0
-2.9848392009735107 1.564298152923584 22.270709991455078 0.868507459013595 -0.4956760975049621 0 0 0 1 0 0 0 0 0 0
-3.0519683361053467 1.1486563682556152 22.747089385986328 0.9803907774705327 0.1970632473362909 0 0 0 1 0 0 0 0 0 0
-2.829453229904175 0.7912344932556152 23.223468780517578 0.6095323564324183 0.7927611913192669 0 0 0 1 0 0 0 0 0 0
-2.4268558025360107 0.668027400970459 23.699840545654297 -0.06146740844748017 0.9981090910811055 0 0 0 1 0 0 0 0 0 0
-2.0424182415008545 0.8397002220153809 24.176219940185547 -0.702192448273637 0.7119871948198756 0 0 0 1 0 0 0 0 0 0
-1.865437388420105 1.2217230796813965 24.652599334716797 -0.9971621164726767 0.07528421794594121 0 0 0 1 0 0 0 0 0 0
-1.9830559492111206 1.6259894371032715 25.128971099853516 -0.8011293962903219 -0.5984911782136009 0 0 0 1 0 0 0 0 0 0
-2.3373610973358154 1.8534331321716309 25.605350494384766 -0.21062313140349592 -0.9775673360530135 0 0 0 1 0 0 0 0 0 0
-2.7538936138153076 1.7920660972595215 26.081729888916016 0.4836006128651773 -0.8752887793388103 0 0 0 1 0 0 0 0 0 0
-3.027550458908081 1.472104549407959 26.558101654052734 0.93969248736894 -0.3420205098855549 0 0 0 1 0 0 0 0 0 0
0.30844610929489136 2.336678981781006 26.558101654052734 -0.9396924905731759 0.3420205010819986 0 0 0 -1 0 0 0 0 0 0
0.09579580277204514 2.0553908348083496 26.168338775634766 -0.5852746509497021 0.8108351145305094 0 0 0 -1 0 0 0 0 0 0
-0.2381485253572464 1.9421401023864746 25.778575897216797 -0.02870006598364826 0.9995880682623889 0 0 0 -1 0 0 0 0 0 0
-0.5780399441719055 2.0360426902770996 25.388813018798828 0.5377833840504364 0.8430830515668436 0 0 0 -1 0 0 0 0 0 0
-0.8064811825752258 2.304666042327881 24.99905014038086 0.918516820215058 0.3953819052283735 0 0 0 -1 0 0 0 0 0 0
-0.8445690274238586 2.655229091644287 24.60928726196289 0.9819973628611826 -0.18889462494651063 0 0 0 -1 0 0 0 0 0 0
-0.6791465878486633 2.966641902923584 24.219524383544922 0.7062956946504995 -0.7079169384314579 0 0 0 -1 0 0 0 0 0 0
-0.36735230684280396 3.1313490867614746 23.829761505126953 0.18663931312598783 -0.9824285046739327 0 0 0 -1 0 0 0 0 0 0
-0.01687891222536564 3.0924582481384277 23.439998626708984 -0.3974837064901575 -0.9176092322306082 0 0 0 -1 0 0 0 0 0 0
0.2512199282646179 2.863400936126709 23.050235748291016 -0.8443178133266132 -0.5358427288854128 0 0 0 -1 0 0 0 0 0 0
0.3443424105644226 2.523293972015381 22.660472869873047 -0.9995193824244887 0.031000067060715678 0 0 0 -1 0 0 0 0 0 0
0.2303249090909958 2.1896109580993652 22.270709991455078 -0.8094879248913053 0.5871365253969204 0 0 0 -1 0 0 0 0 0 0
1.3673793077468872 1.1363043785095215 -71.27237701416016 0.976026549739675 0.21765149713077014 0 0 0 1 0 0 0 0 0 0
1.5282756090164185 0.8430876731872559 -70.91045379638672 0.7078693169739325 0.7063434222011685 0 0 0 1 0 0 0 0 0 0
1.8211451768875122 0.6815581321716309 -70.54853057861328 0.21974739353632095 0.9755568066668355 0 0 0 1 0 0 0 0 0 0
2.154984712600708 0.7019133567810059 -70.18660736083984 -0.33664555380248107 0.9416314412258232 0 0 0 1 0 0 0 0 0 0
2.426060914993286 0.8978285789489746 -69.8246841430664 -0.7884421243486087 0.6151089468969323 0 0 0 1 0 0 0 0 0 0
2.550137758255005 1.208421230316162 -69.46276092529297 -0.9952399260974713 0.09745506401157372 0 0 0 1 0 0 0 0 0 0
2.488663911819458 1.5371832847595215 -69.10083770751953 -0.8927853747755518 -0.4504822688928805 0 0 0 1 0 0 0 0 0 0
2.26073956489563 1.7819571495056152 -68.7389144897461 -0.5129092661236396 -0.8584428255419865 0 0 0 1 0 0 0 0 0 0
1.9371882677078247 1.866685390472412 -68.37699127197266 0.026343858491838398 -0.9996529403346753 0 0 0 1 0 0 0 0 0 0
1.618550419807434 1.7650351524353027 -68.01506805419922 0.5574081150004285 -0.8302386363761138 0 0 0 1 0 0 0 0 0 0
1.4038325548171997 1.5085959434509277 -67.65314483642578 0.9152731715124233 -0.4028337392890403 0 0 0 1 0 0 0 0 0 0
1.3597575426101685 1.1770529747009277 -67.29122161865234 0.9887259257723285 0.14973658105370208 0 0 0 1 0 0 0 0 0 0
1.5000239610671997 0.8734259605407715 -66.9292984008789 0.7549515493222118 0.6557805716670722 0 0 0 1 0 0 0 0 0 0
1.7810412645339966 0.6920599937438965 -66.5673828125 0.28658300635265566 0.9580554161789774 0 0 0 1 0 0 0 0 0 0
2.1154911518096924 0.6893172264099121 -66.20545959472656 -0.27083200294760534 0.9626266286465321 0 0 0 1 0 0 0 0 0 0
-0.3423164486885071 3.1355605125427246 -66.20545959472656 0.14491384633696805 -0.9894442769250958 0 0 0 -1 0 0 0 0 0 0
0.010211160406470299 3.0799155235290527 -66.59522247314453 -0.44263015399837213 -0.8967042694062394 0 0 0 -1 0 0 0 0 0 0
0.26877325773239136 2.833909511566162 -66.9849853515625 -0.8735699930814568 -0.4866985383044247 0 0 0 -1 0 0 0 0 0 0
0.3418876528739929 2.484586238861084 -67.37474822998047 -0.9954281577427545 0.09551325967040383 0 0 0 -1 0 0 0 0 0 0
0.2036830633878708 2.1555380821228027 -67.76451110839844 -0.7650903887368223 0.6439228968304652 0 0 0 -1 0 0 0 0 0 0
-0.09693986922502518 1.9631857872009277 -68.1542739868164 -0.2640490961763577 0.9645092403955748 0 0 0 -1 0 0 0 0 0 0
-0.4536159634590149 1.9755911827087402 -68.54403686523438 0.3304098961499341 0.943837539265201 0 0 0 -1 0 0 0 0 0 0
-0.7401512265205383 2.1883597373962402 -68.93379974365234 0.8079693055775614 0.5892245762394106 0 0 0 -1 0 0 0 0 0 0
-0.8551643490791321 2.526212215423584 -69.32356262207031 0.9996585353835128 0.026130683781524954 0 0 0 -1 0 0 0 0 0 0
-0.7579620480537415 2.8696112632751465 -69.71332550048828 0.8376550117641287 -0.5461996716096025 0 0 0 -1 0 0 0 0 0 0
-0.48293572664260864 3.097062587738037 -70.10308837890625 0.37927845586573106 -0.9252825800349354 0 0 0 -1 0 0 0 0 0 0
-0.12739451229572296 3.1280875205993652 -70.49285125732422 -0.21329198948812986 -0.976988499021455 0 0 0 -1 0 0 0 0 0 0
0.18286816775798798 2.951707363128662 -70.88261413574219 -0.730397512970316 -0.68302230786906 0 0 0 -1 0 0 0 0 0 0
0.33807677030563354 2.6303305625915527 -71.27237701416016 -0.9890779840022724 -0.14739315303636236 0 0 0 -1 0 0 0 0 0 0
2.3935062885284424 -0.875734806060791 -54.5125732421875 -0.7341789922747981 -0.6789559686035332 0 0 0 -1 0 0 0 0 0 0
2.5350353717803955 -1.1374001502990723 -54.843868255615234 -0.9700665546667105 -0.24283920506594053 0 0 0 -1 0 0 0 0 0 0
2.533482789993286 -1.4348816871643066 -55.175167083740234 -0.9674774849747813 0.2529571427472883 0 0 0 -1 0 0 0 0 0 0
2.3892300128936768 -1.695051670074463 -55.506465911865234 -0.7270629348952501 0.6865708184167933 0 0 0 -1 0 0 0 0 0 0
2.1377384662628174 -1.853956699371338 -55.837764739990234 -0.3079018356723385 0.9514181307866717 0 0 0 -1 0 0 0 0 0 0
1.8408328294754028 -1.872530460357666 -56.169063568115234 0.18693114129135807 0.9823730189777762 0 0 0 -1 0 0 0 0 0 0
1.5714999437332153 -1.7462067604064941 -56.500362396240234 0.6358205071740766 0.7718369534149683 0 0 0 -1 0 0 0 0 0 0
1.3959475755691528 -1.5060410499572754 -56.831661224365234 0.928409358128846 0.3715589640134986 0 0 0 -1 0 0 0 0 0 0
1.3573352098464966 -1.2110695838928223 -57.162960052490234 0.9927663589335104 -0.12006230286772178 0 0 0 -1 0 0 0 0 0 0
1.465149998664856 -0.933809757232666 -57.49425506591797 0.8130726579565213 -0.5821622221370238 0 0 0 -1 0 0 0 0 0 0
1.6928950548171997 -0.7424149513244629 -57.82555389404297 0.43349579233486446 -0.9011555903549442 0 0 0 -1 0 0 0 0 0 0
1.9845744371414185 -0.6839394569396973 -58.15685272216797 -0.05263185434845249 -0.9986139834329597 0 0 0 -1 0 0 0 0 0 0
2.2684948444366455 -0.7727532386779785 -58.48815155029297 -0.525833462094737 -0.8505875440784816 0 0 0 -1 0 0 0 0 0 0
2.4748547077178955 -0.9870285987854004 -58.81945037841797 -0.8697649195276902 -0.49346629546402737 0 0 0 -1 0 0 0 0 0 0
2.5529263019561768 -1.2740883827209473 -59.15074920654297 -0.9998869773829414 -0.015034375943324562 0 0 0 -1 0 0 0 0 0 0
2.4835216999053955 -1.5633645057678223 -59.48204803466797 -0.8842070233571429 0.4670952149678916 0 0 0 -1 0 0 0 0 0 0
2.283696413040161 -1.7837433815002441 -59.81334686279297 -0.5511661898289892 0.834395488476175 0 0 0 -1 0 0 0 0 0 0
2.0025761127471924 -1.881056308746338 -60.14464569091797 -0.08263355444993115 0.996579999638248 0 0 0 -1 0 0 0 0 0 0
1.7092677354812622 -1.831373691558838 -60.47594451904297 0.4062102941988401 0.9137796216193989 0 0 0 -1 0 0 0 0 0 0
1.4758731126785278 -1.646914005279541 -60.8072395324707 0.7952032142619326 0.6063430118567305 0 0 0 -1 0 0 0 0 0 0
1.3597689867019653 -1.373018741607666 -61.1385383605957 0.9887088056925111 0.1498495830694504 0 0 0 -1 0 0 0 0 0 0
2.529752016067505 1.4322714805603027 -61.1385383605957 -0.961262283565907 -0.275635306507816 0 0 0 1 0 0 0 0 0 0
2.3670170307159424 1.701158046722412 -60.80445861816406 -0.6900366546676653 -0.7237744228798482 0 0 0 1 0 0 0 0 0 0
2.090672731399536 1.8508849143981934 -60.470375061035156 -0.22946455550529812 -0.9733170181224388 0 0 0 1 0 0 0 0 0 0
1.776551365852356 1.8403639793395996 -60.13629150390625 0.29406850372953286 -0.955784345505969 0 0 0 1 0 0 0 0 0 0
1.5108462572097778 1.672482967376709 -59.802207946777344 0.7369119160280391 -0.675988778025112 0 0 0 1 0 0 0 0 0 0
1.3664637804031372 1.3933119773864746 -59.4681282043457 0.9775518198822362 -0.21069513389000682 0 0 0 1 0 0 0 0 0 0
1.3830233812332153 1.0794501304626465 -59.1340446472168 0.9499501510530962 0.31240152130583465 0 0 0 1 0 0 0 0 0 0
1.5559817552566528 0.8170256614685059 -58.79996109008789 0.6616910259238478 0.7497766242100681 0 0 0 1 0 0 0 0 0 0
0.2039462774991989 2.927934169769287 -58.79996109008789 -0.7655259100525563 -0.6434050676193074 0 0 0 -1 0 0 0 0 0 0
0.34238356351852417 2.593759059906006 -59.18972396850586 -0.9962563594811742 -0.0864480548845234 0 0 0 -1 0 0 0 0 0 0
0.2635738253593445 2.240731716156006 -59.57948684692383 -0.8649047597871007 0.501936008369212 0 0 0 -1 0 0 0 0 0 0
-0.0038440919015556574 1.997159481048584 -59.9692497253418 -0.41920866599410334 0.9078899131257293 0 0 0 -1 0 0 0 0 0 0
-0.3626773953437805 1.951566219329834 -60.359012603759766 0.17884742576582296 0.9838768206929862 0 0 0 -1 0 0 0 0 0 0
-0.6825092434883118 2.120522975921631 -60.748775482177734 0.7118980578212581 0.7022828171543999 0 0 0 -1 0 0 0 0 0 0
-0.8471000790596008 2.442624568939209 -61.1385383605957 0.9862188559837186 0.16544596731913827 0 0 0 -1 0 0 0 0 0 0
-0.7966316342353821 2.8008055686950684 -61.52830123901367 0.9021029853587573 -0.43152080344615806 0 0 0 -1 0 0 0 0 0 0
-0.5494449734687805 3.0648856163024902 -61.91806411743164 0.49012380142850026 -0.8716528318506607 0 0 0 -1 0 0 0 0 0 0
-0.1953781396150589 3.1388869285583496 -62.30782699584961 -0.09998471208562766 -0.9949889734811909 0 0 0 -1 0 0 0 0 0 0
-2.4577548503875732 0.6669211387634277 -62.30782699584961 -0.00996864911101473 0.9999503117829912 0 0 0 1 0 0 0 0 0 0
-2.0321338176727295 0.850095272064209 -61.806705474853516 -0.7193324405484217 0.6946659916640884 0 0 0 1 0 0 0 0 0 0
-1.863921046257019 1.281846523284912 -61.305580139160156 -0.9996894725890049 -0.024919036793527343 0 0 0 1 0 0 0 0 0 0
-2.053440809249878 1.7046828269958496 -60.80445861816406 -0.6838220653118019 -0.7296488079841573 0 0 0 1 0 0 0 0 0 0
-2.4876620769500732 1.8664145469665527 -60.3033332824707 0.03988044026142944 -0.9992044587993762 0 0 0 1 0 0 0 0 0 0
-2.9076125621795654 1.670590877532959 -59.802207946777344 0.7397958762415633 -0.6728313767178057 0 0 0 1 0 0 0 0 0 0
-3.0628325939178467 1.2339987754821777 -59.30108642578125 0.9984962858982384 0.05481940393166799 0 0 0 1 0 0 0 0 0 0
-2.8607451915740967 0.8170256614685059 -58.79996109008789 0.6616847185501903 0.7497821905307938 0 0 0 1 0 0 0 0 0 0
-2.004418134689331 -0.8970627784729004 -58.79996109008789 -0.7655259145883191 -0.6434050622226387 0 0 0 -1 0 0 0 0 0 0
-1.8643940687179565 -1.311251163482666 -59.27324676513672 -0.9988991439411333 0.0469094898039945 0 0 0 -1 0 0 0 0 0 0
-2.042614698410034 -1.710493564605713 -59.74652862548828 -0.7018619212541656 0.7123130235320785 0 0 0 -1 0 0 0 0 0 0
-2.4444472789764404 -1.882795810699463 -60.21981430053711 -0.032144398696893686 0.9994832352933265 0 0 0 -1 0 0 0 0 0 0
-2.856520414352417 -1.7366700172424316 -60.69309616088867 0.6546451590716585 0.7559363172278751 0 0 0 -1 0 0 0 0 0 0
-3.0600268840789795 -1.3497071266174316 -61.166378021240234 0.9938207708564111 0.11099673605277241 0 0 0 -1 0 0 0 0 0 0
-2.9469077587127686 -0.9273781776428223 -61.63966369628906 0.8052887100571695 -0.5928828665549883 0 0 0 -1 0 0 0 0 0 0
-2.5772273540496826 -0.6939377784729004 -62.112945556640625 0.18915282909310566 -0.9819476601357499 0 0 0 -1 0 0 0 0 0 0
-2.1472842693328857 -0.7733445167541504 -62.58623123168945 -0.5274187186965689 -0.849605493843154 0 0 0 -1 0 0 0 0 0 0
-1.8853729963302612 -1.123426914215088 -63.059513092041016 -0.9639366346126487 -0.26613185538683815 0 0 0 -1 0 0 0 0 0 0
-1.9305657148361206 -1.558302402496338 -63.532798767089844 -0.8886123228419092 0.4586590669478872 0 0 0 -1 0 0 0 0 0 0
-2.2588679790496826 -1.847048282623291 -64.0060806274414 -0.3414453128456938 0.9399016429051001 0 0 0 -1 0 0 0 0 0 0
-2.6959521770477295 -1.836348056793213 -64.47936248779297 0.3870287580185731 0.9220676441924424 0 0 0 -1 0 0 0 0 0 0
-3.009730100631714 -1.5318818092346191 -64.95264434814453 0.9099924357314186 0.4146248508128766 0 0 0 -1 0 0 0 0 0 0
-3.0335891246795654 -1.0953164100646973 -65.42593383789062 0.9497582170547402 -0.3129845509557953 0 0 0 -1 0 0 0 0 0 0
0.3327304720878601 -2.6770081520080566 -65.42593383789062 -0.9801668385804561 0.19817408646741408 0 0 0 1 0 0 0 0 0 0
0.29547613859176636 -2.320265293121338 -65.03617095947266 -0.9180761853327155 -0.3964039832354481 0 0 0 1 0 0 0 0 0 0
0.06136434152722359 -2.0485177040100098 -64.64640808105469 -0.5278885098670743 -0.8493136765355426 0 0 0 1 0 0 0 0 0 0
-0.2859390377998352 -1.9588875770568848 -64.25664520263672 0.050948765453790616 -0.9987012682973496 0 0 0 1 0 0 0 0 0 0
-0.6223190426826477 -2.0833992958068848 -63.866878509521484 0.6115851180480824 -0.7911786418894996 0 0 0 1 0 0 0 0 0 0
-0.8275592923164368 -2.3775582313537598 -63.477115631103516 0.9536513154246007 -0.30091388899306204 0 0 0 1 0 0 0 0 0 0
-0.8283165097236633 -2.736238956451416 -63.08735275268555 0.9549129842735395 0.2968858239556119 0 0 0 1 0 0 0 0 0 0
-0.624319851398468 -3.031263828277588 -62.69758987426758 0.6149141824658004 0.7885940325683528 0 0 0 1 0 0 0 0 0 0
-0.2884681820869446 -3.1571946144104004 -62.30782699584961 0.0551611844157076 0.9984774628071764 0 0 0 1 0 0 0 0 0 0
0.05920903757214546 -3.0690293312072754 -61.91806411743164 -0.524293964222235 0.8515373386294542 0 0 0 1 0 0 0 0 0 0
0.29446715116500854 -2.7982735633850098 -61.52830123901367 -0.9163957516274112 0.4002734395375647 0 0 0 1 0 0 0 0 0 0
0.33322829008102417 -2.4416909217834473 -61.1385383605957 -0.9809972366328523 -0.19402170424647766 0 0 0 1 0 0 0 0 0 0
0.16164128482341766 -2.126711368560791 -60.748775482177734 -0.6950197655364146 -0.718990629642492 0 0 0 1 0 0 0 0 0 0
-0.15897448360919952 -1.9659028053283691 -60.359012603759766 -0.16066073209659013 -0.987009690510781 0 0 0 1 0 0 0 0 0 0
-0.5140388607978821 -2.0167298316955566 -59.9692497253418 0.4311156316658974 -0.9022966874223326 0 0 0 1 0 0 0 0 0 0
-0.7766616940498352 -2.261030673980713 -59.57948684692383 0.8688211438404781 -0.49512606477110815 0 0 0 1 0 0 0 0 0 0
-0.8529899716377258 -2.6114983558654785 -59.18972396850586 0.9960331163769081 0.08898331911377867 0 0 0 1 0 0 0 0 0 0
-0.7157447934150696 -2.942884922027588 -58.79996109008789 0.7672934687219997 0.6412961350706565 0 0 0 1 0 0 0 0 0 0
-0.4139755368232727 -3.136763095855713 -58.41019821166992 0.26434329796917433 0.9644286499367282 0 0 0 1 0 0 0 0 0 0
-0.05552561208605766 -3.1238465309143066 -58.02043533325195 -0.3330727652549827 0.9429011258055636 0 0 0 1 0 0 0 0 0 0
0.23150746524333954 -2.9087510108947754 -57.630672454833984 -0.8114598488412674 0.5844081738977539 0 0 0 1 0 0 0 0 0 0
0.3445426821708679 -2.5683465003967285 -57.240909576416016 -0.9998543796178061 0.017065156286778523 0 0 0 1 0 0 0 0 0 0
0.2431880682706833 -2.2242798805236816 -56.85114669799805 -0.8309318117960101 -0.5563742662501565 0 0 0 1 0 0 0 0 0 0
-0.03633768483996391 -1.999514102935791 -56.46138381958008 -0.3650545520191123 -0.9309861298913777 0 0 0 1 0 0 0 0 0 0
-0.3941391110420227 -1.9743752479553223 -56.07162094116211 0.23128377668750322 -0.9728863318194809 0 0 0 1 0 0 0 0 0 0
-0.7023494839668274 -2.1578431129455566 -55.68185806274414 0.7449610158670678 -0.6671080008801468 0 0 0 1 0 0 0 0 0 0
-0.8508194088935852 -2.484358310699463 -55.29209899902344 0.9924175743846113 -0.12291199311932233 0 0 0 1 0 0 0 0 0 0
-0.7864940762519836 -2.8372254371643066 -54.90233612060547 0.8852047528540342 0.4652016181448945 0 0 0 1 0 0 0 0 0 0
-0.5323589444160461 -3.090345859527588 -54.5125732421875 0.46164627501334005 0.8870640995814831 0 0 0 1 0 0 0 0 0 0
-0.1792362481355667 -3.1532578468322754 -54.12281036376953 -0.12688849738410735 0.9919169870667621 0 0 0 1 0 0 0 0 0 0
0.1466781347990036 -3.003481388092041 -53.73304748535156 -0.670076636781604 0.7422919242720174 0 0 0 1 0 0 0 0 0 0
0.3289138674736023 -2.694540500640869 -53.343284606933594 -0.9738040811338236 0.2273886795051801 0 0 0 1 0 0 0 0 0 0
-3.0277202129364014 -1.0783600807189941 -53.343284606933594 0.9399737900733004 -0.34124664683368666 0 0 0 -1 0 0 0 0 0 0
-2.785900831222534 -0.7769379615783691 -53.765525817871094 0.5369459110600318 -0.8436166715967108 0 0 0 -1 0 0 0 0 0 0
-2.410443067550659 -0.6854767799377441 -54.18777084350586 -0.08882042941248222 -0.9960476551445632 0 0 0 -1 0 0 0 0 0 0
-2.057091474533081 -0.8419251441955566 -54.61001205444336 -0.6777365688797516 -0.7353047961240984 0 0 0 -1 0 0 0 0 0 0
-1.8724201917648315 -1.181379795074463 -55.032257080078125 -0.9855232613620205 -0.16954026458150434 0 0 0 -1 0 0 0 0 0 0
-1.9330357313156128 -1.563032627105713 -55.454498291015625 -0.8845008852664454 0.46653851283990966 0 0 0 -1 0 0 0 0 0 0
-2.213791608810425 -1.8285698890686035 -55.876739501953125 -0.41656817094262244 0.9091044818707681 0 0 0 -1 0 0 0 0 0 0
-2.5982272624969482 -1.8678383827209473 -56.29898452758789 0.22415270123571515 0.9745540346890634 0 0 0 -1 0 0 0 0 0 0
-2.926874876022339 -1.664553165435791 -56.72122573852539 0.7719027061959637 0.6357406799689225 0 0 0 -1 0 0 0 0 0 0
-3.0634028911590576 -1.3030381202697754 -57.143470764160156 0.9994480095395368 0.03322162289018874 0 0 0 -1 0 0 0 0 0 0
-2.9511802196502686 -0.9332566261291504 -57.565711975097656 0.8124084983694264 -0.5830886997508471 0 0 0 -1 0 0 0 0 0 0
-2.6367595195770264 -0.7085976600646973 -57.98795700073242 0.2883760269332011 -0.9575172411451511 0 0 0 -1 0 0 0 0 0 0
-2.250563383102417 -0.7222504615783691 -58.41019821166992 -0.35528325052826726 -0.9347586917991555 0 0 0 -1 0 0 0 0 0 0
-2.5972506999969482 0.6819357872009277 -58.41019821166992 0.22252395500626454 0.9749272226419622 0 0 0 1 0 0 0 0 0 0
-2.213787794113159 0.721433162689209 -57.98795700073242 -0.416577056263388 0.9091004104030148 0 0 0 1 0 0 0 0 0 0
-1.933501124382019 0.9860854148864746 -57.565711975097656 -0.8837187833477614 0.4680182816497153 0 0 0 1 0 0 0 0 0 0
-1.8720864057540894 1.366654872894287 -57.143470764160156 -0.9860811823320278 -0.16626455380107324 0 0 0 1 0 0 0 0 0 0
-2.054896116256714 1.706040859222412 -56.72122573852539 -0.6813972853360888 -0.7319137514329189 0 0 0 1 0 0 0 0 0 0
-2.4064700603485107 1.864152431488037 -56.29898452758789 -0.09544046590879744 -0.9954351397590462 0 0 0 1 0 0 0 0 0 0
-2.781681776046753 1.775723934173584 -55.876739501953125 0.5299122051412318 -0.8480525071258012 0 0 0 1 0 0 0 0 0 0
-3.025648832321167 1.4772543907165527 -55.454498291015625 0.936523840984764 -0.35060390081564236 0 0 0 1 0 0 0 0 0 0
-3.037663221359253 1.0919508934020996 -55.032257080078125 0.9565502801364572 0.2915674219985234 0 0 0 1 0 0 0 0 0 0
-2.812767744064331 0.7788596153259277 -54.61001205444336 0.5817167479670248 0.8133914341414402 0 0 0 1 0 0 0 0 0 0
-2.4437968730926514 0.6672224998474121 -54.18777084350586 -0.03322704026628158 0.9994478294514142 0 0 0 1 0 0 0 0 0 0
-2.083054304122925 0.8031249046325684 -53.765525817871094 -0.6344690176836285 0.7729482942600826 0 0 0 1 0 0 0 0 0 0
-1.8794525861740112 1.130460262298584 -53.343284606933594 -0.9738037714912097 0.22739000556202066 0 0 0 1 0 0 0 0 0 0
-0.8193557858467102 2.7466368675231934 -53.343284606933594 0.9399780421141116 -0.34123493423640144 0 0 0 -1 0 0 0 0 0 0
-0.6026485562324524 3.031175136566162 -53.73304748535156 0.578797190759311 -0.8154715273810176 0 0 0 -1 0 0 0 0 0 0
-0.26253968477249146 3.1418509483337402 -54.12281036376953 0.011948924168239406 -0.9999286090572777 0 0 0 -1 0 0 0 0 0 0
0.08011739701032639 3.039334774017334 -54.5125732421875 -0.5591456139400143 -0.8290694677839998 0 0 0 -1 0 0 0 0 0 0
0.30356138944625854 2.760056972503662 -54.90233612060547 -0.9315516711275943 -0.3636089713131216 0 0 0 -1 0 0 0 0 0 0
0.3283931612968445 2.403256893157959 -55.29209899902344 -0.972939799715557 0.23105875038494408 0 0 0 -1 0 0 0 0 0 0
0.14578931033611298 2.095719814300537 -55.68185806274414 -0.6686007728339417 0.7436215479434789 0 0 0 -1 0 0 0 0 0 0
-0.17936404049396515 1.9467253684997559 -56.07162094116211 -0.12667592829568522 0.9919441562862429 0 0 0 -1 0 0 0 0 0 0
-0.5315254330635071 2.0092215538024902 -56.46138381958008 0.4602613256832267 0.8877834826579726 0 0 0 -1 0 0 0 0 0 0
-0.7855575680732727 2.2609992027282715 -56.85114669799805 0.8836471903829756 0.4681534395134498 0 0 0 -1 0 0 0 0 0 0
-0.8511894345283508 2.612588405609131 -57.240909576416016 0.9930338566288424 -0.11782936641112783 0 0 0 -1 0 0 0 0 0 0
-0.7051036953926086 2.9390578269958496 -57.630672454833984 0.7495558754450721 -0.6619410771252767 0 0 0 -1 0 0 0 0 0 0
-0.3992069363594055 3.124398708343506 -58.02043533325195 0.2397310109677192 -0.9708393494190454 0 0 0 -1 0 0 0 0 0 0
-0.042198967188596725 3.1027464866638184 -58.41019821166992 -0.35528326010198436 -0.9347586881603753 0 0 0 -1 0 0 0 0 0 0
1.819478154182434 0.6819357872009277 -58.41019821166992 0.22252928701675664 0.9749260056126383 0 0 0 1 0 0 0 0 0 0
2.1058743000030518 0.6866965293884277 -58.08539581298828 -0.25479979407641146 0.9669938288006901 0 0 0 1 0 0 0 0 0 0
2.357426881790161 0.8236823081970215 -57.76059341430664 -0.6740554448410875 0.7386807546430892 0 0 0 1 0 0 0 0 0 0
2.5168087482452393 1.0616774559020996 -57.435791015625 -0.939691174892955 0.3420241158577823 0 0 0 1 0 0 0 0 0 0
2.5477001667022705 1.3464407920837402 -57.11098861694336 -0.9911720574961456 -0.13258187070205849 0 0 0 1 0 0 0 0 0 0
2.4430553913116455 1.6130728721618652 -56.78618621826172 -0.8167713027569408 -0.5769615576385742 0 0 0 1 0 0 0 0 0 0
2.2267239093780518 1.8008131980895996 -56.46138381958008 -0.4562159651279366 -0.8898690876541252 0 0 0 1 0 0 0 0 0 0
1.9480143785476685 1.8668723106384277 -56.13658142089844 0.008302565968380027 -0.9999655331051868 0 0 0 1 0 0 0 0 0 0
1.6704341173171997 1.7961935997009277 -55.8117790222168 0.4709341063690207 -0.8821683895143897 0 0 0 1 0 0 0 0 0 0
1.4572535753250122 1.6048903465270996 -55.48698043823242 0.8262349385230338 -0.5633256840974309 0 0 0 1 0 0 0 0 0 0
1.3570529222488403 1.3365530967712402 -55.16217803955078 0.9932373297328175 -0.11610170896770662 0 0 0 1 0 0 0 0 0 0
1.3926669359207153 1.0523428916931152 -54.83737564086914 0.9338815452615634 0.35758252113305883 0 0 0 1 0 0 0 0 0 0
1.5559817552566528 0.8170256614685059 -54.5125732421875 0.6616847185501903 0.7497821905307938 0 0 0 1 0 0 0 0 0 0
-1.8869770765304565 1.4322714805603027 -52.953521728515625 -0.9612626831336312 -0.2756339130345392 0 0 0 1 0 0 0 0 0 0
-2.1512343883514404 1.7790884971618652 -52.452396392822266 -0.5208331200924627 -0.8536585154584648 0 0 0 1 0 0 0 0 0 0
-2.58052134513855 1.8554167747497559 -51.951271057128906 0.1946454827409104 -0.9808736595752574 0 0 0 1 0 0 0 0 0 0
-2.948134183883667 1.6209502220153809 -51.45014953613281 0.8073374654996339 -0.5900900073722882 0 0 0 1 0 0 0 0 0 0
-3.05993914604187 1.199510097503662 -50.94902420043945 0.993673301330642 0.11230926151775224 0 0 0 1 0 0 0 0 0 0
-2.8568942546844482 0.8136534690856934 -50.44790267944336 0.6552672766724199 0.7553971115395599 0 0 0 1 0 0 0 0 0 0
-2.4462249279022217 0.6671500205993652 -49.94677734375 -0.02918243413471264 0.9995741020744652 0 0 0 1 0 0 0 0 0 0
-2.04480242729187 0.8373618125915527 -49.445655822753906 -0.6982189022252391 0.7158843234597206 0 0 0 1 0 0 0 0 0 0
-2.8287856578826904 -0.8069367408752441 -49.445655822753906 0.6084216508062205 -0.7936139457130486 0 0 0 -1 0 0 0 0 0 0
-2.4091594219207764 -0.6855950355529785 -49.94677734375 -0.09095859408093895 -0.9958546752226546 0 0 0 -1 0 0 0 0 0 0
-2.0184619426727295 -0.8809494972229004 -50.44790267944336 -0.742121725591997 -0.6702651299331902 0 0 0 -1 0 0 0 0 0 0
-1.863768458366394 -1.2894577980041504 -50.94902420043945 -0.9999439096155465 0.010591393807034383 0 0 0 -1 0 0 0 0 0 0
-2.027071714401245 -1.6945977210998535 -51.45014953613281 -0.7277736255206337 0.685817431971915 0 0 0 -1 0 0 0 0 0 0
-2.42181658744812 -1.8816399574279785 -51.951271057128906 -0.06986519063825276 0.9975564420808883 0 0 0 -1 0 0 0 0 0 0
-2.838780164718628 -1.7514443397521973 -52.452396392822266 0.625076031578801 0.7805638697414182 0 0 0 -1 0 0 0 0 0 0
-3.056959867477417 -1.373018741607666 -52.953521728515625 0.9887086797234701 0.14985041421188308 0 0 0 -1 0 0 0 0 0 0
0.32138746976852417 -2.3927292823791504 -52.953521728515625 -0.9612652584615898 -0.27562493151885437 0 0 0 1 0 0 0 0 0 0
0.1325923651456833 -2.1004128456115723 -52.563758850097656 -0.6466023629334954 -0.7628272309303202 0 0 0 1 0 0 0 0 0 0
-0.18669970333576202 -1.962049961090088 -52.17399597167969 -0.11445248532413985 -0.9934287234639068 0 0 0 1 0 0 0 0 0 0
-0.5290916562080383 -2.0241799354553223 -51.78423309326172 0.4562025257262804 -0.8898759776064091 0 0 0 1 0 0 0 0 0 0
-0.7794120907783508 -2.2659096717834473 -51.39447021484375 0.8734060455554539 -0.4869926894596923 0 0 0 1 0 0 0 0 0 0
-0.8534610867500305 -2.6059212684631348 -51.00470733642578 0.996819415459837 0.07969349385181267 0 0 0 1 0 0 0 0 0 0
-0.7263324856758118 -2.9298501014709473 -50.61494445800781 0.7849371858041648 0.619575350011472 0 0 0 1 0 0 0 0 0 0
-0.440787136554718 -3.128736972808838 -50.225181579589844 0.3090307659428992 0.951052041531243 0 0 0 1 0 0 0 0 0 0
-0.09287340193986893 -3.135683536529541 -49.835418701171875 -0.2708268248807366 0.9626280854644844 0 0 0 1 0 0 0 0 0 0
1.866047978401184 -0.6894402503967285 -49.835418701171875 0.14491384633696805 -0.9894442769250958 0 0 0 -1 0 0 0 0 0 0
2.1625568866729736 -0.7208924293518066 -50.165218353271484 -0.3492685860281371 -0.9370226543760327 0 0 0 -1 0 0 0 0 0 0
2.4073078632354736 -0.8911919593811035 -50.49501419067383 -0.7571904592772973 -0.6531941582557484 0 0 0 -1 0 0 0 0 0 0
2.5398647785186768 -1.158277988433838 -50.82481384277344 -0.9781185124045995 -0.20804849360525005 0 0 0 -1 0 0 0 0 0 0
2.5274899005889893 -1.456190586090088 -51.15461349487305 -0.9574890371560897 0.28846965824139 0 0 0 -1 0 0 0 0 0 0
2.373234987258911 -1.7113595008850098 -51.484413146972656 -0.7003995603646005 0.7137509760701378 0 0 0 -1 0 0 0 0 0 0
2.1151974201202393 -1.8607659339904785 -51.814212799072266 -0.27033940872778356 0.9627650825038849 0 0 0 -1 0 0 0 0 0 0
1.8171015977859497 -1.8675141334533691 -52.144012451171875 0.22649146398438977 0.974013150189569 0 0 0 -1 0 0 0 0 0 0
1.5525676012039185 -1.7299370765686035 -52.473812103271484 0.6673800619821998 0.7447172972804077 0 0 0 -1 0 0 0 0 0 0
1.386922001838684 -1.4820122718811035 -52.803611755371094 0.943452362936613 0.3315081279083841 0 0 0 -1 0 0 0 0 0 0
1.3610774278640747 -1.1849617958068848 -53.1334114074707 0.9865312474883133 -0.16357291257770132 0 0 0 -1 0 0 0 0 0 0
1.4814082384109497 -0.9121537208557129 -53.46321105957031 0.7859826237865012 -0.6182485868206149 0 0 0 -1 0 0 0 0 0 0
1.7182055711746216 -0.7309517860412598 -53.79301071166992 0.3913178662453108 -0.9202555773029669 0 0 0 -1 0 0 0 0 0 0
2.012986421585083 -0.6861138343811035 -54.12281036376953 -0.09999061298052753 -0.9949883804928471 0 0 0 -1 0 0 0 0 0 0
1.958974003791809 0.6669211387634277 -54.12281036376953 -0.00996303984859335 0.9999503676868045 0 0 0 1 0 0 0 0 0 0
2.2477924823760986 0.7443099021911621 -53.79301071166992 -0.4913235875624622 0.870977113536717 0 0 0 1 0 0 0 0 0 0
2.4633991718292236 0.9514784812927246 -53.46321105957031 -0.8506744857440205 0.5256927993649394 0 0 0 1 0 0 0 0 0 0
2.5522472858428955 1.2369780540466309 -53.1334114074707 -0.9987561970397125 0.049860393848934856 0 0 0 1 0 0 0 0 0 0
2.4922726154327393 1.5299086570739746 -52.803611755371094 -0.898801870405982 -0.4383551046294638 0 0 0 1 0 0 0 0 0 0
2.2983715534210205 1.7575201988220215 -52.473812103271484 -0.5756259658886883 -0.817713120473626 0 0 0 1 0 0 0 0 0 0
2.018693208694458 1.8632864952087402 -52.144012451171875 -0.10949347260446919 -0.9939875147390003 0 0 0 1 0 0 0 0 0 0
1.7226992845535278 1.8209357261657715 -51.814212799072266 0.3838265445365066 -0.9234052110039044 0 0 0 1 0 0 0 0 0 0
1.4838992357254028 1.6409926414489746 -51.484413146972656 0.7818267550797728 -0.6234957297700064 0 0 0 1 0 0 0 0 0 0
1.3616000413894653 1.3681426048278809 -51.15461349487305 0.985658053708324 -0.16875485521880118 0 0 0 1 0 0 0 0 0 0
1.386170506477356 1.070146083831787 -50.82481384277344 0.9447100176780513 0.32790697232406657 0 0 0 1 0 0 0 0 0 0
1.5515109300613403 0.821012020111084 -50.49501419067383 0.6691413761076253 0.7431351282107403 0 0 0 1 0 0 0 0 0 0
1.816559910774231 0.6826109886169434 -50.165218353271484 0.22738992792397283 0.9738037896202347 0 0 0 1 0 0 0 0 0 0
2.1154911518096924 0.6893172264099121 -49.835418701171875 -0.27083200294760534 0.9626266286465321 0 0 0 1 0 0 0 0 0 0
-0.3423164486885071 3.1355605125427246 -49.835418701171875 0.14491384633696805 -0.9894442769250958 0 0 0 -1 0 0 0 0 0 0
0.0018226407701149583 3.0839743614196777 -50.225181579589844 -0.4286551403868274 -0.9034681901538921 0 0 0 -1 0 0 0 0 0 0
0.25945013761520386 2.8500494956970215 -50.61494445800781 -0.8580334816445127 -0.5135937542231174 0 0 0 -1 0 0 0 0 0 0
0.34390944242477417 2.5124716758728027 -51.00470733642578 -0.9987967593202493 0.04904114161974559 0 0 0 -1 0 0 0 0 0 0
0.22679059207439423 2.184792995452881 -51.39447021484375 -0.8036044908095873 0.5951636937437159 0 0 0 -1 0 0 0 0 0 0
-0.0525100938975811 1.9772276878356934 -51.78423309326172 -0.3381006118307633 0.9411099703433514 0 0 0 -1 0 0 0 0 0 0
-0.400046169757843 1.9595961570739746 -52.17399597167969 0.2411282869484952 0.9704932504831159 0 0 0 -1 0 0 0 0 0 0
-0.6989181637763977 2.137834072113037 -52.563758850097656 0.7392507638414807 0.6734302548592449 0 0 0 -1 0 0 0 0 0 0
-0.8485954403877258 2.451982021331787 -52.953521728515625 0.9887088056925111 0.1498495830694504 0 0 0 -1 0 0 0 0 0 0
1.3831416368484497 -1.0953164100646973 -40.870872497558594 0.9497582170547402 -0.3129845509557953 0 0 0 -1 0 0 0 0 0 0
1.531159520149231 -0.8564286231994629 -41.182682037353516 0.7030617850910998 -0.7111287691723042 0 0 0 -1 0 0 0 0 0 0
1.7717257738113403 -0.7111458778381348 -41.49449157714844 0.3021133149782297 -0.9532720204185503 0 0 0 -1 0 0 0 0 0 0
2.0520565509796143 -0.6913399696350098 -41.80630111694336 -0.1650979396634726 -0.9862771772270087 0 0 0 -1 0 0 0 0 0 0
2.3106586933135986 -0.801363468170166 -42.11811447143555 -0.5961046010545514 -0.8029067845034031 0 0 0 -1 0 0 0 0 0 0
2.4907925128936768 -1.0170693397521973 -42.42992401123047 -0.8963241667964527 -0.4433993550025136 0 0 0 -1 0 0 0 0 0 0
2.5529415607452393 -1.2911438941955566 -42.74173355102539 -0.9999102653659401 0.013396313515859702 0 0 0 -1 0 0 0 0 0 0
2.4834721088409424 -1.5634522438049316 -43.05354309082031 -0.8841271871288201 0.46724631296531405 0 0 0 -1 0 0 0 0 0 0
2.297623872756958 -1.7742600440979004 -43.365352630615234 -0.5743806427235654 0.8185883442026669 0 0 0 -1 0 0 0 0 0 0
2.0361721515655518 -1.8773140907287598 -43.677162170410156 -0.1386314622200004 0.9903440400601927 0 0 0 -1 0 0 0 0 0 0
1.756470799446106 -1.850008487701416 -43.988975524902344 0.32753827422493464 0.9448379114524097 0 0 0 -1 0 0 0 0 0 0
1.5198832750320435 -1.698336124420166 -44.300785064697266 0.7218494731573736 0.6920500979715428 0 0 0 -1 0 0 0 0 0 0
1.378316044807434 -1.455568790435791 -44.61259460449219 0.9577987975304241 0.287439495284266 0 0 0 -1 0 0 0 0 0 0
1.3628207445144653 -1.1749634742736816 -44.92440414428711 0.9836217778370158 -0.18024482839945313 0 0 0 -1 0 0 0 0 0 0
1.4768038988113403 -0.9180855751037598 -45.23621368408203 0.7936534914033886 -0.6083700646672313 0 0 0 -1 0 0 0 0 0 0
1.695252537727356 -0.7412858009338379 -45.54802703857422 0.4295664074891255 -0.9030352714910347 0 0 0 -1 0 0 0 0 0 0
1.9702502489089966 -0.6833558082580566 -45.85983657836914 -0.028756118283526286 -0.9995864573218587 0 0 0 -1 0 0 0 0 0 0
2.241460084915161 -0.7569985389709473 -46.17164611816406 -0.480771395857182 -0.8768459755997839 0 0 0 -1 0 0 0 0 0 0
2.4493839740753174 -0.9460625648498535 -46.483455657958984 -0.8273115309652176 -0.5617433851252612 0 0 0 -1 0 0 0 0 0 0
2.5484097003936768 -1.2090706825256348 -46.795265197753906 -0.9923577610630855 -0.12339397901786149 0 0 0 -1 0 0 0 0 0 0
2.516812562942505 -1.4883179664611816 -47.107078552246094 -0.93969248736894 0.3420205098855549 0 0 0 -1 0 0 0 0 0 0
1.389180302619934 1.472104549407959 -47.107078552246094 0.93969248736894 -0.3420205098855549 0 0 0 1 0 0 0 0 0 0
1.3643046617507935 1.1509413719177246 -46.78227615356445 0.9811499813749913 0.19324780476852624 0 0 0 1 0 0 0 0 0 0
1.509114384651184 0.8631987571716309 -46.45747375488281 0.7398040004660057 0.672822443810025 0 0 0 1 0 0 0 0 0 0
1.7818652391433716 0.6918158531188965 -46.13267135620117 0.28521543508075575 0.9584634346659737 0 0 0 1 0 0 0 0 0 0
2.1039440631866455 0.6861929893493652 -45.80786895751953 -0.2515800437456047 0.9678364952764282 0 0 0 1 0 0 0 0 0 0
2.382512331008911 0.8479475975036621 -45.48306655883789 -0.7158593634130446 0.6982444928632596 0 0 0 1 0 0 0 0 0 0
2.537278413772583 1.130460262298584 -45.15826416015625 -0.9738037896202347 0.22738992792397283 0 0 0 1 0 0 0 0 0 0
-0.8193557858467102 2.7466368675231934 -45.15826416015625 0.9399780421141116 -0.34123493423640144 0 0 0 -1 0 0 0 0 0 0
-0.5939949154853821 3.0372023582458496 -45.54802703857422 0.5643769840260917 -0.8255171832867033 0 0 0 -1 0 0 0 0 0 0
-0.24145014584064484 3.141732692718506 -45.93778991699219 -0.02319671934124028 -0.9997309199038528 0 0 0 -1 0 0 0 0 0 0
0.10586851090192795 3.020963191986084 -46.327552795410156 -0.6020642128437721 -0.7984476711800274 0 0 0 -1 0 0 0 0 0 0
0.31750601530075073 2.7202582359313965 -46.717315673828125 -0.9547911953684453 -0.2972772666163611 0 0 0 -1 0 0 0 0 0 0
0.313973605632782 2.3525595664978027 -47.107078552246094 -0.9489074562472536 0.31555449525932355 0 0 0 -1 0 0 0 0 0 0
0.0965987965464592 2.0559744834899902 -47.49684143066406 -0.5866185604640515 0.8098633616352106 0 0 0 -1 0 0 0 0 0 0
-0.25297433137893677 1.9418959617614746 -47.88660430908203 -0.003994178777637614 0.9999920232361317 0 0 0 -1 0 0 0 0 0 0
-0.6034477353096008 2.053178310394287 -48.2763671875 0.5801291069426876 0.8145245357126326 0 0 0 -1 0 0 0 0 0 0
-0.8231838345527649 2.348020076751709 -48.66613006591797 0.9463593120114604 0.3231161595606067 0 0 0 -1 0 0 0 0 0 0
-0.8296516537666321 2.715676784515381 -49.05589294433594 0.9571366241541446 -0.28963681171910466 0 0 0 -1 0 0 0 0 0 0
-0.6204193234443665 3.018064022064209 -49.445655822753906 0.6084181175764412 -0.793616654440127 0 0 0 -1 0 0 0 0 0 0
2.3719265460968018 0.8373618125915527 -49.445655822753906 -0.6982160272136922 0.7158871275151749 0 0 0 1 0 0 0 0 0 0
2.5305874347686768 1.1044554710388184 -49.120853424072266 -0.9626545953695058 0.2707325802595125 0 0 0 1 0 0 0 0 0 0
2.5344021320343018 1.4150938987731934 -48.796051025390625 -0.9690148512610287 -0.2470024656467348 0 0 0 1 0 0 0 0 0 0
2.382352113723755 1.686002254486084 -48.471248626708984 -0.7155934338240248 -0.6985170273285691 0 0 0 1 0 0 0 0 0 0
2.1151936054229736 1.8445525169372559 -48.146446228027344 -0.2703290089258847 -0.9627680026533644 0 0 0 1 0 0 0 0 0 0
1.8045512437820435 1.8482413291931152 -47.8216438293457 0.24740588012190032 -0.9689119312306501 0 0 0 1 0 0 0 0 0 0
1.5337077379226685 1.6960768699645996 -47.49684143066406 0.6988065531945667 -0.7153107025707983 0 0 0 1 0 0 0 0 0 0
2.372281312942505 -1.7122902870178223 -47.49684143066406 -0.6988121615300836 0.7153052235917564 0 0 0 -1 0 0 0 0 0 0
2.0898945331573486 -1.867281436920166 -47.8216438293457 -0.22816373694216313 0.9736227755884654 0 0 0 -1 0 0 0 0 0 0
1.7680445909500122 -1.8538918495178223 -48.146446228027344 0.30824951890902397 0.9513055419224442 0 0 0 -1 0 0 0 0 0 0
1.4995051622390747 -1.675978183746338 -48.471248626708984 0.7558167853432278 0.6547831602854713 0 0 0 -1 0 0 0 0 0 0
1.3616801500320435 -1.384829044342041 -48.796051025390625 0.9855232714400393 0.16954020599882094 0 0 0 -1 0 0 0 0 0 0
1.3942919969558716 -1.0643563270568848 -49.120853424072266 0.9311700904587769 -0.3645850554191623 0 0 0 -1 0 0 0 0 0 0
1.5879451036453247 -0.8069367408752441 -49.445655822753906 0.6084145843104833 -0.7936193631699656 0 0 0 -1 0 0 0 0 0 0
0.16356198489665985 -2.9876351356506348 -49.445655822753906 -0.6982244991189805 0.7158788646342683 0 0 0 1 0 0 0 0 0 0
0.3357192873954773 -2.6611313819885254 -49.05589294433594 -0.9851481162563391 0.17170669479256306 0 0 0 1 0 0 0 0 0 0
0.2841731905937195 -2.2956337928771973 -48.66613006591797 -0.8992391497532923 -0.43745737112429145 0 0 0 1 0 0 0 0 0 0
0.028433969244360924 -2.029470920562744 -48.2763671875 -0.47300521557371156 -0.8810596268358156 0 0 0 1 0 0 0 0 0 0
-0.33471375703811646 -1.9633774757385254 -47.88660430908203 0.132241253355114 -0.9912175598278455 0 0 0 1 0 0 0 0 0 0
-0.6678321957588196 -2.1223626136779785 -47.49684143066406 0.6874388286324467 -0.7262422852522771 0 0 0 1 0 0 0 0 0 0
-0.8448532223701477 -2.4462571144104004 -47.107078552246094 0.9824711869204199 -0.18641450284562422 0 0 0 1 0 0 0 0 0 0
-0.7987774014472961 -2.812483310699463 -46.717315673828125 0.9056816105809626 0.42395851242247 0 0 0 1 0 0 0 0 0 0
-0.5470455288887024 -3.082441806793213 -46.327552795410156 0.48612583206511484 0.8738888232487013 0 0 0 1 0 0 0 0 0 0
-0.1849277764558792 -3.1539559364318848 -45.93778991699219 -0.11740367245043898 0.9930842752229794 0 0 0 1 0 0 0 0 0 0
0.15053288638591766 -2.999971866607666 -45.54802703857422 -0.6765036065775505 0.7364393188087983 0 0 0 1 0 0 0 0 0 0
-2.8143832683563232 -0.7962327003479004 -45.54802703857422 0.5844081687018399 -0.8114598525833314 0 0 0 -1 0 0 0 0 0 0
-2.3541438579559326 -0.6932015419006348 -46.04914855957031 -0.18265230970977486 -0.9831775697999239 0 0 0 -1 0 0 0 0 0 0
-1.961619257926941 -0.9546570777893066 -46.55027389526367 -0.8368585099397693 -0.5474192491513145 0 0 0 -1 0 0 0 0 0 0
-1.8793381452560425 -1.4190545082092285 -47.051395416259766 -0.9739921759071719 0.22658164372166778 0 0 0 -1 0 0 0 0 0 0
-2.15814471244812 -1.7994561195373535 -47.552520751953125 -0.5093113128678437 0.860582353168384 0 0 0 -1 0 0 0 0 0 0
-2.625767469406128 -1.8608155250549316 -48.05364227294922 0.27005604459281624 0.9628446046890862 0 0 0 -1 0 0 0 0 0 0
-2.9932734966278076 -1.5652222633361816 -48.55476760864258 0.8825628051004899 0.47019452894855623 0 0 0 -1 0 0 0 0 0 0
-3.0335891246795654 -1.0953164100646973 -49.05589294433594 0.9497582170547402 -0.3129845509557953 0 0 0 -1 0 0 0 0 0 0
-1.8756340742111206 1.1479926109313965 -49.05589294433594 -0.9801692232942096 0.19816229133421398 0 0 0 1 0 0 0 0 0 0
-1.9632195234298706 1.597775936126709 -48.55476760864258 -0.8341929546117823 -0.5514726779053202 0 0 0 1 0 0 0 0 0 0
-2.3427398204803467 1.8545660972595215 -48.05364227294922 -0.20165703610559715 -0.9794561959521753 0 0 0 1 0 0 0 0 0 0
-2.7928340435028076 1.768582820892334 -47.552520751953125 0.5484993401499981 -0.8361509874747604 0 0 0 1 0 0 0 0 0 0
-3.0509746074676514 1.3899779319763184 -47.051395416259766 0.9787324847734578 -0.20514074010096925 0 0 0 1 0 0 0 0 0 0
-2.9665935039520264 0.9395804405212402 -46.55027389526367 0.8380966232853883 0.5455218144470763 0 0 0 1 0 0 0 0 0 0
-2.5889079570770264 0.6800971031188965 -46.04914855957031 0.20862101531887975 0.9779965603044419 0 0 0 1 0 0 0 0 0 0
-2.1382148265838623 0.7628722190856934 -45.54802703857422 -0.5425358230035536 0.8400326664825938 0 0 0 1 0 0 0 0 0 0
-1.8773869276046753 1.1396307945251465 -45.04690170288086 -0.9772461652007474 0.21210830394030641 0 0 0 1 0 0 0 0 0 0
-1.9585579633712769 1.5906157493591309 -44.545780181884766 -0.8419630701991431 -0.539535159577977 0 0 0 1 0 0 0 0 0 0
-2.334385633468628 1.8527846336364746 -44.044654846191406 -0.21558131036590278 -0.9764858926891472 0 0 0 1 0 0 0 0 0 0
-2.785658597946167 1.7732176780700684 -43.54352951049805 0.5365404113607192 -0.8438746275228743 0 0 0 1 0 0 0 0 0 0
-3.0491626262664795 1.3983283042907715 -43.04240798950195 0.9757105996847533 -0.2190635196987829 0 0 0 1 0 0 0 0 0 0
-2.9712016582489014 0.946774959564209 -42.541282653808594 0.8457807112100003 0.5335306819153945 0 0 0 1 0 0 0 0 0 0
-2.5972506999969482 0.6819357872009277 -42.0401611328125 0.22252395500626454 0.9749272226419622 0 0 0 1 0 0 0 0 0 0
-0.042198967188596725 3.1027464866638184 -42.0401611328125 -0.35528326010198436 -0.9347586881603753 0 0 0 -1 0 0 0 0 0 0
0.23718945682048798 2.884507656097412 -42.42992401123047 -0.8209324103528145 -0.5710253738953445 0 0 0 -1 0 0 0 0 0 0
0.34461134672164917 2.5466551780700684 -42.81968688964844 -0.9999684494372735 -0.007943559026978235 0 0 0 -1 0 0 0 0 0 0
0.2425643652677536 2.2071356773376465 -43.209449768066406 -0.8298881111817886 0.557929854837616 0 0 0 -1 0 0 0 0 0 0
-0.033325981348752975 1.9844908714294434 -43.599212646484375 -0.3700710273834098 0.9290034632289526 0 0 0 -1 0 0 0 0 0 0
-0.3867366909980774 1.956449031829834 -43.988975524902344 0.2189453701264095 0.9757371187467502 0 0 0 -1 0 0 0 0 0 0
-0.6942833065986633 2.1328024864196777 -44.37873840332031 0.7315214726572544 0.6818184032727201 0 0 0 -1 0 0 0 0 0 0
-0.8485954403877258 2.451982021331787 -44.76850128173828 0.9887088056925111 0.1498495830694504 0 0 0 -1 0 0 0 0 0 0
2.529752016067505 1.4322714805603027 -44.76850128173828 -0.961262283565907 -0.275635306507816 0 0 0 1 0 0 0 0 0 0
2.401799440383911 1.6651091575622559 -44.46868133544922 -0.7480069879055484 -0.6636908512586781 0 0 0 1 0 0 0 0 0 0
2.18584942817688 1.8198676109313965 -44.16886520385742 -0.3880860916371994 -0.9216231255115961 0 0 0 1 0 0 0 0 0 0
1.9242411851882935 1.8662047386169434 -43.869049072265625 0.04791909826588285 -0.9988512201631357 0 0 0 1 0 0 0 0 0 0
1.668274998664856 1.7950339317321777 -43.56922912597656 0.4745393414166104 -0.8802342946329059 0 0 0 1 0 0 0 0 0 0
1.468129277229309 1.6203131675720215 -43.269412994384766 0.8081087783719204 -0.589033277768109 0 0 0 1 0 0 0 0 0 0
1.3630534410476685 1.376298427581787 -42.9695930480957 0.9832351743135053 -0.18234196443136974 0 0 0 1 0 0 0 0 0 0
1.373646855354309 1.1108336448669434 -42.669776916503906 0.9655827104996653 0.2600961921753551 0 0 0 1 0 0 0 0 0 0
1.4978305101394653 0.8759627342224121 -42.36996078491211 0.7586068034044059 0.6515487071804754 0 0 0 1 0 0 0 0 0 0
1.7112590074539185 0.7177443504333496 -42.07014083862305 0.40288900725122195 0.9152488447608796 0 0 0 1 0 0 0 0 0 0
1.9720851182937622 0.6671957969665527 -41.77032470703125 -0.0318190021092597 0.9994936473558853 0 0 0 1 0 0 0 0 0 0
2.2291653156280518 0.7342314720153809 -41.47050476074219 -0.4602880172568077 0.8877696442038309 0 0 0 1 0 0 0 0 0 0
2.4320995807647705 0.9057021141052246 -41.17068862915039 -0.7985084531861599 0.601983596280037 0 0 0 1 0 0 0 0 0 0
2.5410969257354736 1.1479926109313965 -40.870872497558594 -0.9801694573494141 0.1981611336245204 0 0 0 1 0 0 0 0 0 0
-2.3012378215789795 0.6893172264099121 -41.65039825439453 -0.2708268045745457 0.96262809117745 0 0 0 1 0 0 0 0 0 0
-1.9570358991622925 0.9455580711364746 -41.182682037353516 -0.8444961012303032 0.5355617004667318 0 0 0 1 0 0 0 0 0 0
-1.8720024824142456 1.3661589622497559 -40.7149658203125 -0.9862189999405337 -0.16544510919423866 0 0 0 1 0 0 0 0 0 0
-2.089634656906128 1.7359862327575684 -40.247249603271484 -0.6235011989732961 -0.7818223934365542 0 0 0 1 0 0 0 0 0 0
-2.4986140727996826 1.8658766746520996 -39.779537200927734 0.05812941646505121 -0.9983090558246143 0 0 0 1 0 0 0 0 0 0
-2.889754056930542 1.6893935203552246 -39.31182098388672 0.7100318474237605 -0.7041695645538805 0 0 0 1 0 0 0 0 0 0
-3.0629889965057373 1.2968039512634277 -38.8441047668457 0.9987567696407611 -0.04984892272408434 0 0 0 1 0 0 0 0 0 0
-2.929711103439331 0.8889174461364746 -38.37638854980469 0.7766257837436983 0.6299622147593351 0 0 0 1 0 0 0 0 0 0
-2.558090925216675 0.6743597984313965 -37.90867233276367 0.1572607842968736 0.987557110106718 0 0 0 1 0 0 0 0 0 0
-2.138209104537964 0.762876033782959 -37.440956115722656 -0.5425437401909654 0.8400275531073954 0 0 0 1 0 0 0 0 0 0
-1.8848294019699097 1.1091933250427246 -36.973243713378906 -0.9648415589705222 0.2628322013820461 0 0 0 1 0 0 0 0 0 0
-1.9275540113449097 1.5361685752868652 -36.50552749633789 -0.8936369801409215 -0.44879053880915776 0 0 0 1 0 0 0 0 0 0
-2.2445285320281982 1.8254179954528809 -36.037811279296875 -0.3653406309433425 -0.9308739030512782 0 0 0 1 0 0 0 0 0 0
-2.6736247539520264 1.8289847373962402 -35.57009506225586 0.34981731787888387 -0.9368179354132924 0 0 0 1 0 0 0 0 0 0
-2.99536395072937 1.5450491905212402 -35.102378845214844 0.8860461016941594 -0.46359713725667373 0 0 0 1 0 0 0 0 0 0
-3.045180082321167 1.1188368797302246 -34.634666442871094 0.9690749813668661 0.2467664492770599 0 0 0 1 0 0 0 0 0 0
-1.8696411848068237 -1.1991257667541504 -34.634666442871094 -0.9901563183237818 -0.1399659432986964 0 0 0 -1 0 0 0 0 0 0
-1.9671066999435425 -1.6197991371154785 -35.11301040649414 -0.827713245718794 0.5611513012206775 0 0 0 -1 0 0 0 0 0 0
-2.3218085765838623 -1.8660798072814941 -35.59135437011719 -0.23654367798457146 0.9716208563043156 0 0 0 -1 0 0 0 0 0 0
-2.7500216960906982 -1.8104004859924316 -36.0697021484375 0.477148933478189 0.8788224480978094 0 0 0 -1 0 0 0 0 0 0
-3.0299479961395264 -1.4816040992736816 -36.54804611206055 0.9436920649065238 0.3308251602167847 0 0 0 -1 0 0 0 0 0 0
-3.0165984630584717 -1.0499939918518066 -37.026390075683594 0.9214418062713059 -0.3885164059025994 0 0 0 -1 0 0 0 0 0 0
-2.716883420944214 -0.7391266822814941 -37.504737854003906 0.4219184431415668 -0.9066337889892458 0 0 0 -1 0 0 0 0 0 0
-2.2860476970672607 -0.7100205421447754 -37.98308181762695 -0.29614370686643465 -0.9551433949326179 0 0 0 -1 0 0 0 0 0 0
-1.9472473859786987 -0.977755069732666 -38.46142578125 -0.860814957780917 -0.5089180763744183 0 0 0 -1 0 0 0 0 0 0
-1.8759678602218628 -1.4036469459533691 -38.93977355957031 -0.9796116329900952 0.20090059360409793 0 0 0 -1 0 0 0 0 0 0
-2.1091296672821045 -1.7671074867248535 -39.41811752319336 -0.5910046420886913 0.8066681554577555 0 0 0 -1 0 0 0 0 0 0
-2.525963544845581 -1.8798699378967285 -39.89646530151367 0.10371522674745934 0.994607033828297 0 0 0 -1 0 0 0 0 0 0
-2.910565137863159 -1.683535099029541 -40.37480926513672 0.7447172972804077 0.6673800619821998 0 0 0 -1 0 0 0 0 0 0
-3.063725233078003 -1.2797913551330566 -40.853153228759766 0.9999847641448609 -0.005520097657392742 0 0 0 -1 0 0 0 0 0 0
-2.906111478805542 -0.8777642250061035 -41.33150100708008 0.7372954708357498 -0.675570417266098 0 0 0 -1 0 0 0 0 0 0
-2.519362211227417 -0.6856904029846191 -41.809844970703125 0.09271403760373265 -0.9956927775329163 0 0 0 -1 0 0 0 0 0 0
-2.1038005352020264 -0.8030571937561035 -42.28819274902344 -0.599886899882878 -0.8000848125973332 0 0 0 -1 0 0 0 0 0 0
-1.8746708631515503 -1.1690735816955566 -42.766536712646484 -0.981774300806636 -0.19005057820391152 0 0 0 -1 0 0 0 0 0 0
-1.9506539106369019 -1.5941529273986816 -43.24488067626953 -0.8551351902897587 0.5184050600911395 0 0 0 -1 0 0 0 0 0 0
-2.2923953533172607 -1.8581223487854004 -43.723228454589844 -0.2855625359030919 0.9583600774701517 0 0 0 -1 0 0 0 0 0 0
-2.722882032394409 -1.8242554664611816 -44.20157241821289 0.43191239319890384 0.9019155640087355 0 0 0 -1 0 0 0 0 0 0
-3.0191409587860107 -1.5100960731506348 -44.67991638183594 0.9256760282636228 0.37831718266301956 0 0 0 -1 0 0 0 0 0 0
-3.0277202129364014 -1.0783600807189941 -45.15826416015625 0.9399737900733004 -0.34124664683368666 0 0 0 -1 0 0 0 0 0 0
0.3289138674736023 -2.694540500640869 -45.15826416015625 -0.9738040811338236 0.2273886795051801 0 0 0 1 0 0 0 0 0 0
0.3079635500907898 -2.351576328277588 -44.76850128173828 -0.938888648134679 -0.3442210138905453 0 0 0 1 0 0 0 0 0 0
0.10226934403181076 -2.076345920562744 -44.37873840332031 -0.5960631753839961 -0.8029375386361925 0 0 0 1 0 0 0 0 0 0
-0.22071345150470734 -1.959108829498291 -43.988975524902344 -0.05775911065891825 -0.9983305490346825 0 0 0 1 0 0 0 0 0 0
-0.5550602078437805 -2.038313388824463 -43.599212646484375 0.4994864092678355 -0.8663217225469556 0 0 0 1 0 0 0 0 0 0
-0.7911251187324524 -2.287985324859619 -43.209449768066406 0.8929266014215257 -0.4502022706226655 0 0 0 1 0 0 0 0 0 0
-0.8514888882637024 -2.626242160797119 -42.81968688964844 0.993531768540147 0.11355450189881514 0 0 0 1 0 0 0 0 0 0
-0.7163532376289368 -2.9421563148498535 -42.42992401123047 0.7683040416089787 0.6400850721953361 0 0 0 1 0 0 0 0 0 0
-0.4300392270088196 -3.1321206092834473 -42.0401611328125 0.2911160769018352 0.9566877389040191 0 0 0 1 0 0 0 0 0 0
-0.08644182235002518 -3.1338372230529785 -41.65039825439453 -0.2815454892241603 0.9595478818159772 0 0 0 1 0 0 0 0 0 0
0.20175473392009735 -2.9467415809631348 -41.26063537597656 -0.761874254554232 0.6477249572522534 0 0 0 1 0 0 0 0 0 0
0.3400394320487976 -2.632193088531494 -40.870872497558594 -0.9923479705031828 0.12347269106249338 0 0 0 1 0 0 0 0 0 0
0.28305739164352417 -2.293348789215088 -40.481109619140625 -0.8973795422434931 -0.4412595122633152 0 0 0 1 0 0 0 0 0 0
0.049498725682497025 -2.041334629058838 -40.091346740722656 -0.5081168111866667 -0.8612881667534353 0 0 0 1 0 0 0 0 0 0
-0.2840431332588196 -1.9587922096252441 -39.70158386230469 0.04779036744490026 -0.9988573876082019 0 0 0 1 0 0 0 0 0 0
-0.6081798672676086 -2.072798252105713 -39.31182098388672 0.5880172497213344 -0.8088483875425342 0 0 0 1 0 0 0 0 0 0
-0.8166130185127258 -2.345961093902588 -38.92205810546875 0.9354056416116909 -0.353576421217565 0 0 0 1 0 0 0 0 0 0
-0.840985119342804 -2.6886963844299316 -38.53229522705078 0.976026549739675 0.21765149713077014 0 0 0 1 0 0 0 0 0 0
2.5464413166046143 -1.1946702003479004 -38.53229522705078 -0.9890778615113481 -0.14739397500623425 0 0 0 -1 0 0 0 0 0 0
2.5203869342803955 -1.4782166481018066 -38.85709762573242 -0.9456519941727066 0.32518042056246727 0 0 0 -1 0 0 0 0 0 0
2.3665478229522705 -1.7178215980529785 -39.18190002441406 -0.6892552830884624 0.7245185675568595 0 0 0 -1 0 0 0 0 0 0
2.1195690631866455 -1.8595223426818848 -39.5067024230957 -0.27761835289172315 0.9606914437724979 0 0 0 -1 0 0 0 0 0 0
1.8350764513015747 -1.8714051246643066 -39.831504821777344 0.1965346967070189 0.9804968704642968 0 0 0 -1 0 0 0 0 0 0
1.5771418809890747 -1.750795841217041 -40.156307220458984 0.6264230040670127 0.7794833032051806 0 0 0 -1 0 0 0 0 0 0
1.4038554430007935 -1.5248589515686035 -40.481109619140625 0.91523461145068 0.4029213397211957 0 0 0 -1 0 0 0 0 0 0
2.4722416400909424 1.5675292015075684 -40.481109619140625 -0.8654114340890511 -0.5010619220694507 0 0 0 1 0 0 0 0 0 0
2.278428316116333 1.7709708213806152 -40.156307220458984 -0.5423908301241129 -0.840126292528258 0 0 0 1 0 0 0 0 0 0
2.01324200630188 1.863858699798584 -39.831504821777344 -0.1004171567621166 -0.9949454229392748 0 0 0 1 0 0 0 0 0 0
1.7348452806472778 1.8258299827575684 -39.5067024230957 0.3635857074744046 -0.9315607512773049 0 0 0 1 0 0 0 0 0 0
1.5042887926101685 1.6652159690856934 -39.18190002441406 0.7478437127746778 -0.6638748234896283 0 0 0 1 0 0 0 0 0 0
1.3721400499343872 1.4172492027282715 -38.85709762573242 0.9680927286145797 -0.2505922361199123 0 0 0 1 0 0 0 0 0 0
1.3673793077468872 1.1363043785095215 -38.53229522705078 0.976026549739675 0.21765149713077014 0 0 0 1 0 0 0 0 0 0
0.33807677030563354 2.6303305625915527 -38.53229522705078 -0.9890779840022724 -0.14739315303636236 0 0 0 -1 0 0 0 0 0 0
0.28711622953414917 2.2855544090270996 -38.92205810546875 -0.9041414631843233 0.4272332086237105 0 0 0 -1 0 0 0 0 0 0
0.053115058690309525 2.027268886566162 -39.31182098388672 -0.514139314837642 0.8577066893398233 0 0 0 -1 0 0 0 0 0 0
-0.28497201204299927 1.942624568939209 -39.70158386230469 0.04933884827272613 0.9987820973821672 0 0 0 -1 0 0 0 0 0 0
-0.6130703091621399 2.060178279876709 -40.091346740722656 0.596169476088767 0.8028586150624811 0 0 0 -1 0 0 0 0 0 0
-0.820477306842804 2.3402647972106934 -40.481109619140625 0.9418439111326791 0.3360506614519572 0 0 0 -1 0 0 0 0 0 0
-0.8372123837471008 2.6883864402770996 -40.870872497558594 0.9697372472554766 -0.2441509190754168 0 0 0 -1 0 0 0 0 0 0
-0.6576259732246399 2.987077236175537 -41.26063537597656 0.6704300541810524 -0.7419727369996766 0 0 0 -1 0 0 0 0 0 0
-0.3423164486885071 3.1355605125427246 -41.65039825439453 0.14491384633696805 -0.9894442769250958 0 0 0 -1 0 0 0 0 0 0
1.5559817552566528 0.8170256614685059 -38.14253234863281 0.6616847185501903 0.7497821905307938 0 0 0 1 0 0 0 0 0 0
1.8329745531082153 0.6790175437927246 -37.8127326965332 0.20003496901650988 0.9797887584426369 0 0 0 1 0 0 0 0 0 0
2.1419003009796143 0.6974043846130371 -37.482933044433594 -0.3148440547130789 0.9491434144594946 0 0 0 1 0 0 0 0 0 0
2.4005672931671143 0.8672957420349121 -37.153133392333984 -0.7459515964794865 0.6660001619442035 0 0 0 1 0 0 0 0 0 0
2.5401699542999268 1.143491268157959 -36.823333740234375 -0.9786219828541011 0.2056672425903252 0 0 0 1 0 0 0 0 0 0
2.5235607624053955 1.4525160789489746 -36.493534088134766 -0.9509417641304949 -0.30936994235442816 0 0 0 1 0 0 0 0 0 0
2.35516095161438 1.7121596336364746 -36.163734436035156 -0.6702740994894394 -0.7421136244225821 0 0 0 1 0 0 0 0 0 0
2.07977032661438 1.8533453941345215 -35.83393478393555 -0.21129107632767097 -0.9774231842269215 0 0 0 1 0 0 0 0 0 0
1.7706576585769653 1.8385138511657715 -35.50413513183594 0.3038986971584276 -0.952704351761558 0 0 0 1 0 0 0 0 0 0
1.5100489854812622 1.6716132164001465 -35.17433547973633 0.7382471615204046 -0.6745303021414721 0 0 0 1 0 0 0 0 0 0
1.367280125617981 1.3970427513122559 -34.84453582763672 0.9761891720741548 -0.2169209540942879 0 0 0 1 0 0 0 0 0 0
1.3803340196609497 1.087846279144287 -34.51473617553711 0.9544376449937283 0.29841042511753174 0 0 0 1 0 0 0 0 0 0
1.5457316637039185 0.8262839317321777 -34.184940338134766 0.6787692458655046 0.7343516261758902 0 0 0 1 0 0 0 0 0 0
1.819478154182434 0.6819357872009277 -33.855140686035156 0.22252928701675664 0.9749260056126383 0 0 0 1 0 0 0 0 0 0
2.166165590286255 -0.7222504615783691 -33.855140686035156 -0.35528325052826726 -0.9347586917991555 0 0 0 -1 0 0 0 0 0 0
2.4162113666534424 -0.9017510414123535 -34.184940338134766 -0.772024148389917 -0.6355931987543787 0 0 0 -1 0 0 0 0 0 0
2.544347047805786 -1.181612491607666 -34.51473617553711 -0.9855885492543326 -0.16916031324971054 0 0 0 -1 0 0 0 0 0 0
2.5168583393096924 -1.4881844520568848 -34.84453582763672 -0.9397737669752474 0.34179711365831283 0 0 0 -1 0 0 0 0 0 0
2.340977907180786 -1.740786075592041 -35.17433547973633 -0.6466385637140942 0.7627965442487096 0 0 0 -1 0 0 0 0 0 0
2.06298565864563 -1.872938632965088 -35.50413513183594 -0.1833197352925484 0.9830533427298186 0 0 0 -1 0 0 0 0 0 0
1.7560511827468872 -1.8498635292053223 -35.83393478393555 0.3282421060032361 0.9445936268293154 0 0 0 -1 0 0 0 0 0 0
1.500947117805481 -1.6776337623596191 -36.163734436035156 0.7534163705774755 0.6575437419258615 0 0 0 -1 0 0 0 0 0 0
1.364808201789856 -1.4015755653381348 -36.493534088134766 0.9803139532959293 0.1974450631778534 0 0 0 -1 0 0 0 0 0 0
1.3834620714187622 -1.0943398475646973 -36.823333740234375 0.9492204680166003 -0.3146116703149237 0 0 0 -1 0 0 0 0 0 0
1.5520068407058716 -0.8367791175842285 -37.153133392333984 0.6683142274037391 -0.7438790852347869 0 0 0 -1 0 0 0 0 0 0
1.8260775804519653 -0.6966843605041504 -37.482933044433594 0.2115254341168276 -0.9773724933318351 0 0 0 -1 0 0 0 0 0 0
2.133549928665161 -0.7109169960021973 -37.8127326965332 -0.30092248287377427 -0.9536486036801411 0 0 0 -1 0 0 0 0 0 0
2.3935062885284424 -0.875734806060791 -38.14253234863281 -0.7341789922747981 -0.6789559686035332 0 0 0 -1 0 0 0 0 0 0
-0.6523845791816711 -3.0079712867736816 -38.14253234863281 0.6616965922583695 0.7497717117854348 0 0 0 1 0 0 0 0 0 0
-0.32633477449417114 -3.1538949012756348 -37.752769470214844 0.11827294562340226 0.9929811228485482 0 0 0 1 0 0 0 0 0 0
0.02486722730100155 -3.0886406898498535 -37.363006591796875 -0.46705989223256206 0.8842256822031961 0 0 0 1 0 0 0 0 0 0
0.27674025297164917 -2.835340976715088 -36.973243713378906 -0.8868485786851312 0.46206016760175567 0 0 0 1 0 0 0 0 0 0
0.3400089144706726 -2.4837746620178223 -36.58348083496094 -0.9922962492551188 -0.1238876657065709 0 0 0 1 0 0 0 0 0 0
0.19224469363689423 -2.1585564613342285 -36.19371795654297 -0.7460229526800995 -0.6659202310145457 0 0 0 1 0 0 0 0 0 0
-0.11417467147111893 -1.974958896636963 -35.803955078125 -0.23532451389784578 -0.9719168550646412 0 0 0 1 0 0 0 0 0 0
-0.47064095735549927 -1.9980530738830566 -35.41419219970703 0.3587877303847669 -0.9334191794287 0 0 0 1 0 0 0 0 0 0
-0.7508037686347961 -2.2196602821350098 -35.02442932128906 0.8257209385781491 -0.5640788345556147 0 0 0 1 0 0 0 0 0 0
-0.8553608059883118 -2.561232089996338 -34.634666442871094 0.999986448926904 0.005205954529209093 0 0 0 1 0 0 0 0 0 0
-0.7472522854804993 -2.901693820953369 -34.244903564453125 0.8198039450013928 0.5726442977627154 0 0 0 1 0 0 0 0 0 0
-0.46479684114456177 -3.1203713417053223 -33.855140686035156 0.34904585172987995 0.937105646867077 0 0 0 1 0 0 0 0 0 0
-0.10811121016740799 -3.139753818511963 -33.46537780761719 -0.24543323237235978 0.9694134971451837 0 0 0 1 0 0 0 0 0 0
0.19637982547283173 -2.952974796295166 -33.07561492919922 -0.7529168054915939 0.6581157071581969 0 0 0 1 0 0 0 0 0 0
0.34074896574020386 -2.626234531402588 -32.68585205078125 -0.9935330346476988 0.11354342369214813 0 0 0 1 0 0 0 0 0 0
0.27382582426071167 -2.2753472328186035 -32.29608917236328 -0.8819886849298679 -0.4712705800871536 0 0 0 1 0 0 0 0 0 0
0.01932828687131405 -2.0246834754943848 -31.906326293945312 -0.45783165872946435 -0.8890389036847755 0 0 0 1 0 0 0 0 0 0
-0.3325355648994446 -1.9630913734436035 -31.516563415527344 0.12861246971989385 -0.9916949292159102 0 0 0 1 0 0 0 0 0 0
-0.6570461392402649 -2.112398624420166 -31.126800537109375 0.6694629592995504 -0.7428454389211047 0 0 0 1 0 0 0 0 0 0
-0.839184582233429 -2.4196877479553223 -30.737037658691406 0.9730249370198055 -0.23069996085306044 0 0 0 1 0 0 0 0 0 0
-0.8143909573554993 -2.7760415077209473 -30.347274780273438 0.9317008262613466 0.36322661018147356 0 0 0 1 0 0 0 0 0 0
-0.591452419757843 -3.055147647857666 -29.95751190185547 0.5601345819757776 0.8284016236553503 0 0 0 1 0 0 0 0 0 0
-0.24939043819904327 -3.1580758094787598 -29.5677490234375 -0.009963107803156535 0.9999503670097344 0 0 0 1 0 0 0 0 0 0
2.012986421585083 -0.6861138343811035 -29.5677490234375 -0.09999061298052753 -0.9949883804928471 0 0 0 -1 0 0 0 0 0 0
2.2934048175811768 -0.7890229225158691 -29.89255142211914 -0.5673508885588006 -0.8234761497769923 0 0 0 -1 0 0 0 0 0 0
2.489457368850708 -1.014387607574463 -30.21735382080078 -0.8941015857183288 -0.44786421426138767 0 0 0 -1 0 0 0 0 0 0
2.5525448322296143 -1.3063569068908691 -30.542156219482422 -0.9992488265604738 0.03875284012193614 0 0 0 -1 0 0 0 0 0 0
2.4670345783233643 -1.592562198638916 -30.866958618164062 -0.8567346684194151 0.5157574118985345 0 0 0 -1 0 0 0 0 0 0
2.2541210651397705 -1.8020691871643066 -31.191761016845703 -0.5018794418310341 0.8649375849547583 0 0 0 -1 0 0 0 0 0 0
1.9665766954421997 -1.8829522132873535 -31.516563415527344 -0.022641378672338404 0.999743651128536 0 0 0 -1 0 0 0 0 0 0
1.6756640672683716 -1.8151650428771973 -31.841365814208984 0.46222049296249296 0.8867650285647884 0 0 0 -1 0 0 0 0 0 0
1.4534846544265747 -1.6155076026916504 -32.166168212890625 0.8325212198278766 0.5539931574814838 0 0 0 -1 0 0 0 0 0 0
1.3551112413406372 -1.3334641456604004 -32.490970611572266 0.9964722508519106 0.08392290082049532 0 0 0 -1 0 0 0 0 0 0
1.4049235582351685 -1.038942813873291 -32.815773010253906 0.9134549414708097 -0.4069398848755914 0 0 0 -1 0 0 0 0 0 0
1.5905734300613403 -0.804934024810791 -33.14057540893555 0.6040350215602523 -0.7969577734916106 0 0 0 -1 0 0 0 0 0 0
1.866047978401184 -0.6894402503967285 -33.46537780761719 0.14491384633696805 -0.9894442769250958 0 0 0 -1 0 0 0 0 0 0
2.1154911518096924 0.6893172264099121 -33.46537780761719 -0.27083200294760534 0.9626266286465321 0 0 0 1 0 0 0 0 0 0
2.3807384967803955 0.8461356163024902 -33.13557815551758 -0.7129057868905448 0.7012598227604181 0 0 0 1 0 0 0 0 0 0
2.533169984817505 1.1139273643493652 -32.80577850341797 -0.9669556953858446 0.2549444707399581 0 0 0 1 0 0 0 0 0 0
2.5325825214385986 1.4220671653747559 -32.47597885131836 -0.9659780386272406 -0.25862410732541813 0 0 0 1 0 0 0 0 0 0
2.3791325092315674 1.6892752647399902 -32.14617919921875 -0.7102301517684906 -0.7039695529771914 0 0 0 1 0 0 0 0 0 0
2.1132900714874268 1.8450827598571777 -31.81637954711914 -0.26716411499475606 -0.9636510445483204 0 0 0 1 0 0 0 0 0 0
1.8051692247390747 1.8483977317810059 -31.48657989501953 0.24637216488878627 -0.9691752970273299 0 0 0 1 0 0 0 0 0 0
1.5360385179519653 1.6983428001403809 -31.156780242919922 0.6949256179486909 -0.7190816264643602 0 0 0 1 0 0 0 0 0 0
1.3768779039382935 1.4344916343688965 -30.826980590820312 0.9601961720186261 -0.27932653157331316 0 0 0 1 0 0 0 0 0 0
1.3696643114089966 1.1264395713806152 -30.497180938720703 0.9722157410307307 0.23408663544095606 0 0 0 1 0 0 0 0 0 0
1.5163050889968872 0.8554320335388184 -30.167381286621094 0.7278144943156388 0.6857740603610426 0 0 0 1 0 0 0 0 0 0
1.7781192064285278 0.6929450035095215 -29.83758544921875 0.2914553730830751 0.9565844267501983 0 0 0 1 0 0 0 0 0 0
2.0860531330108643 0.6818327903747559 -29.50778579711914 -0.22175688375930855 0.9751019867200357 0 0 0 1 0 0 0 0 0 0
2.3588955402374268 0.8250288963317871 -29.17798614501953 -0.6765036184621784 0.7364393078914102 0 0 0 1 0 0 0 0 0 0
-0.6060188412666321 3.028764247894287 -29.17798614501953 0.5844171832133171 -0.8114533603140799 0 0 0 -1 0 0 0 0 0 0
-0.2642562985420227 3.1418280601501465 -29.5677490234375 0.014810031863152499 -0.9998903254638541 0 0 0 -1 0 0 0 0 0 0
0.08070486038923264 3.038938045501709 -29.95751190185547 -0.5601268824382679 -0.8284068297461018 0 0 0 -1 0 0 0 0 0 0
0.30469435453414917 2.7571349143981934 -30.347274780273438 -0.9334382566646594 -0.3587380952656709 0 0 0 -1 0 0 0 0 0 0
0.3270847201347351 2.3978514671325684 -30.737037658691406 -0.9707561182962328 0.2400678212306491 0 0 0 -1 0 0 0 0 0 0
0.13981549441814423 2.090421199798584 -31.126800537109375 -0.6586451785702114 0.7524536721594323 0 0 0 -1 0 0 0 0 0 0
-0.1897018700838089 1.9454970359802246 -31.516563415527344 -0.10944756447719282 0.9939925707116782 0 0 0 -1 0 0 0 0 0 0
-0.5428569912910461 2.0152525901794434 -31.906326293945312 0.4791508199806309 0.8777325855361012 0 0 0 -1 0 0 0 0 0 0
-0.7925289273262024 2.274575710296631 -32.29608917236328 0.8952693249610227 0.4455253480822775 0 0 0 -1 0 0 0 0 0 0
-0.8488472104072571 2.6301207542419434 -32.68585205078125 0.9891297242042308 -0.14704553272936308 0 0 0 -1 0 0 0 0 0 0
-0.6915386319160461 2.9539084434509277 -33.07561492919922 0.7269484299923241 -0.686692056260807 0 0 0 -1 0 0 0 0 0 0
-0.3772285580635071 3.1293883323669434 -33.46537780761719 0.20309975859118395 -0.979158050602763 0 0 0 -1 0 0 0 0 0 0
-0.0190551970154047 3.0933966636657715 -33.855140686035156 -0.3938556688515894 -0.9191722972944013 0 0 0 -1 0 0 0 0 0 0
0.2540561556816101 2.858884334564209 -34.244903564453125 -0.8490483368368188 -0.5283151727090865 0 0 0 -1 0 0 0 0 0 0
0.34379690885543823 2.5102744102478027 -34.634666442871094 -0.998610443081741 0.05269898450718865 0 0 0 -1 0 0 0 0 0 0
0.2178622931241989 2.1730399131774902 -35.02442932128906 -0.7887168469020946 0.614756647310802 0 0 0 -1 0 0 0 0 0 0
-0.07841569930315018 1.9685797691345215 -35.41419219970703 -0.29491989277362995 0.9555219813517587 0 0 0 -1 0 0 0 0 0 0
-0.4383876919746399 1.970487117767334 -35.803955078125 0.3050309692289283 0.9523424320123831 0 0 0 -1 0 0 0 0 0 0
-0.7324836850166321 2.1780753135681152 -36.19371795654297 0.7951862071147574 0.6063653156426791 0 0 0 -1 0 0 0 0 0 0
-0.8548381924629211 2.5166220664978027 -36.58348083496094 0.9991126145287031 0.04211868337945819 0 0 0 -1 0 0 0 0 0 0
-0.7614086270332336 2.864266872406006 -36.973243713378906 0.8433975904679707 -0.5372899630486515 0 0 0 -1 0 0 0 0 0 0
-0.4858291745185852 3.0958685874938965 -37.363006591796875 0.38410067937856934 -0.9232912152191861 0 0 0 -1 0 0 0 0 0 0
-0.1272934228181839 3.1280646324157715 -37.752769470214844 -0.21345963891322373 -0.9769518834390137 0 0 0 -1 0 0 0 0 0 0
0.18513981997966766 2.9492621421813965 -38.14253234863281 -0.7341845748988519 -0.6789499318658131 0 0 0 -1 0 0 0 0 0 0
1.3597689867019653 -1.373018741607666 -20.21343994140625 0.9887088056925111 0.1498495830694504 0 0 0 -1 0 0 0 0 0 0
1.3943835496902466 -1.0641274452209473 -20.53824234008789 0.9310211199643987 -0.3649653054472943 0 0 0 -1 0 0 0 0 0 0
1.5789042711257935 -0.8140053749084473 -20.86304473876953 0.6234888716817405 -0.7818322242585235 0 0 0 -1 0 0 0 0 0 0
1.863820195198059 -0.6897721290588379 -21.187847137451172 0.14862738575132928 -0.9888932703809475 0 0 0 -1 0 0 0 0 0 0
2.17266583442688 -0.7247681617736816 -21.512649536132812 -0.36612303466353063 -0.9305664530213665 0 0 0 -1 0 0 0 0 0 0
2.422562837600708 -0.9096016883850098 -21.837451934814453 -0.7826181975355265 -0.622502013559991 0 0 0 -1 0 0 0 0 0 0
2.5464413166046143 -1.1946702003479004 -22.162254333496094 -0.9890778615113481 -0.14739397500623425 0 0 0 -1 0 0 0 0 0 0
-0.840985119342804 -2.6886963844299316 -22.162254333496094 0.976026549739675 0.21765149713077014 0 0 0 1 0 0 0 0 0 0
-0.6647289395332336 -2.9967713356018066 -21.772491455078125 0.682262483153746 0.7311073136557209 0 0 0 1 0 0 0 0 0 0
-0.34522324800491333 -3.151339054107666 -21.382728576660156 0.14975635554199246 0.9887229308430044 0 0 0 1 0 0 0 0 0 0
0.0057250759564340115 -3.098318576812744 -20.992965698242188 -0.4351591229057749 0.9003535626362993 0 0 0 1 0 0 0 0 0 0
0.26530760526657104 -2.8562607765197754 -20.60320281982422 -0.8677953876740876 0.4969216891337909 0 0 0 1 0 0 0 0 0 0
0.34268873929977417 -2.5098671913146973 -20.21343994140625 -0.9967626573611474 -0.08040027916831845 0 0 0 1 0 0 0 0 0 0
0.21078793704509735 -2.1803536415100098 -19.82367706298828 -0.77692705139678 -0.6295906263659783 0 0 0 1 0 0 0 0 0 0
-0.08423501998186111 -1.9830307960510254 -19.433914184570312 -0.2852206086898149 -0.9584618951103959 0 0 0 1 0 0 0 0 0 0
-0.43914300203323364 -1.9869446754455566 -19.044151306152344 0.3062877282068517 -0.9519389831023236 0 0 0 1 0 0 0 0 0 0
-0.7297447323799133 -2.190725803375244 -18.654388427734375 0.7906231358671042 -0.6123030761246155 0 0 0 1 0 0 0 0 0 0
-0.8543460965156555 -2.5230660438537598 -18.264625549316406 0.9982933554942365 -0.05839842785604708 0 0 0 1 0 0 0 0 0 0
-0.7693451046943665 -2.8676705360412598 -17.874862670898438 0.8566254821200237 0.5159387399513987 0 0 0 1 0 0 0 0 0 0
-0.5044887661933899 -3.103945255279541 -17.48509979248047 0.41520273019049686 0.9097289117326971 0 0 0 1 0 0 0 0 0 0
-0.1524570733308792 -3.149214267730713 -17.0953369140625 -0.1715213357450928 0.9851804055015606 0 0 0 1 0 0 0 0 0 0
0.16356198489665985 -2.9876351356506348 -16.70557403564453 -0.6982244991189805 0.7158788646342683 0 0 0 1 0 0 0 0 0 0
-2.8287856578826904 -0.8069367408752441 -16.70557403564453 0.6084216508062205 -0.7936139457130486 0 0 0 -1 0 0 0 0 0 0
-2.437302350997925 -0.683687686920166 -17.160297393798828 -0.04405386146515716 -0.9990291573773054 0 0 0 -1 0 0 0 0 0 0
-2.0581881999969482 -0.8409180641174316 -17.615020751953125 -0.6759125906127567 -0.7369817975032706 0 0 0 -1 0 0 0 0 0 0
-1.868834376335144 -1.205049991607666 -18.069744110107422 -0.9915018633148711 -0.13009248649763935 0 0 0 -1 0 0 0 0 0 0
-1.9578388929367065 -1.6057076454162598 -18.52446746826172 -0.8431565256822906 0.5376681813157338 0 0 0 -1 0 0 0 0 0 0
-2.2835586071014404 -1.8554139137268066 -18.979190826416016 -0.3002962722882451 0.9538459775298023 0 0 0 -1 0 0 0 0 0 0
-2.693585157394409 -1.8373360633850098 -19.433914184570312 0.38308367222181644 0.9237136461463844 0 0 0 -1 0 0 0 0 0 0
-2.9960601329803467 -1.5599236488342285 -19.88863754272461 0.8872145968362473 0.461356975844839 0 0 0 -1 0 0 0 0 0 0
-3.0494563579559326 -1.1529908180236816 -20.343360900878906 0.976203952776512 -0.21685442717065584 0 0 0 -1 0 0 0 0 0 0
-2.8287856578826904 -0.8069367408752441 -20.798084259033203 0.6084216508062205 -0.7936139457130486 0 0 0 -1 0 0 0 0 0 0
-2.437302350997925 -0.683687686920166 -21.2528076171875 -0.04405386146515716 -0.9990291573773054 0 0 0 -1 0 0 0 0 0 0
-2.0581881999969482 -0.8409180641174316 -21.707530975341797 -0.6759125906127567 -0.7369817975032706 0 0 0 -1 0 0 0 0 0 0
-1.868834376335144 -1.205049991607666 -22.162254333496094 -0.9915018633148711 -0.13009248649763935 0 0 0 -1 0 0 0 0 0 0
-1.9578388929367065 -1.6057076454162598 -22.61697769165039 -0.8431565256822906 0.5376681813157338 0 0 0 -1 0 0 0 0 0 0
-2.2835586071014404 -1.8554139137268066 -23.071701049804688 -0.3002962722882451 0.9538459775298023 0 0 0 -1 0 0 0 0 0 0
-2.693585157394409 -1.8373360633850098 -23.526424407958984 0.38308367222181644 0.9237136461463844 0 0 0 -1 0 0 0 0 0 0
-2.9960601329803467 -1.5599236488342285 -23.98114776611328 0.8872145968362473 0.461356975844839 0 0 0 -1 0 0 0 0 0 0
-3.0494563579559326 -1.1529908180236816 -24.435871124267578 0.976203952776512 -0.21685442717065584 0 0 0 -1 0 0 0 0 0 0
-2.8287856578826904 -0.8069367408752441 -24.890594482421875 0.6084216508062205 -0.7936139457130486 0 0 0 -1 0 0 0 0 0 0
0.16356198489665985 -2.9876351356506348 -24.890594482421875 -0.6982244991189805 0.7158788646342683 0 0 0 1 0 0 0 0 0 0
0.3327323794364929 -2.677004337310791 -24.500831604003906 -0.9801692381782422 0.1981622177133788 0 0 0 1 0 0 0 0 0 0
0.29751890897750854 -2.3250527381896973 -24.111068725585938 -0.9214798662414575 -0.38842612696834045 0 0 0 1 0 0 0 0 0 0
0.07016294449567795 -2.0540947914123535 -23.72130584716797 -0.5425528121561592 -0.8400216937802519 0 0 0 1 0 0 0 0 0 0
-0.27032357454299927 -1.9582924842834473 -23.33154296875 0.024924354883579136 -0.9996893400120046 0 0 0 1 0 0 0 0 0 0
-0.6056144833564758 -2.070944309234619 -22.94178009033203 0.5837449312125509 -0.8119371005710075 0 0 0 1 0 0 0 0 0 0
-0.8191860318183899 -2.352896213531494 -22.552017211914062 0.93969248736894 -0.3420205098855549 0 0 0 1 0 0 0 0 0 0
2.516812562942505 -1.4883179664611816 -22.552017211914062 -0.93969248736894 0.3420205098855549 0 0 0 -1 0 0 0 0 0 0
2.3633129596710205 -1.7208733558654785 -22.858257293701172 -0.6838653628163588 0.7296082274344566 0 0 0 -1 0 0 0 0 0 0
2.1213161945343018 -1.859011173248291 -23.164501190185547 -0.28053979849457256 0.9598423940734359 0 0 0 -1 0 0 0 0 0 0
1.843018651008606 -1.8729424476623535 -23.470741271972656 0.18329602803112613 0.9830577633628721 0 0 0 -1 0 0 0 0 0 0
1.588441014289856 -1.759657382965088 -23.77698516845703 0.607589609072668 0.7942511359431111 0 0 0 -1 0 0 0 0 0 0
1.4124881029129028 -1.543592929840088 -24.083229064941406 0.9008421089974185 0.43414685839826517 0 0 0 -1 0 0 0 0 0 0
1.353108525276184 -1.271345615386963 -24.389469146728516 0.9998078863304373 -0.01960077629746021 0 0 0 -1 0 0 0 0 0 0
1.4231120347976685 -1.0016388893127441 -24.69571304321289 0.8831402683967574 -0.4691090132752763 0 0 0 -1 0 0 0 0 0 0
1.6074000597000122 -0.792635440826416 -25.001953125 0.575987442874416 -0.8174585406312614 0 0 0 -1 0 0 0 0 0 0
1.8662234544754028 -0.6894135475158691 -25.308197021484375 0.1446218191086611 -0.9894870031676524 0 0 0 -1 0 0 0 0 0 0
2.1437580585479736 -0.7142395973205566 -25.614437103271484 -0.3179337768698018 -0.9481129223490748 0 0 0 -1 0 0 0 0 0 0
2.380154848098755 -0.861757755279541 -25.92068099975586 -0.7119314855581489 -0.702248930131593 0 0 0 -1 0 0 0 0 0 0
2.524419069290161 -1.1001496315002441 -26.226924896240234 -0.9523748917492845 -0.30492960755810344 0 0 0 -1 0 0 0 0 0 0
2.5454418659210205 -1.3780007362365723 -26.533164978027344 -0.9874145733278873 0.15815328128023792 0 0 0 -1 0 0 0 0 0 0
2.438687562942505 -1.6353859901428223 -26.83940887451172 -0.80949326115379 0.5871291681960641 0 0 0 -1 0 0 0 0 0 0
1.4318896532058716 1.564298152923584 -26.83940887451172 0.868507459013595 -0.4956760975049621 0 0 0 1 0 0 0 0 0 0
1.3535128831863403 1.2918219566345215 -26.514606475830078 0.9991365696403114 -0.041546542664713575 0 0 0 1 0 0 0 0 0 0
1.408997654914856 1.0137763023376465 -26.189804077148438 0.9066612379262013 0.42185945484500886 0 0 0 1 0 0 0 0 0 0
1.5859538316726685 0.7922530174255371 -25.865001678466797 0.6117306971780395 0.791066087081269 0 0 0 1 0 0 0 0 0 0
1.8448725938796997 0.6767172813415527 -25.540199279785156 0.18020140702016973 0.9836297336436872 0 0 0 1 0 0 0 0 0 0
2.1279308795928955 0.692960262298584 -25.215396881103516 -0.2915540269625847 0.9565543629934998 0 0 0 1 0 0 0 0 0 0
2.3719265460968018 0.8373618125915527 -24.890594482421875 -0.6982160272136922 0.7158871275151749 0 0 0 1 0 0 0 0 0 0
-0.6204193234443665 3.018064022064209 -24.890594482421875 0.6084181175764412 -0.793616654440127 0 0 0 -1 0 0 0 0 0 0
-0.3048713803291321 3.139848232269287 -25.280357360839844 0.08250413594832841 -0.9965907221881105 0 0 0 -1 0 0 0 0 0 0
0.02641027234494686 3.071610927581787 -25.670120239257812 -0.4696317787801023 -0.8828623858562765 0 0 0 -1 0 0 0 0 0 0
0.26814383268356323 2.8350348472595215 -26.05988311767578 -0.8725228583617454 -0.4885732919800774 0 0 0 -1 0 0 0 0 0 0
0.343514621257782 2.505307674407959 -26.44964599609375 -0.998139062681967 0.060978779492250404 0 0 0 -1 0 0 0 0 0 0
0.22856633365154266 2.187203884124756 -26.83940887451172 -0.8065647628315589 0.5911457378332953 0 0 0 -1 0 0 0 0 0 0
-0.04016764089465141 1.9818129539489746 -27.229171752929688 -0.35867006589596584 0.9334643988016809 0 0 0 -1 0 0 0 0 0 0
-0.3772915005683899 1.9544119834899902 -27.618934631347656 0.2032064107466357 0.9791359224497227 0 0 0 -1 0 0 0 0 0 0
-0.6756694912910461 2.1137022972106934 -28.008697509765625 0.7005014747233129 0.7136509538356014 0 0 0 -1 0 0 0 0 0 0
-0.8404815793037415 2.4090628623962402 -28.398460388183594 0.9751861155494721 0.2213866302185657 0 0 0 -1 0 0 0 0 0 0
-0.8193557858467102 2.7466368675231934 -28.788223266601562 0.9399780421141116 -0.34123493423640144 0 0 0 -1 0 0 0 0 0 0
2.537278413772583 1.130460262298584 -28.788223266601562 -0.9738037896202347 0.22738992792397283 0 0 0 1 0 0 0 0 0 0
2.5488216876983643 1.3375372886657715 -28.52838134765625 -0.9930445107454998 -0.11773954169365007 0 0 0 1 0 0 0 0 0 0
2.4891750812530518 1.5361685752868652 -28.268539428710938 -0.8936359208495631 -0.44879264807631736 0 0 0 1 0 0 0 0 0 0
2.3654682636260986 1.7026305198669434 -28.008697509765625 -0.6874533062693362 -0.7262285808885232 0 0 0 1 0 0 0 0 0 0
2.1924755573272705 1.8170294761657715 -27.748855590820312 -0.3991383791843447 -0.9168906991905275 0 0 0 1 0 0 0 0 0 0
1.9908686876296997 1.8656973838806152 -27.489013671875 -0.0631221759223279 -0.9980058070506557 0 0 0 1 0 0 0 0 0 0
1.7847377061843872 1.8428168296813965 -27.229171752929688 0.2804273653675148 -0.9598752485365138 0 0 0 1 0 0 0 0 0 0
2.0576603412628174 -1.8739075660705566 -27.229171752929688 -0.17444488888443102 0.9846669389910979 0 0 0 -1 0 0 0 0 0 0
1.7909594774246216 -1.860811710357666 -27.553974151611328 0.2700589619689299 0.9628437864265751 0 0 0 -1 0 0 0 0 0 0
1.5563479661941528 -1.7332978248596191 -27.87877655029297 0.661076717042734 0.7503183152396061 0 0 0 -1 0 0 0 0 0 0
1.400300145149231 -1.5166192054748535 -28.20357894897461 0.9211582268247627 0.38918828496379343 0 0 0 -1 0 0 0 0 0 0
1.3537150621414185 -1.2536911964416504 -28.52838134765625 0.9987973087516665 -0.04902995034086835 0 0 0 -1 0 0 0 0 0 0
1.4258242845535278 -0.9965882301330566 -28.85318374633789 0.8786140714880298 -0.4775325259950648 0 0 0 -1 0 0 0 0 0 0
1.602345585823059 -0.7962327003479004 -29.17798614501953 0.5844081687018399 -0.8114598525833314 0 0 0 -1 0 0 0 0 0 0
0.15053288638591766 -2.999971866607666 -29.17798614501953 -0.6765036065775505 0.7364393188087983 0 0 0 1 0 0 0 0 0 0
0.326516330242157 -2.7044243812561035 -28.788223266601562 -0.9698102848738902 0.2438606392036725 0 0 0 1 0 0 0 0 0 0
0.311257541179657 -2.360792636871338 -28.398460388183594 -0.9443785249429641 -0.3288604592020012 0 0 0 1 0 0 0 0 0 0
0.10977285355329514 -2.0820069313049316 -28.008697509765625 -0.6085712107617762 -0.7934992636618801 0 0 0 1 0 0 0 0 0 0
-0.2117183953523636 -1.9596962928771973 -27.618934631347656 -0.07275393521087739 -0.9973499209963027 0 0 0 1 0 0 0 0 0 0
-0.5475566983222961 -2.034060001373291 -27.229171752929688 0.48698174445738157 -0.8734121481667434 0 0 0 1 0 0 0 0 0 0
-0.787365734577179 -2.280653476715088 -26.83940887451172 0.8866606548756408 -0.4624206776253627 0 0 0 1 0 0 0 0 0 0
-0.8523281216621399 -2.6184372901916504 -26.44964599609375 0.9949318843011294 0.10055120884904453 0 0 0 1 0 0 0 0 0 0
-0.7210968136787415 -2.9363884925842285 -26.05988311767578 0.7762138590868973 0.6304697018584049 0 0 0 1 0 0 0 0 0 0
-0.4367988705635071 -3.130018711090088 -25.670120239257812 0.3023838498010264 0.9531862396087714 0 0 0 1 0 0 0 0 0 0
-0.09287340193986893 -3.135683536529541 -25.280357360839844 -0.2708268248807366 0.9626280854644844 0 0 0 1 0 0 0 0 0 0
-2.5506808757781982 -0.6894402503967285 -25.280357360839844 0.14490835427962642 -0.9894450812753431 0 0 0 -1 0 0 0 0 0 0
-2.067089796066284 -0.8329148292541504 -25.865001678466797 -0.661076717042734 -0.7503183152396061 0 0 0 -1 0 0 0 0 0 0
-1.8638447523117065 -1.2945847511291504 -26.44964599609375 -0.9998170120038188 0.019129623826817287 0 0 0 -1 0 0 0 0 0 0
-2.084599256515503 -1.748140811920166 -27.034290313720703 -0.6318926947253461 0.7750558833740574 0 0 0 -1 0 0 0 0 0 0
-2.573326826095581 -1.8730149269104004 -27.618934631347656 0.18265571755514037 0.9831769366926875 0 0 0 -1 0 0 0 0 0 0
-2.984593152999878 -1.5809426307678223 -28.20357894897461 0.868097421006155 0.4963938634214393 0 0 0 -1 0 0 0 0 0 0
-3.0277202129364014 -1.0783600807189941 -28.788223266601562 0.9399737900733004 -0.34124664683368666 0 0 0 -1 0 0 0 0 0 0
-1.8794525861740112 1.130460262298584 -28.788223266601562 -0.9738037714912097 0.22739000556202066 0 0 0 1 0 0 0 0 0 0
-1.946083903312683 1.5702719688415527 -28.278533935546875 -0.8627466571292329 -0.5056364361993052 0 0 0 1 0 0 0 0 0 0
-2.2972419261932373 1.8433318138122559 -27.768840789794922 -0.2774851136853223 -0.9607299369141382 0 0 0 1 0 0 0 0 0 0
-2.739910840988159 1.7995505332946777 -27.259151458740234 0.46029702331791733 -0.8877649747115869 0 0 0 1 0 0 0 0 0 0
-3.0307815074920654 1.462998867034912 -26.749462127685547 0.9450794088508536 -0.32684080370437374 0 0 0 1 0 0 0 0 0 0
-3.009974241256714 1.0186553001403809 -26.23977279663086 0.9104010555864399 0.4137268639901159 0 0 0 1 0 0 0 0 0 0
-2.688929319381714 0.7107558250427246 -25.730083465576172 0.37532679991069556 0.9268925467759448 0 0 0 1 0 0 0 0 0 0
-2.244105100631714 0.7085356712341309 -25.220394134521484 -0.3660484134204166 0.9305958086260628 0 0 0 1 0 0 0 0 0 0
-1.9200009107589722 1.013211727142334 -24.710704803466797 -0.9062213393632461 0.4228035998932415 0 0 0 1 0 0 0 0 0 0
-1.8947571516036987 1.4573264122009277 -24.201011657714844 -0.9482937835654948 -0.31739391936683126 0 0 0 1 0 0 0 0 0 0
-2.1822497844696045 1.7967658042907715 -23.691322326660156 -0.4691399131145928 -0.8831238542372369 0 0 0 1 0 0 0 0 0 0
-2.6244609355926514 1.8449645042419434 -23.18163299560547 0.26787474298747715 -0.9634537467203048 0 0 0 1 0 0 0 0 0 0
-2.9783294200897217 1.575425624847412 -22.67194366455078 0.8576587011209861 -0.5142193621320214 0 0 0 1 0 0 0 0 0 0
-3.049351453781128 1.1363043785095215 -22.162254333496094 0.9760268154889394 0.2176503054133395 0 0 0 1 0 0 0 0 0 0
0.33807677030563354 2.6303305625915527 -22.162254333496094 -0.9890779840022724 -0.14739315303636236 0 0 0 -1 0 0 0 0 0 0
0.28401488065719604 2.279092311859131 -22.552017211914062 -0.8989766776631356 0.43799649886471803 0 0 0 -1 0 0 0 0 0 0
0.04073064401745796 2.020047664642334 -22.94178009033203 -0.49350139734567733 0.8697450033302082 0 0 0 -1 0 0 0 0 0 0
-0.3064277768135071 1.9440703392028809 -23.33154296875 0.08509643481112789 0.9963727198104309 0 0 0 -1 0 0 0 0 0 0
-0.6356742978096008 2.0778136253356934 -23.72130584716797 0.63384032404779 0.7734639252162913 0 0 0 -1 0 0 0 0 0 0
-0.8315075039863586 2.3743643760681152 -24.111068725585938 0.9602293212037921 0.27921255469714223 0 0 0 -1 0 0 0 0 0 0
-0.8252246975898743 2.729684352874756 -24.500831604003906 0.9497582170547402 -0.3129845509557953 0 0 0 -1 0 0 0 0 0 0
2.5410969257354736 1.1479926109313965 -24.500831604003906 -0.9801694573494141 0.1981611336245204 0 0 0 1 0 0 0 0 0 0
2.5224125385284424 1.4560065269470215 -24.171031951904297 -0.949030535290445 -0.31518414155272956 0 0 0 1 0 0 0 0 0 0
2.3531124591827393 1.7140021324157715 -23.841232299804688 -0.6668650400233841 -0.7451785144477868 0 0 0 1 0 0 0 0 0 0
2.077977418899536 1.8537306785583496 -23.511432647705078 -0.20830450207214146 -0.9780640236796756 0 0 0 1 0 0 0 0 0 0
1.7697840929031372 1.8382353782653809 -23.18163299560547 0.3053553823388914 -0.95223846303154 0 0 0 1 0 0 0 0 0 0
1.5100528001785278 1.671617031097412 -22.85183334350586 0.7382364694504158 -0.6745420040096727 0 0 0 1 0 0 0 0 0 0
1.367482304573059 1.3979430198669434 -22.52203369140625 0.9758562052352238 -0.2184139801017982 0 0 0 1 0 0 0 0 0 0
1.3797847032546997 1.0896086692810059 -22.19223403930664 0.9553512878515089 0.2954723621600898 0 0 0 1 0 0 0 0 0 0
1.5437060594558716 0.8281645774841309 -21.86243438720703 0.6821491364604336 0.7312130712906361 0 0 0 1 0 0 0 0 0 0
1.815888524055481 0.682767391204834 -21.532634735107422 0.2285108722521382 0.9735413608381345 0 0 0 1 0 0 0 0 0 0
2.1243374347686768 0.6918768882751465 -21.202838897705078 -0.28557284058656485 0.9583570069234745 0 0 0 1 0 0 0 0 0 0
2.3874638080596924 0.853085994720459 -20.87303924560547 -0.7241192535085264 0.689674783284306 0 0 0 1 0 0 0 0 0 0
2.5356686115264893 1.123746395111084 -20.54323959350586 -0.9711237453687279 0.23857634245879072 0 0 0 1 0 0 0 0 0 0
2.529752016067505 1.4322714805603027 -20.21343994140625 -0.961262283565907 -0.275635306507816 0 0 0 1 0 0 0 0 0 0
2.012986421585083 -0.6861138343811035 -13.197709083557129 -0.09999061298052753 -0.9949883804928471 0 0 0 -1 0 0 0 0 0 0
2.297929048538208 -0.7921700477600098 -13.529007911682129 -0.5748876609794967 -0.8182323491854395 0 0 0 -1 0 0 0 0 0 0
2.4943020343780518 -1.0242867469787598 -13.860306739807129 -0.9021776977855034 -0.43136458085759544 0 0 0 -1 0 0 0 0 0 0
2.5516750812530518 -1.3228631019592285 -14.191605567932129 -0.9978021533025236 0.06626358626611836 0 0 0 -1 0 0 0 0 0 0
2.4553234577178955 -1.6112313270568848 -14.522900581359863 -0.8372162002198881 0.5468720454451592 0 0 0 -1 0 0 0 0 0 0
2.229985475540161 -1.8153443336486816 -14.854199409484863 -0.46164627501334005 0.8870640995814831 0 0 0 -1 0 0 0 0 0 0
1.933522343635559 -1.8827919960021973 -15.185498237609863 0.03244737661536338 0.9994734452454357 0 0 0 -1 0 0 0 0 0 0
1.6420565843582153 -1.7962517738342285 -15.516797065734863 0.518226371097323 0.8552434906500602 0 0 0 -1 0 0 0 0 0 0
1.4304362535476685 -1.5779480934143066 -15.848095893859863 0.8709326672564844 0.49140236986150737 0 0 0 -1 0 0 0 0 0 0
1.3529940843582153 -1.283937931060791 -16.179393768310547 0.9999990322243819 0.0013912405613865674 0 0 0 -1 0 0 0 0 0 0
1.4296237230300903 -0.9897103309631348 -16.510692596435547 0.872284758231331 -0.48899826232544863 0 0 0 -1 0 0 0 0 0 0
1.6406413316726685 -0.7708230018615723 -16.841991424560547 0.5205842839870964 -0.8538102852892099 0 0 0 -1 0 0 0 0 0 0
1.9318629503250122 -0.6834778785705566 -17.173290252685547 0.035218500101385386 -0.9993796361996821 0 0 0 -1 0 0 0 0 0 0
2.22851300239563 -0.7501053810119629 -17.504589080810547 -0.45919612256986464 -0.8883349148923518 0 0 0 -1 0 0 0 0 0 0
2.4544155597686768 -0.9535965919494629 -17.83588409423828 -0.8357018016059116 -0.5491834837216373 0 0 0 -1 0 0 0 0 0 0
2.5515644550323486 -1.2416977882385254 -18.16718292236328 -0.9976157802566599 -0.06901271609562638 0 0 0 -1 0 0 0 0 0 0
2.4950153827667236 -1.5404305458068848 -18.49848175048828 -0.9033648859430692 0.42887280497259955 0 0 0 -1 0 0 0 0 0 0
2.299283266067505 -1.7730889320373535 -18.82978057861328 -0.577144748361815 0.8166418673068245 0 0 0 -1 0 0 0 0 0 0
2.014634370803833 -1.8799309730529785 -19.16107940673828 -0.1027283886749033 0.9947094440892064 0 0 0 -1 0 0 0 0 0 0
1.7141581773757935 -1.8335213661193848 -19.49237823486328 0.3980642584877304 0.917357534505829 0 0 0 -1 0 0 0 0 0 0
1.4750109910964966 -1.6457772254943848 -19.82367706298828 0.7966432057513108 0.6044498347508044 0 0 0 -1 0 0 0 0 0 0
2.3762028217315674 1.6922125816345215 -19.82367706298828 -0.7053431086803269 -0.7088660656549817 0 0 0 1 0 0 0 0 0 0
2.103947877883911 1.847592830657959 -19.489593505859375 -0.2515905533077246 -0.9678337633531457 0 0 0 1 0 0 0 0 0 0
1.7904940843582153 1.844468593597412 -19.15550994873047 0.27083200294760534 -0.9626266286465321 0 0 0 1 0 0 0 0 0 0
1.521393895149231 1.6836905479431152 -18.821430206298828 0.7193351476192071 -0.6946631884587331 0 0 0 1 0 0 0 0 0 0
1.3701030015945435 1.4091429710388184 -18.487346649169922 0.971488768573455 -0.23708558061516946 0 0 0 1 0 0 0 0 0 0
1.3779155015945435 1.0957694053649902 -18.153263092041016 0.9584665017276566 0.28520512804987924 0 0 0 1 0 0 0 0 0 0
1.5426989793777466 0.8291068077087402 -17.819183349609375 0.6838306499611362 0.7296407624123875 0 0 0 1 0 0 0 0 0 0
1.819478154182434 0.6819357872009277 -17.48509979248047 0.22252928701675664 0.9749260056126383 0 0 0 1 0 0 0 0 0 0
-0.042198967188596725 3.1027464866638184 -17.48509979248047 -0.35528326010198436 -0.9347586881603753 0 0 0 -1 0 0 0 0 0 0
0.24170415103435516 2.8779234886169434 -17.874862670898438 -0.8284565029939704 -0.5600534105306397 0 0 0 -1 0 0 0 0 0 0
0.3445255160331726 2.5306830406188965 -18.264625549316406 -0.9998254990628036 0.018680776852573792 0 0 0 -1 0 0 0 0 0 0
0.22880475223064423 2.187528133392334 -18.654388427734375 -0.8069585894232505 0.5906080214118649 0 0 0 -1 0 0 0 0 0 0
-0.0632980540394783 1.973466396331787 -19.044151306152344 -0.3201194665893613 0.9473771831274717 0 0 0 -1 0 0 0 0 0 0
-0.4253738522529602 1.9664816856384277 -19.433914184570312 0.2833433267534805 0.9590185395414785 0 0 0 -1 0 0 0 0 0 0
-0.7255180478096008 2.1691184043884277 -19.82367706298828 0.7835814918770275 0.6212890193684192 0 0 0 -1 0 0 0 0 0 0
-0.8543861508369446 2.507554531097412 -20.21343994140625 0.9983609289380472 0.05723159590610542 0 0 0 -1 0 0 0 0 0 0
-0.7650344967842102 2.8585028648376465 -20.60320281982422 0.8494410986391762 -0.5276834467203505 0 0 0 -1 0 0 0 0 0 0
-0.49001389741897583 3.0941100120544434 -20.992965698242188 0.3910724541512428 -0.9203598946086928 0 0 0 -1 0 0 0 0 0 0
-0.12951166927814484 3.1285452842712402 -21.382728576660156 -0.20976354711215606 -0.9777521435941351 0 0 0 -1 0 0 0 0 0 0
0.18513981997966766 2.9492621421813965 -21.772491455078125 -0.7341845748988519 -0.6789499318658131 0 0 0 -1 0 0 0 0 0 0
-2.8607490062713623 0.8170256614685059 -21.772491455078125 0.6616910259238478 0.7497766242100681 0 0 0 1 0 0 0 0 0 0
-2.477595090866089 0.6670546531677246 -21.321186065673828 0.023101402934213793 0.9997331269806314 0 0 0 1 0 0 0 0 0 0
-2.087923765182495 0.7991690635681152 -20.86988067626953 -0.6263492287646769 0.7795425861528634 0 0 0 1 0 0 0 0 0 0
-1.8749855756759644 1.151242733001709 -20.4185791015625 -0.9812470075454065 0.19275453349580374 0 0 0 1 0 0 0 0 0 0
-1.9389218091964722 1.557706356048584 -19.967273712158203 -0.8746859047250448 -0.4846901774075164 0 0 0 1 0 0 0 0 0 0
-2.2496650218963623 1.8274054527282715 -19.515968322753906 -0.35678159306275276 -0.9341878263238095 0 0 0 1 0 0 0 0 0 0
-2.6610801219940186 1.8335089683532715 -19.06466293334961 0.32891072225839385 -0.9443610203642787 0 0 0 1 0 0 0 0 0 0
-2.979687452316284 1.573148250579834 -18.613361358642578 0.8599206127695994 -0.5104278007063848 0 0 0 1 0 0 0 0 0 0
-3.0556552410125732 1.1687636375427246 -18.16205596923828 0.9865351684342054 0.1635492630447908 0 0 0 1 0 0 0 0 0 0
-2.853256940841675 0.8105254173278809 -17.710750579833984 0.6492090323444313 0.7606100395882288 0 0 0 1 0 0 0 0 0 0
-2.467674970626831 0.6669058799743652 -17.259445190429688 0.006569135802431929 0.9999784229946208 0 0 0 1 0 0 0 0 0 0
-2.0802409648895264 0.805448055267334 -16.808143615722656 -0.6391575029127399 0.7690758652241995 0 0 0 1 0 0 0 0 0 0
-1.8731545209884644 1.1609930992126465 -16.35683822631836 -0.9843010714814092 0.17649759397949216 0 0 0 1 0 0 0 0 0 0
-1.9438027143478394 1.566342830657959 -15.905533790588379 -0.8665526752069228 -0.49908562501010334 0 0 0 1 0 0 0 0 0 0
-2.2589614391326904 1.830869197845459 -15.454232215881348 -0.3412849413546685 -0.9399598868061022 0 0 0 1 0 0 0 0 0 0
-2.6704204082489014 1.8301711082458496 -15.00292682647705 0.3444725502331389 -0.9387963901378604 0 0 0 1 0 0 0 0 0 0
-2.9846808910369873 1.5645766258239746 -14.551621437072754 0.8682396898976166 -0.49614497970501586 0 0 0 1 0 0 0 0 0 0
-3.0539519786834717 1.1589903831481934 -14.100316047668457 0.9836958561082364 0.17984010307905152 0 0 0 1 0 0 0 0 0 0
-2.84565806388855 0.8041472434997559 -13.649014472961426 0.6365398258379753 0.7712438331177499 0 0 0 1 0 0 0 0 0 0
-2.4577548503875732 0.6669211387634277 -13.197709083557129 -0.00996864911101473 0.9999503117829912 0 0 0 1 0 0 0 0 0 0
-0.1953781396150589 3.1388869285583496 -13.197709083557129 -0.09998471208562766 -0.9949889734811909 0 0 0 -1 0 0 0 0 0 0
0.13295285403728485 2.9992804527282715 -13.587471961975098 -0.647206021646228 -0.7623151353245338 0 0 0 -1 0 0 0 0 0 0
0.32397955656051636 2.6979498863220215 -13.977234840393066 -0.9655830919504015 -0.2600947760711508 0 0 0 -1 0 0 0 0 0 0
0.31015509366989136 2.341439723968506 -14.366997718811035 -0.9425412446930019 0.3340898113570165 0 0 0 -1 0 0 0 0 0 0
0.09636800736188889 2.0558066368103027 -14.756760597229004 -0.5862313581903101 0.8101436876717268 0 0 0 -1 0 0 0 0 0 0
-0.24178965389728546 1.942044734954834 -15.146523475646973 -0.022635517792146842 0.9997437838437813 0 0 0 -1 0 0 0 0 0 0
-0.5847480893135071 2.040383815765381 -15.536286354064941 0.5489585768748935 0.8358495563649548 0 0 0 -1 0 0 0 0 0 0
-0.8112438321113586 2.3160529136657715 -15.92604923248291 0.9264575295998653 0.37639931701281615 0 0 0 -1 0 0 0 0 0 0
-0.8411872982978821 2.6715712547302246 -16.315811157226562 0.9763654529638688 -0.21612612581235785 0 0 0 -1 0 0 0 0 0 0
-0.6639946103096008 2.981240749359131 -16.70557403564453 0.681042602474403 -0.7322437938384269 0 0 0 -1 0 0 0 0 0 0
-0.3423164486885071 3.1355605125427246 -17.0953369140625 0.14491384633696805 -0.9894442769250958 0 0 0 -1 0 0 0 0 0 0
2.1154911518096924 0.6893172264099121 -17.0953369140625 -0.27083200294760534 0.9626266286465321 0 0 0 1 0 0 0 0 0 0
2.3731777667999268 0.8385863304138184 -16.77053451538086 -0.7003032408226368 0.7138454811044979 0 0 0 1 0 0 0 0 0 0
2.5273563861846924 1.093369960784912 -16.44573211669922 -0.957265546478277 0.28921043121859524 0 0 0 1 0 0 0 0 0 0
2.5400402545928955 1.3909010887145996 -16.120929718017578 -0.9784092081638809 -0.2066770944737899 0 0 0 1 0 0 0 0 0 0
2.408108949661255 1.6578803062438965 -15.796128273010254 -0.7585243288159752 -0.6516447211435648 0 0 0 1 0 0 0 0 0 0
2.16405987739563 1.8285422325134277 -15.471325874328613 -0.35177256526334244 -0.9360854994753671 0 0 0 1 0 0 0 0 0 0
1.8680163621902466 1.8608450889587402 -15.146523475646973 0.1416255507272158 -0.9899203015299832 0 0 0 1 0 0 0 0 0 0
1.5929080247879028 1.7468276023864746 -14.821721076965332 0.6001400122595443 -0.799894971658851 0 0 0 1 0 0 0 0 0 0
1.4065066576004028 1.5145812034606934 -14.496918678283691 0.9108139627881954 -0.4128170601974484 0 0 0 1 0 0 0 0 0 0
1.3547297716140747 1.2213149070739746 -14.17211627960205 0.9971110366103427 0.07595775582419485 0 0 0 1 0 0 0 0 0 0
1.4503337144851685 0.9392790794372559 -13.84731388092041 0.8377705991630653 0.546022365089525 0 0 0 1 0 0 0 0 0 0
1.6697665452957153 0.7379469871520996 -13.52251148223877 0.4720451797570617 0.8815743577646321 0 0 0 1 0 0 0 0 0 0
1.958974003791809 0.6669211387634277 -13.197709083557129 -0.00996303984859335 0.9999503676868045 0 0 0 1 0 0 0 0 0 0
-2.0578315258026123 0.8250288963317871 -12.80794620513916 -0.6765066609095607 0.7364365130444013 0 0 0 1 0 0 0 0 0 0
-1.8651379346847534 1.225888729095459 -12.3068208694458 -0.9976621391627799 0.06833927188041834 0 0 0 1 0 0 0 0 0 0
-2.001368284225464 1.649278163909912 -11.805699348449707 -0.7706088202013005 -0.6373084388488509 0 0 0 1 0 0 0 0 0 0
-2.3916690349578857 1.8625502586364746 -11.304574012756348 -0.12010653449223256 -0.9927610086885293 0 0 0 1 0 0 0 0 0 0
-2.821568250656128 1.7485098838806152 -10.803452491760254 0.5963910314665206 -0.80269404980123 0 0 0 1 0 0 0 0 0 0
-3.0548388957977295 1.3698248863220215 -10.302327156066895 0.9851736040432882 -0.1715603972260447 0 0 0 1 0 0 0 0 0 0
-2.963299512863159 0.9345755577087402 -9.8012056350708 0.8326091308777975 0.5538610251488351 0 0 0 1 0 0 0 0 0 0
-2.5972506999969482 0.6819357872009277 -9.300080299377441 0.22252395500626454 0.9749272226419622 0 0 0 1 0 0 0 0 0 0
-2.250563383102417 -0.7222504615783691 -9.300080299377441 -0.35528325052826726 -0.9347586917991555 0 0 0 -1 0 0 0 0 0 0
-1.9172066450119019 -1.0355019569396973 -9.8012056350708 -0.9108802052154272 -0.4126708758159473 0 0 0 -1 0 0 0 0 0 0
-1.9015244245529175 -1.492678165435791 -10.302327156066895 -0.9370145832508284 0.349290238591456 0 0 0 -1 0 0 0 0 0 0
-2.212631940841675 -1.828035831451416 -10.803452491760254 -0.41850669210333524 0.9082137131010102 0 0 0 -1 0 0 0 0 0 0
-2.6696956157684326 -1.846651554107666 -11.304574012756348 0.34326909129261346 0.9392371005039906 0 0 0 -1 0 0 0 0 0 0
-3.007042646408081 -1.5376992225646973 -11.805699348449707 0.9055134324896944 0.424317597538367 0 0 0 -1 0 0 0 0 0 0
-3.0285861492156982 -1.080763339996338 -12.3068208694458 0.9414185953368096 -0.3372403124688209 0 0 0 -1 0 0 0 0 0 0
-2.72180438041687 -0.7414422035217285 -12.80794620513916 0.4301147444938781 -0.9027742279047216 0 0 0 -1 0 0 0 0 0 0
-2.26501727104187 -0.7169709205627441 -13.309067726135254 -0.3311968984977319 -0.9435616643471071 0 0 0 -1 0 0 0 0 0 0
-1.9237374067306519 -1.0215706825256348 -13.810193061828613 -0.8999961471702741 -0.4358978493622817 0 0 0 -1 0 0 0 0 0 0
-1.8963345289230347 -1.4781899452209473 -14.311318397521973 -0.9456675361588461 0.32513521964754516 0 0 0 -1 0 0 0 0 0 0
-2.1987388134002686 -1.8214173316955566 -14.812439918518066 -0.4416579742417537 0.8971835006221808 0 0 0 -1 0 0 0 0 0 0
-2.655174970626831 -1.851747989654541 -15.313565254211426 0.31906379563231635 0.9477332400610942 0 0 0 -1 0 0 0 0 0 0
-3.0003345012664795 -1.5515503883361816 -15.81468677520752 0.8943306810666458 0.4474065633211807 0 0 0 -1 0 0 0 0 0 0
-3.0335891246795654 -1.0953164100646973 -16.315811157226562 0.9497582170547402 -0.3129845509557953 0 0 0 -1 0 0 0 0 0 0
0.3327304720878601 -2.6770081520080566 -16.315811157226562 -0.9801668385804561 0.19817408646741408 0 0 0 1 0 0 0 0 0 0
0.29752081632614136 -2.325056552886963 -15.92604923248291 -0.9214847283839839 -0.388414592098566 0 0 0 1 0 0 0 0 0 0
0.07016866654157639 -2.054098606109619 -15.536286354064941 -0.5425607291390661 -0.8400165803102253 0 0 0 1 0 0 0 0 0 0
-0.270315945148468 -1.9582924842834473 -15.146523475646973 0.024913142242689555 -0.9996896195037717 0 0 0 1 0 0 0 0 0 0
-0.6056068539619446 -2.070936679840088 -14.756760597229004 0.5837285185803951 -0.8119489002369161 0 0 0 1 0 0 0 0 0 0
-0.8191803097724915 -2.3528847694396973 -14.366997718811035 0.9396875688468389 -0.342034023095243 0 0 0 1 0 0 0 0 0 0
-0.8368194699287415 -2.706148624420166 -13.977234840393066 0.9690837130348764 0.24673215666089676 0 0 0 1 0 0 0 0 0 0
-0.6523903012275696 -3.007967472076416 -13.587471961975098 0.6617028994619604 0.7497661454371188 0 0 0 1 0 0 0 0 0 0
-0.3299873471260071 -3.1534485816955566 -13.197709083557129 0.12436475950578728 0.9922365678572159 0 0 0 1 0 0 0 0 0 0
0.018347909674048424 -3.0920357704162598 -12.80794620513916 -0.4561980964165722 0.8898782483159681 0 0 0 1 0 0 0 0 0 0
0.2715579867362976 -2.8450684547424316 -12.418183326721191 -0.878210969453038 0.4782734501646053 0 0 0 1 0 0 0 0 0 0
0.34164923429489136 -2.4983773231506348 -12.028420448303223 -0.9950323014879027 -0.09955259411832336 0 0 0 1 0 0 0 0 0 0
0.2042628973722458 -2.1724419593811035 -11.638657569885254 -0.7660534164091828 -0.6427769155841078 0 0 0 1 0 0 0 0 0 0
-0.09285623580217361 -1.9805359840393066 -11.248894691467285 -0.2708557418136379 -0.9626199494746532 0 0 0 1 0 0 0 0 0 0
-0.44645386934280396 -1.9893479347229004 -10.859131813049316 0.3184769887447272 -0.9479305922060385 0 0 0 1 0 0 0 0 0 0
-0.7336433529853821 -2.1958184242248535 -10.469368934631348 0.7971251222120106 -0.6038141597697814 0 0 0 1 0 0 0 0 0 0
-0.8546226620674133 -2.5281929969787598 -10.079606056213379 0.9987567557007001 -0.04984920202181818 0 0 0 1 0 0 0 0 0 0
-0.7673481106758118 -2.870962619781494 -9.68984317779541 0.8532975030283798 0.5214243677903176 0 0 0 1 0 0 0 0 0 0
-0.502148449420929 -3.1050057411193848 -9.300080299377441 0.41129796135887353 0.9115009528146609 0 0 0 1 0 0 0 0 0 0
-0.1511886864900589 -3.1489930152893066 -8.910317420959473 -0.1736362001607403 0.9848098648946098 0 0 0 1 0 0 0 0 0 0
0.1635677069425583 -2.987631320953369 -8.520554542541504 -0.6982302489993051 0.7158732565073012 0 0 0 1 0 0 0 0 0 0
0.3327323794364929 -2.6770005226135254 -8.130791664123535 -0.9801714173529487 0.19815143856230671 0 0 0 1 0 0 0 0 0 0
0.29751890897750854 -2.3250527381896973 -7.741028308868408 -0.9214798662414575 -0.38842612696834045 0 0 0 1 0 0 0 0 0 0
0.07016294449567795 -2.0540947914123535 -7.351269245147705 -0.5425567706656852 -0.8400191370467838 0 0 0 1 0 0 0 0 0 0
-0.27032166719436646 -1.9582924842834473 -6.961506366729736 0.0249187485643099 -0.9996894797735888 0 0 0 1 0 0 0 0 0 0
-0.6056106686592102 -2.0709404945373535 -6.571743488311768 0.5837322169251614 -0.8119462414000304 0 0 0 1 0 0 0 0 0 0
-0.8191841244697571 -2.352888584136963 -6.181980609893799 0.9396882251255206 -0.34203222006186607 0 0 0 1 0 0 0 0 0 0
-0.8368175625801086 -2.7061562538146973 -5.79221773147583 0.9690806887713646 0.24674403468051187 0 0 0 1 0 0 0 0 0 0
-0.6523845791816711 -3.0079712867736816 -5.402454853057861 0.6616965922583695 0.7497717117854348 0 0 0 1 0 0 0 0 0 0
2.3935062885284424 -0.875734806060791 -5.402454853057861 -0.7341789922747981 -0.6789559686035332 0 0 0 -1 0 0 0 0 0 0
2.532925844192505 -1.129225254058838 -5.732250690460205 -0.9665520794186193 -0.2564704228006479 0 0 0 -1 0 0 0 0 0 0
2.537522554397583 -1.4184937477111816 -6.062046527862549 -0.9742087783481117 0.22564852357035184 0 0 0 -1 0 0 0 0 0 0
2.4062206745147705 -1.676283359527588 -6.391849994659424 -0.755373592239071 0.6552943889183254 0 0 0 -1 0 0 0 0 0 0
2.1695492267608643 -1.842665195465088 -6.721645832061768 -0.3609270574732262 0.9325940484389329 0 0 0 -1 0 0 0 0 0 0
1.8825312852859497 -1.8789544105529785 -7.051449298858643 0.11743686761620231 0.993080350286166 0 0 0 -1 0 0 0 0 0 0
1.611897587776184 -1.776716709136963 -7.381245136260986 0.5684933146187267 0.8226878820268435 0 0 0 -1 0 0 0 0 0 0
1.420563817024231 -1.5597214698791504 -7.711044788360596 0.8873905168617973 0.46101851436113955 0 0 0 -1 0 0 0 0 0 0
1.3530131578445435 -1.2784180641174316 -8.040844917297363 0.9999695098339719 -0.007808930938720962 0 0 0 -1 0 0 0 0 0 0
1.4249507188796997 -0.998201847076416 -8.370644569396973 0.8800723356376341 -0.4748396403474752 0 0 0 -1 0 0 0 0 0 0
1.6196566820144653 -0.7842240333557129 -8.700444221496582 0.5555672660996951 -0.8314715947273907 0 0 0 -1 0 0 0 0 0 0
1.8918544054031372 -0.6862320899963379 -9.030243873596191 0.10189733786690773 -0.9947949198380726 0 0 0 -1 0 0 0 0 0 0
2.178269624710083 -0.7270035743713379 -9.3600435256958 -0.3754571631144909 -0.9268397481042872 0 0 0 -1 0 0 0 0 0 0
2.4123127460479736 -0.8970627784729004 -9.68984317779541 -0.7655282368839068 -0.6434022991359428 0 0 0 -1 0 0 0 0 0 0
1.5559817552566528 0.8170256614685059 -9.68984317779541 0.6616910259238478 0.7497766242100681 0 0 0 1 0 0 0 0 0 0
1.8150264024734497 0.6829733848571777 -9.368863105773926 0.22994913842752335 0.9732026478264636 0 0 0 1 0 0 0 0 0 0
2.1066715717315674 0.6869063377380371 -9.047879219055176 -0.2561232234535358 0.9666441405231658 0 0 0 1 0 0 0 0 0 0
2.3620007038116455 0.8279013633728027 -8.726899147033691 -0.681678783188611 0.7316515813900046 0 0 0 1 0 0 0 0 0 0
2.520676851272583 1.0726332664489746 -8.405919075012207 -0.946136673076128 0.3237675027862374 0 0 0 1 0 0 0 0 0 0
2.5452053546905518 1.3632712364196777 -8.084939002990723 -0.987014427532366 -0.1606316277790761 0 0 0 1 0 0 0 0 0 0
2.429784059524536 1.6311354637145996 -7.7639546394348145 -0.7946449973439393 -0.6070744008737733 0 0 0 1 0 0 0 0 0 0
2.2016918659210205 1.812924861907959 -7.44297456741333 -0.41449007259156767 -0.9100538334203295 0 0 0 1 0 0 0 0 0 0
1.9148303270339966 1.865678310394287 -7.12199068069458 0.06360410415254919 -0.9979752090783378 0 0 0 1 0 0 0 0 0 0
1.6369868516921997 1.776933193206787 -6.801014423370361 0.526680955390789 -0.8500630395615644 0 0 0 1 0 0 0 0 0 0
1.4338198900222778 1.567655086517334 -6.480030536651611 0.8652956701416357 -0.5012618110669691 0 0 0 1 0 0 0 0 0 0
1.3533412218093872 1.287309169769287 -6.159046649932861 0.9994208427529725 -0.03402909153853662 0 0 0 1 0 0 0 0 0 0
1.4145671129226685 1.002133846282959 -5.838070392608643 0.8973761864656264 0.44126633676772675 0 0 0 1 0 0 0 0 0 0
1.6030322313308716 0.7795271873474121 -5.517086505889893 0.5832709456987876 0.8122776642895225 0 0 0 1 0 0 0 0 0 0
1.874196171760559 0.6720900535583496 -5.196102619171143 0.13132660485028444 0.9913391563226468 0 0 0 1 0 0 0 0 0 0
2.1639797687530518 0.7052130699157715 -4.875126361846924 -0.3516398064561748 0.9361353783056507 0 0 0 1 0 0 0 0 0 0
2.4039089679718018 0.8710684776306152 -4.554142475128174 -0.751525558928774 0.6597039747316928 0 0 0 1 0 0 0 0 0 0
2.537278413772583 1.130460262298584 -4.233166217803955 -0.9738037896202347 0.22738992792397283 0 0 0 1 0 0 0 0 0 0
-0.8193557858467102 2.7466368675231934 -4.233166217803955 0.9399780421141116 -0.34123493423640144 0 0 0 -1 0 0 0 0 0 0
-0.6060188412666321 3.028764247894287 -4.622929096221924 0.5844171832133171 -0.8114533603140799 0 0 0 -1 0 0 0 0 0 0
-0.27082520723342896 3.1416945457458496 -5.012691974639893 0.025760247719873456 -0.9996681497564134 0 0 0 -1 0 0 0 0 0 0
0.06974142044782639 3.0461783409118652 -5.402454853057861 -0.5418521206205081 -0.8404738421741977 0 0 0 -1 0 0 0 0 0 0
0.29732245206832886 2.7754111289978027 -5.79221773147583 -0.9211533588889749 -0.38919980653587094 0 0 0 -1 0 0 0 0 0 0
0.33283156156539917 2.4234938621520996 -6.181980609893799 -0.9803365395122339 0.19733288954753084 0 0 0 -1 0 0 0 0 0 0
0.16392819583415985 2.112718105316162 -6.571743488311768 -0.6988292397973307 0.715288538706084 0 0 0 -1 0 0 0 0 0 0
-0.15069086849689484 1.9510931968688965 -6.961506366729736 -0.1744663054396926 0.9846631445658073 0 0 0 -1 0 0 0 0 0 0
-0.5016887784004211 1.9947867393493652 -7.351269245147705 0.41052888418845107 0.9118475943089313 0 0 0 -1 0 0 0 0 0 0
-0.7670848965644836 2.2286086082458496 -7.741028308868408 0.8528587475249643 0.5221417018110596 0 0 0 -1 0 0 0 0 0 0
-0.8546474575996399 2.571305751800537 -8.130791664123535 0.9987978446477863 -0.049019032292942466 0 0 0 -1 0 0 0 0 0 0
-0.7339485287666321 2.9037795066833496 -8.520554542541504 0.7976295781968256 -0.6031476237087852 0 0 0 -1 0 0 0 0 0 0
-0.4469326138496399 3.110490322113037 -8.910317420959473 0.3192739710699848 -0.9476624564670706 0 0 0 -1 0 0 0 0 0 0
-0.09334451705217361 3.1196036338806152 -9.300080299377441 -0.2700404627587811 -0.9628489749036572 0 0 0 -1 0 0 0 0 0 0
0.20393674075603485 2.927945613861084 -9.68984317779541 -0.7655134167168568 -0.6434199319468461 0 0 0 -1 0 0 0 0 0 0
0.34159964323043823 2.602128505706787 -10.079606056213379 -0.9949478130070676 -0.10039347285781816 0 0 0 -1 0 0 0 0 0 0
0.2718002200126648 2.2553763389587402 -10.469368934631348 -0.8786140777343879 0.4775325145023644 0 0 0 -1 0 0 0 0 0 0
0.018798043951392174 2.008195400238037 -10.859131813049316 -0.4569436282922306 0.8894956551682149 0 0 0 -1 0 0 0 0 0 0
-0.3294838070869446 1.946488857269287 -11.248894691467285 0.12352378819724882 0.9923416114168555 0 0 0 -1 0 0 0 0 0 0
-0.6520088315010071 2.0916953086853027 -11.638657569885254 0.6610648353455556 0.7503287835806072 0 0 0 -1 0 0 0 0 0 0
-0.8366935849189758 2.393357753753662 -12.028420448303223 0.9688718615317891 0.24756275150338342 0 0 0 -1 0 0 0 0 0 0
-0.8193557858467102 2.7466368675231934 -12.418183326721191 0.9399780421141116 -0.34123493423640144 0 0 0 -1 0 0 0 0 0 0
-0.6060188412666321 3.028764247894287 -12.80794620513916 0.5844171832133171 -0.8114533603140799 0 0 0 -1 0 0 0 0 0 0
2.529752016067505 1.4322714805603027 -3.8434035778045654 -0.961262283565907 -0.275635306507816 0 0 0 1 0 0 0 0 0 0
2.392014741897583 1.675870418548584 -3.531590223312378 -0.7317000308300864 -0.6816267782909138 0 0 0 1 0 0 0 0 0 0
2.1587727069854736 1.830502986907959 -3.2197768688201904 -0.34296433140036986 -0.9393484270424353 0 0 0 1 0 0 0 0 0 0
1.880768895149231 1.8625311851501465 -2.907971143722534 0.12037593135205334 -0.9927283793420665 0 0 0 1 0 0 0 0 0 0
1.6184779405593872 1.7649855613708496 -2.5961577892303467 0.5575295256504301 -0.8301571104483816 0 0 0 1 0 0 0 0 0 0
1.4289523363113403 1.5590910911560059 -2.2843520641326904 0.873407375992647 -0.4869903033548396 0 0 0 1 0 0 0 0 0 0
1.353425145149231 1.2896323204040527 -1.9725385904312134 0.999281532852271 -0.037900106865491175 0 0 0 1 0 0 0 0 0 0
1.408326268196106 1.0152297019958496 -1.6607252359390259 0.9077846069177621 0.41943665486359677 0 0 0 1 0 0 0 0 0 0
1.5817080736160278 0.7955679893493652 -1.3489195108413696 0.6188076146825181 0.7855425742828535 0 0 0 1 0 0 0 0 0 0
1.8358584642410278 0.6784377098083496 -1.0371061563491821 0.19523358503709504 0.9807567727390738 0 0 0 1 0 0 0 0 0 0
2.1154911518096924 0.6893172264099121 -0.7253004312515259 -0.27083200294760534 0.9626266286465321 0 0 0 1 0 0 0 0 0 0
-0.3423164486885071 3.1355605125427246 -0.7253004312515259 0.14491384633696805 -0.9894442769250958 0 0 0 -1 0 0 0 0 0 0
-0.03414423391222954 3.099618434906006 -1.0717512369155884 -0.3687089728642893 -0.9295448850536272 0 0 0 -1 0 0 0 0 0 0
0.21487347781658173 2.914548397064209 -1.4182096719741821 -0.7837349494172628 -0.6210954266953838 0 0 0 -1 0 0 0 0 0 0
0.33815115690231323 2.6298270225524902 -1.7646681070327759 -0.9892029810382583 -0.14655190993304434 0 0 0 -1 0 0 0 0 0 0
0.30272406339645386 2.3215956687927246 -2.111119031906128 -0.9301562333798514 0.36716397086943 0 0 0 -1 0 0 0 0 0 0
0.11806600540876389 2.0722708702087402 -2.4575774669647217 -0.6223895593759807 0.7827076314817508 0 0 0 -1 0 0 0 0 0 0
-0.1664455682039261 1.9485182762145996 -2.8040359020233154 -0.148206035153152 0.9889565061943739 0 0 0 -1 0 0 0 0 0 0
-0.4747360348701477 1.9834303855895996 -3.150486707687378 0.3656082869476643 0.9307688115290468 0 0 0 -1 0 0 0 0 0 0
-0.7243698239326477 2.1676764488220215 -3.4969451427459717 0.7816683281621741 0.6236943359917194 0 0 0 -1 0 0 0 0 0 0
-0.8485954403877258 2.451982021331787 -3.8434035778045654 0.9887088056925111 0.1498495830694504 0 0 0 -1 0 0 0 0 0 0
1.389008641242981 -1.0783600807189941 3.9518539905548096 0.9399737900733004 -0.34124664683368666 0 0 0 -1 0 0 0 0 0 0
1.5627375841140747 -0.8273682594299316 3.619837999343872 0.6504309484089152 -0.7595653897801551 0 0 0 -1 0 0 0 0 0 0
1.8374797105789185 -0.6943306922912598 3.2878143787384033 0.19251805349052908 -0.9812934316911623 0 0 0 -1 0 0 0 0 0 0
2.142117738723755 -0.7136940956115723 2.955798387527466 -0.3152077078406583 -0.9490227083256954 0 0 0 -1 0 0 0 0 0 0
2.3978054523468018 -0.8804383277893066 2.623774766921997 -0.7413518155947483 -0.6711165960653711 0 0 0 -1 0 0 0 0 0 0
2.5383617877960205 -1.1514077186584473 2.2917587757110596 -0.9756118585012395 -0.2195028508966506 0 0 0 -1 0 0 0 0 0 0
2.5274059772491455 -1.456465244293213 1.9597352743148804 -0.9573506668758397 0.2889285389718102 0 0 0 -1 0 0 0 0 0 0
2.367772340774536 -1.7166504859924316 1.6277192831039429 -0.6912993189791343 0.7225685099552741 0 0 0 -1 0 0 0 0 0 0
2.1007778644561768 -1.8646225929260254 1.2956956624984741 -0.24630625321947716 0.9691920499183754 0 0 0 -1 0 0 0 0 0 0
1.7955371141433716 -1.8620781898498535 0.9636720418930054 0.26242905268245476 0.9649512901220401 0 0 0 -1 0 0 0 0 0 0
1.5310488939285278 -1.7096734046936035 0.6316560506820679 0.7032422964696065 0.7109502601843214 0 0 0 -1 0 0 0 0 0 0
1.3757754564285278 -1.4468636512756348 0.29963240027427673 0.9620337306080424 0.272930579401379 0 0 0 -1 0 0 0 0 0 0
1.369904637336731 -1.141664981842041 -0.03238357603549957 0.9718168553400002 -0.2357371410640953 0 0 0 -1 0 0 0 0 0 0
1.5149585008621216 -0.8730759620666504 -0.3644072115421295 0.7300639155724359 -0.6833788694267942 0 0 0 -1 0 0 0 0 0 0
1.7733927965164185 -0.7106194496154785 -0.6964231729507446 0.29934167679060786 -0.9541459849185486 0 0 0 -1 0 0 0 0 0 0
2.078313112258911 -0.6963410377502441 -1.0284467935562134 -0.20886625632369984 -0.9779442146509802 0 0 0 -1 0 0 0 0 0 0
2.350796937942505 -0.8339371681213379 -1.3604627847671509 -0.6630068619071497 -0.7486133187861633 0 0 0 -1 0 0 0 0 0 0
2.5203144550323486 -1.0877938270568848 -1.6924864053726196 -0.9455353780124379 -0.32551935261498044 0 0 0 -1 0 0 0 0 0 0
2.5429928302764893 -1.3922066688537598 -2.024510145187378 -0.9833285479843681 0.1818377483333826 0 0 0 -1 0 0 0 0 0 0
2.4129574298858643 -1.668379306793213 -2.3565261363983154 -0.7665983971962709 0.6421268546137192 0 0 0 -1 0 0 0 0 0 0
2.1638691425323486 -1.8448281288146973 -2.688549757003784 -0.3514566286262178 0.9362041648031123 0 0 0 -1 0 0 0 0 0 0
1.860200047492981 -1.875887393951416 -3.0205657482147217 0.15465342197050302 0.987968784462755 0 0 0 -1 0 0 0 0 0 0
1.5805484056472778 -1.7535157203674316 -3.3525893688201904 0.6207382910168847 0.7840178403999727 0 0 0 -1 0 0 0 0 0 0
1.397297978401184 -1.509382724761963 -3.684605360031128 0.9261616025508678 0.37712688310488834 0 0 0 -1 0 0 0 0 0 0
1.357880711555481 -1.2066864967346191 -4.016628742218018 0.9918557720639416 -0.12736611568012243 0 0 0 -1 0 0 0 0 0 0
1.4725009202957153 -0.9237656593322754 -4.348644733428955 0.8008218696693729 -0.5989026073238036 0 0 0 -1 0 0 0 0 0 0
1.711487889289856 -0.733858585357666 -4.680668354034424 0.402516765862495 -0.9154126136336539 0 0 0 -1 0 0 0 0 0 0
2.012986421585083 -0.6861138343811035 -5.012691974639893 -0.09999061298052753 -0.9949883804928471 0 0 0 -1 0 0 0 0 0 0
-0.24939043819904327 -3.1580758094787598 -5.012691974639893 -0.009963107803156535 0.9999503670097344 0 0 0 1 0 0 0 0 0 0
0.08199995011091232 -3.054274082183838 -4.622929096221924 -0.5622800998345466 0.8269468479473467 0 0 0 1 0 0 0 0 0 0
0.30037611722946167 -2.784262180328369 -4.233166217803955 -0.9262432936082202 0.3769262010603619 0 0 0 1 0 0 0 0 0 0
0.33258742094039917 -2.4384942054748535 -3.8434035778045654 -0.9799280457630042 -0.19935151147432856 0 0 0 1 0 0 0 0 0 0
0.1678401678800583 -2.1327919960021973 -3.4536406993865967 -0.7053487074261794 -0.7088604946900467 0 0 0 1 0 0 0 0 0 0
-0.1386745721101761 -1.9695649147033691 -3.063877820968628 -0.19449332687019405 -0.9809038412622126 0 0 0 1 0 0 0 0 0 0
-0.48428040742874146 -2.0034890174865723 -2.674114942550659 0.3815174044041121 -0.9243616554881262 0 0 0 1 0 0 0 0 0 0
-0.7532051205635071 -2.2232041358947754 -2.2843520641326904 0.829726597807228 -0.5581700214909812 0 0 0 1 0 0 0 0 0 0
-0.8553627133369446 -2.555105686187744 -1.8945890665054321 0.9999874800312974 -0.00500397648431423 0 0 0 1 0 0 0 0 0 0
-0.7565315365791321 -2.8880105018615723 -1.5048261880874634 0.8352726035979986 0.5498360461797871 0 0 0 1 0 0 0 0 0 0
-0.48981934785842896 -3.110403537750244 -1.1150633096694946 0.39075239648462745 0.9204958254340542 0 0 0 1 0 0 0 0 0 0
-0.14457018673419952 -3.147787570953369 -0.7253004312515259 -0.1846651649813193 0.9828014941189407 0 0 0 1 0 0 0 0 0 0
0.16356198489665985 -2.9876351356506348 -0.3355375826358795 -0.6982244991189805 0.7158788646342683 0 0 0 1 0 0 0 0 0 0
-2.8287856578826904 -0.8069367408752441 -0.3355375826358795 0.6084216508062205 -0.7936139457130486 0 0 0 -1 0 0 0 0 0 0
-2.384667158126831 -0.6883416175842285 -0.8552213907241821 -0.13177640684952174 -0.9912794654373858 0 0 0 -1 0 0 0 0 0 0
-1.986958384513855 -0.9188485145568848 -1.3749052286148071 -0.7946257729175454 -0.6070995643345444 0 0 0 -1 0 0 0 0 0 0
-1.869099497795105 -1.3631653785705566 -1.8945890665054321 -0.991057459950503 0.13343579383530194 0 0 0 -1 0 0 0 0 0 0
-2.1002700328826904 -1.7604889869689941 -2.4142730236053467 -0.6057754528354653 0.7956356582896388 0 0 0 -1 0 0 0 0 0 0
-2.5447795391082764 -1.877607822418213 -2.9339568614959717 0.1350741518264198 0.9908354926567644 0 0 0 -1 0 0 0 0 0 0
-2.9417197704315186 -1.6457772254943848 -3.4536406993865967 0.7966432057513108 0.6044498347508044 0 0 0 -1 0 0 0 0 0 0
-2.0405280590057373 1.6922125816345215 -3.4536406993865967 -0.7053402897869687 -0.708868870527713 0 0 0 1 0 0 0 0 0 0
-2.402846097946167 1.8637938499450684 -3.003910779953003 -0.10148309481626379 -0.994837263810777 0 0 0 1 0 0 0 0 0 0
-2.7923476696014404 1.7689032554626465 -2.554180860519409 0.5476873079021378 -0.8366831017553236 0 0 0 1 0 0 0 0 0 0
-3.0351455211639404 1.4498953819274902 -2.1044585704803467 0.9523499941492481 -0.30500735834390463 0 0 0 1 0 0 0 0 0 0
-3.0228469371795654 1.049191951751709 -1.6547285318374634 0.9318543593475156 0.3628325412156848 0 0 0 1 0 0 0 0 0 0
-2.76094126701355 0.7456755638122559 -1.2050062417984009 0.495344289370757 0.8686967451232795 0 0 0 1 0 0 0 0 0 0
-2.3663547039031982 0.6748480796813965 -0.7552763223648071 -0.16229900912366968 0.9867416235456347 0 0 0 1 0 0 0 0 0 0
-2.015240430831909 0.8683295249938965 -0.305554062128067 -0.7474897855008442 0.66427330261866 0 0 0 1 0 0 0 0 0 0
-1.864348292350769 1.2397398948669434 0.14417587220668793 -0.9989752372463369 0.04526008582211421 0 0 0 1 0 0 0 0 0 0
-1.9810417890548706 1.6232733726501465 0.5938981771469116 -0.8044862605038612 -0.5939712591199289 0 0 0 1 0 0 0 0 0 0
-2.3132236003875732 1.8477072715759277 1.0436280965805054 -0.2508504070109503 -0.9680258639635825 0 0 0 1 0 0 0 0 0 0
-2.712599515914917 1.8128485679626465 1.4933503866195679 0.4147735543527691 -0.9099246664474869 0 0 0 1 0 0 0 0 0 0
-3.0008723735809326 1.5342535972595215 1.9430803060531616 0.8952313145698504 -0.4456017206133045 0 0 0 1 0 0 0 0 0 0
-3.049351453781128 1.1363043785095215 2.3928024768829346 0.9760268154889394 0.2176503054133395 0 0 0 1 0 0 0 0 0 0
0.33807677030563354 2.6303305625915527 2.3928024768829346 -0.9890779840022724 -0.14739315303636236 0 0 0 -1 0 0 0 0 0 0
0.28412359952926636 2.2793173789978027 2.003039598464966 -0.899157900662199 0.4376243476736035 0 0 0 -1 0 0 0 0 0 0
0.04116551950573921 2.020291805267334 1.6132768392562866 -0.4942262585580896 0.8693333108489931 0 0 0 -1 0 0 0 0 0 0
-0.3056820034980774 1.9440054893493652 1.2235139608383179 0.0838560565424055 0.9964778782196606 0 0 0 -1 0 0 0 0 0 0
-0.6349018216133118 2.0771842002868652 0.8337510824203491 0.6325538652855431 0.774516370073815 0 0 0 -1 0 0 0 0 0 0
-0.8311565518379211 2.373166561126709 0.443988174200058 0.95964587689753 0.28121129236495923 0 0 0 -1 0 0 0 0 0 0
-0.8256919980049133 2.7282614707946777 0.05422531068325043 0.9505353695614066 -0.31061634086564105 0 0 0 -1 0 0 0 0 0 0
-0.6204193234443665 3.018064022064209 -0.3355375826358795 0.6084181175764412 -0.793616654440127 0 0 0 -1 0 0 0 0 0 0
2.3719265460968018 0.8373618125915527 -0.3355375826358795 -0.6982160272136922 0.7158871275151749 0 0 0 1 0 0 0 0 0 0
2.53112530708313 1.106370449066162 -0.005734101869165897 -0.963548444106884 0.26753391534383614 0 0 0 1 0 0 0 0 0 0
2.5334103107452393 1.4189467430114746 0.32406172156333923 -0.9673569010070172 -0.25341788822831707 0 0 0 1 0 0 0 0 0 0
2.378159761428833 1.6902518272399902 0.6538652181625366 -0.7086086354824676 -0.7056017302414127 0 0 0 1 0 0 0 0 0 0
2.107518434524536 1.8466544151306152 0.9836610555648804 -0.2575355545146756 -0.9662688229270456 0 0 0 1 0 0 0 0 0 0
1.7949343919754028 1.845700740814209 1.3134645223617554 0.26343732388900293 -0.9646765138543596 0 0 0 1 0 0 0 0 0 0
1.5252543687820435 1.687650203704834 1.6432603597640991 0.7129002694047919 -0.7012654318320382 0 0 0 1 0 0 0 0 0 0
1.371663212776184 1.415402889251709 1.9730638265609741 0.9688836562876525 -0.2475165864718364 0 0 0 1 0 0 0 0 0 0
1.375855565071106 1.1028456687927246 2.3028595447540283 0.9618969055762512 0.2734124046981637 0 0 0 1 0 0 0 0 0 0
1.5366908311843872 0.8348135948181152 2.6326630115509033 0.6938350634680305 0.7201339491388487 0 0 0 1 0 0 0 0 0 0
1.810517430305481 0.6840567588806152 2.962458848953247 0.23746626557191491 0.971395785823332 0 0 0 1 0 0 0 0 0 0
2.123013734817505 0.6914839744567871 3.292254686355591 -0.2833639645189181 0.9590124418442763 0 0 0 1 0 0 0 0 0 0
2.3893635272979736 0.8550887107849121 3.622058153152466 -0.7272806852745144 0.6863401524219843 0 0 0 1 0 0 0 0 0 0
2.537278413772583 1.130460262298584 3.9518539905548096 -0.9738037896202347 0.22738992792397283 0 0 0 1 0 0 0 0 0 0
-2.8607490062713623 0.8170256614685059 2.7825653553009033 0.6616910259238478 0.7497766242100681 0 0 0 1 0 0 0 0 0 0
-2.4059817790985107 0.6696791648864746 3.3022491931915283 -0.09625391526505661 0.9953568123020745 0 0 0 1 0 0 0 0 0 0
-1.9878758192062378 0.9014372825622559 3.8219330310821533 -0.7930974326942368 0.6090947892190597 0 0 0 1 0 0 0 0 0 0
-1.8718403577804565 1.3651823997497559 4.341617107391357 -0.9864904755202236 -0.16381862442311967 0 0 0 1 0 0 0 0 0 0
-2.1315314769744873 1.7665343284606934 4.861300945281982 -0.5536692853928376 -0.8327366464931061 0 0 0 1 0 0 0 0 0 0
-2.6021029949188232 1.8507208824157715 5.380984783172607 0.23061399484300252 -0.9730453151742479 0 0 0 1 0 0 0 0 0 0
-2.9848392009735107 1.564298152923584 5.900668621063232 0.868507459013595 -0.4956760975049621 0 0 0 1 0 0 0 0 0 0
-1.9780396223068237 -1.6353859901428223 5.900668621063232 -0.8094931402888219 0.5871293348363216 0 0 0 -1 0 0 0 0 0 0
-2.3541629314422607 -1.873018741607666 5.41347074508667 -0.18261574409514467 0.9831843621664131 0 0 0 -1 0 0 0 0 0 0
-2.79052996635437 -1.7863030433654785 4.926265239715576 0.5446582256729869 0.8386581050742631 0 0 0 -1 0 0 0 0 0 0
-3.0472171306610107 -1.4229187965393066 4.439059734344482 0.9724715643429743 0.2330215795679198 0 0 0 -1 0 0 0 0 0 0
-2.9830939769744873 -0.9826645851135254 3.9518539905548096 0.8656003481710762 -0.5007354962913173 0 0 0 -1 0 0 0 0 0 0
-2.6334140300750732 -0.7075982093811035 3.464656114578247 0.2827970828893466 -0.9591797589134563 0 0 0 -1 0 0 0 0 0 0
-2.1904399394989014 -0.7489609718322754 2.9774506092071533 -0.4554879015353754 -0.8902419735975721 0 0 0 -1 0 0 0 0 0 0
-1.8977307081222534 -1.0840096473693848 2.4902451038360596 -0.9433381748042844 -0.33183292174966783 0 0 0 -1 0 0 0 0 0 0
-1.9162224531173706 -1.5285248756408691 2.003039598464966 -0.9125225513054737 0.4090263968974973 0 0 0 -1 0 0 0 0 0 0
-2.2357490062713623 -1.838106632232666 1.5158418416976929 -0.3799771404916523 0.9249958771279942 0 0 0 -1 0 0 0 0 0 0
-2.680626630783081 -1.842531681060791 1.0286363363265991 0.36149043323264024 0.9323758183700808 0 0 0 -1 0 0 0 0 0 0
-3.0062530040740967 -1.5393776893615723 0.5414308309555054 0.9041940062282358 0.4271219955714445 0 0 0 -1 0 0 0 0 0 0
-3.0335891246795654 -1.0953164100646973 0.05422531068325043 0.9497582170547402 -0.3129845509557953 0 0 0 -1 0 0 0 0 0 0
0.3327304720878601 -2.6770081520080566 0.05422531068325043 -0.9801668385804561 0.19817408646741408 0 0 0 1 0 0 0 0 0 0
0.29306715726852417 -2.314760684967041 0.443988174200058 -0.9140598339206585 -0.40557936339628814 0 0 0 1 0 0 0 0 0 0
0.05109517648816109 -2.0422768592834473 0.8337510824203491 -0.510773585838768 -0.8597152691498546 0 0 0 1 0 0 0 0 0 0
-0.3039253354072571 -1.9600739479064941 1.2235139608383179 0.08092733197763521 -0.9967200042835408 0 0 0 1 0 0 0 0 0 0
-0.641033947467804 -2.0984749794006348 1.6132768392562866 0.6427763804104077 -0.7660538654601874 0 0 0 1 0 0 0 0 0 0
-0.8358791470527649 -2.406424045562744 2.003039598464966 0.9675177089001148 -0.2528032495136738 0 0 0 1 0 0 0 0 0 0
-0.8165863156318665 -2.7703232765197754 2.3928024768829346 0.9353629165092495 0.35368943215667387 0 0 0 1 0 0 0 0 0 0
-0.5902717709541321 -3.0559449195861816 2.7825653553009033 0.5581674234134215 0.8297283455686096 0 0 0 1 0 0 0 0 0 0
-0.24041827023029327 -3.157919406890869 3.172328233718872 -0.024919028059210698 0.9996894728067233 0 0 0 1 0 0 0 0 0 0
0.10391920059919357 -3.038637638092041 3.562091112136841 -0.5988145370784848 0.8008877263284037 0 0 0 1 0 0 0 0 0 0
0.31572264432907104 -2.742098331451416 3.9518539905548096 -0.9518199090291107 0.3066575627239857 0 0 0 1 0 0 0 0 0 0
0.3168613314628601 -2.377687931060791 4.341617107391357 -0.9537190713604593 -0.30069907369884524 0 0 0 1 0 0 0 0 0 0
0.10691564530134201 -2.0798287391662598 4.731379985809326 -0.6038060594772556 -0.7971312580363092 0 0 0 1 0 0 0 0 0 0
-0.2366703301668167 -1.9583992958068848 5.121142864227295 -0.03116294568958687 -0.9995143174642112 0 0 0 1 0 0 0 0 0 0
-0.5871532559394836 -2.058187961578369 5.510905742645264 0.5529746218856316 -0.833198096223487 0 0 0 1 0 0 0 0 0 0
-0.8152492642402649 -2.3423867225646973 5.900668621063232 0.9331314563619068 -0.35953537398690977 0 0 0 1 0 0 0 0 0 0
-0.8368156552314758 -2.706160068511963 6.290431499481201 0.9690776643461257 0.2467559127264389 0 0 0 1 0 0 0 0 0 0
2.5470898151397705 -1.1991257667541504 6.290431499481201 -0.9901564350911978 -0.13996511725244404 0 0 0 -1 0 0 0 0 0 0
2.5098583698272705 -1.5064949989318848 5.965632915496826 -0.9281063666194136 0.3723151517740189 0 0 0 -1 0 0 0 0 0 0
2.3243420124053955 -1.7543816566467285 5.64082670211792 -0.6189135511950931 0.7854591116965155 0 0 0 -1 0 0 0 0 0 0
2.039944887161255 -1.876772403717041 5.316028118133545 -0.14491418959010718 0.9894442266522366 0 0 0 -1 0 0 0 0 0 0
1.7323886156082153 -1.841078281402588 4.991221904754639 0.3676794236701922 0.9299526017005142 0 0 0 -1 0 0 0 0 0 0
1.4835788011550903 -1.6568055152893066 4.666423320770264 0.7823596177927602 0.622826965093168 0 0 0 -1 0 0 0 0 0 0
1.3597689867019653 -1.373018741607666 4.341617107391357 0.9887088056925111 0.1498495830694504 0 0 0 -1 0 0 0 0 0 0
2.529752016067505 1.4322714805603027 4.341617107391357 -0.961262283565907 -0.275635306507816 0 0 0 1 0 0 0 0 0 0
2.3670170307159424 1.701158046722412 4.675700664520264 -0.6900366546676653 -0.7237744228798482 0 0 0 1 0 0 0 0 0 0
2.090672731399536 1.8508849143981934 5.00978422164917 -0.22946455550529812 -0.9733170181224388 0 0 0 1 0 0 0 0 0 0
1.776551365852356 1.8403639793395996 5.343867778778076 0.29406850372953286 -0.955784345505969 0 0 0 1 0 0 0 0 0 0
1.5108462572097778 1.672482967376709 5.677951335906982 0.7369119160280391 -0.675988778025112 0 0 0 1 0 0 0 0 0 0
1.3664637804031372 1.3933119773864746 6.012034893035889 0.9775518198822362 -0.21069513389000682 0 0 0 1 0 0 0 0 0 0
1.3830233812332153 1.0794501304626465 6.346118450164795 0.9499501510530962 0.31240152130583465 0 0 0 1 0 0 0 0 0 0
1.5559817552566528 0.8170256614685059 6.68019437789917 0.6616910259238478 0.7497766242100681 0 0 0 1 0 0 0 0 0 0
0.2039462774991989 2.927934169769287 6.68019437789917 -0.7655259100525563 -0.6434050676193074 0 0 0 -1 0 0 0 0 0 0
0.34292715787887573 2.587064266204834 6.290431499481201 -0.9971621186189955 -0.07528418951729585 0 0 0 -1 0 0 0 0 0 0
0.25670164823532104 2.2291922569274902 5.900668621063232 -0.853453471266729 0.5211690439605662 0 0 0 -1 0 0 0 0 0 0
-0.02227289415895939 1.9890227317810059 5.510905742645264 -0.38849335085094244 0.9214515268556487 0 0 0 -1 0 0 0 0 0 0
-0.38898926973342896 1.9569602012634277 5.121142864227295 0.22269898106702618 0.974887256984985 0 0 0 -1 0 0 0 0 0 0
-0.7054088711738586 2.1450743675231934 4.731379985809326 0.7500632421530993 0.6613661109935866 0 0 0 -1 0 0 0 0 0 0
-0.852429211139679 2.4825568199157715 4.341617107391357 0.9950983208586136 0.09889050421737948 0 0 0 -1 0 0 0 0 0 0
-0.7747066617012024 2.842374324798584 3.9518539905548096 0.8655613211817835 -0.5008029545380553 0 0 0 -1 0 0 0 0 0 0
-0.5015018582344055 3.0890860557556152 3.562091112136841 0.41021772050637695 -0.9119876215073053 0 0 0 -1 0 0 0 0 0 0
-0.13564760982990265 3.1298270225524902 3.172328233718872 -0.19953585596865878 -0.979890525611333 0 0 0 -1 0 0 0 0 0 0
0.18513981997966766 2.9492621421813965 2.7825653553009033 -0.7341845748988519 -0.6789499318658131 0 0 0 -1 0 0 0 0 0 0
1.819478154182434 0.6819357872009277 7.069957256317139 0.22252928701675664 0.9749260056126383 0 0 0 1 0 0 0 0 0 0
2.0981457233428955 0.6847128868103027 7.388858318328857 -0.2419178357960607 0.9702967384897004 0 0 0 1 0 0 0 0 0 0
2.3454983234405518 0.8130850791931152 7.707751750946045 -0.6541758723415171 0.7563424674353643 0 0 0 1 0 0 0 0 0 0
2.50817608833313 1.039353847503662 8.026652336120605 -0.9253035251363889 0.3792273544592638 0 0 0 1 0 0 0 0 0 0
2.5510876178741455 1.3147101402282715 8.345545768737793 -0.996819451087977 -0.0796930482078867 0 0 0 1 0 0 0 0 0 0
2.464970827102661 1.5797514915466309 8.664446830749512 -0.8532909857609862 -0.5214350329801827 0 0 0 1 0 0 0 0 0 0
2.2684109210968018 1.777299404144287 8.9833402633667 -0.5256959010696846 -0.8506725689703016 0 0 0 1 0 0 0 0 0 0
2.0038044452667236 1.8647360801696777 9.302241325378418 -0.08468736480784614 -0.9964075723527509 0 0 0 1 0 0 0 0 0 0
1.7282344102859497 1.8232054710388184 9.621134757995605 0.3746034753309806 -0.9271851143487752 0 0 0 1 0 0 0 0 0 0
1.5011569261550903 1.6616606712341309 9.940028190612793 0.7530657847086013 -0.6579452286484176 0 0 0 1 0 0 0 0 0 0
1.3715487718582153 1.4149527549743652 10.258929252624512 0.9690753229690029 -0.2467651077695605 0 0 0 1 0 0 0 0 0 0
1.3673793077468872 1.1363043785095215 10.5778226852417 0.976026549739675 0.21765149713077014 0 0 0 1 0 0 0 0 0 0
2.5464413166046143 -1.1946702003479004 10.5778226852417 -0.9890778615113481 -0.14739397500623425 0 0 0 -1 0 0 0 0 0 0
2.5206692218780518 -1.477388858795166 10.253024101257324 -0.9461251856172715 0.3238010703204722 0 0 0 -1 0 0 0 0 0 0
2.3678104877471924 -1.716616153717041 9.928217887878418 -0.6913566278439969 0.7225136767814 0 0 0 -1 0 0 0 0 0 0
2.1220829486846924 -1.8587899208068848 9.603419303894043 -0.28181460186875884 0.9594688792105522 0 0 0 -1 0 0 0 0 0 0
1.838502049446106 -1.8720803260803223 9.278613090515137 0.19082491351246783 0.9816240891415406 0 0 0 -1 0 0 0 0 0 0
1.580556035041809 -1.7535195350646973 8.953814506530762 0.6207313944065096 0.7840233006729775 0 0 0 -1 0 0 0 0 0 0
1.4059840440750122 -1.5296425819396973 8.629008293151855 0.9116866529900701 0.4108861725098126 0 0 0 -1 0 0 0 0 0 0
1.3538790941238403 -1.2505745887756348 8.30420970916748 0.998528725908435 -0.054225303463211874 0 0 0 -1 0 0 0 0 0 0
1.4358950853347778 -0.9787888526916504 7.979403972625732 0.8618297873646141 -0.5071976119926673 0 0 0 -1 0 0 0 0 0 0
1.6336795091629028 -0.7751336097717285 7.654605388641357 0.5321977397046733 -0.8466200835399764 0 0 0 -1 0 0 0 0 0 0
1.9029513597488403 -0.6851983070373535 7.329799175262451 0.08340760138692564 -0.996515515198273 0 0 0 -1 0 0 0 0 0 0
2.1834232807159424 -0.7291207313537598 7.005000591278076 -0.38404968115107135 -0.9233124294667329 0 0 0 -1 0 0 0 0 0 0
2.4123127460479736 -0.8970627784729004 6.68019437789917 -0.7655282368839068 -0.6434022991359428 0 0 0 -1 0 0 0 0 0 0
-0.6523807644844055 -3.0079751014709473 6.68019437789917 0.6616878722545786 0.7497794073667323 0 0 0 1 0 0 0 0 0 0
-0.33813363313674927 -3.1523728370666504 7.069957256317139 0.13794047135633686 0.9904405213651104 0 0 0 1 0 0 0 0 0 0
0.003611733904108405 -3.099337100982666 7.459720134735107 -0.43163633613310876 0.9020477112268429 0 0 0 1 0 0 0 0 0 0
0.25931471586227417 -2.866487979888916 7.849483013153076 -0.8578110480194311 0.5139651796530629 0 0 0 1 0 0 0 0 0 0
0.34402579069137573 -2.531191349029541 8.239245414733887 -0.9989934417517755 -0.04485647486084835 0 0 0 1 0 0 0 0 0 0
0.22960202395915985 -2.2048325538635254 8.629008293151855 -0.8082885147481826 -0.5887866140854232 0 0 0 1 0 0 0 0 0 0
-0.04594309255480766 -1.9958443641662598 9.018771171569824 -0.3490458613517529 -0.937105643283196 0 0 0 1 0 0 0 0 0 0
-0.39106637239456177 -1.9736542701721191 9.408534049987793 0.226162595775807 -0.9740895648101098 0 0 0 1 0 0 0 0 0 0
-0.6911075711250305 -2.1456360816955566 9.798296928405762 0.7262285808885232 -0.6874533062693362 0 0 0 1 0 0 0 0 0 0
-0.8463829159736633 -2.454653263092041 10.18805980682373 0.9850227504958057 -0.17242442114061945 0 0 0 1 0 0 0 0 0 0
-0.8053081631660461 -2.798037052154541 10.5778226852417 0.9165666699633293 0.39988190695795844 0 0 0 1 0 0 0 0 0 0
-0.5815284848213196 -3.0617127418518066 10.967585563659668 0.5435994385207985 0.8393447744758247 0 0 0 1 0 0 0 0 0 0
-0.24939043819904327 -3.1580758094787598 11.357348442077637 -0.009963107803156535 0.9999503670097344 0 0 0 1 0 0 0 0 0 0
-2.4037444591522217 -0.6861138343811035 11.357348442077637 -0.09998471208562766 -0.9949889734811909 0 0 0 -1 0 0 0 0 0 0
-2.0084445476531982 -0.8923249244689941 10.85065746307373 -0.7588168806403793 -0.6513040316589513 0 0 0 -1 0 0 0 0 0 0
-1.8645466566085815 -1.314314365386963 10.343966484069824 -0.9986463335426877 0.052014425900388274 0 0 0 -1 0 0 0 0 0 0
-2.0515048503875732 -1.7190728187561035 9.837275505065918 -0.6870497270199399 0.7266103994589024 0 0 0 -1 0 0 0 0 0 0
-2.4660861492156982 -1.883100986480713 9.330584526062012 0.003921296482976654 0.9999923116873911 0 0 0 -1 0 0 0 0 0 0
-2.879368543624878 -1.7158303260803223 8.823893547058105 0.6927256486624664 0.7212012033303642 0 0 0 -1 0 0 0 0 0 0
-3.0631492137908936 -1.3096184730529785 8.3172025680542 0.999023448646075 0.044183130890683535 0 0 0 -1 0 0 0 0 0 0
-2.915947675704956 -0.888765811920166 7.810512065887451 0.753685229278606 -0.6572355553127475 0 0 0 -1 0 0 0 0 0 0
-2.51904559135437 -0.6856637001037598 7.303821086883545 0.09218708617733659 -0.9957417040287768 0 0 0 -1 0 0 0 0 0 0
-2.0916011333465576 -0.8124527931213379 6.797122478485107 -0.6202243456128976 -0.7844244776325207 0 0 0 -1 0 0 0 0 0 0
-1.8696411848068237 -1.1991257667541504 6.290431499481201 -0.9901563183237818 -0.1399659432986964 0 0 0 -1 0 0 0 0 0 0
-3.045180082321167 1.1188368797302246 6.290431499481201 0.9690749813668661 0.2467664492770599 0 0 0 1 0 0 0 0 0 0
-2.809105634689331 0.7762618064880371 6.758151531219482 0.5756222148225236 0.817715761009174 0 0 0 1 0 0 0 0 0 0
-2.4069716930389404 0.669583797454834 7.225863933563232 -0.09460471515797587 0.9955149159454509 0 0 0 1 0 0 0 0 0 0
-2.0321319103240967 0.850095272064209 7.693583965301514 -0.7193324405484217 0.6946659916640884 0 0 0 1 0 0 0 0 0 0
-1.8648079633712769 1.2310080528259277 8.161295890808105 -0.9982096503872622 0.05981215489964915 0 0 0 1 0 0 0 0 0 0
-1.985453486442566 1.6291747093200684 8.629008293151855 -0.7971365303593664 -0.6037990990111122 0 0 0 1 0 0 0 0 0 0
-2.3360602855682373 1.8531508445739746 9.096728324890137 -0.21278666478103012 -0.9770986824734571 0 0 0 1 0 0 0 0 0 0
-2.7480533123016357 1.7952513694763184 9.564440727233887 0.47386295752108293 -0.8805986017984428 0 0 0 1 0 0 0 0 0 0
-3.0233428478240967 1.4833121299743652 10.032160758972168 0.9326812443352893 -0.3607016723903237 0 0 0 1 0 0 0 0 0 0
-3.0295703411102295 1.067319393157959 10.499873161315918 0.9430611517188494 0.3326193982898733 0 0 0 1 0 0 0 0 0 0
-2.763737440109253 0.747281551361084 10.967585563659668 0.5000089598448385 0.8660202307538102 0 0 0 1 0 0 0 0 0 0
-2.353663206100464 0.6770758628845215 11.43530559539795 -0.1834538896715855 0.9830283161559314 0 0 0 1 0 0 0 0 0 0
-1.99651038646698 0.8904585838317871 11.9030179977417 -0.7787043618315471 0.6273910398344263 0 0 0 1 0 0 0 0 0 0
-1.86400306224823 1.284837245941162 12.37073802947998 -0.9995525434570504 -0.029911751345269626 0 0 0 1 0 0 0 0 0 0
-2.019850492477417 1.6705832481384277 12.83845043182373 -0.73980958515956 -0.6728163030917428 0 0 0 1 0 0 0 0 0 0
-2.3891208171844482 1.8622374534606934 13.30616283416748 -0.12435785198770671 -0.9922374336059911 0 0 0 1 0 0 0 0 0 0
-2.79426646232605 1.7676405906677246 13.773882865905762 0.5508883180751356 -0.8345789723018119 0 0 0 1 0 0 0 0 0 0
-3.040489912033081 1.4322829246520996 14.241595268249512 0.9612593107617935 -0.27564567378023885 0 0 0 1 0 0 0 0 0 0
-3.009403944015503 1.0174040794372559 14.709315299987793 0.9094503528816035 0.4158125246352339 0 0 0 1 0 0 0 0 0 0
-2.715956449508667 0.7224822044372559 15.177027702331543 0.4203704504772735 0.9073525689419378 0 0 0 1 0 0 0 0 0 0
-2.3012378215789795 0.6893172264099121 15.644740104675293 -0.2708268045745457 0.96262809117745 0 0 0 1 0 0 0 0 0 0
-2.5506808757781982 -0.6894402503967285 15.644740104675293 0.14490835427962642 -0.9894450812753431 0 0 0 -1 0 0 0 0 0 0
-2.1348540782928467 -0.7812714576721191 15.15754222869873 -0.548131145672886 -0.8363924002185393 0 0 0 -1 0 0 0 0 0 0
-1.8846958875656128 -1.125898838043213 14.670336723327637 -0.9650640275216971 -0.26201416523463184 0 0 0 -1 0 0 0 0 0 0
-1.9262226819992065 -1.549715518951416 14.183131217956543 -0.8958552897913183 0.44434592352458135 0 0 0 -1 0 0 0 0 0 0
-2.2385146617889404 -1.8392319679260254 13.69592571258545 -0.3753683432759101 0.926875723528402 0 0 0 -1 0 0 0 0 0 0
-2.664259672164917 -1.8486084938049316 13.208727836608887 0.3342068406711925 0.9424997547207002 0 0 0 -1 0 0 0 0 0 0
-2.9889914989471436 -1.5731148719787598 12.721522331237793 0.8754297104291836 0.4833454479954019 0 0 0 -1 0 0 0 0 0 0
-3.0491302013397217 -1.1515374183654785 12.2343168258667 0.9756623193418611 -0.21927844995908824 0 0 0 -1 0 0 0 0 0 0
-2.8143832683563232 -0.7962327003479004 11.747111320495605 0.5844081687018399 -0.8114598525833314 0 0 0 -1 0 0 0 0 0 0
0.15053288638591766 -2.999971866607666 11.747111320495605 -0.6765036065775505 0.7364393188087983 0 0 0 1 0 0 0 0 0 0
0.326516330242157 -2.7044243812561035 12.136874198913574 -0.9698102848738902 0.2438606392036725 0 0 0 1 0 0 0 0 0 0
0.311257541179657 -2.360792636871338 12.526637077331543 -0.9443785249429641 -0.3288604592020012 0 0 0 1 0 0 0 0 0 0
0.10977285355329514 -2.0820069313049316 12.916399955749512 -0.6085712107617762 -0.7934992636618801 0 0 0 1 0 0 0 0 0 0
-0.2117183953523636 -1.9596962928771973 13.30616283416748 -0.07275393521087739 -0.9973499209963027 0 0 0 1 0 0 0 0 0 0
-0.5475566983222961 -2.034060001373291 13.69592571258545 0.48698174445738157 -0.8734121481667434 0 0 0 1 0 0 0 0 0 0
-0.787365734577179 -2.280653476715088 14.085688591003418 0.8866606548756408 -0.4624206776253627 0 0 0 1 0 0 0 0 0 0
-0.8523281216621399 -2.6184372901916504 14.475451469421387 0.9949318843011294 0.10055120884904453 0 0 0 1 0 0 0 0 0 0
-0.7210968136787415 -2.9363884925842285 14.865214347839355 0.7762138590868973 0.6304697018584049 0 0 0 1 0 0 0 0 0 0
-0.4367988705635071 -3.130018711090088 15.254977226257324 0.3023838498010264 0.9531862396087714 0 0 0 1 0 0 0 0 0 0
-0.09287340193986893 -3.135683536529541 15.644740104675293 -0.2708268248807366 0.9626280854644844 0 0 0 1 0 0 0 0 0 0
1.866047978401184 -0.6894402503967285 15.644740104675293 0.14491384633696805 -0.9894442769250958 0 0 0 -1 0 0 0 0 0 0
2.1714489459991455 -0.7242875099182129 15.310656547546387 -0.36408839721774044 -0.9313643964697258 0 0 0 -1 0 0 0 0 0 0
2.4195148944854736 -0.9057984352111816 14.976580619812012 -0.7775290620727504 -0.6288470065383702 0 0 0 -1 0 0 0 0 0 0
2.545140504837036 -1.1863389015197754 14.642497062683105 -0.9869081448305527 -0.16128333350695978 0 0 0 -1 0 0 0 0 0 0
2.515355348587036 -1.4922738075256348 14.3084135055542 -0.9372691729292374 0.3486065080811647 0 0 0 -1 0 0 0 0 0 0
2.337979555130005 -1.7433114051818848 13.974329948425293 -0.6416388582469417 0.7670068940938936 0 0 0 -1 0 0 0 0 0 0
2.0595600605010986 -1.873568058013916 13.640246391296387 -0.17760801849234778 0.9841013117394072 0 0 0 -1 0 0 0 0 0 0
1.753174901008606 -1.8488564491271973 13.30616283416748 0.33303431908953374 0.9429147057441466 0 0 0 -1 0 0 0 0 0 0
1.4992305040359497 -1.675661563873291 12.972079277038574 0.7562747957966512 0.6542541044905517 0 0 0 -1 0 0 0 0 0 0
1.364380955696106 -1.3994393348693848 12.6380033493042 0.9810239080569713 0.19388680156376542 0 0 0 -1 0 0 0 0 0 0
1.3840152025222778 -1.092684268951416 12.303919792175293 0.9483011376392212 -0.3173719463849297 0 0 0 -1 0 0 0 0 0 0
1.552979588508606 -0.835909366607666 11.969836235046387 0.6666928564406363 -0.7453325668257259 0 0 0 -1 0 0 0 0 0 0
1.8269282579421997 -0.6965012550354004 11.63575267791748 0.21011214979099607 -0.9776772905771136 0 0 0 -1 0 0 0 0 0 0
2.1339657306671143 -0.7110505104064941 11.301669120788574 -0.3016194282080085 -0.9534284034616728 0 0 0 -1 0 0 0 0 0 0
2.3935062885284424 -0.875734806060791 10.967585563659668 -0.7341789922747981 -0.6789559686035332 0 0 0 -1 0 0 0 0 0 0
1.5559817552566528 0.8170256614685059 10.967585563659668 0.6616847185501903 0.7497821905307938 0 0 0 1 0 0 0 0 0 0
1.8117114305496216 0.6837630271911621 11.279398918151855 0.235467401568266 0.9718822473935249 0 0 0 1 0 0 0 0 0 0
2.1000797748565674 0.6852011680603027 11.591212272644043 -0.24514037278363476 0.9694875953984665 0 0 0 1 0 0 0 0 0 0
2.3544704914093018 0.8210005760192871 11.9030179977417 -0.6691240217754161 0.7431507542101349 0 0 0 1 0 0 0 0 0 0
2.5161221027374268 1.059800624847412 12.214831352233887 -0.9385460056547886 0.3451541615994819 0 0 0 1 0 0 0 0 0 0
2.5477001667022705 1.3464369773864746 12.526637077331543 -0.9911735318193212 -0.13257084830690719 0 0 0 1 0 0 0 0 0 0
2.4419033527374268 1.614701747894287 12.83845043182373 -0.8148433271325969 -0.5796812505398803 0 0 0 1 0 0 0 0 0 0
2.223172426223755 1.8026213645935059 13.150263786315918 -0.45028961948090374 -0.8928825558760473 0 0 0 1 0 0 0 0 0 0
1.9420329332351685 1.8667922019958496 13.462069511413574 0.018265686628401882 -0.99983316842961 0 0 0 1 0 0 0 0 0 0
1.6634265184402466 1.7923903465270996 13.773882865905762 0.4826154678884454 -0.875832352767821 0 0 0 1 0 0 0 0 0 0
1.4517070055007935 1.596604824066162 14.085688591003418 0.8354795745502472 -0.5495215014076681 0 0 0 1 0 0 0 0 0 0
1.3557826280593872 1.3246550559997559 14.397501945495605 0.9953557373142616 -0.09626503101117471 0 0 0 1 0 0 0 0 0 0
1.3978091478347778 1.039365291595459 14.709315299987793 0.925309075565501 0.3792138112939952 0 0 0 1 0 0 0 0 0 0
1.5680819749832153 0.8066306114196777 15.02112102508545 0.6415220710084995 0.7671045772311399 0 0 0 1 0 0 0 0 0 0
1.8272639513015747 0.6802153587341309 15.332934379577637 0.20955054295714393 0.9777978164970333 0 0 0 1 0 0 0 0 0 0
2.1154911518096924 0.6893172264099121 15.644740104675293 -0.27083200294760534 0.9626266286465321 0 0 0 1 0 0 0 0 0 0
-0.3423164486885071 3.1355605125427246 15.644740104675293 0.14491384633696805 -0.9894442769250958 0 0 0 -1 0 0 0 0 0 0
0.005013634916394949 3.0824484825134277 15.254977226257324 -0.4339706319770121 -0.9009270173446199 0 0 0 -1 0 0 0 0 0 0
0.2630454897880554 2.843961238861084 14.865214347839355 -0.8640239823278629 -0.5034506509701829 0 0 0 -1 0 0 0 0 0 0
0.34329527616500854 2.5018820762634277 14.475451469421387 -0.9977744964026534 0.06667873970338166 0 0 0 -1 0 0 0 0 0 0
0.21823804080486298 2.1735243797302246 14.085688591003418 -0.7893488904618291 0.6139448909525019 0 0 0 -1 0 0 0 0 0 0
-0.06923944503068924 1.971494197845459 13.69592571258545 -0.31021836865191804 0.9506653268900379 0 0 0 -1 0 0 0 0 0 0
-0.42054635286331177 1.9650778770446777 13.30616283416748 0.27529233183518104 0.9613605629693515 0 0 0 -1 0 0 0 0 0 0
-0.7152088284492493 2.156472682952881 12.916399955749512 0.7663958976005845 0.6423685298494897 0 0 0 -1 0 0 0 0 0 0
-0.8521736264228821 2.4800467491149902 12.526637077331543 0.9946735230202726 0.10307561594499112 0 0 0 -1 0 0 0 0 0 0
-0.7844703793525696 2.824826717376709 12.136874198913574 0.8818371587718153 -0.4715540535392016 0 0 0 -1 0 0 0 0 0 0
-0.5353191494941711 3.072579860687256 11.747111320495605 0.46658042279019923 -0.8844787781902508 0 0 0 -1 0 0 0 0 0 0
-0.1901596337556839 3.1383376121520996 11.357348442077637 -0.1086851879443723 -0.9940762193722855 0 0 0 -1 0 0 0 0 0 0
0.13263432681560516 2.999551296234131 10.967585563659668 -0.6466780017050145 -0.7627631100877972 0 0 0 -1 0 0 0 0 0 0
0.3223678469657898 2.7038168907165527 10.5778226852417 -0.9628945411062189 -0.26987794038758384 0 0 0 -1 0 0 0 0 0 0
0.31397169828414917 2.3525519371032715 10.18805980682373 -0.9489035380255944 0.31556627754325933 0 0 0 -1 0 0 0 0 0 0
0.11032598465681076 2.0662169456481934 9.798296928405762 -0.6094914118473959 0.7927926708063515 0 0 0 -1 0 0 0 0 0 0
-0.21873171627521515 1.9430136680603027 9.408534049987793 -0.061063640800728514 0.9981338746742141 0 0 0 -1 0 0 0 0 0 0
-0.5603531002998352 2.025186061859131 9.018771171569824 0.5083024890060266 0.8611785991710885 0 0 0 -1 0 0 0 0 0 0
-0.797385036945343 2.2845587730407715 8.629008293151855 0.9033551602639383 0.4288932902535483 0 0 0 -1 0 0 0 0 0 0
-0.8485363125801086 2.6321845054626465 8.239245414733887 0.9886115809645281 -0.1504896740072771 0 0 0 -1 0 0 0 0 0 0
-0.6962688565254211 2.9488425254821777 7.849483013153076 0.7348309733869953 -0.6782502786959408 0 0 0 -1 0 0 0 0 0 0
-0.3927982449531555 3.125943660736084 7.459720134735107 0.22904339854496894 -0.97341621189652 0 0 0 -1 0 0 0 0 0 0
-0.042198967188596725 3.1027464866638184 7.069957256317139 -0.35528326010198436 -0.9347586881603753 0 0 0 -1 0 0 0 0 0 0
0.2303249090909958 2.1896109580993652 71.38082885742188 -0.8094879248913053 0.5871365253969204 0 0 0 -1 0 0 0 0 0 0
-0.0541733019053936 1.9766325950622559 70.99105834960938 -0.33533049824739003 0.9421005556442249 0 0 0 -1 0 0 0 0 0 0
-0.4092586636543274 1.9619650840759277 70.60130310058594 0.256483685821015 0.9665485600360009 0 0 0 -1 0 0 0 0 0 0
-0.7103546261787415 2.150754451751709 70.21153259277344 0.7583085950929584 0.6518957544026065 0 0 0 -1 0 0 0 0 0 0
-0.8518245816230774 2.4767699241638184 69.82177734375 0.9940921659270786 0.10853923549762771 0 0 0 -1 0 0 0 0 0 0
-0.784039318561554 2.825631618499756 69.4320068359375 0.881116598171292 -0.47289908059442254 0 0 0 -1 0 0 0 0 0 0
-0.5307777523994446 3.074948787689209 69.04225158691406 0.4590179855268619 -0.8884269744682799 0 0 0 -1 0 0 0 0 0 0
-0.1808956414461136 3.137254238128662 68.65248107910156 -0.12412311050451978 -0.9922668257271743 0 0 0 -1 0 0 0 0 0 0
0.14285962283611298 2.9906821250915527 68.26272583007812 -0.6637145338412825 -0.7479859741785598 0 0 0 -1 0 0 0 0 0 0
0.3269035220146179 2.686662197113037 67.87295532226562 -0.9704555118954142 -0.24128012647503633 0 0 0 -1 0 0 0 0 0 0
0.3066646456718445 2.3318533897399902 67.48320007324219 -0.9367246573248643 0.350067016954776 0 0 0 -1 0 0 0 0 0 0
0.08924596756696701 2.050729274749756 67.09342956542969 -0.5743550556797321 0.8186062973219372 0 0 0 -1 0 0 0 0 0 0
-0.2490757256746292 1.9419264793395996 66.70367431640625 -0.010490380201444632 0.9999449744477089 0 0 0 -1 0 0 0 0 0 0
-0.5896061062812805 2.0436110496520996 66.31390380859375 0.55705928276356 0.8304727301284179 0 0 0 -1 0 0 0 0 0 0
-0.8128746151924133 2.320107936859131 65.92414855957031 0.9291737623210146 0.3696432326097836 0 0 0 -1 0 0 0 0 0 0
-0.8405502438545227 2.674417018890381 65.53437805175781 0.975302902642112 -0.22087156471096736 0 0 0 -1 0 0 0 0 0 0
-0.6629264950752258 2.9822325706481934 65.14462280273438 0.6792590134734267 -0.733898625571071 0 0 0 -1 0 0 0 0 0 0
-0.3423164486885071 3.1355605125427246 64.75485229492188 0.14491384633696805 -0.9894442769250958 0 0 0 -1 0 0 0 0 0 0
2.1154911518096924 0.6893172264099121 64.75485229492188 -0.27083200294760534 0.9626266286465321 0 0 0 1 0 0 0 0 0 0
2.388077974319458 0.8537306785583496 65.10359191894531 -0.7251363990893848 0.6886052589950796 0 0 0 1 0 0 0 0 0 0
2.538193941116333 1.134446620941162 65.45233154296875 -0.9753308492745105 0.22074812446193484 0 0 0 1 0 0 0 0 0 0
2.5235836505889893 1.4524474143981934 65.80107116699219 -0.9509779865196875 -0.30925857975965865 0 0 0 1 0 0 0 0 0 0
2.348355531692505 1.7182135581970215 66.14979553222656 -0.6589326368948267 -0.7522019542880958 0 0 0 1 0 0 0 0 0 0
2.0618412494659424 1.8569388389587402 66.49853515625 -0.18141143652894395 -0.9834072862738534 0 0 0 1 0 0 0 0 0 0
1.7446833848953247 1.8295722007751465 66.84727478027344 0.3471820710111139 -0.9377977444888816 0 0 0 1 0 0 0 0 0 0
1.486165165901184 1.643815517425537 67.19599914550781 0.7780510649080721 -0.628201035016192 0 0 0 1 0 0 0 0 0 0
1.3590556383132935 1.3519606590270996 67.54473876953125 0.9898978173852995 -0.14178261930088779 0 0 0 1 0 0 0 0 0 0
1.3991328477859497 1.036160945892334 67.89347839355469 0.9231018169541215 0.384555633863294 0 0 0 1 0 0 0 0 0 0
1.5951167345046997 0.785306453704834 68.24221801757812 0.5964595022396401 0.8026431723923406 0 0 0 1 0 0 0 0 0 0
1.8918391466140747 0.6700186729431152 68.5909423828125 0.10193064731816137 0.9947915073709167 0 0 0 1 0 0 0 0 0 0
2.205777406692505 0.7227416038513184 68.93968200683594 -0.42129952453673747 0.9069215570406951 0 0 0 1 0 0 0 0 0 0
2.4485599994659424 0.9286398887634277 69.28842163085938 -0.8259402542679616 0.5637576574910312 0 0 0 1 0 0 0 0 0 0
2.5518429279327393 1.2297492027282715 69.63714599609375 -0.9980817185499478 0.06191028263853292 0 0 0 1 0 0 0 0 0 0
2.486558198928833 1.541318416595459 69.98588562011719 -0.8892754161108027 -0.4573720961109875 0 0 0 1 0 0 0 0 0 0
2.2710812091827393 1.7756361961364746 70.33462524414062 -0.5301431499066176 -0.8479081557616307 0 0 0 1 0 0 0 0 0 0
1.966065526008606 1.8667502403259277 70.68336486816406 -0.021788604497296298 -0.9997626001776924 0 0 0 1 0 0 0 0 0 0
1.657368779182434 1.7890105247497559 71.03208923339844 0.4927096406527199 -0.870193777274848 0 0 0 1 0 0 0 0 0 0
1.4318896532058716 1.564298152923584 71.38082885742188 0.868507459013595 -0.4956760975049621 0 0 0 1 0 0 0 0 0 0
