1 15430
2 15429
3 15428
4 15427
5 15426
6 15425
7 15424
8 15423
9 15422
10 15421
11 15420
12 15419
13 15418
14 14083
15 14082
16 14081
17 14080
18 14079
19 14078
20 14077
21 14076
22 14075
23 14074
24 14073
25 14072
26 14071
27 14070
28 14069
29 14068
30 18006
31 18005
32 18004
33 18003
34 18002
35 18001
36 18000
37 17999
38 17998
39 17997
40 17996
41 17995
42 17994
43 17993
44 17992
45 17991
46 15452
47 15451
48 15450
49 15449
50 15448
51 15447
52 15446
53 15445
54 15444
55 15443
56 15442
57 18383
58 18382
59 18381
60 18380
61 18379
62 18378
63 18377
64 18376
65 18375
66 18374
67 18373
68 18372
69 18371
70 18370
71 18369
72 18835
73 18834
74 18833
75 18832
76 18831
77 18830
78 18829
79 18828
80 18827
81 18826
82 18825
83 18824
84 18823
85 18822
86 18821
87 18820
88 18819
89 18818
90 18817
91 18816
92 18815
93 18814
94 18903
95 18902
96 18901
97 18900
98 18899
99 18898
100 18897
101 18987
102 18986
103 18985
104 18984
105 18983
106 18982
107 18981
108 18980
109 18979
110 18978
111 18977
112 18976
113 18975
114 18476
115 18475
116 18474
117 18473
118 18472
119 18471
120 18470
121 18469
122 18468
123 18467
124 18466
125 18465
126 18464
127 18463
128 18462
129 18461
130 18460
131 19315
132 19314
133 19313
134 19312
135 19311
136 19310
137 19309
138 19308
139 19307
140 19306
141 19305
142 19304
143 19303
144 19302
145 14346
146 14345
147 14344
148 14343
149 14342
150 14341
151 14340
152 14339
153 14338
154 14337
155 14336
156 14366
157 14365
158 14364
159 14363
160 14362
161 14361
162 14360
163 14359
164 14358
165 14357
166 15352
167 15351
168 15350
169 15349
170 15348
171 15347
172 15346
173 15345
174 15344
175 15343
176 15342
177 15341
178 15340
179 15339
180 15338
181 15337
182 15336
183 15335
184 15334
185 19803
186 19802
187 19801
188 19800
189 19799
190 19798
191 19797
192 19796
193 19795
194 19867
195 19866
196 19865
197 19864
198 19863
199 19862
200 19861
201 19860
202 19859
203 19858
204 19857
205 19856
206 19855
207 19854
208 14388
209 14387
210 14386
211 14385
212 14384
213 14383
214 14382
215 14381
216 14380
217 14379
218 14378
219 20004
220 20003
221 20002
222 20001
223 20000
224 19999
225 19998
226 19997
227 19996
228 19995
229 19994
230 19993
231 19992
232 19991
233 19990
234 19989
235 19988
236 19987
237 19986
238 19985
239 19984
240 20071
241 20070
242 20069
243 20068
244 20067
245 20066
246 20065
247 20064
248 20105
249 20104
250 20103
251 20102
252 20101
253 20100
254 20099
255 20098
256 20097
257 20096
258 20095
259 20094
260 20093
261 20136
262 20135
263 20134
264 20133
265 20132
266 20131
267 20130
268 20503
269 20502
270 20501
271 20500
272 20499
273 20498
274 20497
275 20496
276 20495
277 20494
278 20493
279 20492
280 20491
281 20490
282 20553
283 20552
284 20551
285 20550
286 20549
287 20548
288 20547
289 20546
290 20545
291 20544
292 20543
293 20542
294 20541
295 20540
296 20539
297 20538
298 20801
299 20800
300 20799
301 20798
302 20797
303 20796
304 20795
305 20794
306 20793
307 20792
308 20791
309 20790
310 20789
311 20788
312 20787
313 14410
314 14409
315 14408
316 14407
317 14406
318 14405
319 14404
320 14403
321 14402
322 14401
323 14400
324 21087
325 21086
326 21085
327 21084
328 21083
329 21082
330 21081
331 21601
332 21600
333 21599
334 21598
335 21597
336 21596
337 21595
338 21594
339 21593
340 21592
341 21591
342 21590
343 21589
344 21588
345 21587
346 21586
347 21585
348 21584
349 21583
350 21582
351 21581
352 21580
353 21579
354 21578
355 21577
356 21576
357 21575
358 21574
359 21573
360 21572
361 21571
362 21570
363 21569
364 21568
365 21567
366 21430
367 21429
368 21428
369 21427
370 21426
371 21425
372 21424
373 21423
374 21422
375 21421
376 21420
377 21419
378 21418
379 21417
380 21416
381 21415
382 21414
383 21413
384 21412
385 21411
386 21410
387 16828
388 16827
389 16826
390 16825
391 16824
392 16823
393 16822
394 16821
395 16862
396 16861
397 16860
398 16859
399 16858
400 16857
401 16856
402 16855
403 16854
404 16853
405 16852
406 16851
407 16850
408 22083
409 22082
410 22081
411 22080
412 22079
413 22078
414 22077
415 22117
416 22116
417 22115
418 22114
419 22113
420 22112
421 22111
422 22110
423 22109
424 22108
425 22107
426 22106
427 22105
428 22151
429 22150
430 22149
431 22148
432 22147
433 22146
434 22145
435 22144
436 22143
437 22142
438 22141
439 22140
440 22139
441 22138
442 22137
443 22136
444 22135
445 22134
446 22623
447 22622
448 22621
449 22620
450 22619
451 22618
452 22617
453 22616
454 22615
455 22614
456 22613
457 22612
458 22611
459 22610
460 14430
461 14429
462 14428
463 14427
464 14426
465 14425
466 14424
467 14423
468 14422
469 14421
470 22263
471 22262
472 22261
473 22260
474 22259
475 22258
476 22257
477 22256
478 22297
479 22296
480 22295
481 22294
482 22293
483 22292
484 22291
485 22290
486 22289
487 22288
488 22287
489 22286
490 22285
491 22326
492 22325
493 22324
494 22323
495 22322
496 22321
497 22320
498 22319
499 23169
500 23168
501 23167
502 23166
503 23165
504 23164
505 23163
506 23162
507 23161
508 23160
509 23159
510 23158
511 23157
512 23156
513 23155
514 23154
515 23153
516 23152
517 23151
518 23150
519 23149
520 23148
521 23147
522 23146
523 23145
524 23144
525 23143
526 23142
527 23141
528 23140
529 23139
530 23138
531 23137
532 23136
533 23093
534 23092
535 23091
536 23090
537 23089
538 23088
539 23087
540 23086
541 23085
542 23084
543 23083
544 23082
545 23081
546 23080
547 23079
548 23078
549 23077
550 23473
551 23472
552 23471
553 23470
554 23469
555 23468
556 23467
557 23466
558 23465
559 23464
560 23463
561 23462
562 23461
563 23460
564 23459
565 14450
566 14449
567 14448
568 14447
569 14446
570 14445
571 14444
572 14443
573 14442
574 14441
575 14472
576 14471
577 14470
578 14469
579 14468
580 14467
581 14466
582 14465
583 14464
584 14463
585 14462
586 23693
587 23692
588 23691
589 23690
590 23689
591 23688
592 23687
593 23686
594 23861
595 23860
596 23859
597 23858
598 23857
599 23856
600 23855
601 23854
602 23853
603 23852
604 23851
605 23850
606 23849
607 24145
608 24144
609 24143
610 24142
611 24141
612 24140
613 24139
614 24077
615 24076
616 24075
617 24074
618 24073
619 24072
620 24071
621 24070
622 24069
623 24068
624 24067
625 24066
626 24065
627 24064
628 24063
629 24062
630 24061
631 24060
632 24059
633 24058
634 24057
635 24056
636 24055
637 24054
638 24053
639 24052
640 24051
641 24050
642 24049
643 24048
644 24047
645 24046
646 24045
647 24044
648 24043
649 24042
650 24041
651 24040
652 24039
653 24038
654 24037
655 24036
656 24625
657 24624
658 24623
659 24622
660 24621
661 24620
662 24619
663 24618
664 24617
665 24616
666 24615
667 24614
668 24420
669 24419
670 24418
671 24417
672 24416
673 24415
674 24414
675 24413
676 24412
677 24411
678 24410
679 24409
680 24408
681 24407
682 24406
683 24405
684 24404
685 24403
686 24402
687 24401
688 24400
689 24399
690 24398
691 24670
692 24669
693 24668
694 24667
695 24666
696 24665
697 24664
698 24663
699 25215
700 25214
701 25213
702 25212
703 25211
704 25210
705 25209
706 25208
707 25207
708 25206
709 25205
710 25204
711 25203
712 25202
713 25201
714 25200
715 25199
716 25198
717 25197
718 25196
719 25195
720 25194
721 25193
722 25192
723 25191
724 25190
725 25189
726 25188
727 25187
728 25186
729 25185
730 25184
731 25183
732 25182
733 25305
734 25304
735 25303
736 25302
737 25301
738 25300
739 25299
740 25102
741 25101
742 25100
743 25099
744 25098
745 25097
746 25096
747 25095
748 25094
749 25093
750 25092
751 25091
752 25090
753 25089
754 25088
755 25087
756 25086
757 25085
758 25084
759 25083
760 25782
761 25781
762 25780
763 25779
764 25778
765 25777
766 25776
767 25775
768 25774
769 25773
770 25772
771 25771
772 25770
773 25769
774 25768
775 25767
776 25766
777 25765
778 25764
779 25763
780 25762
781 25761
782 25760
783 25759
784 25758
785 25822
786 25821
787 25820
788 25819
789 25818
790 25817
791 25816
792 25815
793 25940
794 25939
795 25938
796 25937
797 25936
798 25935
799 25934
800 25933
801 25932
802 25931
803 25930
804 25929
805 25928
806 25927
807 25926
808 25925
809 25924
810 25923
811 25922
812 25921
813 25920
814 25919
815 25918
816 25917
817 25916
818 25915
819 25914
820 25913
821 25912
822 25911
823 25910
824 25909
825 25908
826 25907
827 26052
828 26051
829 26050
830 26049
831 26048
832 26047
833 26046
834 26045
835 26044
836 26043
837 26042
838 26041
839 26040
840 26039
841 26038
842 26037
843 26036
844 26035
845 26034
846 26259
847 26258
848 26257
849 26256
850 26255
851 26254
852 26253
853 26252
854 26251
855 26250
856 26249
857 26248
858 26247
859 26246
860 26245
861 26244
862 26243
863 26242
864 26241
865 26240
866 26239
867 26372
868 26371
869 26370
870 26369
871 26368
872 26367
873 26366
874 26365
875 26364
876 26363
877 26362
878 26361
879 26360
880 26359
881 26358
882 26357
883 26356
884 26355
885 26354
886 26353
887 26352
888 26351
889 26413
890 26412
891 26411
892 26410
893 26409
894 26408
895 26407
896 26406
897 26405
898 26404
899 15463
900 15462
901 15461
902 15460
903 15459
904 15458
905 15457
906 15456
907 15455
908 15454
909 15453
912 14324
913 14323
914 14322
915 14321
916 14320
917 14319
918 14318
919 14317
920 26426
921 26425
922 26424
923 26423
924 26422
925 26421
926 26420
927 26419
928 26418
929 26417
930 26416
931 26415
932 26414
933 26350
934 26349
935 26348
936 26347
937 26346
938 26345
939 26344
940 26343
941 26342
942 26341
943 26340
944 26339
945 26338
946 26337
947 26336
948 26335
949 26334
950 26333
951 26332
952 26331
953 26330
954 26329
955 26328
956 26327
957 26326
958 26325
959 26324
960 26323
961 26322
962 26321
963 26320
964 26319
965 26318
966 26317
967 26316
968 26315
969 26314
970 26313
971 26312
972 14297
973 14296
974 14295
975 14294
976 14293
977 14292
978 14291
979 14290
980 14289
981 14288
982 14287
983 26064
984 26063
985 26062
986 26061
987 26060
988 26059
989 26058
990 26057
991 26056
992 26055
993 26054
994 26053
995 25906
996 25905
997 25904
998 25903
999 25902
1000 25901
1001 25900
1002 25899
1003 25898
1004 25897
1005 25896
1006 25895
1007 25894
1008 25893
1009 25892
1010 25891
1011 25890
1012 25889
1013 25846
1014 25845
1015 25844
1016 25843
1017 25842
1018 25841
1019 25840
1020 25839
1021 25838
1022 25837
1023 25836
1024 25835
1025 25834
1026 25833
1027 25832
1028 25831
1029 25830
1030 25829
1031 25828
1032 25827
1033 25826
1034 25825
1035 25824
1036 25823
1037 25757
1038 25756
1039 25755
1040 25754
1041 25753
1042 25752
1043 25751
1044 25750
1045 25749
1046 25748
1047 25747
1048 25746
1049 25745
1050 25744
1051 25743
1052 25742
1053 25341
1054 25340
1055 25339
1056 25338
1057 25337
1058 25336
1059 25335
1060 25334
1061 25333
1062 25332
1063 25331
1064 25330
1065 25329
1066 25328
1067 25327
1068 25326
1069 25325
1070 25324
1071 25323
1072 25322
1073 25321
1074 25320
1075 25319
1076 25318
1077 25317
1078 25316
1079 25315
1080 25314
1081 25313
1082 25312
1083 25311
1084 25310
1085 25309
1086 25308
1087 25307
1088 25306
1089 25181
1090 25180
1091 25179
1092 25178
1093 25177
1094 25176
1095 25175
1096 25174
1097 25173
1098 14273
1099 14272
1100 14271
1101 14270
1102 14269
1103 14268
1104 14267
1105 14266
1106 14265
1107 14264
1108 14263
1109 14252
1110 14251
1111 14250
1112 14249
1113 14248
1114 14247
1115 14246
1116 14245
1117 14244
1118 14243
1119 24682
1120 24681
1121 24680
1122 24679
1123 24678
1124 24677
1125 24676
1126 24675
1127 24674
1128 24673
1129 24672
1130 24671
1131 24397
1132 24396
1133 24395
1134 24394
1135 24393
1136 24392
1137 24391
1138 24390
1139 24389
1140 24388
1141 24387
1142 24386
1143 24385
1144 24384
1145 24383
1146 24382
1147 24381
1148 24380
1149 24379
1150 24378
1151 24377
1152 24376
1153 24375
1154 24374
1155 24373
1156 24372
1157 24371
1158 24370
1159 24369
1160 24368
1161 24367
1162 24366
1163 24365
1164 24364
1165 24363
1166 24362
1167 24361
1168 24360
1169 24359
1170 24358
1171 24357
1172 24356
1173 24355
1174 24354
1175 24353
1176 24352
1177 24351
1178 24350
1179 24349
1180 24348
1181 24347
1182 24346
1183 24345
1184 24344
1185 24343
1186 24342
1187 24341
1188 24340
1189 24339
1190 24338
1191 24337
1192 24336
1193 14231
1194 14230
1195 14229
1196 14228
1197 14227
1198 14226
1199 14225
1200 14224
1201 14223
1202 14222
1203 24157
1204 24156
1205 24155
1206 24154
1207 24153
1208 24152
1209 24151
1210 24150
1211 24149
1212 24148
1213 24147
1214 24146
1215 23848
1216 23847
1217 23846
1218 23845
1219 23844
1220 23843
1221 23842
1222 23841
1223 23707
1224 23706
1225 23705
1226 23704
1227 23703
1228 23702
1229 23701
1230 23700
1231 23699
1232 23698
1233 23697
1234 23696
1235 23695
1236 23694
1237 14461
1238 14460
1239 14459
1240 14458
1241 14457
1242 14456
1243 14455
1244 14454
1245 14453
1246 14452
1247 14451
1248 14440
1249 14439
1250 14438
1251 14437
1252 14436
1253 14435
1254 14434
1255 14433
1256 14432
1257 14431
1258 23458
1259 23457
1260 23456
1261 23455
1262 23454
1263 23453
1264 23452
1265 23451
1266 23450
1267 23449
1268 23448
1269 23447
1270 23446
1271 23445
1272 23444
1273 23443
1274 23442
1275 23441
1276 23440
1277 23106
1278 23105
1279 23104
1280 23103
1281 23102
1282 23101
1283 23100
1284 23099
1285 23098
1286 23097
1287 23096
1288 23095
1289 23094
1290 23135
1291 23134
1292 23133
1293 23132
1294 23131
1295 23130
1296 23129
1297 14209
1298 14208
1299 14207
1300 14206
1301 14205
1302 14204
1303 14203
1304 14202
1305 14201
1306 14200
1307 14199
1308 22350
1309 22349
1310 22348
1311 22347
1312 22346
1313 22345
1314 22344
1315 22343
1316 22342
1317 22341
1318 22340
1319 22339
1320 22338
1321 22337
1322 22336
1323 22335
1324 22334
1325 22333
1326 22332
1327 22331
1328 22330
1329 22329
1330 22328
1331 22327
1332 22284
1333 22283
1334 22282
1335 22281
1336 22280
1337 22279
1338 22278
1339 22277
1340 22276
1341 22275
1342 22274
1343 22273
1344 22272
1345 22271
1346 22270
1347 22269
1348 22268
1349 22267
1350 22266
1351 22265
1352 22264
1353 14420
1354 14419
1355 14418
1356 14417
1357 14416
1358 14415
1359 14414
1360 14413
1361 14412
1362 14411
1363 22609
1364 22608
1365 22607
1366 22606
1367 22605
1368 22604
1369 22603
1370 22602
1371 14187
1372 14186
1373 14185
1374 14184
1375 14183
1376 14182
1377 14181
1378 14180
1379 14179
1380 14178
1381 22165
1382 22164
1383 22163
1384 22162
1385 22161
1386 22160
1387 22159
1388 22158
1389 22157
1390 22156
1391 22155
1392 22154
1393 22153
1394 22152
1395 22104
1396 22103
1397 22102
1398 22101
1399 22100
1400 22099
1401 22098
1402 22097
1403 22096
1404 22095
1405 22094
1406 22093
1407 22092
1408 22091
1409 22090
1410 22089
1411 22088
1412 22087
1413 22086
1414 22085
1415 22084
1416 16849
1417 16848
1418 16847
1419 16846
1420 16845
1421 16844
1422 16843
1423 16842
1424 16841
1425 16840
1426 16839
1427 16838
1428 16837
1429 16836
1430 16835
1431 16834
1432 16833
1433 16832
1434 16831
1435 16830
1436 16829
1437 21409
1438 21408
1439 21407
1440 21406
1441 21405
1442 21404
1443 21403
1444 21402
1445 21443
1446 21442
1447 21441
1448 21440
1449 21439
1450 21438
1451 21437
1452 21436
1453 21435
1454 21434
1455 21433
1456 21432
1457 21431
1458 21566
1459 21565
1460 21564
1461 21563
1462 21562
1463 21561
1464 21560
1465 21559
1466 21558
1467 21557
1468 21556
1469 21555
1470 21554
1471 21553
1472 21552
1473 21551
1474 21550
1475 21112
1476 21111
1477 21110
1478 21109
1479 21108
1480 21107
1481 21106
1482 21105
1483 21104
1484 21103
1485 21102
1486 21101
1487 21100
1488 21099
1489 21098
1490 21097
1491 21096
1492 21095
1493 21094
1494 21093
1495 21092
1496 21091
1497 21090
1498 21089
1499 21088
1500 14399
1501 14398
1502 14397
1503 14396
1504 14395
1505 14394
1506 14393
1507 14392
1508 14391
1509 14390
1510 14389
1511 20786
1512 20785
1513 20784
1514 20783
1515 20782
1516 20781
1517 20780
1518 20779
1519 20778
1520 20777
1521 20776
1522 20775
1523 20774
1524 20773
1525 20772
1526 20771
1527 20770
1528 20769
1529 20566
1530 20565
1531 20564
1532 20563
1533 20562
1534 20561
1535 20560
1536 20559
1537 20558
1538 20557
1539 20556
1540 20555
1541 20554
1542 20489
1543 20488
1544 20487
1545 20486
1546 20485
1547 20484
1548 20483
1549 20482
1550 20481
1551 20480
1552 20479
1553 20478
1554 20477
1555 20476
1556 20143
1557 20142
1558 20141
1559 20140
1560 20139
1561 20138
1562 20137
1563 20092
1564 20091
1565 20090
1566 20089
1567 20088
1568 20087
1569 20086
1570 20085
1571 20084
1572 20083
1573 20082
1574 20081
1575 20080
1576 20079
1577 20078
1578 20077
1579 20076
1580 20075
1581 20074
1582 20073
1583 20072
1584 19983
1585 19982
1586 19981
1587 19980
1588 19979
1589 19978
1590 19977
1591 19976
1592 20017
1593 20016
1594 20015
1595 20014
1596 20013
1597 20012
1598 20011
1599 20010
1600 20009
1601 20008
1602 20007
1603 20006
1604 20005
1605 14377
1606 14376
1607 14375
1608 14374
1609 14373
1610 14372
1611 14371
1612 14370
1613 14369
1614 14368
1615 14367
1616 19853
1617 19852
1618 19851
1619 19850
1620 19849
1621 19848
1622 19847
1623 19846
1624 19845
1625 19844
1626 19843
1627 19842
1628 19841
1629 19840
1630 19839
1631 19838
1632 19837
1633 19836
1634 19835
1635 19834
1636 19833
1637 19832
1638 19831
1639 19830
1640 19829
1641 19828
1642 19827
1643 19826
1644 15270
1645 15269
1646 15268
1647 15267
1648 15266
1649 15265
1650 15264
1651 15263
1652 15262
1653 15261
1654 15260
1655 15259
1656 15258
1657 15257
1658 14356
1659 14355
1660 14354
1661 14353
1662 14352
1663 14351
1664 14350
1665 14349
1666 14348
1667 14347
1668 14335
1669 14334
1670 14333
1671 14332
1672 14331
1673 14330
1674 14329
1675 14328
1676 14327
1677 14326
1678 14325
1679 19301
1680 19300
1681 19299
1682 19298
1683 19297
1684 19296
1685 19295
1686 19294
1687 19293
1688 19292
1689 19291
1690 19290
1691 19289
1692 19288
1693 19287
1694 19286
1695 19285
1696 18490
1697 18489
1698 18488
1699 18487
1700 18486
1701 18485
1702 18484
1703 18483
1704 18482
1705 18481
1706 18480
1707 18479
1708 18478
1709 18477
1710 18974
1711 18973
1712 18972
1713 18971
1714 18970
1715 18969
1716 18968
1717 18967
1718 18915
1719 18914
1720 18913
1721 18912
1722 18911
1723 18910
1724 18909
1725 18908
1726 18907
1727 18906
1728 18905
1729 18904
1730 18813
1731 18812
1732 18811
1733 18810
1734 18809
1735 18808
1736 18807
1737 18850
1738 18849
1739 18848
1740 18847
1741 18846
1742 18845
1743 18844
1744 18843
1745 18842
1746 18841
1747 18840
1748 18839
1749 18838
1750 18837
1751 18836
1752 18368
1753 18367
1754 18366
1755 18365
1756 18364
1757 18363
1758 18362
1759 18361
1760 18082
1761 18081
1762 18080
1763 18079
1764 18078
1765 18077
1766 18076
1767 18075
1768 18074
1769 18073
1770 18072
1771 18071
1772 18070
1773 18069
1774 18068
1775 18067
1776 18066
1777 18023
1778 18022
1779 18021
1780 18020
1781 18019
1782 18018
1783 18017
1784 18016
1785 18015
1786 18014
1787 18013
1788 18012
1789 18011
1790 18010
1791 18009
1792 18008
1793 18007
1794 14067
1795 14066
1796 14065
1797 14064
1798 14063
1799 14062
1800 14061
1801 14060
1802 14059
1803 14058
1804 14057
1805 14056
1806 14055
1807 14054
1808 14053
1809 14052
1810 14051
1811 14050
1812 14049
1813 14048
1814 14047
1815 14046
1816 14045
1817 14044
1818 14043
1819 14042
1820 14041
1821 14040
1822 14039
1825 14177
1826 14176
1827 14175
1828 14174
1829 14173
1830 14172
1831 14171
1832 14170
1833 14169
1834 14168
1835 14167
1836 14166
1837 14165
1838 14164
1839 14163
1840 14162
1841 14161
1842 14160
1843 14159
1844 14158
1845 14157
1846 14156
1847 14155
1848 14154
1849 14153
1850 14152
1851 14151
1852 14150
1853 14149
1854 14148
1855 14147
1856 14146
1857 14145
1858 14144
1859 15614
1860 15613
1861 15612
1862 15611
1863 15610
1864 15609
1865 15608
1866 15607
1867 15606
1868 15605
1869 15604
1870 15603
1871 15602
1872 15783
1873 15782
1874 15781
1875 15780
1876 15779
1877 15778
1878 15777
1879 15776
1880 18031
1881 18030
1882 18029
1883 18028
1884 18027
1885 18026
1886 18025
1887 18024
1888 18065
1889 18064
1890 18063
1891 18062
1892 18061
1893 18060
1894 18059
1895 18058
1896 18057
1897 18056
1898 18055
1899 18054
1900 18053
1901 18093
1902 18092
1903 18091
1904 18090
1905 18089
1906 18088
1907 18087
1908 18086
1909 18085
1910 18084
1911 18083
1912 18360
1913 18359
1914 18358
1915 18357
1916 18356
1917 18355
1918 18354
1919 18353
1920 18352
1921 18351
1922 18350
1923 18255
1924 18254
1925 18253
1926 18252
1927 18251
1928 18250
1929 18249
1930 18248
1931 18247
1932 18246
1933 18858
1934 18857
1935 18856
1936 18855
1937 18854
1938 18853
1939 18852
1940 18851
1941 18806
1942 18805
1943 18804
1944 18803
1945 18802
1946 18801
1947 18800
1948 18799
1949 18798
1950 18797
1951 18796
1952 18795
1953 18794
1954 18793
1955 18792
1956 18924
1957 18923
1958 18922
1959 18921
1960 18920
1961 18919
1962 18918
1963 18917
1964 18916
1965 18966
1966 18965
1967 18964
1968 18963
1969 18962
1970 18961
1971 18960
1972 18959
1973 18958
1974 18957
1975 19068
1976 19067
1977 19066
1978 19065
1979 19064
1980 19063
1981 19062
1982 19061
1983 19060
1984 18499
1985 18498
1986 18497
1987 18496
1988 18495
1989 18494
1990 18493
1991 18492
1992 18491
1993 19284
1994 19283
1995 19282
1996 19281
1997 19280
1998 19279
1999 19278
2000 19277
2001 19276
2002 19275
2003 19274
2004 19273
2005 19272
2006 19271
2007 19198
2008 19197
2009 19196
2010 19195
2011 19194
2012 19193
2013 19192
2014 19191
2015 19190
2016 19189
2017 19188
2018 19187
2019 16313
2020 16312
2021 16311
2022 16310
2023 16309
2024 16308
2025 16307
2026 16306
2027 16305
2028 15299
2029 15298
2030 15297
2031 15296
2032 15295
2033 15294
2034 15293
2035 15292
2036 15291
2037 15290
2038 15289
2039 15288
2040 15287
2041 15286
2042 15285
2043 15284
2044 15283
2045 15282
2046 15281
2047 15280
2048 15279
2049 15278
2050 15277
2051 15276
2052 15275
2053 15274
2054 15273
2055 15272
2056 15271
2057 19825
2058 19824
2059 19823
2060 19822
2061 19821
2062 19820
2063 19819
2064 19818
2065 19817
2066 19816
2067 19815
2068 19814
2069 19813
2070 19812
2071 19728
2072 19727
2073 19726
2074 19725
2075 19724
2076 19723
2077 19722
2078 19721
2079 19720
2080 19719
2081 19718
2082 19717
2083 19716
2084 19715
2085 19714
2086 19713
2087 19712
2088 19711
2089 19710
2090 19709
2091 19708
2092 19707
2093 19706
2094 19705
2095 19704
2096 19703
2097 19702
2098 19701
2099 19700
2100 19699
2101 19698
2102 19697
2103 19589
2104 19588
2105 19587
2106 19586
2107 19585
2108 19584
2109 19583
2110 19582
2111 19581
2112 20024
2113 20023
2114 20022
2115 20021
2116 20020
2117 20019
2118 20018
2119 19975
2120 19974
2121 19973
2122 19972
2123 19971
2124 19970
2125 19969
2126 19968
2127 19967
2128 19966
2129 19965
2130 19964
2131 19963
2132 19962
2133 19961
2134 19960
2135 19959
2136 19958
2137 19957
2138 19956
2139 19955
2140 19954
2141 19953
2142 19952
2143 19951
2144 19950
2145 20159
2146 20158
2147 20157
2148 20156
2149 20155
2150 20154
2151 20153
2152 20152
2153 20151
2154 20150
2155 20149
2156 20148
2157 20147
2158 20146
2159 20145
2160 20144
2161 20475
2162 20474
2163 20473
2164 20472
2165 20471
2166 20470
2167 20469
2168 20468
2169 20467
2170 20466
2171 20465
2172 20464
2173 20463
2174 20462
2175 20461
2176 20460
2177 20459
2178 20458
2179 20457
2180 20456
2181 20455
2182 20454
2183 20453
2184 20452
2185 20451
2186 20573
2187 20572
2188 20571
2189 20570
2190 20569
2191 20568
2192 20567
2193 20768
2194 20767
2195 20766
2196 20765
2197 20764
2198 20763
2199 20762
2200 20761
2201 20760
2202 20759
2203 20758
2204 20757
2205 20756
2206 20755
2207 20754
2208 20753
2209 20752
2210 20751
2211 20750
2212 20749
2213 20748
2214 20747
2215 20746
2216 20745
2217 20744
2218 21033
2219 21032
2220 21031
2221 21030
2222 21029
2223 21028
2224 21027
2225 21026
2226 21025
2227 21024
2228 21023
2229 21022
2230 21021
2231 21020
2232 21019
2233 21018
2234 21017
2235 21016
2236 21015
2237 21014
2238 21013
2239 21012
2240 21011
2241 21127
2242 21126
2243 21125
2244 21124
2245 21123
2246 21122
2247 21121
2248 21120
2249 21119
2250 21118
2251 21117
2252 21116
2253 21115
2254 21114
2255 21113
2256 21549
2257 21548
2258 21547
2259 21546
2260 21545
2261 21544
2262 21543
2263 21542
2264 21541
2265 21540
2266 21539
2267 21538
2268 21537
2269 21536
2270 21535
2271 21534
2272 21461
2273 21460
2274 21459
2275 21458
2276 21457
2277 21456
2278 21455
2279 21454
2280 21453
2281 21452
2282 21451
2283 21450
2284 21449
2285 21448
2286 21447
2287 21446
2288 21445
2289 21444
2290 21401
2291 21400
2292 21399
2293 21398
2294 21397
2295 21396
2296 21395
2297 21394
2298 21393
2299 21392
2300 21391
2301 21390
2302 21771
2303 21770
2304 21769
2305 21768
2306 21767
2307 21766
2308 21765
2309 21764
2310 21763
2311 21762
2312 21761
2313 21760
2314 21759
2315 21758
2316 21757
2317 21756
2318 21755
2319 21754
2320 21753
2321 21752
2322 21751
2323 21750
2324 21749
2325 21748
2326 21747
2327 21746
2328 21745
2329 21744
2330 21743
2331 21742
2332 21741
2333 21740
2334 21739
2335 21738
2336 21737
2337 21736
2338 21735
2339 21734
2340 21733
2341 21732
2342 21731
2343 21730
2344 21729
2345 21728
2346 21727
2347 21726
2348 21725
2349 21724
2350 21723
2351 21722
2352 22175
2353 22174
2354 22173
2355 22172
2356 22171
2357 22170
2358 22169
2359 22168
2360 22167
2361 22166
2362 14198
2363 14197
2364 14196
2365 14195
2366 14194
2367 14193
2368 14192
2369 14191
2370 14190
2371 14189
2372 14188
2373 22601
2374 22600
2375 22599
2376 22598
2377 22597
2378 22596
2379 22595
2380 22594
2381 22593
2382 22592
2383 22591
2384 22590
2385 22589
2386 22588
2387 22587
2388 22586
2389 22585
2390 22584
2391 22583
2392 22582
2393 22581
2394 22580
2395 22579
2396 22578
2397 22577
2398 22576
2399 22575
2400 22574
2401 22573
2402 22572
2403 22571
2404 22570
2405 22569
2406 22568
2407 22567
2408 22566
2409 22565
2410 22564
2411 22563
2412 22562
2413 22561
2414 22560
2415 22559
2416 22558
2417 22557
2418 22556
2419 22555
2420 22554
2421 22553
2422 22552
2423 22551
2424 22550
2425 22549
2426 22548
2427 22547
2428 22546
2429 22545
2430 22544
2431 22543
2432 22542
2433 22541
2434 22540
2435 22360
2436 22359
2437 22358
2438 22357
2439 22356
2440 22355
2441 22354
2442 22353
2443 22352
2444 22351
2445 14221
2446 14220
2447 14219
2448 14218
2449 14217
2450 14216
2451 14215
2452 14214
2453 14213
2454 14212
2455 14211
2456 14210
2457 23128
2458 23127
2459 23126
2460 23125
2461 23124
2462 23123
2463 23122
2464 23121
2465 23120
2466 23119
2467 23118
2468 23117
2469 23116
2470 23115
2471 23114
2472 23113
2473 23112
2474 23111
2475 23110
2476 23109
2477 23108
2478 23107
2479 23439
2480 23438
2481 23437
2482 23436
2483 23435
2484 23434
2485 23433
2486 23432
2487 23431
2488 23430
2489 15039
2490 15038
2491 15037
2492 15036
2493 15035
2494 15034
2495 15033
2496 15032
2497 15031
2498 15030
2499 15029
2500 15028
2501 15027
2502 22915
2503 22914
2504 22913
2505 22912
2506 22911
2507 22910
2508 22909
2509 22908
2510 23633
2511 23632
2512 23631
2513 23630
2514 23629
2515 23628
2516 23627
2517 23626
2518 23625
2519 23624
2520 23623
2521 23622
2522 23621
2523 23723
2524 23722
2525 23721
2526 23720
2527 23719
2528 23718
2529 23717
2530 23716
2531 23715
2532 23714
2533 23713
2534 23712
2535 23711
2536 23710
2537 23709
2538 23708
2539 23840
2540 23839
2541 23838
2542 23837
2543 23836
2544 23835
2545 23834
2546 23833
2547 23832
2548 23831
2549 23830
2550 23829
2551 24167
2552 24166
2553 24165
2554 24164
2555 24163
2556 24162
2557 24161
2558 24160
2559 24159
2560 24158
2561 14242
2562 14241
2563 14240
2564 14239
2565 14238
2566 14237
2567 14236
2568 14235
2569 14234
2570 14233
2571 14232
2572 24335
2573 24334
2574 24333
2575 24332
2576 24331
2577 24330
2578 24329
2579 24328
2580 24327
2581 24326
2582 24325
2583 24002
2584 24001
2585 24000
2586 23999
2587 23998
2588 23997
2589 23996
2590 23995
2591 23994
2592 23993
2593 23992
2594 23991
2595 23990
2596 23989
2597 23988
2598 23987
2599 23986
2600 23985
2601 23984
2602 23983
2603 23982
2604 23981
2605 23980
2606 23979
2607 23978
2608 23977
2609 23976
2610 23975
2611 23974
2612 23973
2613 23972
2614 23971
2615 23970
2616 23969
2617 23968
2618 24456
2619 24455
2620 24454
2621 24453
2622 24452
2623 24451
2624 24450
2625 24449
2626 24448
2627 24447
2628 24446
2629 24445
2630 24444
2631 24443
2632 24442
2633 24441
2634 24440
2635 15086
2636 15085
2637 15084
2638 15083
2639 15082
2640 15081
2641 15080
2642 15079
2643 15078
2644 15077
2645 15076
2646 15075
2647 15074
2648 24689
2649 24688
2650 24687
2651 24686
2652 24685
2653 24684
2654 24683
2655 14262
2656 14261
2657 14260
2658 14259
2659 14258
2660 14257
2661 14256
2662 14255
2663 14254
2664 14253
2665 14286
2666 14285
2667 14284
2668 14283
2669 14282
2670 14281
2671 14280
2672 14279
2673 14278
2674 14277
2675 14276
2676 14275
2677 14274
2678 25172
2679 25171
2680 25170
2681 25169
2682 25168
2683 25167
2684 25166
2685 25165
2686 25164
2687 25163
2688 25162
2689 25161
2690 25160
2691 25159
2692 25158
2693 25157
2694 25156
2695 25155
2696 25154
2697 25153
2698 25466
2699 25465
2700 25464
2701 25463
2702 25462
2703 25461
2704 25460
2705 25459
2706 25458
2707 25457
2708 25456
2709 25455
2710 25454
2711 25453
2712 25452
2713 25356
2714 25355
2715 25354
2716 25353
2717 25352
2718 25351
2719 25350
2720 25349
2721 25348
2722 25347
2723 25346
2724 25345
2725 25344
2726 25343
2727 25342
2728 25741
2729 25740
2730 25739
2731 25738
2732 25737
2733 25736
2734 25735
2735 25734
2736 25733
2737 25732
2738 25731
2739 25730
2740 25729
2741 25602
2742 25601
2743 25600
2744 25599
2745 25598
2746 25597
2747 25596
2748 25595
2749 25594
2750 25593
2751 25592
2752 25591
2753 25590
2754 15126
2755 15125
2756 15124
2757 15123
2758 15122
2759 15121
2760 15120
2761 15119
2762 25855
2763 25854
2764 25853
2765 25852
2766 25851
2767 25850
2768 25849
2769 25848
2770 25847
2771 25888
2772 25887
2773 25886
2774 25885
2775 25884
2776 25883
2777 25882
2778 25881
2779 25880
2780 25879
2781 25878
2782 25877
2783 26125
2784 26124
2785 26123
2786 26122
2787 26121
2788 26120
2789 26119
2790 26118
2791 26117
2792 26116
2793 26115
2794 26073
2795 26072
2796 26071
2797 26070
2798 26069
2799 26068
2800 26067
2801 26066
2802 26065
2803 14308
2804 14307
2805 14306
2806 14305
2807 14304
2808 14303
2809 14302
2810 14301
2811 14300
2812 14299
2813 14298
2814 26311
2815 26310
2816 26309
2817 26308
2818 26307
2819 26306
2820 26305
2821 26304
2822 26303
2823 26302
2824 26301
2825 26470
2826 26469
2827 26468
2828 26467
2829 26466
2830 26465
2831 26464
2832 26463
2833 26462
2834 26461
2835 26460
2836 26459
2837 26458
2838 26457
2839 26456
2840 26455
2841 26454
2842 26453
2843 26452
2844 26451
2845 26450
2846 26449
2847 26448
2848 26447
2849 26446
2850 26445
2851 26444
2852 26443
2853 26442
2854 26441
2855 26440
2856 26439
2857 26438
2858 26437
2859 26436
2860 26435
2861 26434
2862 26433
2863 26432
2864 26431
2865 26430
2866 26429
2867 26428
2868 26427
2869 14316
2870 14315
2871 14314
2872 14313
2873 14312
2874 14311
2875 14310
2876 14309
2879 15404
2880 15403
2881 15402
2882 15401
2883 15400
2884 15399
2885 15398
2886 15397
2887 15396
2888 15395
2889 15394
2890 15393
2891 15392
2892 15391
2893 15390
2894 15389
2895 15388
2896 15387
2897 15386
2898 15385
2899 15384
2900 15383
2901 15382
2902 15381
2903 15380
2904 15379
2905 26589
2906 26588
2907 26587
2908 26586
2909 26585
2910 26584
2911 26583
2912 26582
2913 26488
2914 26487
2915 26486
2916 26485
2917 26484
2918 26483
2919 26482
2920 26481
2921 26480
2922 26479
2923 26478
2924 26477
2925 26476
2926 26475
2927 26474
2928 26473
2929 26472
2930 26471
2931 26300
2932 26299
2933 26298
2934 26297
2935 26296
2936 26295
2937 26294
2938 26293
2939 26292
2940 26291
2941 26290
2942 26289
2943 26288
2944 26287
2945 26286
2946 26285
2947 26193
2948 26192
2949 26191
2950 26190
2951 26189
2952 26188
2953 26187
2954 26144
2955 26143
2956 26142
2957 26141
2958 26140
2959 26139
2960 26138
2961 26137
2962 26136
2963 26135
2964 26134
2965 26133
2966 26132
2967 26131
2968 26130
2969 26129
2970 26128
2971 26127
2972 26126
2973 25876
2974 25875
2975 25874
2976 25873
2977 25872
2978 25871
2979 25870
2980 25869
2981 25868
2982 25867
2983 25866
2984 25865
2985 25864
2986 25863
2987 25862
2988 25861
2989 25860
2990 25859
2991 25858
2992 25857
2993 25856
2994 15170
2995 15169
2996 15168
2997 15167
2998 15166
2999 15165
3000 15164
3001 15163
3002 15162
3003 15161
3004 15160
3005 15159
3006 15158
3007 25609
3008 25608
3009 25607
3010 25606
3011 25605
3012 25604
3013 25603
3014 25728
3015 25727
3016 25726
3017 25725
3018 25724
3019 25723
3020 25722
3021 25721
3022 25720
3023 25719
3024 25718
3025 25717
3026 25716
3027 25715
3028 25714
3029 25713
3030 25712
3031 25492
3032 25491
3033 25490
3034 25489
3035 25488
3036 25487
3037 25486
3038 25485
3039 25484
3040 25483
3041 25482
3042 25481
3043 25480
3044 25479
3045 25478
3046 25477
3047 25476
3048 25475
3049 25474
3050 25473
3051 25472
3052 25471
3053 25470
3054 25469
3055 25468
3056 25467
3057 25152
3058 25151
3059 25150
3060 25149
3061 25148
3062 25147
3063 25146
3064 25145
3065 25144
3066 25143
3067 25142
3068 25141
3069 25140
3070 25139
3071 25138
3072 25137
3073 25270
3074 25269
3075 25268
3076 25267
3077 25266
3078 25265
3079 25264
3080 25263
3081 25262
3082 25261
3083 25260
3084 25259
3085 25258
3086 25257
3087 25256
3088 25255
3089 25254
3090 25253
3091 25252
3092 25251
3093 25250
3094 24738
3095 24737
3096 24736
3097 24735
3098 24734
3099 24733
3100 24732
3101 24731
3102 15104
3103 15103
3104 15102
3105 15101
3106 15100
3107 15099
3108 15098
3109 15097
3110 15096
3111 15095
3112 15094
3113 15093
3114 15092
3115 15091
3116 15090
3117 15089
3118 15088
3119 15087
3120 24439
3121 24438
3122 24437
3123 24436
3124 24435
3125 24434
3126 24433
3127 24432
3128 24431
3129 24430
3130 24429
3131 24428
3132 24427
3133 24426
3134 24425
3135 24424
3136 24423
3137 24422
3138 24421
3139 24613
3140 24612
3141 24611
3142 24610
3143 24609
3144 24608
3145 24607
3146 24606
3147 24605
3148 24604
3149 24603
3150 24602
3151 24601
3152 24600
3153 24599
3154 24598
3155 24597
3156 24596
3157 24016
3158 24015
3159 24014
3160 24013
3161 24012
3162 24011
3163 24010
3164 24009
3165 24008
3166 24007
3167 24006
3168 24005
3169 24004
3170 24003
3171 24324
3172 24323
3173 24322
3174 24321
3175 24320
3176 24319
3177 24318
3178 24317
3179 24316
3180 24315
3181 24314
3182 24313
3183 24312
3184 24311
3185 24310
3186 24309
3187 24308
3188 24307
3189 24306
3190 24305
3191 24304
3192 24303
3193 24302
3194 24301
3195 24300
3196 24175
3197 24174
3198 24173
3199 24172
3200 24171
3201 24170
3202 24169
3203 24168
3204 23828
3205 23827
3206 23826
3207 23825
3208 23824
3209 23823
3210 23822
3211 23821
3212 23820
3213 23819
3214 23818
3215 23817
3216 23816
3217 23526
3218 23525
3219 23524
3220 23523
3221 23522
3222 23521
3223 23520
3224 23519
3225 23518
3226 23517
3227 23516
3228 23515
3229 23514
3230 23647
3231 23646
3232 23645
3233 23644
3234 23643
3235 23642
3236 23641
3237 23640
3238 23639
3239 23638
3240 23637
3241 23636
3242 23635
3243 23634
3244 22907
3245 22906
3246 22905
3247 22904
3248 22903
3249 22902
3250 22901
3251 22900
3252 22899
3253 22898
3254 22897
3255 22896
3256 15048
3257 15047
3258 15046
3259 15045
3260 15044
3261 15043
3262 15042
3263 15041
3264 15040
3265 23429
3266 23428
3267 23427
3268 23426
3269 23425
3270 23424
3271 23423
3272 23422
3273 23421
3274 23420
3275 23419
3276 23418
3277 23417
3278 23416
3279 23415
3280 23414
3281 23413
3282 23412
3283 23048
3284 23047
3285 23046
3286 23045
3287 23044
3288 23043
3289 23042
3290 23041
3291 23226
3292 23225
3293 23224
3294 23223
3295 23222
3296 23221
3297 23220
3298 23219
3299 23218
3300 23217
3301 23216
3302 23215
3303 23214
3304 22374
3305 22373
3306 22372
3307 22371
3308 22370
3309 22369
3310 22368
3311 22367
3312 22366
3313 22365
3314 22364
3315 22363
3316 22362
3317 22361
3318 22539
3319 22538
3320 22537
3321 22536
3322 22535
3323 22534
3324 22533
3325 22532
3326 22531
3327 22530
3328 22529
3329 22528
3330 22527
3331 22526
3332 22525
3333 22524
3334 22523
3335 22522
3336 22521
3337 22520
3338 22519
3339 22518
3340 22517
3341 22516
3342 22515
3343 17855
3344 17854
3345 17853
3346 17852
3347 17851
3348 17850
3349 17849
3350 17848
3351 17847
3352 17846
3353 17845
3354 17844
3355 17843
3356 22839
3357 22838
3358 22837
3359 22836
3360 22835
3361 22834
3362 22833
3363 22832
3364 22831
3365 22830
3366 22829
3367 22828
3368 22827
3369 22826
3370 22825
3371 22824
3372 22823
3373 22822
3374 22821
3375 22820
3376 22819
3377 22818
3378 22817
3379 22816
3380 22815
3381 22652
3382 22651
3383 22650
3384 22649
3385 22648
3386 22647
3387 22646
3388 22187
3389 22186
3390 22185
3391 22184
3392 22183
3393 22182
3394 22181
3395 22180
3396 22179
3397 22178
3398 22177
3399 22176
3400 21721
3401 21720
3402 21719
3403 21718
3404 21717
3405 21716
3406 21715
3407 21714
3408 21713
3409 21712
3410 21711
3411 21710
3412 21709
3413 21708
3414 21707
3415 21706
3416 21705
3417 21704
3418 21703
3419 21702
3420 22027
3421 22026
3422 22025
3423 22024
3424 22023
3425 22022
3426 22021
3427 16878
3428 16877
3429 16876
3430 16875
3431 16874
3432 16873
3433 16872
3434 16871
3435 16870
3436 16869
3437 16868
3438 16867
3439 16866
3440 16865
3441 16864
3442 16863
3443 16820
3444 16819
3445 16818
3446 16817
3447 16816
3448 16815
3449 16814
3450 16813
3451 16812
3452 16811
3453 16810
3454 16809
3455 16808
3456 16807
3457 16806
3458 16805
3459 16804
3460 16803
3461 16802
3462 16801
3463 16800
3464 16799
3465 21248
3466 21247
3467 21246
3468 21245
3469 21244
3470 21243
3471 21242
3472 21241
3473 21240
3474 21239
3475 21238
3476 21237
3477 21236
3478 21235
3479 21234
3480 21233
3481 21232
3482 21231
3483 21230
3484 21229
3485 21228
3486 21227
3487 21226
3488 21225
3489 21224
3490 21223
3491 21222
3492 21221
3493 21176
3494 21175
3495 21174
3496 21173
3497 21172
3498 21171
3499 21170
3500 21169
3501 17806
3502 17805
3503 17804
3504 17803
3505 17802
3506 17801
3507 17800
3508 17799
3509 17798
3510 17797
3511 17796
3512 17795
3513 17794
3514 21051
3515 21050
3516 21049
3517 21048
3518 21047
3519 21046
3520 21045
3521 21044
3522 21043
3523 21042
3524 21041
3525 21040
3526 21039
3527 21038
3528 21037
3529 21036
3530 21035
3531 21034
3532 20743
3533 20742
3534 20741
3535 20740
3536 20739
3537 20738
3538 20737
3539 20736
3540 20735
3541 20734
3542 20733
3543 20732
3544 20731
3545 20730
3546 20729
3547 20728
3548 20727
3549 20726
3550 20725
3551 20724
3552 20723
3553 20722
3554 20721
3555 20720
3556 20719
3557 20718
3558 20717
3559 20716
3560 20715
3561 20714
3562 20713
3563 20712
3564 20434
3565 20433
3566 20432
3567 20431
3568 20430
3569 20429
3570 20428
3571 20427
3572 20426
3573 20425
3574 20424
3575 20423
3576 20422
3577 20301
3578 20300
3579 20299
3580 20298
3581 20297
3582 20296
3583 20295
3584 20294
3585 20178
3586 20177
3587 20176
3588 20175
3589 20174
3590 20173
3591 20172
3592 20171
3593 20170
3594 20169
3595 20168
3596 20167
3597 20166
3598 20165
3599 20164
3600 20163
3601 20162
3602 20161
3603 20160
3604 19949
3605 19948
3606 19947
3607 19946
3608 19945
3609 19944
3610 19943
3611 19942
3612 19941
3613 19940
3614 19939
3615 19938
3616 19937
3617 19936
3618 19935
3619 20042
3620 20041
3621 20040
3622 20039
3623 20038
3624 20037
3625 20036
3626 20035
3627 20034
3628 20033
3629 20032
3630 20031
3631 20030
3632 20029
3633 20028
3634 20027
3635 20026
3636 20025
3637 19580
3638 19579
3639 19578
3640 19577
3641 19576
3642 19575
3643 19574
3644 19573
3645 19572
3646 19571
3647 19570
3648 19569
3649 19568
3650 19567
3651 19566
3652 19565
3653 19564
3654 19563
3655 19562
3656 19561
3657 19560
3658 19559
3659 19558
3660 19557
3661 19515
3662 19514
3663 19513
3664 19512
3665 19511
3666 19510
3667 19509
3668 19737
3669 19736
3670 19735
3671 19734
3672 19733
3673 19732
3674 19731
3675 19730
3676 19729
3677 19811
3678 19810
3679 19809
3680 19808
3681 19807
3682 19806
3683 19805
3684 19804
3685 15333
3686 15332
3687 15331
3688 15330
3689 15329
3690 15328
3691 15327
3692 15326
3693 15325
3694 15324
3695 15323
3696 15322
3697 15321
3698 15320
3699 15319
3700 15318
3701 15317
3702 15316
3703 15315
3704 15314
3705 15313
3706 15312
3707 15311
3708 15310
3709 15309
3710 15308
3711 15307
3712 15306
3713 15305
3714 15304
3715 15303
3716 15302
3717 15301
3718 15300
3719 16304
3720 16303
3721 16302
3722 16301
3723 16300
3724 16299
3725 16298
3726 16297
3727 16296
3728 16295
3729 16294
3730 16293
3731 16292
3732 19206
3733 19205
3734 19204
3735 19203
3736 19202
3737 19201
3738 19200
3739 19199
3740 19270
3741 19269
3742 19268
3743 19267
3744 19266
3745 19265
3746 19264
3747 19263
3748 19262
3749 19261
3750 19260
3751 19259
3752 19258
3753 19257
3754 19256
3755 19085
3756 19084
3757 19083
3758 19082
3759 19081
3760 19080
3761 19079
3762 19078
3763 19077
3764 19076
3765 19075
3766 19074
3767 19073
3768 19072
3769 19071
3770 19070
3771 19069
3772 18956
3773 18955
3774 18954
3775 18953
3776 18952
3777 18951
3778 18950
3779 18949
3780 18948
3781 18947
3782 18946
3783 18945
3784 18769
3785 18768
3786 18767
3787 18766
3788 18765
3789 18764
3790 18763
3791 18762
3792 18761
3793 18760
3794 18759
3795 18758
3796 18757
3797 18874
3798 18873
3799 18872
3800 18871
3801 18870
3802 18869
3803 18868
3804 18867
3805 18866
3806 18865
3807 18864
3808 18863
3809 18862
3810 18861
3811 18860
3812 18859
3813 18245
3814 18244
3815 18243
3816 18242
3817 18241
3818 18240
3819 18239
3820 18238
3821 18237
3822 18236
3823 18235
3824 18234
3825 18233
3826 18232
3827 18231
3828 18230
3829 18229
3830 18228
3831 18227
3832 18226
3833 18225
3834 18224
3835 18223
3836 18222
3837 18101
3838 18100
3839 18099
3840 18098
3841 18097
3842 18096
3843 18095
3844 18094
3845 18052
3846 18051
3847 18050
3848 18049
3849 18048
3850 18047
3851 18046
3852 18045
3853 18044
3854 18043
3855 18042
3856 18041
3857 18040
3858 18039
3859 18038
3860 18037
3861 18036
3862 18035
3863 18034
3864 18033
3865 18032
3866 15775
3867 15774
3868 15773
3869 15772
3870 15771
3871 15770
3872 15769
3873 15768
3874 15767
3875 15766
3876 15765
3877 15764
3878 15623
3879 15622
3880 15621
3881 15620
3882 15619
3883 15618
3884 15617
3885 15616
3886 15615
3887 14143
3888 14142
3889 14141
3890 14140
3891 14139
3892 14138
3893 14137
3894 14136
3895 14135
3896 14134
3897 14133
3898 14132
3899 14131
3900 14130
3901 14129
3902 14128
3903 14127
3904 14126
3905 14125
3906 14124
3907 14123
3908 14122
3909 14121
3910 14120
3911 14119
3912 14118
3913 15248
3914 15247
3915 15246
3916 15245
3917 15244
3918 15243
3919 15242
3920 15241
3923 14979
3924 14978
3925 14977
3926 14976
3927 14975
3928 14974
3929 14973
3930 3931
3932 14970
3933 14969
3934 14968
3935 14967
3936 15512
3937 15511
3938 15510
3939 15509
3940 3941
3942 15506
3943 15505
3944 15504
3945 15503
3946 15502
3947 15501
3948 15500
3949 3950
3951 15497
3952 15647
3953 15646
3954 15645
3955 15644
3956 15643
3957 15642
3958 15641
3959 15640
3960 15639
3961 15638
3962 15637
3963 3964
3965 15634
3966 15633
3967 15632
3968 15631
3969 15630
3970 15629
3971 15628
3972 3973
3974 15625
3975 15624
3976 15763
3977 15762
3978 15761
3979 15760
3980 3981
3982 15757
3983 15756
3984 15755
3985 15754
3986 15753
3987 3988
3989 15750
3990 15749
3991 15748
3992 15747
3993 15746
3994 15745
3995 3996
3997 15742
3998 15741
3999 15904
4000 15903
4001 15902
4002 15901
4003 15900
4004 15899
4005 15898
4006 15897
4007 4008
4009 15894
4010 15893
4011 15892
4012 15936
4013 15935
4014 15934
4015 15933
4016 15932
4017 4018
4019 15929
4020 18110
4021 18109
4022 18108
4023 18107
4024 18106
4025 18105
4026 18104
4027 4028
4029 18221
4030 18220
4031 18219
4032 18218
4033 18217
4034 18216
4035 18215
4036 4037
4038 18212
4039 18211
4040 18210
4041 18283
4042 18282
4043 18281
4044 18280
4045 18279
4046 4047
4048 18276
4049 18275
4050 18274
4051 18273
4052 18272
4053 18271
4054 18270
4055 18269
4056 18268
4057 16059
4058 16058
4059 16057
4060 4061
4062 16054
4063 16053
4064 16052
4065 14604
4066 14603
4067 14602
4068 14601
4069 14600
4070 14599
4071 4072
4073 14596
4074 14595
4075 14594
4076 14593
4077 14592
4078 18783
4079 18782
4080 18781
4081 18780
4082 4083
4084 18777
4085 18776
4086 18775
4087 18774
4088 18773
4089 18772
4090 18771
4091 18770
4092 18944
4093 4094
4095 18941
4096 18940
4097 18939
4098 18938
4099 19041
4100 19040
4101 19039
4102 19038
4103 19037
4104 4105
4106 19034
4107 18589
4108 18588
4109 18587
4110 18586
4111 18585
4112 18584
4113 18583
4114 18582
4115 18581
4116 18580
4117 18579
4118 18578
4119 4120
4121 18575
4122 18574
4123 18573
4124 18572
4125 18571
4126 18570
4127 18569
4128 16174
4129 16173
4130 16172
4131 16171
4132 4133
4134 16168
4135 16167
4136 16166
4137 16165
4138 16164
4139 16163
4140 16162
4141 16161
4142 16160
4143 16159
4144 4145
4146 16156
4147 19213
4148 19212
4149 19211
4150 19210
4151 19209
4152 19208
4153 19207
4154 16291
4155 16290
4156 16289
4157 4158
4159 16286
4160 16285
4161 16284
4162 16283
4163 16282
4164 16281
4165 16280
4166 16279
4167 16278
4168 16277
4169 16276
4170 4171
4172 16273
4173 16272
4174 16271
4175 16270
4176 16269
4177 16268
4178 16267
4179 16266
4180 16265
4181 16264
4182 16263
4183 14676
4184 14675
4185 14674
4186 4187
4188 14671
4189 14670
4190 14669
4191 14668
4192 14667
4193 14666
4194 14665
4195 14664
4196 14663
4197 14662
4198 14661
4199 14660
4200 14659
4201 4202
4203 16436
4204 16435
4205 16434
4206 16433
4207 16432
4208 16431
4209 16430
4210 16429
4211 19754
4212 19753
4213 19752
4214 19751
4215 4216
4217 19748
4218 19747
4219 19746
4220 19745
4221 19744
4222 19743
4223 19742
4224 19741
4225 19740
4226 19739
4227 19738
4228 19508
4229 4230
4231 19505
4232 19504
4233 19503
4234 19502
4235 19501
4236 19500
4237 19499
4238 19498
4239 19497
4240 19496
4241 19495
4242 19494
4243 4244
4245 19491
4246 19688
4247 19687
4248 19686
4249 19685
4250 19684
4251 19683
4252 19682
4253 19681
4254 19680
4255 19679
4256 19678
4257 19677
4258 19676
4259 19675
4260 19674
4261 4262
4263 19671
4264 19670
4265 19669
4266 19668
4267 19667
4268 19666
4269 19665
4270 19664
4271 19663
4272 19662
4273 19661
4274 19660
4275 16529
4276 16528
4277 4278
4279 16525
4280 16524
4281 16523
4282 16522
4283 16521
4284 16520
4285 16563
4286 16562
4287 16561
4288 16560
4289 16559
4290 16558
4291 16557
4292 16556
4293 4294
4295 16553
4296 20371
4297 20370
4298 20369
4299 20368
4300 20367
4301 20366
4302 20365
4303 20364
4304 20363
4305 20362
4306 20361
4307 20360
4308 4309
4310 20357
4311 20356
4312 20355
4313 20354
4314 20187
4315 20186
4316 20185
4317 20184
4318 20183
4319 20182
4320 20181
4321 20180
4322 20179
4323 20293
4324 4325
4326 20290
4327 20289
4328 20288
4329 20287
4330 20286
4331 20285
4332 20284
4333 20283
4334 20282
4335 20281
4336 20280
4337 20279
4338 20278
4339 20277
4340 20442
4341 20441
4342 20440
4343 20439
4344 4345
4346 20436
4347 20435
4348 20711
4349 20710
4350 20709
4351 20708
4352 20707
4353 20706
4354 20705
4355 20704
4356 20703
4357 20702
4358 20701
4359 20700
4360 20699
4361 4362
4363 20696
4364 20695
4365 20694
4366 20693
4367 20692
4368 20691
4369 20690
4370 20689
4371 16730
4372 16729
4373 16728
4374 16727
4375 16726
4376 16725
4377 16724
4378 4379
4380 20958
4381 20957
4382 20956
4383 20955
4384 20954
4385 20953
4386 20952
4387 20951
4388 20950
4389 20949
4390 20948
4391 20947
4392 20946
4393 20945
4394 20944
4395 4396
4397 20941
4398 20940
4399 20939
4400 20938
4401 20937
4402 17823
4403 17822
4404 17821
4405 17820
4406 17819
4407 17818
4408 17817
4409 17816
4410 17815
4411 17814
4412 4413
4414 17811
4415 17810
4416 17809
4417 17808
4418 17807
4419 21168
4420 21167
4421 21166
4422 21165
4423 21164
4424 21163
4425 21162
4426 21161
4427 21160
4428 21159
4429 21158
4430 21157
4431 21156
4432 21155
4433 4434
4435 21525
4436 21524
4437 21523
4438 21522
4439 21521
4440 21520
4441 21519
4442 21518
4443 21264
4444 21263
4445 21262
4446 21261
4447 21260
4448 21259
4449 21258
4450 21257
4451 21256
4452 4453
4454 21253
4455 21252
4456 21251
4457 21250
4458 21249
4459 16798
4460 16797
4461 16796
4462 16795
4463 16794
4464 16793
4465 16792
4466 16791
4467 16790
4468 16789
4469 16788
4470 16787
4471 4472
4473 16784
4474 21360
4475 21359
4476 21358
4477 21357
4478 21356
4479 21355
4480 21354
4481 21353
4482 21352
4483 21351
4484 21350
4485 21349
4486 21348
4487 21347
4488 21346
4489 4490
4491 21343
4492 16887
4493 16886
4494 16885
4495 16884
4496 16883
4497 16882
4498 16881
4499 16880
4500 16879
4501 22020
4502 22019
4503 22018
4504 22017
4505 22016
4506 22015
4507 22014
4508 4509
4510 22011
4511 22010
4512 22009
4513 22008
4514 22007
4515 22006
4516 22005
4517 22004
4518 22003
4519 22002
4520 22001
4521 22000
4522 21999
4523 21998
4524 21997
4525 21996
4526 21995
4527 21994
4528 21993
4529 21992
4530 21991
4531 4532
4533 21988
4534 21987
4535 21986
4536 21985
4537 21984
4538 21983
4539 21982
4540 22665
4541 22664
4542 22663
4543 22662
4544 22661
4545 22660
4546 22659
4547 22658
4548 22657
4549 22656
4550 22655
4551 4552
4553 22814
4554 22813
4555 22812
4556 22811
4557 22810
4558 22809
4559 22808
4560 22807
4561 22806
4562 22805
4563 22804
4564 22803
4565 22802
4566 22801
4567 22800
4568 22799
4569 14865
4570 14864
4571 4572
4573 14861
4574 14860
4575 14859
4576 14858
4577 14857
4578 14856
4579 14855
4580 14854
4581 14853
4582 17868
4583 17867
4584 17866
4585 17865
4586 17864
4587 17863
4588 17862
4589 17861
4590 17860
4591 4592
4593 17857
4594 17856
4595 22514
4596 22513
4597 22512
4598 22511
4599 22510
4600 22509
4601 22508
4602 22507
4603 23274
4604 23273
4605 23272
4606 23271
4607 23270
4608 23269
4609 23268
4610 23267
4611 4612
4613 23264
4614 23263
4615 23262
4616 23261
4617 23260
4618 23259
4619 23258
4620 23257
4621 23256
4622 23255
4623 23254
4624 23253
4625 23252
4626 23251
4627 23250
4628 23249
4629 23248
4630 23247
4631 23246
4632 23245
4633 23244
4634 23243
4635 4636
4637 23240
4638 23239
4639 23238
4640 23237
4641 23236
4642 23235
4643 23234
4644 23233
4645 23232
4646 23231
4647 23230
4648 23229
4649 23228
4650 23227
4651 23040
4652 23039
4653 23038
4654 23037
4655 23036
4656 23035
4657 4658
4659 23032
4660 23031
4661 23030
4662 23029
4663 23028
4664 23027
4665 23026
4666 23025
4667 23024
4668 23023
4669 23022
4670 23021
4671 23020
4672 23019
4673 23018
4674 15064
4675 15063
4676 15062
4677 15061
4678 15060
4679 4680
4681 15057
4682 15056
4683 15055
4684 15054
4685 15053
4686 15052
4687 15051
4688 15050
4689 15049
4690 22895
4691 22894
4692 22893
4693 22892
4694 22891
4695 22890
4696 22889
4697 22888
4698 22887
4699 22886
4700 22885
4701 4702
4703 23556
4704 23555
4705 23554
4706 23553
4707 23552
4708 23551
4709 23550
4710 23549
4711 23548
4712 23547
4713 23546
4714 23545
4715 23544
4716 23543
4717 23542
4718 23541
4719 23540
4720 23539
4721 23538
4722 4723
4724 23535
4725 23534
4726 23533
4727 23532
4728 23531
4729 23530
4730 23529
4731 23528
4732 23527
4733 23815
4734 23814
4735 23813
4736 23812
4737 23811
4738 23810
4739 23809
4740 23808
4741 23807
4742 23806
4743 24188
4744 24187
4745 24186
4746 4747
4748 24183
4749 24182
4750 24181
4751 24180
4752 24179
4753 24178
4754 24177
4755 24176
4756 24299
4757 24298
4758 24297
4759 24296
4760 24295
4761 24294
4762 24293
4763 24292
4764 24291
4765 24290
4766 24289
4767 24288
4768 24287
4769 4770
4771 17090
4772 17089
4773 17088
4774 17087
4775 17086
4776 17085
4777 17084
4778 17083
4779 17082
4780 17081
4781 17080
4782 17079
4783 17078
4784 17077
4785 17076
4786 17075
4787 17074
4788 17073
4789 17072
4790 17201
4791 17200
4792 4793
4794 17197
4795 17196
4796 17195
4797 24575
4798 24574
4799 24573
4800 24572
4801 24571
4802 24570
4803 24569
4804 24568
4805 24567
4806 24566
4807 24565
4808 24564
4809 24563
4810 23934
4811 23933
4812 23932
4813 23931
4814 23930
4815 4816
4817 23927
4818 24520
4819 24519
4820 24518
4821 24517
4822 24516
4823 24515
4824 24514
4825 24513
4826 24512
4827 24511
4828 24510
4829 24509
4830 25010
4831 25009
4832 25008
4833 25007
4834 25006
4835 25005
4836 25004
4837 25003
4838 4839
4840 25000
4841 24999
4842 24998
4843 24997
4844 15118
4845 15117
4846 15116
4847 15115
4848 15114
4849 15113
4850 15112
4851 15111
4852 15110
4853 15109
4854 15108
4855 15107
4856 15106
4857 15105
4858 24730
4859 24729
4860 24728
4861 24727
4862 24726
4863 24725
4864 24724
4865 4866
4867 24721
4868 24720
4869 24719
4870 24718
4871 24717
4872 24716
4873 24715
4874 24714
4875 24713
4876 24915
4877 24914
4878 24913
4879 24912
4880 24911
4881 24910
4882 24909
4883 24908
4884 24907
4885 24906
4886 24905
4887 24904
4888 4889
4890 24901
4891 17352
4892 17351
4893 17350
4894 17349
4895 17348
4896 17347
4897 17346
4898 17345
4899 17344
4900 17343
4901 17342
4902 17341
4903 17340
4904 17339
4905 17338
4906 17337
4907 17336
4908 17335
4909 17334
4910 17333
4911 4912
4913 17330
4914 17329
4915 17328
4916 17327
4917 25418
4918 25417
4919 25416
4920 25415
4921 25414
4922 25413
4923 25412
4924 25411
4925 25410
4926 25409
4927 25408
4928 25407
4929 25406
4930 25405
4931 25404
4932 25690
4933 25689
4934 4935
4936 25686
4937 25685
4938 25684
4939 25560
4940 25559
4941 25558
4942 25557
4943 25556
4944 25555
4945 25554
4946 25553
4947 25625
4948 25624
4949 25623
4950 25622
4951 25621
4952 25620
4953 25619
4954 25618
4955 25617
4956 25616
4957 25615
4958 25614
4959 25613
4960 4961
4962 25610
4963 15157
4964 15156
4965 15155
4966 15154
4967 15153
4968 15152
4969 15151
4970 15150
4971 15149
4972 15148
4973 15147
4974 15146
4975 15145
4976 15144
4977 15143
4978 15142
4979 15141
4980 15140
4981 17456
4982 17455
4983 17454
4984 17453
4985 17452
4986 17451
4987 17450
4988 17449
4989 17448
4990 17447
4991 17446
4992 17445
4993 17444
4994 17443
4995 17442
4996 17441
4997 17440
4998 17439
4999 17438
5000 17437
5001 17436
5002 5003
5004 17433
5005 17432
5006 17431
5007 26155
5008 26154
5009 26153
5010 26152
5011 26151
5012 26150
5013 26149
5014 26148
5015 26147
5016 26146
5017 26145
5018 26186
5019 26185
5020 26184
5021 26183
5022 26182
5023 26181
5024 26180
5025 26179
5026 26178
5027 26177
5028 17725
5029 17724
5030 17723
5031 17722
5032 17721
5033 17720
5034 17719
5035 17718
5036 17717
5037 17716
5038 17715
5039 17714
5040 17713
5041 17712
5042 5043
5044 26505
5045 26504
5046 26503
5047 26502
5048 26501
5049 26500
5050 26499
5051 26498
5052 26497
5053 26496
5054 26495
5055 26494
5056 26493
5057 26492
5058 26491
5059 26490
5060 26489
5061 26581
5062 26580
5063 26579
5064 26578
5065 26577
5066 26576
5067 26575
5068 26574
5069 26573
5070 15213
5071 15212
5072 15211
5073 15210
5074 15209
5075 15208
5076 15207
5077 15206
5078 15205
5079 15204
5080 15203
5081 15202
5082 15201
5083 15200
5084 15199
5085 15198
5086 5087
5088 14940
5089 14939
5090 14938
5091 14937
5092 14936
5093 14935
5094 14934
5095 14933
5096 14932
5099 14038
5100 14037
5101 14036
5102 14035
5103 14034
5104 14033
5105 14032
5106 14031
5107 14030
5108 14029
5109 14028
5110 14027
5111 14026
5112 14025
5113 14024
5114 5115
5116 14021
5117 14020
5118 13990
5119 13989
5120 13988
5121 13987
5122 13986
5123 13985
5124 13984
5125 13983
5126 13982
5127 13970
5128 13969
5129 13968
5130 13967
5131 13966
5132 13965
5133 13964
5134 13963
5135 13962
5136 13961
5137 13960
5138 26519
5139 26518
5140 26517
5141 26516
5142 26515
5143 26514
5144 26513
5145 26512
5146 26511
5147 26510
5148 26509
5149 26508
5150 26507
5151 26506
5152 17709
5153 17708
5154 17707
5155 17706
5156 17705
5157 5158
5159 17702
5160 17701
5161 17700
5162 17699
5163 17698
5164 17697
5165 17696
5166 17695
5167 17694
5168 13948
5169 13947
5170 13946
5171 13945
5172 13944
5173 13943
5174 13942
5175 13941
5176 13940
5177 13939
5178 26081
5179 26080
5180 26079
5181 26078
5182 26077
5183 26076
5184 26075
5185 26074
5186 26114
5187 26113
5188 26112
5189 26111
5190 26110
5191 26109
5192 26108
5193 26107
5194 26106
5195 5196
5197 26103
5198 17473
5199 17472
5200 17471
5201 17470
5202 17469
5203 17468
5204 17467
5205 17466
5206 17465
5207 17464
5208 17463
5209 17462
5210 17461
5211 17460
5212 17459
5213 17458
5214 17457
5215 15139
5216 15138
5217 15137
5218 15136
5219 15135
5220 15134
5221 15133
5222 15132
5223 15131
5224 15130
5225 15129
5226 15128
5227 15127
5228 25589
5229 25588
5230 25587
5231 25586
5232 25585
5233 25584
5234 25583
5235 25582
5236 25581
5237 25580
5238 25579
5239 25578
5240 25577
5241 25576
5242 5243
5244 25573
5245 25572
5246 25571
5247 25570
5248 25569
5249 25568
5250 25567
5251 25566
5252 25565
5253 25564
5254 25563
5255 25562
5256 25561
5257 25683
5258 25682
5259 25681
5260 25680
5261 25679
5262 25678
5263 25677
5264 25676
5265 5266
5267 25361
5268 25360
5269 25359
5270 25358
5271 25357
5272 25451
5273 25450
5274 25449
5275 25448
5276 25447
5277 25446
5278 25445
5279 25444
5280 25443
5281 25442
5282 25441
5283 25440
5284 25439
5285 13927
5286 13926
5287 5288
5289 13923
5290 13922
5291 13921
5292 13920
5293 13919
5294 13918
5295 13906
5296 13905
5297 13904
5298 13903
5299 13902
5300 13901
5301 13900
5302 13899
5303 13898
5304 13897
5305 24930
5306 24929
5307 24928
5308 24927
5309 5310
5311 24924
5312 24923
5313 24922
5314 24921
5315 24920
5316 24919
5317 24918
5318 24917
5319 24916
5320 24712
5321 24711
5322 24710
5323 24709
5324 24708
5325 24707
5326 24706
5327 24705
5328 24704
5329 24703
5330 5331
5332 24700
5333 24699
5334 24698
5335 24697
5336 24696
5337 24695
5338 24694
5339 24693
5340 24692
5341 24691
5342 24690
5343 15073
5344 15072
5345 15071
5346 15070
5347 15069
5348 15068
5349 15067
5350 15066
5351 15065
5352 24996
5353 24995
5354 24994
5355 24993
5356 24992
5357 24991
5358 24990
5359 24472
5360 24471
5361 24470
5362 24469
5363 24468
5364 24467
5365 5366
5367 24464
5368 24463
5369 24462
5370 24461
5371 24460
5372 24459
5373 24458
5374 24457
5375 23967
5376 23966
5377 23965
5378 23964
5379 23963
5380 23962
5381 23961
5382 23960
5383 23959
5384 23958
5385 23957
5386 5387
5388 23954
5389 23953
5390 13883
5391 13882
5392 13881
5393 13880
5394 13879
5395 13878
5396 13877
5397 13876
5398 13875
5399 13874
5400 13873
5401 13862
5402 13861
5403 13860
5404 13859
5405 13858
5406 13857
5407 5408
5409 13854
5410 13853
5411 17104
5412 17103
5413 17102
5414 17101
5415 17100
5416 17099
5417 17098
5418 17097
5419 17096
5420 17095
5421 17094
5422 17093
5423 17092
5424 17091
5425 24284
5426 24283
5427 24282
5428 5429
5430 24279
5431 24278
5432 24277
5433 24276
5434 24275
5435 24274
5436 24273
5437 24272
5438 24271
5439 24270
5440 24269
5441 24268
5442 24267
5443 24266
5444 24265
5445 24264
5446 24263
5447 24262
5448 24261
5449 5450
5451 24258
5452 24257
5453 24256
5454 24255
5455 24254
5456 24253
5457 24252
5458 24251
5459 24250
5460 24249
5461 24248
5462 24247
5463 24246
5464 23736
5465 23735
5466 23734
5467 23733
5468 23732
5469 23731
5470 23730
5471 23729
5472 23728
5473 23727
5474 23726
5475 23725
5476 23724
5477 23620
5478 5479
5480 23617
5481 23616
5482 23615
5483 23614
5484 23613
5485 22931
5486 22930
5487 22929
5488 22928
5489 22927
5490 22926
5491 22925
5492 22924
5493 22923
5494 22922
5495 22921
5496 22920
5497 22919
5498 5499
5500 22916
5501 15026
5502 15025
5503 15024
5504 15023
5505 15022
5506 15021
5507 15020
5508 15019
5509 15018
5510 15017
5511 15016
5512 15015
5513 15014
5514 15013
5515 15012
5516 13821
5517 13820
5518 13819
5519 5520
5521 13816
5522 13815
5523 13814
5524 13813
5525 13812
5526 13800
5527 13799
5528 13798
5529 13797
5530 13796
5531 13795
5532 13794
5533 13793
5534 13792
5535 13791
5536 23331
5537 23330
5538 23329
5539 5540
5541 23326
5542 23325
5543 23324
5544 23323
5545 23322
5546 23321
5547 23320
5548 23319
5549 23318
5550 23317
5551 23316
5552 23315
5553 23314
5554 23313
5555 23312
5556 23311
5557 23310
5558 23309
5559 23308
5560 5561
5562 23305
5563 23304
5564 23303
5565 23302
5566 23301
5567 23300
5568 23299
5569 23298
5570 23297
5571 23296
5572 23295
5573 23294
5574 23293
5575 23292
5576 23291
5577 23290
5578 23289
5579 23288
5580 23287
5581 23286
5582 23285
5583 23284
5584 23283
5585 23282
5586 23281
5587 23280
5588 5589
5590 23277
5591 23276
5592 23275
5593 22506
5594 22505
5595 22504
5596 22503
5597 22502
5598 22501
5599 22500
5600 22499
5601 17881
5602 17880
5603 17879
5604 17878
5605 17877
5606 17876
5607 5608
5609 17873
5610 17872
5611 17871
5612 17870
5613 17869
5614 14852
5615 14851
5616 14850
5617 14849
5618 14848
5619 14847
5620 14846
5621 14845
5622 14844
5623 14843
5624 14842
5625 14841
5626 5627
5628 14838
5629 14837
5630 14836
5631 14835
5632 13675
5633 13674
5634 13673
5635 13672
5636 13671
5637 13670
5638 13669
5639 13668
5640 13667
5641 22680
5642 22679
5643 22678
5644 22677
5645 5646
5647 22674
5648 22673
5649 22672
5650 22671
5651 22670
5652 22669
5653 22668
5654 22667
5655 22666
5656 21981
5657 21980
5658 21979
5659 21978
5660 21977
5661 21976
5662 21975
5663 21974
5664 5665
5666 21971
5667 21970
5668 21969
5669 21968
5670 21967
5671 21966
5672 21965
5673 21964
5674 21963
5675 21962
5676 21961
5677 21960
5678 21959
5679 21958
5680 21957
5681 21956
5682 21955
5683 21954
5684 21953
5685 21848
5686 21847
5687 21846
5688 21845
5689 21844
5690 21843
5691 21842
5692 5693
5694 21839
5695 21838
5696 21837
5697 21836
5698 21835
5699 21834
5700 21833
5701 21832
5702 21831
5703 21830
5704 21829
5705 21786
5706 21785
5707 21784
5708 21783
5709 21782
5710 5711
5712 21779
5713 21778
5714 21777
5715 21776
5716 21775
5717 21774
5718 21773
5719 21772
5720 21389
5721 21388
5722 21387
5723 21386
5724 21385
5725 21384
5726 21383
5727 5728
5729 13654
5730 13653
5731 13652
5732 13651
5733 13650
5734 13649
5735 13648
5736 13647
5737 21477
5738 21476
5739 21475
5740 21474
5741 21473
5742 21472
5743 21471
5744 5745
5746 21468
5747 21467
5748 21466
5749 21465
5750 21464
5751 21463
5752 21462
5753 21533
5754 21532
5755 21531
5756 21530
5757 21529
5758 21528
5759 21527
5760 21526
5761 21152
5762 5763
5764 21149
5765 21148
5766 21147
5767 21146
5768 21145
5769 21144
5770 21143
5771 21142
5772 21141
5773 21140
5774 21139
5775 21138
5776 21137
5777 21136
5778 21135
5779 21134
5780 21133
5781 21132
5782 21131
5783 21130
5784 21129
5785 21128
5786 5787
5788 21008
5789 21007
5790 21006
5791 21005
5792 21004
5793 21003
5794 21002
5795 21001
5796 21000
5797 20999
5798 20998
5799 20997
5800 13614
5801 13613
5802 13612
5803 5804
5805 13609
5806 13608
5807 13607
5808 13606
5809 13605
5810 13604
5811 13592
5812 13591
5813 13590
5814 13589
5815 13588
5816 13587
5817 13586
5818 13585
5819 5820
5821 13570
5822 13569
5823 13568
5824 13567
5825 13566
5826 13565
5827 13564
5828 13563
5829 13562
5830 13561
5831 13549
5832 13548
5833 13547
5834 13546
5835 5836
5837 13543
5838 13542
5839 13541
5840 13540
5841 20580
5842 20579
5843 20578
5844 20577
5845 20576
5846 20575
5847 20574
5848 20450
5849 20449
5850 20448
5851 20447
5852 5853
5854 20444
5855 20443
5856 20276
5857 20275
5858 20274
5859 20273
5860 20272
5861 20271
5862 20270
5863 20269
5864 20268
5865 20267
5866 20266
5867 20265
5868 20264
5869 20263
5870 20262
5871 20261
5872 20260
5873 5874
5875 20257
5876 20256
5877 20255
5878 20254
5879 20253
5880 20252
5881 20251
5882 20250
5883 20249
5884 20248
5885 20247
5886 20246
5887 20245
5888 5889
5890 20242
5891 20241
5892 20240
5893 20239
5894 20238
5895 16606
5896 16605
5897 16604
5898 16603
5899 16602
5900 16601
5901 16600
5902 16599
5903 5904
5905 16596
5906 16595
5907 16594
5908 16593
5909 16592
5910 16591
5911 16590
5912 16589
5913 16588
5914 16587
5915 16586
5916 13529
5917 13528
5918 5919
5920 13525
5921 13524
5922 13523
5923 13522
5924 13521
5925 19606
5926 19605
5927 19604
5928 19603
5929 19602
5930 19601
5931 19600
5932 19599
5933 5934
5935 19596
5936 19595
5937 19594
5938 19593
5939 19592
5940 19591
5941 19590
5942 19696
5943 19695
5944 19694
5945 19693
5946 19692
5947 19691
5948 19690
5949 19689
5950 19490
5951 19489
5952 19488
5953 19487
5954 5955
5956 19484
5957 19483
5958 19482
5959 19481
5960 19480
5961 19479
5962 19478
5963 19477
5964 19476
5965 19475
5966 19474
5967 19473
5968 5969
5970 13484
5971 13483
5972 13482
5973 13481
5974 13480
5975 13479
5976 13478
5977 13477
5978 13476
5979 13464
5980 13463
5981 5982
5983 13460
5984 13459
5985 13458
5986 13457
5987 13456
5988 13455
5989 13443
5990 13442
5991 13441
5992 13440
5993 13439
5994 13438
5995 5996
5997 13435
5998 13434
5999 14636
6000 14635
6001 14634
6002 14633
6003 14632
6004 14631
6005 14630
6006 14629
6007 14628
6008 6009
6010 14625
6011 14624
6012 14623
6013 16262
6014 16261
6015 16260
6016 16259
6017 16258
6018 16257
6019 16256
6020 16255
6021 16254
6022 16253
6023 16252
6024 16251
6025 16250
6026 6027
6028 16322
6029 16321
6030 16320
6031 16319
6032 16318
6033 16317
6034 16316
6035 16315
6036 16314
6037 19186
6038 6039
6040 19183
6041 19182
6042 19181
6043 19180
6044 19179
6045 19178
6046 19177
6047 19176
6048 19175
6049 19174
6050 6051
6052 13419
6053 13418
6054 13417
6055 13416
6056 13415
6057 13414
6058 13413
6059 13412
6060 13411
6061 13410
6062 13409
6063 6064
6065 13396
6066 13395
6067 13394
6068 13393
6069 13392
6070 13391
6071 13390
6072 18506
6073 18505
6074 18504
6075 6076
6077 18501
6078 18500
6079 19059
6080 19058
6081 19057
6082 19056
6083 19055
6084 19054
6085 19053
6086 19052
6087 19051
6088 19050
6089 19049
6090 19048
6091 19047
6092 6093
6094 19044
6095 19043
6096 19042
6097 18937
6098 18936
6099 18935
6100 18934
6101 18933
6102 18932
6103 6104
6105 18929
6106 18928
6107 18927
6108 18926
6109 18925
6110 18791
6111 18790
6112 18789
6113 6114
6115 18786
6116 18785
6117 18784
6118 14591
6119 14590
6120 14589
6121 14588
6122 14587
6123 14586
6124 6125
6126 16072
6127 16071
6128 16070
6129 16069
6130 16068
6131 16067
6132 16066
6133 16065
6134 16064
6135 6136
6137 16061
6138 16060
6139 18267
6140 18266
6141 18265
6142 18264
6143 18263
6144 18262
6145 18261
6146 18260
6147 18259
6148 18258
6149 6150
6151 18349
6152 18348
6153 18347
6154 18346
6155 18345
6156 18344
6157 18343
6158 6159
6160 18340
6161 18339
6162 18338
6163 18337
6164 18336
6165 18335
6166 18334
6167 6168
6169 15974
6170 15973
6171 15972
6172 15971
6173 15970
6174 15969
6175 15968
6176 15967
6177 6178
6179 15964
6180 15963
6181 15962
6182 15961
6183 15960
6184 15959
6185 15958
6186 15957
6187 6188
6189 15867
6190 15866
6191 15865
6192 15864
6193 15863
6194 15862
6195 15861
6196 15860
6197 15859
6198 15858
6199 6200
6201 15855
6202 15854
6203 15853
6204 15852
6205 15793
6206 15792
6207 6208
6209 15789
6210 15788
6211 15787
6212 15786
6213 15785
6214 15784
6215 6216
6217 15599
6218 15598
6219 15597
6220 15596
6221 15595
6222 15594
6223 6224
6225 15591
6226 15590
6227 15589
6228 15588
6229 15587
6230 15661
6231 6232
6233 15658
6234 15657
6235 15656
6236 15655
6237 15654
6238 15653
6239 15652
6240 15651
6241 15650
6242 15649
6243 15648
6244 15496
6245 6246
6247 15493
6248 15492
6249 15491
6250 15490
6251 15489
6252 14493
6253 14492
6254 6255
6256 14489
6257 14488
6258 14487
6259 14486
6260 14485
6261 14484
6262 14483
6263 14482
6264 6265
6266 14479
6267 14478
6268 14477
6269 14476
6270 14475
6271 14474
6272 14473
6275 13347
6276 6277
6278 13344
6279 13343
6280 6281
6282 13340
6283 13339
6284 6285
6286 13336
6287 13335
6288 6289
6290 14504
6291 14503
6292 6293
6294 14500
6295 14499
6296 6297
6298 14496
6299 6300
6301 15488
6302 15487
6303 6304
6305 15484
6306 15483
6307 6308
6309 13369
6310 6311
6312 13366
6313 6314
6315 13363
6316 13362
6317 13361
6318 6319
6320 15669
6321 15668
6322 6323
6324 15665
6325 6326
6327 15662
6328 15586
6329 6330
6331 15583
6332 6333
6334 15580
6335 6336
6337 15577
6338 15576
6339 6340
6341 13389
6342 6343
6344 13386
6345 6346
6347 13383
6348 13382
6349 6350
6351 15801
6352 6353
6354 15798
6355 6356
6357 15795
6358 15794
6359 6360
6361 15849
6362 6363
6364 15846
6365 6366
6367 15843
6368 15842
6369 15841
6370 15840
6371 15839
6372 6373
6374 15876
6375 15875
6376 6377
6378 15872
6379 6380
6381 15956
6382 15955
6383 6384
6385 15952
6386 15951
6387 6388
6389 15948
6390 15947
6391 6392
6393 15988
6394 15987
6395 6396
6397 15984
6398 15983
6399 6400
6401 15980
6402 15979
6403 6404
6405 18333
6406 6407
6408 18330
6409 18329
6410 6411
6412 18326
6413 18325
6414 6415
6416 18322
6417 18321
6418 6419
6420 18318
6421 18317
6422 6423
6424 18314
6425 16102
6426 6427
6428 16099
6429 6430
6431 16096
6432 16095
6433 16094
6434 6435
6436 16091
6437 16090
6438 6439
6440 16087
6441 16086
6442 16085
6443 6444
6445 16082
6446 16081
6447 6448
6449 16078
6450 16077
6451 6452
6453 16074
6454 16073
6455 14583
6456 6457
6458 14580
6459 14579
6460 6461
6462 14576
6463 14575
6464 6465
6466 14572
6467 18709
6468 6469
6470 18706
6471 18705
6472 18704
6473 6474
6475 18701
6476 18700
6477 6478
6479 18697
6480 18696
6481 18695
6482 6483
6484 18692
6485 18691
6486 6487
6488 18646
6489 18645
6490 6491
6492 18642
6493 18641
6494 18640
6495 6496
6497 18637
6498 18636
6499 18635
6500 18634
6501 18633
6502 6503
6504 18630
6505 18629
6506 18628
6507 6508
6509 18514
6510 18513
6511 18512
6512 6513
6514 18509
6515 18508
6516 18507
6517 6518
6519 13406
6520 13405
6521 13404
6522 6523
6524 13401
6525 13400
6526 13399
6527 6528
6529 13431
6530 13430
6531 6532
6533 13427
6534 13426
6535 13425
6536 6537
6538 13422
6539 13421
6540 13420
6541 6542
6543 19169
6544 19168
6545 19167
6546 6547
6548 19164
6549 19163
6550 19162
6551 6552
6553 16338
6554 16337
6555 16336
6556 6557
6558 16333
6559 16332
6560 6561
6562 16329
6563 16328
6564 16327
6565 6566
6567 16324
6568 16323
6569 16247
6570 6571
6572 16244
6573 16243
6574 16242
6575 16241
6576 16240
6577 16239
6578 6579
6580 16236
6581 16235
6582 16234
6583 16233
6584 6585
6586 16230
6587 16229
6588 16228
6589 6590
6591 16225
6592 16224
6593 14645
6594 6595
6596 14642
6597 14641
6598 14640
6599 14639
6600 6601
6602 13454
6603 13453
6604 13452
6605 6606
6607 13449
6608 13448
6609 13447
6610 6611
6612 13444
6613 13475
6614 13474
6615 13473
6616 6617
6618 13470
6619 13469
6620 13468
6621 6622
6623 13465
6624 13498
6625 13497
6626 6627
6628 13494
6629 13493
6630 13492
6631 13491
6632 6633
6634 13488
6635 13487
6636 19472
6637 6638
6639 19469
6640 19468
6641 19467
6642 6643
6644 19464
6645 19463
6646 19462
6647 19461
6648 6649
6650 19458
6651 19457
6652 19456
6653 6654
6655 19453
6656 13520
6657 13519
6658 13518
6659 13517
6660 13516
6661 13515
6662 6663
6664 13512
6665 13511
6666 13510
6667 19624
6668 6669
6670 19621
6671 19620
6672 19619
6673 19618
6674 6675
6676 19615
6677 19614
6678 19613
6679 19612
6680 6681
6682 19609
6683 19608
6684 19607
6685 13539
6686 6687
6688 13536
6689 13535
6690 13534
6691 13533
6692 6693
6694 13530
6695 16585
6696 16584
6697 6698
6699 16581
6700 16580
6701 16579
6702 16578
6703 6704
6705 16575
6706 16574
6707 16573
6708 16572
6709 6710
6711 16614
6712 16613
6713 16612
6714 16611
6715 6716
6717 16608
6718 16607
6719 20237
6720 20236
6721 6722
6723 20233
6724 20232
6725 20231
6726 6727
6728 20228
6729 20227
6730 20226
6731 20225
6732 6733
6734 20222
6735 20221
6736 20220
6737 20219
6738 6739
6740 20216
6741 20215
6742 20214
6743 20213
6744 6745
6746 20210
6747 20209
6748 20208
6749 20207
6750 20206
6751 20608
6752 20607
6753 20606
6754 6755
6756 20603
6757 20602
6758 20601
6759 20600
6760 6761
6762 20597
6763 20596
6764 20595
6765 20594
6766 6767
6768 20591
6769 20590
6770 20589
6771 20588
6772 6773
6774 20585
6775 20584
6776 20583
6777 20582
6778 20581
6779 6780
6781 13558
6782 13557
6783 13556
6784 13555
6785 6786
6787 13552
6788 13551
6789 13550
6790 13582
6791 6792
6793 13579
6794 13578
6795 13577
6796 13576
6797 13575
6798 6799
6800 13572
6801 13571
6802 13603
6803 13602
6804 6805
6806 13599
6807 13598
6808 13597
6809 13596
6810 6811
6812 13593
6813 13626
6814 13625
6815 13624
6816 6817
6818 13621
6819 13620
6820 13619
6821 13618
6822 13617
6823 6824
6825 20996
6826 20995
6827 20994
6828 20993
6829 6830
6831 20990
6832 20989
6833 20988
6834 20987
6835 6836
6837 13644
6838 13643
6839 13642
6840 13641
6841 13640
6842 6843
6844 13637
6845 20892
6846 20891
6847 20890
6848 20889
6849 20888
6850 20887
6851 20886
6852 6853
6854 20883
6855 20882
6856 20881
6857 20880
6858 20879
6859 6860
6861 20876
6862 20875
6863 20874
6864 20873
6865 20872
6866 6867
6868 21504
6869 21503
6870 21502
6871 21501
6872 21500
6873 6874
6875 21497
6876 21496
6877 21495
6878 21494
6879 6880
6881 21491
6882 21490
6883 21489
6884 21488
6885 21487
6886 6887
6888 21484
6889 21483
6890 21482
6891 21481
6892 21480
6893 6894
6895 13666
6896 13665
6897 13664
6898 13663
6899 13662
6900 6901
6902 13659
6903 13658
6904 13657
6905 21382
6906 6907
6908 21379
6909 21378
6910 21377
6911 21376
6912 21375
6913 6914
6915 21372
6916 21371
6917 21370
6918 21369
6919 21797
6920 6921
6922 21794
6923 21793
6924 21792
6925 21791
6926 6927
6928 21788
6929 21787
6930 21828
6931 21827
6932 21826
6933 6934
6935 21823
6936 21822
6937 21821
6938 21820
6939 21819
6940 6941
6942 21858
6943 21857
6944 21856
6945 21855
6946 21854
6947 6948
6949 21851
6950 21850
6951 21849
6952 21952
6953 21951
6954 21950
6955 21949
6956 21948
6957 21947
6958 21946
6959 6960
6961 21943
6962 21942
6963 21941
6964 21940
6965 21939
6966 6967
6968 21936
6969 21935
6970 21934
6971 22709
6972 22708
6973 6974
6975 22705
6976 22704
6977 22703
6978 22702
6979 22701
6980 6981
6982 22698
6983 22697
6984 22696
6985 22695
6986 22694
6987 22693
6988 6989
6990 22690
6991 22689
6992 22688
6993 22687
6994 22686
6995 6996
6997 22683
6998 22682
6999 22681
7000 13686
7001 13685
7002 7003
7004 13682
7005 13681
7006 13680
7007 13679
7008 13678
7009 7010
7011 14834
7012 14833
7013 14832
7014 14831
7015 14830
7016 14829
7017 7018
7019 14826
7020 14825
7021 14824
7022 14823
7023 14822
7024 7025
7026 13704
7027 13703
7028 13702
7029 13701
7030 13700
7031 7032
7033 13697
7034 17891
7035 17890
7036 17889
7037 17888
7038 7039
7040 17885
7041 17884
7042 17883
7043 17882
7044 22498
7045 22497
7046 7047
7048 22494
7049 22493
7050 22492
7051 22491
7052 22490
7053 7054
7055 22487
7056 22486
7057 22485
7058 22484
7059 22483
7060 7061
7062 22480
7063 22479
7064 22478
7065 22477
7066 13748
7067 13747
7068 13746
7069 13745
7070 13744
7071 13743
7072 7073
7074 13740
7075 13739
7076 13738
7077 13737
7078 13736
7079 13735
7080 7081
7082 13732
7083 13731
7084 13730
7085 13729
7086 13728
7087 13790
7088 7089
7090 13787
7091 13786
7092 13785
7093 13784
7094 13783
7095 13782
7096 7097
7098 13779
7099 13778
7100 13777
7101 13776
7102 13775
7103 13774
7104 7105
7106 13771
7107 13770
7108 23338
7109 23337
7110 23336
7111 7112
7113 23333
7114 23332
7115 13811
7116 13810
7117 13809
7118 13808
7119 7120
7121 13805
7122 13804
7123 13803
7124 13802
7125 13801
7126 13832
7127 7128
7129 13829
7130 13828
7131 13827
7132 13826
7133 13825
7134 13824
7135 7136
7137 15011
7138 15010
7139 15009
7140 15008
7141 15007
7142 7143
7144 15004
7145 15003
7146 15002
7147 15001
7148 15000
7149 14999
7150 7151
7152 22950
7153 22949
7154 22948
7155 22947
7156 22946
7157 22945
7158 7159
7160 22942
7161 22941
7162 22940
7163 22939
7164 22938
7165 22937
7166 7167
7168 22934
7169 22933
7170 22932
7171 23612
7172 23611
7173 7174
7175 23608
7176 23607
7177 23606
7178 23605
7179 23604
7180 23603
7181 7182
7183 23746
7184 23745
7185 23744
7186 23743
7187 23742
7188 23741
7189 23740
7190 23739
7191 23738
7192 23737
7193 7194
7195 24243
7196 24242
7197 24241
7198 24240
7199 24239
7200 24238
7201 7202
7203 24235
7204 24234
7205 24233
7206 24232
7207 24231
7208 24230
7209 7210
7211 24227
7212 24226
7213 13852
7214 13851
7215 13850
7216 13849
7217 7218
7219 13846
7220 13845
7221 13844
7222 13843
7223 17133
7224 17132
7225 7226
7227 17129
7228 17128
7229 17127
7230 17126
7231 17125
7232 17124
7233 7234
7235 17121
7236 17120
7237 17119
7238 17118
7239 17117
7240 17116
7241 7242
7243 17113
7244 17112
7245 17111
7246 17110
7247 17109
7248 17108
7249 7250
7251 17105
7252 13872
7253 13871
7254 13870
7255 13869
7256 13868
7257 7258
7259 13865
7260 13864
7261 13863
7262 13896
7263 13895
7264 13894
7265 7266
7267 13891
7268 13890
7269 13889
7270 13888
7271 13887
7272 13886
7273 7274
7275 23952
7276 23951
7277 23950
7278 23949
7279 23948
7280 23947
7281 7282
7283 23944
7284 23943
7285 23942
7286 24494
7287 24493
7288 24492
7289 7290
7291 24489
7292 24488
7293 24487
7294 24486
7295 24485
7296 24484
7297 7298
7299 24481
7300 24480
7301 24479
7302 24478
7303 24477
7304 24476
7305 7306
7307 24473
7308 24989
7309 24988
7310 24987
7311 24986
7312 24985
7313 7314
7315 24982
7316 24981
7317 24980
7318 24979
7319 24978
7320 24977
7321 24976
7322 7323
7324 24973
7325 24972
7326 24971
7327 24970
7328 24969
7329 24968
7330 24967
7331 7332
7333 24964
7334 24963
7335 24962
7336 24961
7337 24960
7338 24959
7339 7340
7341 24956
7342 24955
7343 24954
7344 24953
7345 24952
7346 24951
7347 7348
7349 24948
7350 24947
7351 24946
7352 24945
7353 24944
7354 24943
7355 7356
7357 24940
7358 24939
7359 24938
7360 24937
7361 24936
7362 24935
7363 7364
7365 24932
7366 24931
7367 13917
7368 13916
7369 13915
7370 13914
7371 7372
7373 13911
7374 13910
7375 13909
7376 13908
7377 13907
7378 13938
7379 7380
7381 13935
7382 13934
7383 13933
7384 13932
7385 13931
7386 13930
7387 7388
7389 25438
7390 25437
7391 25436
7392 25435
7393 25434
7394 25433
7395 7396
7397 25430
7398 25429
7399 25428
7400 25427
7401 25426
7402 25371
7403 25370
7404 7405
7406 25367
7407 25366
7408 25365
7409 25364
7410 25675
7411 25674
7412 7413
7414 25671
7415 25670
7416 25669
7417 25668
7418 25667
7419 25666
7420 25665
7421 7422
7423 25662
7424 25661
7425 25660
7426 25659
7427 25658
7428 25657
7429 7430
7431 25654
7432 25653
7433 25652
7434 25651
7435 25650
7436 25649
7437 25648
7438 25647
7439 7440
7441 25644
7442 25643
7443 25642
7444 17512
7445 17511
7446 17510
7447 17509
7448 7449
7450 17506
7451 17505
7452 17504
7453 17503
7454 17502
7455 17501
7456 17500
7457 17499
7458 17498
7459 17497
7460 17496
7461 17495
7462 7463
7464 17492
7465 17491
7466 17490
7467 17489
7468 17488
7469 17487
7470 17486
7471 17485
7472 17484
7473 7474
7475 17481
7476 17480
7477 17479
7478 17478
7479 17477
7480 17476
7481 17475
7482 17474
7483 26102
7484 26101
7485 26100
7486 7487
7488 26097
7489 26096
7490 26095
7491 26094
7492 26093
7493 26092
7494 26091
7495 26090
7496 26089
7497 26088
7498 26087
7499 7500
7501 26084
7502 26083
7503 26082
7504 13959
7505 13958
7506 13957
7507 13956
7508 13955
7509 13954
7510 13953
7511 13952
7512 13951
7513 7514
7515 17693
7516 17692
7517 17691
7518 17690
7519 17689
7520 17688
7521 17687
7522 17686
7523 17685
7524 17684
7525 17683
7526 17682
7527 7528
7529 17679
7530 17678
7531 17677
7532 17676
7533 17675
7534 17674
7535 17673
7536 17672
7537 17671
7538 17670
7539 26526
7540 26525
7541 26524
7542 7543
7544 26521
7545 26520
7546 13981
7547 13980
7548 13979
7549 13978
7550 13977
7551 13976
7552 13975
7553 13974
7554 13973
7555 13972
7556 13971
7557 7558
7559 13998
7560 13997
7561 13996
7562 13995
7563 13994
7564 13993
7565 13992
7566 13991
7567 14019
7568 14018
7569 14017
7570 14016
7571 14015
7572 14014
7573 7574
7575 14011
7576 14010
7577 14009
7578 14008
7579 14007
7580 14006
7581 14005
7582 14004
7583 14003
7584 14002
7585 14001
7588 14953
7589 14952
7590 14951
7591 14950
7592 14949
7593 14948
7594 14947
7595 14946
7596 14945
7597 7598
7599 15197
7600 15196
7601 15195
7602 15194
7603 15193
7604 15192
7605 15191
7606 15190
7607 14922
7608 14921
7609 14920
7610 14919
7611 14918
7612 14917
7613 7614
7615 14914
7616 26545
7617 26544
7618 26543
7619 26542
7620 26541
7621 26540
7622 26539
7623 26538
7624 26537
7625 26536
7626 26535
7627 26534
7628 7629
7630 26531
7631 26530
7632 26529
7633 26528
7634 26527
7635 17669
7636 17668
7637 17667
7638 17666
7639 17665
7640 17664
7641 17663
7642 17662
7643 7644
7645 17659
7646 17658
7647 17657
7648 17656
7649 17655
7650 17654
7651 17653
7652 17652
7653 17651
7654 17650
7655 17649
7656 17648
7657 17647
7658 7659
7660 17644
7661 17643
7662 17642
7663 17641
7664 17640
7665 17639
7666 17638
7667 17637
7668 17636
7669 14903
7670 14902
7671 14901
7672 7673
7674 14898
7675 14897
7676 14896
7677 14895
7678 14894
7679 17606
7680 17605
7681 17604
7682 17603
7683 17602
7684 17601
7685 7686
7687 17598
7688 17597
7689 17596
7690 17595
7691 17594
7692 17593
7693 17592
7694 17591
7695 17590
7696 17589
7697 17588
7698 7699
7700 17585
7701 17584
7702 17539
7703 17538
7704 17537
7705 17536
7706 17535
7707 17534
7708 17533
7709 17532
7710 7711
7712 17529
7713 17528
7714 17527
7715 17526
7716 17525
7717 17524
7718 17523
7719 17522
7720 17521
7721 17520
7722 17519
7723 17518
7724 17517
7725 17516
7726 17515
7727 17514
7728 17513
7729 25641
7730 7731
7732 25638
7733 25637
7734 25636
7735 25635
7736 25634
7737 25633
7738 25632
7739 7740
7741 25629
7742 25628
7743 25627
7744 25626
7745 25552
7746 25551
7747 25550
7748 7749
7750 25547
7751 25546
7752 25545
7753 25544
7754 14883
7755 14882
7756 14881
7757 7758
7759 14878
7760 14877
7761 14876
7762 14875
7763 14874
7764 25378
7765 25377
7766 7767
7768 25374
7769 25373
7770 25372
7771 25425
7772 25424
7773 25423
7774 7775
7776 25420
7777 25419
7778 17326
7779 17325
7780 17324
7781 17323
7782 7783
7784 17320
7785 24853
7786 24852
7787 24851
7788 24850
7789 24849
7790 24848
7791 7792
7793 24845
7794 24844
7795 24843
7796 24842
7797 24841
7798 24840
7799 7800
7801 24837
7802 24836
7803 24835
7804 24834
7805 24833
7806 24832
7807 7808
7809 24829
7810 24828
7811 24827
7812 24826
7813 24825
7814 24824
7815 7816
7817 24821
7818 24820
7819 24819
7820 24818
7821 24817
7822 24816
7823 24815
7824 7825
7826 24812
7827 24811
7828 24810
7829 24809
7830 24808
7831 24807
7832 7833
7834 24804
7835 24803
7836 24802
7837 24801
7838 24800
7839 24799
7840 7841
7842 24796
7843 24795
7844 24794
7845 24793
7846 24792
7847 24791
7848 24790
7849 7850
7851 24787
7852 24786
7853 24785
7854 24784
7855 24783
7856 24782
7857 24781
7858 24780
7859 24779
7860 25022
7861 7862
7863 25019
7864 25018
7865 25017
7866 25016
7867 25015
7868 25014
7869 25013
7870 7871
7872 24508
7873 24507
7874 24506
7875 24505
7876 24504
7877 24503
7878 7879
7880 24500
7881 24499
7882 24498
7883 24497
7884 24496
7885 24495
7886 7887
7888 23939
7889 23938
7890 23937
7891 23936
7892 23935
7893 24562
7894 7895
7896 24559
7897 24558
7898 24557
7899 24556
7900 17216
7901 17215
7902 17214
7903 7904
7905 17211
7906 17210
7907 17209
7908 17208
7909 17207
7910 17206
7911 7912
7913 17203
7914 17202
7915 17071
7916 17070
7917 17069
7918 17068
7919 7920
7921 17065
7922 17064
7923 17063
7924 17062
7925 17061
7926 17060
7927 7928
7929 17057
7930 17056
7931 17055
7932 17150
7933 17149
7934 17148
7935 17147
7936 7937
7938 17144
7939 17143
7940 17142
7941 17141
7942 17140
7943 17139
7944 7945
7946 17136
7947 17135
7948 17134
7949 13842
7950 13841
7951 13840
7952 7953
7954 13837
7955 13836
7956 13835
7957 13834
7958 13833
7959 24225
7960 24224
7961 7962
7963 24221
7964 24220
7965 24219
7966 24218
7967 24217
7968 24216
7969 7970
7971 24213
7972 24212
7973 24211
7974 23765
7975 23764
7976 23763
7977 7978
7979 23760
7980 23759
7981 23758
7982 23757
7983 23756
7984 23755
7985 23754
7986 23753
7987 7988
7989 23750
7990 23749
7991 23602
7992 23601
7993 23600
7994 23599
7995 7996
7997 23596
7998 23595
7999 23594
8000 23593
8001 23592
8002 23591
8003 8004
8005 23588
8006 22968
8007 22967
8008 22966
8009 22965
8010 22964
8011 8012
8013 22961
8014 22960
8015 22959
8016 22958
8017 22957
8018 8019
8020 22954
8021 22953
8022 14998
8023 14997
8024 14996
8025 14995
8026 8027
8028 14992
8029 14991
8030 14990
8031 14989
8032 14988
8033 14987
8034 8035
8036 14984
8037 14983
8038 14982
8039 14981
8040 14980
8041 23017
8042 8043
8044 23014
8045 23013
8046 23012
8047 23011
8048 23354
8049 23353
8050 8051
8052 23350
8053 23349
8054 23348
8055 23347
8056 23346
8057 23345
8058 8059
8060 23342
8061 23341
8062 23340
8063 23339
8064 13769
8065 13768
8066 8067
8068 13765
8069 13764
8070 13763
8071 13762
8072 13761
8073 13760
8074 8075
8076 13757
8077 13756
8078 13755
8079 13754
8080 13753
8081 13752
8082 8083
8084 13749
8085 13727
8086 13726
8087 13725
8088 13724
8089 8090
8091 13721
8092 13720
8093 13719
8094 13718
8095 13717
8096 13716
8097 8098
8099 13713
8100 13712
8101 13711
8102 13710
8103 13709
8104 13708
8105 13707
8106 22476
8107 22475
8108 8109
8110 22472
8111 22471
8112 22470
8113 22469
8114 22468
8115 8116
8117 22465
8118 22464
8119 22463
8120 22462
8121 17908
8122 17907
8123 8124
8125 17904
8126 17903
8127 17902
8128 17901
8129 17900
8130 8131
8132 17897
8133 17896
8134 17895
8135 17894
8136 17893
8137 17892
8138 8139
8140 13694
8141 13693
8142 13692
8143 13691
8144 13690
8145 8146
8147 13687
8148 14873
8149 14872
8150 14871
8151 14870
8152 8153
8154 14867
8155 14866
8156 22798
8157 22797
8158 22796
8159 22795
8160 8161
8162 22792
8163 22791
8164 22790
8165 22789
8166 22788
8167 8168
8169 22785
8170 22784
8171 22783
8172 22782
8173 22781
8174 8175
8176 14809
8177 14808
8178 14807
8179 14806
8180 14805
8181 14804
8182 8183
8184 22726
8185 22725
8186 22724
8187 22723
8188 22722
8189 8190
8191 22719
8192 22718
8193 22717
8194 22716
8195 22715
8196 8197
8198 22712
8199 22711
8200 22710
8201 21933
8202 21932
8203 21931
8204 8205
8206 21928
8207 21927
8208 21926
8209 21925
8210 21924
8211 8212
8213 21921
8214 21920
8215 21877
8216 21876
8217 21875
8218 21874
8219 21873
8220 21872
8221 8222
8223 21869
8224 21868
8225 21867
8226 21866
8227 21865
8228 8229
8230 21862
8231 21861
8232 21818
8233 21817
8234 21816
8235 8236
8237 21813
8238 21812
8239 21811
8240 21810
8241 21809
8242 8243
8244 21806
8245 21805
8246 21804
8247 21803
8248 21802
8249 8250
8251 21799
8252 21798
8253 21368
8254 21367
8255 8256
8257 21364
8258 21363
8259 21362
8260 21361
8261 16783
8262 8263
8264 16780
8265 16779
8266 16778
8267 16777
8268 14790
8269 8270
8271 14787
8272 14786
8273 14785
8274 14784
8275 14783
8276 8277
8278 14780
8279 21280
8280 21279
8281 21278
8282 21277
8283 8284
8285 21274
8286 21273
8287 21272
8288 21271
8289 21270
8290 8291
8292 21267
8293 21266
8294 21265
8295 21517
8296 21516
8297 8298
8299 21513
8300 21512
8301 21511
8302 21510
8303 21509
8304 8305
8306 20871
8307 20870
8308 20869
8309 20868
8310 20867
8311 8312
8313 14768
8314 14767
8315 14766
8316 14765
8317 14764
8318 8319
8320 14761
8321 20898
8322 20897
8323 20896
8324 20895
8325 20894
8326 20893
8327 8328
8329 13634
8330 13633
8331 13632
8332 13631
8333 8334
8335 13628
8336 13627
8337 20986
8338 20985
8339 20984
8340 8341
8342 20981
8343 20980
8344 20979
8345 20978
8346 8347
8348 20975
8349 20974
8350 20973
8351 20972
8352 8353
8354 20969
8355 20968
8356 20967
8357 20966
8358 20965
8359 8360
8361 20962
8362 20961
8363 20960
8364 20959
8365 8366
8367 16719
8368 16718
8369 16717
8370 16716
8371 16715
8372 8373
8374 14750
8375 14749
8376 14748
8377 14747
8378 8379
8380 14744
8381 14743
8382 14742
8383 14741
8384 8385
8386 14727
8387 14726
8388 14725
8389 14724
8390 14723
8391 8392
8393 14720
8394 14719
8395 20634
8396 20633
8397 8398
8399 20630
8400 20629
8401 20628
8402 20627
8403 20626
8404 8405
8406 20623
8407 20622
8408 20621
8409 20620
8410 8411
8412 20617
8413 20616
8414 20615
8415 20614
8416 8417
8418 20611
8419 20610
8420 20609
8421 20205
8422 20204
8423 20203
8424 20202
8425 8426
8427 20199
8428 20198
8429 20197
8430 20196
8431 8432
8433 20193
8434 20192
8435 20191
8436 20190
8437 8438
8439 20353
8440 20352
8441 20351
8442 20350
8443 8444
8445 20347
8446 20346
8447 16632
8448 16631
8449 8450
8451 16628
8452 16627
8453 16626
8454 16625
8455 8456
8457 16622
8458 16621
8459 16620
8460 8461
8462 16617
8463 16571
8464 16570
8465 16569
8466 8467
8468 16566
8469 16565
8470 16564
8471 16519
8472 8473
8474 16516
8475 16515
8476 16514
8477 16513
8478 8479
8480 16510
8481 16509
8482 16508
8483 16507
8484 8485
8486 16504
8487 16503
8488 16502
8489 19640
8490 8491
8492 19637
8493 19636
8494 19635
8495 19634
8496 8497
8498 19631
8499 19630
8500 19629
8501 19628
8502 8503
8504 19625
8505 13509
8506 13508
8507 13507
8508 8509
8510 13504
8511 13503
8512 13502
8513 13501
8514 13500
8515 13499
8516 8517
8518 19450
8519 19449
8520 19448
8521 8522
8523 19445
8524 19444
8525 19443
8526 19442
8527 8528
8529 19439
8530 19438
8531 14707
8532 8533
8534 14704
8535 14703
8536 14702
8537 8538
8539 14699
8540 14698
8541 14697
8542 14686
8543 8544
8545 14683
8546 14682
8547 14681
8548 8549
8550 14678
8551 14677
8552 16452
8553 16451
8554 8555
8556 16448
8557 16447
8558 16446
8559 8560
8561 16443
8562 16442
8563 16441
8564 8565
8566 14658
8567 14657
8568 14656
8569 14655
8570 8571
8572 14652
8573 14651
8574 14650
8575 8576
8577 14647
8578 14646
8579 16223
8580 16222
8581 8582
8583 16219
8584 16218
8585 16217
8586 8587
8588 16214
8589 16213
8590 16212
8591 8592
8593 16209
8594 16367
8595 16366
8596 16365
8597 16364
8598 16363
8599 8600
8601 16360
8602 16359
8603 16358
8604 8605
8606 16355
8607 16354
8608 16353
8609 8610
8611 16350
8612 16349
8613 16348
8614 8615
8616 16345
8617 16344
8618 16343
8619 8620
8621 19161
8622 19160
8623 19159
8624 8625
8626 19156
8627 19155
8628 19154
8629 8630
8631 19151
8632 19150
8633 8634
8635 19147
8636 16188
8637 16187
8638 8639
8640 16184
8641 16183
8642 16182
8643 8644
8645 16179
8646 16178
8647 16177
8648 8649
8650 18568
8651 18567
8652 18566
8653 8654
8655 18563
8656 18562
8657 18520
8658 8659
8660 18517
8661 18516
8662 18515
8663 8664
8665 18623
8666 18622
8667 18621
8668 8669
8670 18618
8671 18617
8672 18616
8673 18615
8674 18614
8675 8676
8677 18611
8678 18652
8679 8680
8681 18649
8682 18648
8683 18647
8684 8685
8686 18686
8687 18685
8688 8689
8690 18682
8691 18681
8692 8693
8694 18678
8695 18677
8696 18676
8697 8698
8699 18715
8700 18714
8701 8702
8703 18711
8704 18710
8705 8706
8707 14620
8708 14619
8709 14618
8710 8711
8712 14615
8713 14614
8714 8715
8716 14611
8717 14610
8718 8719
8720 14607
8721 14606
8722 14605
8723 8724
8725 16049
8726 16048
8727 8728
8729 16045
8730 16044
8731 8732
8733 16115
8734 16114
8735 16113
8736 8737
8738 16110
8739 16109
8740 16108
8741 16107
8742 16106
8743 8744
8745 16103
8746 18313
8747 8748
8749 18310
8750 18309
8751 8752
8753 14558
8754 14557
8755 8756
8757 14554
8758 14553
8759 8760
8761 14550
8762 16004
8763 8764
8765 16001
8766 8767
8768 15998
8769 15997
8770 8771
8772 15994
8773 15993
8774 8775
8776 15990
8777 15989
8778 8779
8780 15942
8781 15941
8782 8783
8784 15938
8785 15937
8786 8787
8788 15889
8789 15888
8790 8791
8792 15885
8793 8794
8795 15882
8796 15881
8797 8798
8799 15838
8800 15837
8801 15836
8802 15835
8803 15834
8804 8805
8806 15815
8807 8808
8809 15812
8810 8811
8812 15809
8813 15808
8814 8815
8816 15805
8817 8818
8819 15802
8820 8821
8822 13377
8823 13376
8824 8825
8826 13373
8827 8828
8829 13370
8830 8831
8832 15571
8833 8834
8835 15568
8836 15684
8837 8838
8839 15681
8840 8841
8842 15678
8843 15677
8844 8845
8846 15674
8847 8848
8849 15671
8850 15670
8851 8852
8853 13356
8854 13355
8855 13354
8856 8857
8858 13351
8859 8860
8861 13348
8862 8863
8864 15478
8865 15477
8866 8867
8868 14521
8869 14520
8870 8871
8872 14517
8873 8874
8875 14514
8876 14513
8877 8878
8879 14510
8880 14509
8881 8882
8883 13334
8884 13333
8885 8886
8887 13330
8888 13329
8889 8890
8891 13326
8892 13325
8893 8894
8895 13322
8898 14549
8899 8900
8901 14546
8902 14545
8903 8904
8905 14542
8906 14541
8907 8908
8909 14538
8910 14537
8911 8912
8913 14534
8914 14533
8915 8916
8917 14530
8918 14529
8919 8920
8921 14526
8922 8923
8924 14523
8925 14522
8926 8927
8928 15545
8929 15544
8930 8931
8932 15541
8933 8934
8935 15538
8936 8937
8938 15535
8939 15534
8940 15567
8941 8942
8943 15564
8944 15563
8945 8946
8947 15560
8948 8949
8950 15557
8951 15691
8952 8953
8954 15688
8955 8956
8957 15685
8958 15707
8959 8960
8961 15704
8962 8963
8964 15740
8965 8966
8967 15737
8968 15736
8969 8970
8971 15733
8972 8973
8974 15730
8975 8976
8977 15727
8978 8979
8980 15724
8981 15723
8982 8983
8984 15823
8985 8986
8987 15820
8988 8989
8990 15928
8991 15927
8992 15926
8993 15925
8994 15924
8995 8996
8997 15921
8998 15920
8999 9000
9001 15917
9002 9003
9004 16032
9005 16031
9006 9007
9008 16028
9009 16027
9010 9011
9012 16024
9013 16023
9014 9015
9016 16020
9017 16019
9018 9019
9020 16016
9021 16015
9022 9023
9024 16012
9025 16011
9026 9027
9028 16008
9029 9030
9031 16005
9032 14571
9033 9034
9035 14568
9036 14567
9037 9038
9039 14564
9040 14563
9041 9042
9043 18308
9044 18307
9045 9046
9047 18304
9048 18303
9049 9050
9051 18300
9052 18299
9053 18298
9054 18297
9055 18296
9056 9057
9058 16122
9059 16121
9060 16120
9061 9062
9063 16155
9064 16154
9065 9066
9067 16151
9068 16150
9069 9070
9071 16147
9072 16146
9073 16145
9074 9075
9076 16142
9077 18733
9078 9079
9080 18730
9081 18729
9082 18728
9083 9084
9085 18725
9086 18724
9087 9088
9089 18721
9090 18720
9091 9092
9093 18717
9094 18716
9095 18673
9096 9097
9098 18670
9099 18669
9100 9101
9102 18666
9103 18665
9104 18664
9105 9106
9107 18661
9108 18660
9109 9110
9111 18657
9112 18656
9113 9114
9115 18653
9116 18610
9117 18609
9118 9119
9120 18606
9121 18605
9122 18604
9123 18603
9124 9125
9126 18600
9127 18599
9128 18598
9129 9130
9131 18526
9132 18525
9133 18524
9134 9135
9136 18521
9137 18561
9138 18560
9139 9140
9141 18557
9142 18556
9143 18555
9144 9145
9146 18552
9147 18551
9148 18550
9149 9150
9151 16195
9152 16194
9153 16193
9154 9155
9156 16190
9157 16189
9158 19146
9159 9160
9161 19143
9162 19142
9163 19141
9164 9165
9166 19138
9167 19137
9168 19136
9169 9170
9171 19133
9172 19132
9173 19131
9174 9175
9176 19128
9177 19127
9178 19126
9179 9180
9181 19123
9182 19122
9183 19121
9184 9185
9186 19118
9187 19117
9188 19116
9189 9190
9191 19113
9192 16375
9193 16374
9194 9195
9196 16371
9197 16370
9198 16369
9199 16368
9200 16408
9201 9202
9203 16405
9204 16404
9205 16403
9206 9207
9208 16400
9209 16399
9210 16398
9211 16397
9212 9213
9214 16428
9215 16427
9216 16426
9217 9218
9219 16423
9220 16422
9221 16421
9222 16420
9223 9224
9225 16469
9226 16468
9227 16467
9228 9229
9230 16464
9231 16463
9232 16462
9233 16461
9234 9235
9236 16458
9237 16457
9238 16456
9239 9240
9241 16453
9242 14696
9243 14695
9244 14694
9245 9246
9247 14691
9248 14690
9249 14689
9250 9251
9252 14718
9253 14717
9254 14716
9255 9256
9257 14713
9258 14712
9259 14711
9260 14710
9261 9262
9263 19437
9264 19436
9265 19435
9266 9267
9268 19432
9269 19431
9270 19430
9271 19429
9272 9273
9274 19426
9275 19425
9276 19424
9277 9278
9279 19421
9280 19420
9281 19419
9282 19418
9283 19417
9284 9285
9286 19414
9287 19413
9288 16501
9289 16500
9290 9291
9292 16497
9293 16496
9294 16495
9295 16494
9296 9297
9298 19647
9299 19646
9300 19645
9301 19644
9302 9303
9304 19641
9305 16552
9306 16551
9307 16550
9308 9309
9310 16547
9311 16546
9312 16545
9313 16544
9314 9315
9316 16541
9317 16540
9318 16539
9319 16538
9320 9321
9322 16657
9323 16656
9324 16655
9325 16654
9326 9327
9328 16651
9329 16650
9330 16649
9331 16648
9332 9333
9334 16645
9335 16644
9336 16643
9337 16642
9338 9339
9340 16639
9341 16638
9342 16637
9343 16636
9344 9345
9346 16633
9347 20345
9348 20344
9349 20343
9350 9351
9352 20340
9353 20339
9354 20338
9355 20337
9356 9357
9358 20334
9359 20333
9360 20332
9361 20331
9362 9363
9364 20328
9365 20327
9366 20326
9367 20325
9368 9369
9370 20322
9371 16693
9372 16692
9373 16691
9374 16690
9375 16689
9376 9377
9378 16686
9379 16685
9380 16684
9381 16683
9382 9383
9384 16710
9385 16709
9386 16708
9387 16707
9388 16706
9389 9390
9391 16703
9392 20641
9393 20640
9394 20639
9395 9396
9397 20636
9398 20635
9399 14740
9400 14739
9401 14738
9402 9403
9404 14735
9405 14734
9406 14733
9407 14732
9408 9409
9410 14760
9411 14759
9412 14758
9413 14757
9414 14756
9415 9416
9417 14753
9418 14752
9419 14751
9420 16776
9421 9422
9423 16773
9424 16772
9425 16771
9426 16770
9427 16769
9428 9429
9430 16766
9431 16765
9432 16764
9433 16763
9434 9435
9436 16760
9437 16759
9438 16758
9439 16757
9440 16756
9441 9442
9443 16753
9444 20927
9445 20926
9446 20925
9447 9448
9449 20922
9450 20921
9451 20920
9452 20919
9453 20918
9454 9455
9456 20915
9457 20914
9458 20913
9459 20912
9460 9461
9462 20909
9463 20908
9464 20907
9465 20906
9466 20905
9467 9468
9469 20902
9470 20901
9471 20900
9472 20899
9473 14779
9474 14778
9475 9476
9477 14775
9478 14774
9479 14773
9480 14772
9481 14771
9482 9483
9484 20864
9485 20863
9486 20862
9487 20861
9488 20860
9489 9490
9491 20857
9492 20856
9493 20855
9494 20854
9495 20853
9496 9497
9498 20850
9499 20849
9500 21295
9501 21294
9502 21293
9503 9504
9505 21290
9506 21289
9507 21288
9508 21287
9509 21286
9510 9511
9512 21283
9513 21282
9514 21281
9515 14801
9516 14800
9517 9518
9519 14797
9520 14796
9521 14795
9522 14794
9523 14793
9524 9525
9526 16947
9527 16946
9528 16945
9529 16944
9530 16943
9531 9532
9533 16940
9534 16939
9535 16938
9536 16937
9537 16936
9538 9539
9540 16933
9541 16932
9542 16931
9543 16930
9544 16929
9545 9546
9547 16926
9548 16925
9549 16924
9550 16923
9551 16922
9552 9553
9554 16919
9555 16918
9556 16917
9557 16916
9558 16915
9559 9560
9561 16912
9562 16911
9563 16910
9564 16909
9565 16908
9566 9567
9568 16905
9569 16904
9570 21885
9571 21884
9572 21883
9573 21882
9574 21881
9575 21880
9576 21879
9577 21878
9578 21919
9579 21918
9580 9581
9582 21915
9583 21914
9584 21913
9585 21912
9586 21911
9587 9588
9589 21908
9590 21907
9591 21906
9592 22743
9593 22742
9594 22741
9595 9596
9597 22738
9598 22737
9599 22736
9600 22735
9601 22734
9602 9603
9604 22731
9605 22730
9606 22729
9607 22728
9608 22727
9609 14821
9610 9611
9612 14818
9613 14817
9614 14816
9615 14815
9616 14814
9617 9618
9619 22780
9620 22779
9621 22778
9622 22777
9623 22776
9624 22775
9625 9626
9627 17953
9628 17952
9629 17951
9630 17950
9631 17949
9632 9633
9634 17946
9635 17945
9636 17944
9637 17943
9638 17942
9639 17941
9640 9641
9642 17938
9643 17937
9644 17936
9645 17935
9646 17934
9647 9648
9649 17931
9650 17930
9651 17929
9652 17928
9653 17927
9654 17926
9655 9656
9657 17923
9658 17922
9659 17921
9660 17920
9661 17919
9662 9663
9664 17916
9665 17915
9666 17914
9667 17913
9668 17912
9669 17911
9670 9671
9672 22461
9673 22460
9674 22459
9675 22458
9676 22457
9677 9678
9679 22454
9680 22453
9681 22452
9682 22451
9683 22450
9684 22449
9685 9686
9687 16966
9688 16965
9689 16964
9690 16963
9691 16962
9692 16961
9693 16960
9694 9695
9696 16957
9697 16987
9698 16986
9699 16985
9700 16984
9701 16983
9702 9703
9704 16980
9705 16979
9706 16978
9707 16977
9708 17007
9709 17006
9710 9711
9712 17003
9713 17002
9714 17001
9715 17000
9716 16999
9717 16998
9718 9719
9720 17029
9721 17028
9722 17027
9723 17026
9724 17025
9725 17024
9726 9727
9728 17021
9729 17020
9730 17019
9731 23368
9732 23367
9733 23366
9734 9735
9736 23363
9737 23362
9738 23361
9739 23360
9740 23359
9741 23358
9742 9743
9744 23355
9745 23010
9746 23009
9747 23008
9748 23007
9749 23006
9750 9751
9752 23003
9753 23002
9754 23001
9755 23000
9756 22999
9757 22998
9758 9759
9760 22995
9761 22994
9762 22993
9763 22992
9764 22991
9765 22990
9766 9767
9768 22987
9769 22986
9770 22985
9771 22984
9772 22983
9773 22982
9774 9775
9776 22979
9777 22978
9778 22977
9779 22976
9780 22975
9781 22974
9782 9783
9784 22971
9785 22970
9786 22969
9787 23587
9788 23586
9789 23585
9790 9791
9792 23582
9793 23581
9794 23580
9795 23579
9796 23578
9797 23577
9798 9799
9800 23574
9801 23782
9802 23781
9803 23780
9804 23779
9805 23778
9806 23777
9807 23776
9808 23775
9809 23774
9810 23773
9811 23772
9812 23771
9813 9814
9815 23768
9816 23767
9817 23766
9818 24210
9819 24209
9820 24208
9821 9822
9823 24205
9824 24204
9825 24203
9826 24202
9827 24201
9828 24200
9829 24199
9830 9831
9832 24196
9833 17054
9834 17053
9835 17052
9836 17051
9837 17050
9838 17049
9839 9840
9841 17046
9842 17045
9843 17044
9844 17043
9845 17165
9846 17164
9847 9848
9849 17161
9850 17160
9851 17159
9852 17158
9853 17157
9854 17156
9855 17155
9856 9857
9858 17152
9859 17151
9860 17194
9861 17193
9862 17192
9863 17191
9864 9865
9866 17188
9867 17187
9868 17240
9869 17239
9870 17238
9871 17237
9872 17236
9873 9874
9875 17233
9876 17232
9877 17231
9878 17230
9879 17229
9880 17228
9881 9882
9883 17225
9884 17224
9885 17223
9886 17222
9887 17221
9888 17220
9889 17219
9890 9891
9892 24555
9893 24554
9894 24553
9895 24552
9896 24551
9897 24550
9898 9899
9900 24547
9901 24546
9902 24545
9903 24544
9904 24543
9905 24542
9906 24541
9907 9908
9909 24538
9910 24537
9911 24536
9912 24535
9913 24534
9914 24533
9915 9916
9917 25036
9918 25035
9919 25034
9920 25033
9921 25032
9922 25031
9923 25030
9924 9925
9926 25027
9927 25026
9928 25025
9929 25024
9930 25023
9931 24778
9932 9933
9934 24775
9935 24774
9936 24773
9937 24772
9938 17275
9939 17274
9940 17273
9941 17272
9942 9943
9944 17269
9945 17268
9946 17267
9947 17266
9948 17265
9949 17297
9950 9951
9952 17294
9953 17293
9954 17292
9955 17291
9956 17290
9957 17289
9958 17288
9959 9960
9961 17319
9962 17318
9963 17317
9964 17316
9965 17315
9966 17314
9967 9968
9969 17311
9970 17310
9971 17309
9972 24888
9973 24887
9974 24886
9975 9976
9977 24883
9978 24882
9979 24881
9980 24880
9981 24879
9982 24878
9983 24877
9984 9985
9986 24874
9987 24873
9988 24872
9989 24871
9990 24870
9991 24869
9992 9993
9994 24866
9995 24865
9996 24864
9997 24863
9998 24862
9999 24861
10000 24860
10001 10002
10003 24857
10004 24856
10005 24855
10006 24854
10007 17390
10008 17389
10009 10010
10011 17386
10012 17385
10013 17384
10014 17383
10015 17382
10016 25390
10017 10018
10019 25387
10020 25386
10021 25385
10022 25384
10023 25383
10024 25382
10025 25381
10026 10027
10028 14893
10029 14892
10030 14891
10031 14890
10032 14889
10033 14888
10034 14887
10035 10036
10037 14884
10038 25543
10039 25542
10040 25541
10041 25540
10042 25539
10043 25538
10044 10045
10046 25535
10047 25534
10048 25533
10049 25532
10050 25531
10051 25530
10052 25529
10053 17412
10054 10055
10056 17409
10057 17408
10058 17407
10059 17406
10060 17405
10061 17404
10062 17403
10063 10064
10065 17430
10066 17429
10067 17428
10068 17427
10069 17426
10070 17425
10071 17424
10072 17423
10073 17422
10074 17555
10075 17554
10076 17553
10077 17552
10078 17551
10079 17550
10080 10081
10082 17547
10083 17546
10084 17545
10085 17544
10086 17543
10087 17542
10088 17541
10089 17540
10090 17583
10091 17582
10092 17581
10093 10094
10095 17578
10096 17577
10097 17622
10098 17621
10099 17620
10100 17619
10101 17618
10102 17617
10103 17616
10104 17615
10105 17614
10106 10107
10108 17611
10109 17610
10110 17609
10111 17608
10112 17607
10113 14913
10114 14912
10115 14911
10116 14910
10117 14909
10118 14908
10119 10120
10121 14905
10122 14904
10123 17751
10124 17750
10125 17749
10126 17748
10127 17747
10128 17746
10129 17745
10130 17744
10131 17743
10132 17742
10133 17741
10134 10135
10136 17738
10137 17737
10138 17736
10139 17735
10140 17734
10141 17793
10142 17792
10143 17791
10144 17790
10145 17789
10146 17788
10147 17787
10148 17786
10149 10150
10151 17783
10152 17782
10153 17781
10154 17780
10155 17779
10156 17778
10157 17777
10158 17776
10159 17775
10160 17774
10161 17773
10162 26559
10163 26558
10164 10165
10166 26555
10167 26554
10168 26553
10169 26552
10170 26551
10171 26550
10172 26549
10173 26548
10174 26547
10175 26546
10176 14931
10177 14930
10178 14929
10179 10180
10181 14926
10182 14925
10183 14924
10184 14923
10185 15189
10186 15188
10187 15187
10188 15186
10189 15185
10190 15184
10191 15183
10192 15182
10193 15181
10194 10195
10196 15178
10197 15177
10198 15176
10199 15175
10200 15174
10201 15173
10202 15172
10203 15171
10206 15240
10207 15239
10208 15238
10209 15237
10210 10211
10212 15234
10213 15233
10214 15232
10215 15231
10216 15230
10217 15229
10218 15228
10219 15227
10220 15226
10221 15225
10222 15224
10223 15223
10224 15222
10225 15221
10226 15220
10227 15219
10228 15218
10229 15217
10230 15216
10231 15215
10232 15214
10233 26572
10234 26571
10235 26570
10236 26569
10237 26568
10238 26567
10239 26566
10240 26565
10241 26564
10242 26563
10243 26562
10244 26561
10245 26560
10246 17772
10247 17771
10248 17770
10249 17769
10250 17768
10251 17767
10252 17766
10253 17765
10254 10255
10256 17762
10257 17761
10258 17760
10259 17759
10260 17758
10261 17757
10262 17756
10263 17755
10264 17754
10265 17753
10266 17752
10267 17733
10268 17732
10269 17731
10270 17730
10271 17729
10272 17728
10273 17727
10274 17726
10275 26176
10276 26175
10277 26174
10278 26173
10279 26172
10280 26171
10281 26170
10282 26169
10283 26168
10284 26167
10285 26166
10286 26165
10287 26164
10288 26163
10289 26162
10290 26161
10291 26160
10292 26159
10293 26158
10294 26157
10295 26156
10296 10297
10298 17633
10299 17632
10300 17631
10301 17630
10302 17629
10303 17628
10304 17627
10305 17626
10306 17625
10307 17624
10308 17623
10309 17576
10310 17575
10311 17574
10312 17573
10313 17572
10314 17571
10315 17570
10316 17569
10317 17568
10318 17567
10319 17566
10320 17565
10321 17564
10322 17563
10323 17562
10324 17561
10325 17560
10326 17559
10327 17558
10328 17557
10329 17556
10330 17421
10331 17420
10332 17419
10333 17418
10334 17417
10335 17416
10336 17415
10337 17414
10338 17413
10339 17400
10340 17399
10341 17398
10342 17397
10343 17396
10344 17395
10345 17394
10346 17393
10347 17392
10348 17391
10349 25528
10350 25527
10351 25526
10352 25525
10353 25524
10354 25523
10355 25522
10356 25521
10357 25703
10358 25702
10359 25701
10360 10361
10362 25698
10363 25697
10364 25696
10365 25695
10366 25694
10367 25693
10368 25692
10369 25691
10370 25403
10371 25402
10372 25401
10373 25400
10374 25399
10375 25398
10376 25397
10377 25396
10378 25395
10379 25394
10380 25393
10381 25392
10382 25391
10383 17381
10384 17380
10385 10386
10387 17377
10388 17376
10389 17375
10390 17374
10391 17373
10392 17372
10393 17371
10394 17370
10395 17369
10396 17368
10397 17367
10398 17366
10399 17365
10400 17364
10401 17363
10402 17362
10403 17361
10404 17360
10405 17359
10406 17358
10407 17357
10408 17356
10409 10410
10411 17353
10412 24900
10413 24899
10414 24898
10415 24897
10416 24896
10417 24895
10418 24894
10419 24893
10420 24892
10421 24891
10422 24890
10423 24889
10424 17308
10425 17307
10426 17306
10427 17305
10428 17304
10429 17303
10430 17302
10431 17301
10432 17300
10433 10434
10435 17285
10436 17284
10437 17283
10438 17282
10439 17281
10440 17280
10441 17279
10442 17278
10443 17277
10444 17276
10445 17264
10446 17263
10447 17262
10448 17261
10449 17260
10450 17259
10451 17258
10452 17257
10453 17256
10454 17255
10455 24771
10456 24770
10457 24769
10458 24768
10459 24767
10460 24766
10461 24765
10462 25048
10463 25047
10464 25046
10465 25045
10466 25044
10467 25043
10468 25042
10469 25041
10470 25040
10471 25039
10472 25038
10473 25037
10474 24530
10475 10476
10477 24527
10478 24526
10479 24525
10480 24524
10481 24523
10482 24522
10483 24521
10484 23926
10485 23925
10486 23924
10487 23923
10488 23922
10489 23921
10490 23920
10491 23919
10492 23918
10493 24587
10494 24586
10495 24585
10496 24584
10497 24583
10498 24582
10499 24581
10500 10501
10502 24578
10503 24577
10504 24576
10505 17254
10506 17253
10507 17252
10508 17251
10509 17250
10510 17249
10511 17248
10512 17247
10513 17246
10514 17245
10515 17244
10516 17243
10517 17242
10518 17241
10519 17186
10520 17185
10521 17184
10522 17183
10523 17182
10524 17181
10525 10526
10527 17178
10528 17177
10529 17176
10530 17175
10531 17174
10532 17173
10533 17172
10534 17171
10535 17170
10536 17169
10537 17168
10538 17167
10539 17166
10540 17042
10541 17041
10542 17040
10543 17039
10544 17038
10545 17037
10546 17036
10547 17035
10548 17034
10549 17033
10550 17032
10551 10552
10553 24193
10554 24192
10555 24191
10556 24190
10557 24189
10558 23805
10559 23804
10560 23803
10561 23802
10562 23801
10563 23800
10564 23799
10565 23798
10566 23797
10567 23796
10568 23795
10569 23794
10570 23793
10571 23792
10572 23791
10573 23790
10574 23789
10575 23788
10576 23787
10577 23786
10578 23785
10579 23784
10580 23783
10581 23573
10582 23572
10583 23571
10584 23570
10585 23569
10586 23568
10587 23567
10588 23566
10589 23565
10590 23564
10591 23563
10592 10593
10594 23560
10595 23559
10596 23558
10597 23557
10598 22882
10599 22881
10600 22880
10601 22879
10602 22878
10603 22877
10604 22876
10605 22875
10606 22874
10607 22873
10608 22872
10609 22871
10610 22870
10611 22869
10612 22868
10613 22867
10614 22866
10615 10616
10617 22863
10618 22862
10619 22861
10620 23393
10621 23392
10622 23391
10623 23390
10624 23389
10625 23388
10626 23387
10627 23386
10628 23385
10629 23384
10630 23383
10631 23382
10632 23381
10633 23380
10634 23379
10635 23378
10636 23377
10637 23376
10638 10639
10640 23373
10641 23372
10642 23371
10643 23370
10644 23369
10645 17018
10646 17017
10647 17016
10648 17015
10649 17014
10650 17013
10651 17012
10652 17011
10653 17010
10654 17009
10655 17008
10656 16997
10657 16996
10658 16995
10659 16994
10660 16993
10661 10662
10663 16990
10664 16989
10665 16988
10666 16976
10667 16975
10668 16974
10669 16973
10670 16972
10671 16971
10672 16970
10673 16969
10674 16968
10675 16967
10676 16956
10677 16955
10678 16954
10679 16953
10680 16952
10681 16951
10682 16950
10683 16949
10684 16948
10685 22446
10686 22445
10687 22444
10688 22443
10689 22442
10690 22441
10691 22440
10692 22439
10693 22438
10694 22437
10695 22436
10696 22435
10697 22434
10698 22433
10699 22432
10700 22431
10701 22430
10702 10703
10704 22427
10705 22426
10706 22425
10707 22424
10708 22423
10709 22422
10710 22421
10711 22420
10712 17983
10713 17982
10714 17981
10715 17980
10716 17979
10717 17978
10718 17977
10719 17976
10720 17975
10721 17974
10722 17973
10723 10724
10725 17970
10726 17969
10727 17968
10728 17967
10729 17966
10730 17965
10731 17964
10732 17963
10733 17962
10734 17961
10735 17960
10736 17959
10737 17958
10738 17957
10739 17956
10740 22774
10741 22773
10742 22772
10743 22771
10744 10745
10746 22768
10747 22767
10748 22766
10749 22765
10750 22764
10751 22763
10752 22762
10753 22761
10754 22760
10755 22759
10756 22758
10757 22757
10758 22756
10759 22755
10760 22754
10761 22753
10762 22752
10763 22751
10764 22750
10765 10766
10767 22747
10768 22746
10769 22745
10770 22744
10771 21905
10772 21904
10773 21903
10774 21902
10775 21901
10776 21900
10777 21899
10778 21898
10779 21897
10780 21896
10781 21895
10782 21894
10783 21893
10784 21892
10785 21891
10786 21890
10787 21889
10788 21888
10789 21887
10790 21886
10791 16903
10792 16902
10793 16901
10794 16900
10795 16899
10796 16898
10797 16897
10798 16896
10799 16895
10800 10801
10802 16892
10803 16891
10804 16890
10805 16889
10806 16888
10807 21342
10808 21341
10809 21340
10810 21339
10811 21338
10812 21337
10813 21336
10814 21335
10815 21334
10816 21333
10817 21332
10818 21331
10819 21330
10820 21329
10821 10822
10823 21326
10824 21325
10825 21324
10826 21323
10827 21322
10828 21321
10829 21320
10830 21319
10831 21318
10832 21317
10833 21316
10834 21315
10835 21314
10836 21313
10837 21312
10838 21311
10839 21310
10840 21309
10841 10842
10843 21306
10844 21305
10845 21304
10846 21303
10847 21302
10848 21301
10849 21300
10850 21299
10851 21298
10852 21297
10853 21296
10854 20848
10855 20847
10856 20846
10857 20845
10858 20844
10859 20843
10860 20842
10861 10862
10863 21210
10864 21209
10865 21208
10866 21207
10867 21206
10868 21205
10869 21204
10870 21203
10871 21202
10872 21201
10873 21200
10874 21199
10875 21198
10876 21197
10877 21196
10878 21195
10879 21194
10880 21193
10881 21192
10882 21191
10883 21190
10884 17834
10885 17833
10886 17832
10887 17831
10888 17830
10889 17829
10890 17828
10891 17827
10892 17826
10893 17825
10894 17824
10895 20936
10896 10897
10898 20933
10899 20932
10900 20931
10901 20930
10902 20929
10903 20928
10904 16752
10905 16751
10906 16750
10907 16749
10908 16748
10909 16747
10910 16746
10911 16745
10912 16744
10913 16743
10914 10915
10916 16740
10917 16739
10918 16738
10919 16737
10920 16736
10921 16735
10922 16734
10923 16733
10924 16732
10925 16731
10926 20688
10927 20687
10928 20686
10929 20685
10930 20684
10931 20683
10932 10933
10934 20657
10935 20656
10936 20655
10937 20654
10938 20653
10939 20652
10940 20651
10941 20650
10942 20649
10943 20648
10944 20647
10945 20646
10946 20645
10947 20644
10948 20643
10949 20642
10950 10951
10952 16700
10953 16699
10954 16698
10955 16697
10956 16696
10957 16695
10958 16694
10959 16682
10960 16681
10961 16680
10962 16679
10963 16678
10964 16677
10965 16676
10966 16675
10967 16674
10968 16673
10969 20321
10970 20320
10971 20319
10972 20318
10973 20317
10974 20316
10975 20315
10976 20314
10977 20394
10978 20393
10979 20392
10980 20391
10981 20390
10982 20389
10983 10984
10985 20386
10986 20385
10987 20384
10988 20383
10989 20382
10990 20381
10991 20380
10992 20379
10993 20378
10994 20377
10995 20376
10996 20375
10997 20374
10998 20373
10999 20372
11000 11001
11002 16670
11003 16669
11004 16668
11005 16667
11006 16666
11007 16665
11008 16664
11009 16663
11010 16662
11011 16661
11012 16660
11013 16537
11014 16536
11015 16535
11016 11017
11018 16532
11019 16531
11020 16530
11021 19659
11022 19658
11023 19657
11024 19656
11025 19655
11026 19654
11027 19653
11028 19652
11029 19651
11030 19650
11031 19649
11032 19648
11033 11034
11035 16489
11036 16488
11037 16487
11038 16486
11039 16485
11040 16484
11041 16483
11042 19412
11043 19411
11044 19410
11045 19409
11046 19408
11047 19407
11048 19406
11049 19405
11050 19549
11051 19548
11052 19547
11053 19546
11054 19545
11055 19544
11056 19543
11057 19542
11058 19541
11059 19540
11060 19539
11061 11062
11063 19536
11064 19535
11065 19534
11066 19533
11067 19532
11068 19531
11069 19530
11070 19529
11071 19528
11072 19766
11073 19765
11074 19764
11075 19763
11076 11077
11078 19760
11079 19759
11080 19758
11081 19757
11082 19756
11083 19755
11084 16482
11085 16481
11086 16480
11087 16479
11088 16478
11089 16477
11090 16476
11091 11092
11093 16473
11094 16472
11095 16471
11096 16470
11097 16417
11098 16416
11099 16415
11100 16414
11101 16413
11102 16412
11103 16411
11104 16410
11105 16409
11106 11107
11108 16392
11109 16391
11110 16390
11111 16389
11112 16388
11113 16387
11114 16386
11115 16385
11116 16384
11117 16383
11118 16382
11119 16381
11120 16380
11121 16379
11122 16378
11123 16377
11124 16376
11125 19112
11126 19111
11127 19110
11128 19109
11129 19108
11130 19107
11131 19106
11132 19105
11133 11134
11135 19225
11136 19224
11137 19223
11138 19222
11139 19221
11140 19220
11141 19219
11142 19218
11143 19217
11144 19216
11145 19215
11146 19214
11147 11148
11149 16206
11150 16205
11151 16204
11152 16203
11153 16202
11154 16201
11155 16200
11156 16199
11157 16198
11158 16197
11159 16196
11160 11161
11162 18545
11163 18544
11164 18543
11165 18542
11166 18541
11167 18540
11168 18539
11169 18538
11170 18537
11171 18536
11172 18535
11173 11174
11175 18532
11176 18531
11177 18530
11178 18529
11179 18597
11180 18596
11181 18595
11182 18594
11183 18593
11184 18592
11185 18591
11186 18590
11187 19033
11188 19032
11189 19031
11190 19030
11191 19029
11192 19028
11193 19027
11194 19026
11195 19025
11196 11197
11198 19022
11199 19021
11200 19020
11201 19019
11202 19018
11203 19017
11204 19016
11205 19015
11206 19014
11207 18749
11208 11209
11210 18746
11211 18745
11212 18744
11213 18743
11214 18742
11215 18741
11216 18740
11217 18739
11218 18738
11219 11220
11221 18735
11222 18734
11223 16141
11224 16140
11225 16139
11226 16138
11227 16137
11228 16136
11229 16135
11230 16134
11231 11232
11233 16131
11234 16130
11235 16129
11236 16128
11237 16127
11238 16126
11239 16125
11240 18295
11241 18294
11242 18293
11243 18292
11244 18291
11245 11246
11247 18288
11248 18287
11249 18286
11250 18285
11251 18284
11252 18209
11253 18208
11254 18207
11255 11256
11257 18204
11258 18203
11259 18124
11260 18123
11261 18122
11262 18121
11263 18120
11264 11265
11266 18117
11267 18116
11268 18115
11269 18114
11270 18113
11271 18112
11272 18111
11273 16043
11274 11275
11276 16040
11277 16039
11278 16038
11279 16037
11280 16036
11281 16035
11282 16034
11283 16033
11284 11285
11286 15912
11287 15911
11288 15910
11289 15909
11290 15908
11291 15907
11292 15906
11293 15905
11294 15833
11295 11296
11297 15830
11298 15829
11299 15828
11300 15827
11301 15826
11302 15722
11303 11304
11305 15719
11306 15718
11307 15717
11308 15716
11309 15715
11310 15714
11311 11312
11313 15711
11314 15710
11315 15709
11316 15708
11317 15701
11318 15700
11319 11320
11321 15697
11322 15696
11323 15695
11324 15694
11325 15693
11326 15692
11327 15556
11328 11329
11330 15553
11331 15552
11332 15551
11333 15550
11334 15549
11335 15548
11336 15533
11337 15532
11338 15531
11339 15530
11340 15529
11341 15528
11342 11343
11344 15525
11345 15524
11346 15523
11347 15522
11348 15521
11349 15520
11350 15519
11351 11352
11353 15516
11354 15515
11355 15514
11356 15513
11357 14966
11358 14965
11359 14964
11360 14963
11361 11362
11363 14960
11364 14959
11365 14958
11366 14957
11367 14956
11368 14955
11369 14954
11372 15256
11373 15255
11374 15254
11375 15253
11376 15252
11377 15251
11378 15250
11379 15249
11380 14117
11381 14116
11382 14115
11383 14114
11384 14113
11385 14112
11386 14111
11387 14110
11388 14109
11389 14108
11390 14107
11391 14106
11392 14105
11393 14104
11394 14103
11395 14102
11396 14101
11397 14100
11398 14099
11399 14098
11400 14097
11401 14096
11402 14095
11403 14094
11404 18181
11405 18180
11406 18179
11407 18178
11408 18177
11409 18176
11410 18175
11411 18174
11412 18173
11413 18172
11414 18171
11415 18170
11416 18169
11417 18168
11418 18167
11419 18166
11420 18165
11421 18164
11422 18163
11423 18162
11424 18161
11425 18160
11426 18159
11427 18158
11428 18157
11429 18156
11430 18155
11431 18154
11432 18153
11433 18152
11434 18151
11435 18150
11436 18149
11437 18148
11438 18147
11439 18146
11440 18145
11441 18144
11442 18143
11443 18142
11444 18141
11445 18140
11446 18139
11447 18138
11448 18137
11449 18136
11450 18135
11451 18134
11452 18133
11453 18132
11454 18131
11455 18130
11456 18129
11457 18128
11458 18127
11459 18126
11460 18125
11461 18419
11462 18418
11463 18417
11464 18416
11465 18415
11466 18414
11467 18413
11468 18412
11469 18411
11470 18410
11471 18409
11472 18408
11473 18407
11474 18406
11475 18405
11476 18404
11477 18439
11478 18438
11479 18437
11480 18436
11481 18435
11482 18434
11483 18433
11484 18432
11485 18431
11486 18430
11487 18429
11488 18882
11489 18881
11490 18880
11491 18879
11492 18878
11493 18877
11494 18876
11495 18875
11496 18756
11497 18755
11498 18754
11499 18753
11500 18752
11501 18751
11502 18750
11503 19013
11504 19012
11505 19011
11506 19010
11507 19009
11508 19008
11509 19007
11510 19006
11511 19005
11512 19004
11513 19003
11514 19002
11515 19001
11516 19000
11517 18999
11518 18998
11519 18459
11520 18458
11521 18457
11522 18456
11523 18455
11524 18454
11525 18453
11526 18452
11527 18451
11528 18450
11529 18449
11530 19093
11531 19092
11532 19091
11533 19090
11534 19089
11535 19088
11536 19087
11537 19086
11538 19255
11539 19254
11540 19253
11541 19252
11542 19251
11543 19250
11544 19249
11545 19248
11546 19247
11547 19246
11548 19245
11549 19244
11550 19243
11551 19242
11552 19241
11553 19240
11554 19239
11555 19238
11556 19237
11557 19236
11558 19235
11559 19234
11560 19233
11561 19232
11562 19231
11563 19230
11564 19229
11565 19228
11566 19363
11567 19362
11568 19361
11569 19360
11570 19359
11571 19358
11572 19357
11573 19356
11574 19355
11575 19354
11576 19353
11577 19352
11578 19351
11579 19350
11580 19349
11581 19348
11582 19383
11583 19382
11584 19381
11585 19380
11586 19379
11587 19378
11588 19377
11589 19376
11590 19375
11591 19374
11592 19373
11593 19404
11594 19403
11595 19402
11596 19401
11597 19400
11598 19399
11599 19398
11600 19397
11601 19396
11602 19395
11603 19394
11604 19782
11605 19781
11606 19780
11607 19779
11608 19778
11609 19777
11610 19776
11611 19775
11612 19774
11613 19773
11614 19772
11615 19771
11616 19770
11617 19769
11618 19768
11619 19767
11620 19527
11621 19526
11622 19525
11623 19524
11624 19523
11625 19522
11626 19521
11627 19520
11628 19519
11629 19518
11630 19517
11631 19516
11632 19556
11633 19555
11634 19554
11635 19553
11636 19552
11637 19551
11638 19550
11639 19916
11640 19915
11641 19914
11642 19913
11643 19912
11644 19911
11645 19910
11646 19909
11647 19908
11648 19907
11649 19906
11650 19905
11651 19904
11652 19903
11653 19902
11654 19901
11655 19900
11656 19934
11657 19933
11658 19932
11659 19931
11660 19930
11661 19929
11662 19928
11663 19927
11664 19926
11665 19925
11666 20050
11667 20049
11668 20048
11669 20047
11670 20046
11671 20045
11672 20044
11673 20043
11674 20129
11675 20128
11676 20127
11677 20126
11678 20125
11679 20124
11680 20123
11681 20122
11682 20121
11683 20120
11684 20119
11685 20118
11686 20117
11687 20116
11688 20115
11689 20114
11690 20408
11691 20407
11692 20406
11693 20405
11694 20404
11695 20403
11696 20402
11697 20401
11698 20400
11699 20399
11700 20398
11701 20397
11702 20396
11703 20395
11704 20313
11705 20312
11706 20311
11707 20310
11708 20309
11709 20308
11710 20307
11711 20306
11712 20305
11713 20304
11714 20303
11715 20302
11716 20537
11717 20536
11718 20535
11719 20534
11720 20533
11721 20532
11722 20531
11723 20530
11724 20529
11725 20528
11726 20527
11727 20526
11728 20525
11729 20671
11730 20670
11731 20669
11732 20668
11733 20667
11734 20666
11735 20665
11736 20664
11737 20663
11738 20662
11739 20661
11740 20660
11741 20659
11742 20658
11743 20819
11744 20818
11745 20817
11746 20816
11747 20815
11748 20814
11749 20813
11750 20812
11751 20841
11752 20840
11753 20839
11754 20838
11755 20837
11756 20836
11757 20835
11758 20834
11759 20833
11760 20832
11761 20831
11762 20830
11763 21067
11764 21066
11765 21065
11766 21064
11767 21063
11768 21062
11769 21061
11770 21060
11771 21059
11772 21058
11773 21057
11774 21056
11775 21055
11776 21054
11777 21053
11778 21052
11779 17842
11780 17841
11781 17840
11782 17839
11783 17838
11784 17837
11785 17836
11786 17835
11787 21189
11788 21188
11789 21187
11790 21186
11791 21185
11792 21184
11793 21183
11794 21182
11795 21181
11796 21180
11797 21179
11798 21178
11799 21177
11800 21220
11801 21219
11802 21218
11803 21217
11804 21216
11805 21215
11806 21214
11807 21213
11808 21658
11809 21657
11810 21656
11811 21655
11812 21654
11813 21653
11814 21652
11815 21651
11816 21650
11817 21649
11818 21648
11819 21647
11820 21646
11821 21645
11822 21644
11823 21643
11824 21678
11825 21677
11826 21676
11827 21675
11828 21674
11829 21673
11830 21672
11831 21671
11832 21670
11833 21669
11834 21668
11835 21701
11836 21700
11837 21699
11838 21698
11839 21697
11840 21696
11841 21695
11842 21694
11843 21693
11844 21692
11845 21691
11846 21690
11847 22053
11848 22052
11849 22051
11850 22050
11851 22049
11852 22048
11853 22047
11854 22046
11855 22045
11856 22044
11857 22043
11858 22042
11859 22041
11860 22040
11861 22039
11862 22038
11863 22037
11864 22036
11865 22035
11866 22034
11867 22033
11868 22032
11869 22031
11870 22030
11871 22029
11872 22028
11873 22133
11874 22132
11875 22131
11876 22130
11877 22129
11878 22128
11879 22127
11880 22126
11881 22211
11882 22210
11883 22209
11884 22208
11885 22207
11886 22206
11887 22205
11888 22204
11889 22203
11890 22202
11891 22201
11892 22200
11893 22199
11894 22198
11895 22197
11896 22196
11897 22195
11898 22194
11899 22193
11900 22192
11901 22191
11902 22190
11903 22189
11904 22188
11905 22645
11906 22644
11907 22643
11908 22642
11909 22641
11910 22640
11911 22639
11912 22638
11913 22637
11914 22636
11915 22635
11916 22634
11917 22633
11918 22255
11919 22254
11920 22253
11921 22252
11922 22251
11923 22250
11924 22249
11925 22248
11926 22247
11927 22246
11928 22245
11929 22847
11930 22846
11931 22845
11932 22844
11933 22843
11934 22842
11935 22841
11936 22840
11937 17990
11938 17989
11939 17988
11940 17987
11941 17986
11942 17985
11943 17984
11944 22419
11945 22418
11946 22417
11947 22416
11948 22415
11949 22414
11950 22413
11951 22412
11952 22411
11953 22410
11954 22409
11955 22408
11956 22407
11957 22406
11958 22405
11959 22404
11960 22403
11961 22402
11962 22401
11963 22400
11964 22399
11965 22398
11966 22397
11967 22396
11968 22395
11969 22394
11970 22393
11971 22392
11972 22391
11973 22390
11974 22389
11975 22388
11976 22387
11977 22386
11978 22385
11979 22384
11980 22383
11981 22382
11982 22381
11983 22380
11984 22379
11985 22378
11986 22377
11987 22376
11988 22375
11989 23213
11990 23212
11991 23211
11992 23210
11993 23209
11994 23208
11995 23207
11996 23206
11997 23205
11998 23204
11999 23203
12000 23202
12001 23201
12002 23056
12003 23055
12004 23054
12005 23053
12006 23052
12007 23051
12008 23050
12009 23049
12010 23411
12011 23410
12012 23409
12013 23408
12014 23407
12015 23406
12016 23405
12017 23404
12018 23403
12019 23402
12020 23401
12021 23400
12022 23399
12023 23398
12024 23397
12025 23396
12026 23395
12027 23394
12028 23492
12029 23491
12030 23490
12031 23489
12032 23488
12033 23487
12034 23486
12035 23485
12036 23513
12037 23512
12038 23511
12039 23510
12040 23509
12041 23508
12042 23507
12043 23506
12044 23505
12045 23504
12046 23503
12047 23662
12048 23661
12049 23660
12050 23659
12051 23658
12052 23657
12053 23656
12054 23655
12055 23654
12056 23653
12057 23652
12058 23651
12059 23650
12060 23649
12061 23648
12062 23897
12063 23896
12064 23895
12065 23894
12066 23893
12067 23892
12068 23891
12069 23890
12070 23889
12071 23888
12072 23887
12073 23886
12074 23885
12075 23884
12076 23883
12077 23882
12078 23881
12079 23880
12080 23879
12081 23878
12082 23877
12083 23876
12084 23875
12085 23874
12086 24130
12087 24129
12088 24128
12089 24127
12090 24126
12091 24125
12092 24124
12093 24123
12094 24122
12095 24121
12096 24120
12097 24119
12098 24118
12099 24117
12100 24116
12101 24115
12102 24114
12103 24113
12104 24112
12105 24111
12106 24110
12107 24109
12108 24108
12109 24107
12110 24106
12111 24105
12112 24104
12113 24103
12114 24102
12115 24101
12116 24100
12117 24099
12118 23917
12119 23916
12120 23915
12121 23914
12122 23913
12123 23912
12124 23911
12125 23910
12126 23909
12127 23908
12128 24024
12129 24023
12130 24022
12131 24021
12132 24020
12133 24019
12134 24018
12135 24017
12136 24595
12137 24594
12138 24593
12139 24592
12140 24591
12141 24590
12142 24589
12143 24588
12144 24662
12145 24661
12146 24660
12147 24659
12148 24658
12149 24657
12150 24656
12151 24655
12152 24654
12153 24653
12154 24652
12155 24651
12156 24650
12157 24649
12158 24648
12159 24647
12160 24646
12161 24645
12162 25059
12163 25058
12164 25057
12165 25056
12166 25055
12167 25054
12168 25053
12169 25052
12170 25051
12171 25050
12172 25049
12173 24764
12174 24763
12175 24762
12176 24761
12177 24760
12178 24759
12179 24758
12180 24757
12181 24756
12182 24755
12183 24754
12184 24753
12185 24752
12186 24751
12187 24750
12188 24749
12189 24748
12190 24747
12191 24746
12192 24745
12193 24744
12194 24743
12195 24742
12196 24741
12197 24740
12198 24739
12199 25249
12200 25248
12201 25247
12202 25246
12203 25245
12204 25244
12205 25243
12206 25242
12207 25241
12208 25240
12209 25239
12210 25238
12211 25237
12212 25278
12213 25277
12214 25276
12215 25275
12216 25274
12217 25273
12218 25272
12219 25271
12220 25136
12221 25135
12222 25134
12223 25133
12224 25132
12225 25131
12226 25130
12227 25129
12228 25128
12229 25127
12230 25126
12231 25125
12232 25124
12233 25123
12234 25122
12235 25121
12236 25120
12237 25119
12238 25118
12239 25117
12240 25116
12241 25115
12242 25114
12243 25113
12244 25510
12245 25509
12246 25508
12247 25507
12248 25506
12249 25505
12250 25504
12251 25503
12252 25502
12253 25501
12254 25500
12255 25499
12256 25498
12257 25497
12258 25496
12259 25495
12260 25494
12261 25493
12262 25711
12263 25710
12264 25709
12265 25708
12266 25707
12267 25706
12268 25705
12269 25704
12270 26033
12271 26032
12272 26031
12273 26030
12274 26029
12275 26028
12276 26027
12277 26026
12278 26025
12279 26024
12280 26023
12281 26022
12282 26021
12283 26020
12284 26019
12285 26018
12286 26017
12287 26016
12288 26015
12289 26014
12290 26013
12291 26012
12292 26011
12293 26010
12294 26009
12295 26008
12296 26007
12297 26006
12298 26005
12299 26004
12300 26003
12301 26002
12302 26001
12303 26000
12304 25999
12305 25998
12306 25997
12307 25996
12308 25995
12309 25994
12310 25993
12311 25992
12312 25991
12313 25990
12314 25989
12315 25988
12316 25987
12317 25986
12318 25985
12319 25984
12320 25983
12321 25982
12322 25981
12323 25980
12324 25979
12325 25978
12326 25977
12327 25976
12328 26211
12329 26210
12330 26209
12331 26208
12332 26207
12333 26206
12334 26205
12335 26204
12336 26203
12337 26202
12338 26201
12339 26200
12340 26199
12341 26198
12342 26197
12343 26196
12344 26195
12345 26194
12346 26284
12347 26283
12348 26282
12349 26281
12350 26280
12351 26279
12352 26278
12353 26277
12354 26276
12355 26275
12356 26274
12357 26273
12358 26272
12359 26403
12360 26402
12361 26401
12362 26400
12363 26399
12364 26398
12365 26397
12366 26396
12367 26395
12368 26394
12369 26393
12370 26392
12371 26391
12372 26390
12373 26389
12374 26388
12375 26387
12376 26386
12377 26385
12378 26384
12379 26383
12380 26597
12381 26596
12382 26595
12383 26594
12384 26593
12385 26592
12386 26591
12387 26590
12388 15378
12389 15377
12390 15376
12391 15375
12392 15374
12393 15373
12394 15372
12395 15371
12396 15370
12397 15369
12398 15368
12399 15367
12400 15366
12401 15365
12402 15364
12403 15363
12404 15362
12405 15361
12406 15360
12407 15359
12408 15358
12409 15357
12410 15356
12411 15355
12412 15354
12413 15353
12416 15474
12417 15473
12418 15472
12419 15471
12420 15470
12421 15469
12422 15468
12423 15467
12424 15466
12425 15465
12426 15464
12427 26619
12428 26618
12429 26617
12430 26616
12431 26615
12432 26614
12433 26613
12434 26612
12435 26611
12436 26610
12437 26609
12438 26608
12439 26607
12440 26606
12441 26605
12442 26604
12443 26603
12444 26602
12445 26601
12446 26600
12447 26599
12448 26598
12449 26382
12450 26381
12451 26380
12452 26379
12453 26378
12454 26377
12455 26376
12456 26375
12457 26374
12458 26373
12459 26238
12460 26237
12461 26236
12462 26235
12463 26234
12464 26233
12465 26232
12466 26231
12467 26230
12468 26271
12469 26270
12470 26269
12471 26268
12472 26267
12473 26266
12474 26265
12475 26264
12476 26263
12477 26262
12478 26261
12479 26260
12480 26229
12481 26228
12482 26227
12483 26226
12484 26225
12485 26224
12486 26223
12487 26222
12488 26221
12489 26220
12490 26219
12491 26218
12492 26217
12493 26216
12494 26215
12495 26214
12496 26213
12497 26212
12498 25975
12499 25974
12500 25973
12501 25972
12502 25971
12503 25970
12504 25969
12505 25968
12506 25967
12507 25966
12508 25965
12509 25964
12510 25963
12511 25962
12512 25961
12513 25960
12514 25959
12515 25958
12516 25957
12517 25956
12518 25955
12519 25954
12520 25953
12521 25952
12522 25951
12523 25950
12524 25949
12525 25948
12526 25947
12527 25946
12528 25945
12529 25944
12530 25943
12531 25942
12532 25941
12533 25814
12534 25813
12535 25812
12536 25811
12537 25810
12538 25809
12539 25808
12540 25807
12541 25806
12542 25805
12543 25804
12544 25803
12545 25802
12546 25801
12547 25800
12548 25799
12549 25798
12550 25797
12551 25796
12552 25795
12553 25794
12554 25793
12555 25792
12556 25791
12557 25790
12558 25789
12559 25788
12560 25787
12561 25786
12562 25785
12563 25784
12564 25783
12565 25520
12566 25519
12567 25518
12568 25517
12569 25516
12570 25515
12571 25514
12572 25513
12573 25512
12574 25511
12575 25112
12576 25111
12577 25110
12578 25109
12579 25108
12580 25107
12581 25106
12582 25105
12583 25104
12584 25103
12585 25298
12586 25297
12587 25296
12588 25295
12589 25294
12590 25293
12591 25292
12592 25291
12593 25290
12594 25289
12595 25288
12596 25287
12597 25286
12598 25285
12599 25284
12600 25283
12601 25282
12602 25281
12603 25280
12604 25279
12605 25236
12606 25235
12607 25234
12608 25233
12609 25232
12610 25231
12611 25230
12612 25229
12613 25228
12614 25227
12615 25226
12616 25225
12617 25224
12618 25223
12619 25222
12620 25221
12621 25220
12622 25219
12623 25218
12624 25217
12625 25216
12626 25082
12627 25081
12628 25080
12629 25079
12630 25078
12631 25077
12632 25076
12633 25075
12634 25074
12635 25073
12636 25072
12637 25071
12638 25070
12639 25069
12640 25068
12641 25067
12642 25066
12643 25065
12644 25064
12645 25063
12646 25062
12647 25061
12648 25060
12649 24644
12650 24643
12651 24642
12652 24641
12653 24640
12654 24639
12655 24638
12656 24637
12657 24636
12658 24635
12659 24634
12660 24633
12661 24632
12662 24631
12663 24630
12664 24629
12665 24628
12666 24627
12667 24626
12668 24035
12669 24034
12670 24033
12671 24032
12672 24031
12673 24030
12674 24029
12675 24028
12676 24027
12677 24026
12678 24025
12679 23907
12680 23906
12681 23905
12682 23904
12683 23903
12684 23902
12685 23901
12686 23900
12687 23899
12688 23898
12689 24098
12690 24097
12691 24096
12692 24095
12693 24094
12694 24093
12695 24092
12696 24091
12697 24090
12698 24089
12699 24088
12700 24087
12701 24086
12702 24085
12703 24084
12704 24083
12705 24082
12706 24081
12707 24080
12708 24079
12709 24078
12710 24138
12711 24137
12712 24136
12713 24135
12714 24134
12715 24133
12716 24132
12717 24131
12718 23873
12719 23872
12720 23871
12721 23870
12722 23869
12723 23868
12724 23867
12725 23866
12726 23865
12727 23864
12728 23863
12729 23862
12730 23685
12731 23684
12732 23683
12733 23682
12734 23681
12735 23680
12736 23679
12737 23678
12738 23677
12739 23676
12740 23675
12741 23674
12742 23673
12743 23672
12744 23671
12745 23670
12746 23669
12747 23668
12748 23667
12749 23666
12750 23665
12751 23664
12752 23663
12753 23502
12754 23501
12755 23500
12756 23499
12757 23498
12758 23497
12759 23496
12760 23495
12761 23494
12762 23493
12763 23484
12764 23483
12765 23482
12766 23481
12767 23480
12768 23479
12769 23478
12770 23477
12771 23476
12772 23475
12773 23474
12774 23076
12775 23075
12776 23074
12777 23073
12778 23072
12779 23071
12780 23070
12781 23069
12782 23068
12783 23067
12784 23066
12785 23065
12786 23064
12787 23063
12788 23062
12789 23061
12790 23060
12791 23059
12792 23058
12793 23057
12794 23200
12795 23199
12796 23198
12797 23197
12798 23196
12799 23195
12800 23194
12801 23193
12802 23192
12803 23191
12804 23190
12805 23189
12806 23188
12807 23187
12808 23186
12809 23185
12810 23184
12811 23183
12812 23182
12813 23181
12814 23180
12815 23179
12816 23178
12817 23177
12818 23176
12819 23175
12820 23174
12821 23173
12822 23172
12823 23171
12824 23170
12825 22318
12826 22317
12827 22316
12828 22315
12829 22314
12830 22313
12831 22312
12832 22311
12833 22310
12834 22309
12835 22308
12836 22307
12837 22306
12838 22305
12839 22304
12840 22303
12841 22302
12842 22301
12843 22300
12844 22299
12845 22298
12846 22860
12847 22859
12848 22858
12849 22857
12850 22856
12851 22855
12852 22854
12853 22853
12854 22852
12855 22851
12856 22850
12857 22849
12858 22848
12859 22244
12860 22243
12861 22242
12862 22241
12863 22240
12864 22239
12865 22238
12866 22237
12867 22236
12868 22235
12869 22632
12870 22631
12871 22630
12872 22629
12873 22628
12874 22627
12875 22626
12876 22625
12877 22624
12878 22234
12879 22233
12880 22232
12881 22231
12882 22230
12883 22229
12884 22228
12885 22227
12886 22226
12887 22225
12888 22224
12889 22223
12890 22222
12891 22221
12892 22220
12893 22219
12894 22218
12895 22217
12896 22216
12897 22215
12898 22214
12899 22213
12900 22212
12901 22125
12902 22124
12903 22123
12904 22122
12905 22121
12906 22120
12907 22119
12908 22118
12909 22076
12910 22075
12911 22074
12912 22073
12913 22072
12914 22071
12915 22070
12916 22069
12917 22068
12918 22067
12919 22066
12920 22065
12921 22064
12922 22063
12923 22062
12924 22061
12925 22060
12926 22059
12927 22058
12928 22057
12929 22056
12930 22055
12931 22054
12932 21689
12933 21688
12934 21687
12935 21686
12936 21685
12937 21684
12938 21683
12939 21682
12940 21681
12941 21680
12942 21679
12943 21667
12944 21666
12945 21665
12946 21664
12947 21663
12948 21662
12949 21661
12950 21660
12951 21659
12952 21642
12953 21641
12954 21640
12955 21639
12956 21638
12957 21637
12958 21636
12959 21635
12960 21634
12961 21633
12962 21632
12963 21631
12964 21630
12965 21629
12966 21628
12967 21627
12968 21626
12969 21625
12970 21624
12971 21623
12972 21622
12973 21621
12974 21620
12975 21619
12976 21618
12977 21617
12978 21616
12979 21615
12980 21614
12981 21613
12982 21612
12983 21611
12984 21610
12985 21609
12986 21608
12987 21607
12988 21606
12989 21605
12990 21604
12991 21603
12992 21602
12993 21080
12994 21079
12995 21078
12996 21077
12997 21076
12998 21075
12999 21074
13000 21073
13001 21072
13002 21071
13003 21070
13004 21069
13005 21068
13006 20829
13007 20828
13008 20827
13009 20826
13010 20825
13011 20824
13012 20823
13013 20822
13014 20821
13015 20820
13016 20811
13017 20810
13018 20809
13019 20808
13020 20807
13021 20806
13022 20805
13023 20804
13024 20803
13025 20802
13026 20680
13027 20679
13028 20678
13029 20677
13030 20676
13031 20675
13032 20674
13033 20673
13034 20672
13035 20524
13036 20523
13037 20522
13038 20521
13039 20520
13040 20519
13041 20518
13042 20517
13043 20516
13044 20515
13045 20514
13046 20513
13047 20512
13048 20511
13049 20510
13050 20509
13051 20508
13052 20507
13053 20506
13054 20505
13055 20504
13056 20421
13057 20420
13058 20419
13059 20418
13060 20417
13061 20416
13062 20415
13063 20414
13064 20413
13065 20412
13066 20411
13067 20410
13068 20409
13069 20113
13070 20112
13071 20111
13072 20110
13073 20109
13074 20108
13075 20107
13076 20106
13077 20063
13078 20062
13079 20061
13080 20060
13081 20059
13082 20058
13083 20057
13084 20056
13085 20055
13086 20054
13087 20053
13088 20052
13089 20051
13090 19924
13091 19923
13092 19922
13093 19921
13094 19920
13095 19919
13096 19918
13097 19917
13098 19899
13099 19898
13100 19897
13101 19896
13102 19895
13103 19894
13104 19893
13105 19892
13106 19891
13107 19890
13108 19889
13109 19888
13110 19887
13111 19886
13112 19885
13113 19884
13114 19883
13115 19882
13116 19881
13117 19880
13118 19879
13119 19878
13120 19877
13121 19876
13122 19875
13123 19874
13124 19873
13125 19872
13126 19871
13127 19870
13128 19869
13129 19868
13130 19794
13131 19793
13132 19792
13133 19791
13134 19790
13135 19789
13136 19788
13137 19787
13138 19786
13139 19785
13140 19784
13141 19783
13142 19393
13143 19392
13144 19391
13145 19390
13146 19389
13147 19388
13148 19387
13149 19386
13150 19385
13151 19384
13152 19372
13153 19371
13154 19370
13155 19369
13156 19368
13157 19367
13158 19366
13159 19365
13160 19364
13161 19347
13162 19346
13163 19345
13164 19344
13165 19343
13166 19342
13167 19341
13168 19340
13169 19339
13170 19338
13171 19337
13172 19336
13173 19335
13174 19334
13175 19333
13176 19332
13177 19331
13178 19330
13179 19329
13180 19328
13181 19327
13182 19326
13183 19325
13184 19324
13185 19323
13186 19322
13187 19321
13188 19320
13189 19319
13190 19318
13191 19317
13192 19316
13193 19104
13194 19103
13195 19102
13196 19101
13197 19100
13198 19099
13199 19098
13200 19097
13201 19096
13202 19095
13203 19094
13204 18448
13205 18447
13206 18446
13207 18445
13208 18444
13209 18443
13210 18442
13211 18441
13212 18440
13213 18997
13214 18996
13215 18995
13216 18994
13217 18993
13218 18992
13219 18991
13220 18990
13221 18989
13222 18988
13223 18896
13224 18895
13225 18894
13226 18893
13227 18892
13228 18891
13229 18890
13230 18889
13231 18888
13232 18887
13233 18886
13234 18885
13235 18884
13236 18883
13237 18428
13238 18427
13239 18426
13240 18425
13241 18424
13242 18423
13243 18422
13244 18421
13245 18420
13246 18403
13247 18402
13248 18401
13249 18400
13250 18399
13251 18398
13252 18397
13253 18396
13254 18395
13255 18394
13256 18393
13257 18392
13258 18391
13259 18390
13260 18389
13261 18388
13262 18387
13263 18386
13264 18385
13265 18384
13266 15441
13267 15440
13268 15439
13269 15438
13270 15437
13271 15436
13272 15435
13273 15434
13274 15433
13275 15432
13276 15431
13277 18202
13278 18201
13279 18200
13280 18199
13281 18198
13282 18197
13283 18196
13284 18195
13285 18194
13286 18193
13287 18192
13288 18191
13289 18190
13290 18189
13291 18188
13292 18187
13293 18186
13294 18185
13295 18184
13296 18183
13297 18182
13298 14093
13299 14092
13300 14091
13301 14090
13302 14089
13303 14088
13304 14087
13305 14086
13306 14085
13307 14084
13308 15417
13309 15416
13310 15415
13311 15414
13312 15413
13313 15412
13314 15411
13315 15410
13316 15409
13317 15408
13318 15407
13319 15406
13320 15405
