t = 0
b = 216 216 216
E = 0 0 0
-1.8569755554199219 1.4195470809936523 71.73095703125 -0.9690749813668661 -0.2467664492770599 0 0 0 -1 0 0 0 0 0 0
-1.9173164367675781 0.974085807800293 71.34120178222656 -0.868507459013595 0.4956760975049621 0 0 0 -1 0 0 0 0 0 0
-2.232809066772461 0.707819938659668 70.895751953125 -0.3426806725138526 0.9394519448516 0 0 0 -1 0 0 0 0 0 0
-2.645641326904297 0.7084112167358398 70.4503173828125 0.3453673746344141 0.9384675681866328 0 0 0 -1 0 0 0 0 0 0
-2.9603729248046875 0.9755735397338867 70.00486755371094 0.8699186983068643 0.4931951523850279 0 0 0 -1 0 0 0 0 0 0
-3.0279998779296875 1.3828306198120117 69.55943298339844 0.9826324448921289 -0.18556259926320684 0 0 0 -1 0 0 0 0 0 0
-2.816509246826172 1.7373762130737305 69.11398315429688 0.6301507030240985 -0.776472853020783 0 0 0 -1 0 0 0 0 0 0
-2.426023483276367 1.871363639831543 68.66854858398438 -0.020661058342499396 -0.9997865375509754 0 0 0 -1 0 0 0 0 0 0
-2.0414066314697266 1.721358299255371 68.22309875488281 -0.6616910259238478 -0.7497766242100681 0 0 0 -1 0 0 0 0 0 0
-1.852804183959961 1.4020795822143555 67.83332824707031 -0.9760268154889394 -0.2176503054133395 0 0 0 -1 0 0 0 0 0 0
-1.8918285369873047 1.024031639099121 67.39485168457031 -0.910986951386852 0.41243517600089513 0 0 0 -1 0 0 0 0 0 0
-2.1501598358154297 0.7452726364135742 66.95637512207031 -0.48043257935840283 0.87703166230817 0 0 0 -1 0 0 0 0 0 0
-2.524150848388672 0.6776456832885742 66.51788330078125 0.14288199819627959 0.9897397307330037 0 0 0 -1 0 0 0 0 0 0
-2.8637447357177734 0.8482885360717773 66.07940673828125 0.7088716754114311 0.7053374708601482 0 0 0 -1 0 0 0 0 0 0
-3.032686233520508 1.1887311935424805 65.64091491699219 0.9904412877776776 0.13793496824698132 0 0 0 -1 0 0 0 0 0 0
-2.9631900787353516 1.5623807907104492 65.20243835449219 0.8746165226976915 -0.48481536508674977 0 0 0 -1 0 0 0 0 0 0
-2.6831417083740234 1.8193159103393555 64.76394653320312 0.407866334333583 -0.9130416492785454 0 0 0 -1 0 0 0 0 0 0
-2.3049049377441406 1.8564481735229492 64.32546997070312 -0.22252395500626454 -0.9749272226419622 0 0 0 -1 0 0 0 0 0 0
-2.041410446166992 1.721358299255371 63.935699462890625 -0.6616847185501903 -0.7497821905307938 0 0 0 -1 0 0 0 0 0 0
-1.845123291015625 1.360915184020996 63.50263977050781 -0.9888308059420055 -0.14904240074584124 0 0 0 -1 0 0 0 0 0 0
-1.9264469146728516 0.9586286544799805 63.06956481933594 -0.8532909857609862 0.5214350329801827 0 0 0 -1 0 0 0 0 0 0
-2.2473316192626953 0.7027349472045898 62.63648986816406 -0.3184820295907159 0.9479288986141198 0 0 0 -1 0 0 0 0 0 0
-2.6576271057128906 0.7129659652709961 62.20343017578125 0.3653406309433425 0.9308739030512782 0 0 0 -1 0 0 0 0 0 0
-2.9653549194335938 0.9845418930053711 61.770355224609375 0.8782229544888918 0.4782514424534462 0 0 0 -1 0 0 0 0 0 0
-3.0265235900878906 1.3903799057006836 61.3372802734375 0.9801714162371018 -0.19815144408192917 0 0 0 -1 0 0 0 0 0 0
-2.8125133514404297 1.7405920028686523 60.90422058105469 0.6234888716817405 -0.7818322242585235 0 0 0 -1 0 0 0 0 0 0
-2.4234580993652344 1.871302604675293 60.47114562988281 -0.02494145357339006 -0.9996889135594366 0 0 0 -1 0 0 0 0 0 0
-2.0414066314697266 1.721358299255371 60.03807067871094 -0.6616910259238478 -0.7497766242100681 0 0 0 -1 0 0 0 0 0 0
-1.852804183959961 1.4020795822143555 59.6483154296875 -0.9760268154889394 -0.2176503054133395 0 0 0 -1 0 0 0 0 0 0
-1.9101295471191406 0.9870443344116211 59.1788330078125 -0.8804844293411648 0.4740750675660586 0 0 0 -1 0 0 0 0 0 0
-2.225055694580078 0.7107114791870117 58.70933532714844 -0.35560851724517045 0.9346349995921891 0 0 0 -1 0 0 0 0 0 0
-2.6440200805664062 0.7078161239624023 58.23985290527344 0.34266581924390915 0.9394573626950296 0 0 0 -1 0 0 0 0 0 0
-2.9627323150634766 0.9797773361206055 57.77037048339844 0.8738557093454493 0.48618535482299474 0 0 0 -1 0 0 0 0 0 0
-3.025785446166992 1.3939809799194336 57.300872802734375 0.9789389558069903 -0.2041531797536331 0 0 0 -1 0 0 0 0 0 0
-2.8024330139160156 1.7484540939331055 56.831390380859375 0.6066891790433141 -0.794939142344714 0 0 0 -1 0 0 0 0 0 0
-2.4015846252441406 1.8703603744506836 56.361907958984375 -0.06139406758582866 -0.9981136049895657 0 0 0 -1 0 0 0 0 0 0
-2.018697738647461 1.7002477645874023 55.892417907714844 -0.699541136222566 -0.7145923304461375 0 0 0 -1 0 0 0 0 0 0
-1.8404731750488281 1.321070671081543 55.42292785644531 -0.9965800285117564 -0.0826332062279236 0 0 0 -1 0 0 0 0 0 0
-1.9538135528564453 0.9177160263061523 54.95344543457031 -0.8076756367125187 0.5896270565883382 0 0 0 -1 0 0 0 0 0 0
-2.3034534454345703 0.6868696212768555 54.48395538330078 -0.22495087123447177 0.9743701070593515 0 0 0 -1 0 0 0 0 0 0
-2.7189064025878906 0.7410879135131836 54.01447296142578 0.4674770720513917 0.8840051963117964 0 0 0 -1 0 0 0 0 0 0
-2.997591018676758 1.0539350509643555 53.54498291015625 0.9319465461389986 0.3625956910107888 0 0 0 -1 0 0 0 0 0 0
-3.0036182403564453 1.4728689193725586 53.07549285888672 0.9419916823247223 -0.33563621740068444 0 0 0 -1 0 0 0 0 0 0
-2.734050750732422 1.793604850769043 52.60601043701172 0.4927186990910207 -0.8701886482631525 0 0 0 -1 0 0 0 0 0 0
-2.320331573486328 1.859755516052246 52.13652038574219 -0.19681515599821256 -0.9804406123623192 0 0 0 -1 0 0 0 0 0 0
-1.964193344116211 1.6390600204467773 51.66703796386719 -0.7903784497838833 -0.6126188914139241 0 0 0 -1 0 0 0 0 0 0
-1.83929443359375 1.2391347885131836 51.197547912597656 -0.998544544122361 0.053933230975586124 0 0 0 -1 0 0 0 0 0 0
-2.0065364837646484 0.8549871444702148 50.728057861328125 -0.7198063527286886 0.6941749164089859 0 0 0 -1 0 0 0 0 0 0
-2.384368896484375 0.6739301681518555 50.258575439453125 -0.09008810084287602 0.9959338000522544 0 0 0 -1 0 0 0 0 0 0
-2.7885589599609375 0.7842512130737305 49.789085388183594 0.583562760348077 0.8120680419367166 0 0 0 -1 0 0 0 0 0 0
-3.0220184326171875 1.1321516036987305 49.319602966308594 0.9726595749074598 0.23223555141459196 0 0 0 -1 0 0 0 0 0 0
-2.9709091186523438 1.547999382019043 48.85011291503906 0.8874784279158758 -0.46084925950246014 0 0 0 -1 0 0 0 0 0 0
-2.660154342651367 1.8290166854858398 48.38062286376953 0.36955610325808147 -0.9292084193251275 0 0 0 -1 0 0 0 0 0 0
-2.2412796020507812 1.838179588317871 47.91114044189453 -0.3285671869982621 -0.9444805999214855 0 0 0 -1 0 0 0 0 0 0
-1.9185333251953125 1.5710172653198242 47.441650390625 -0.8664812124731163 -0.49920968383147196 0 0 0 -1 0 0 0 0 0 0
-1.8492908477783203 1.1578054428100586 46.97216796875 -0.9818847632545294 0.18947905342965118 0 0 0 -1 0 0 0 0 0 0
-2.0673141479492188 0.8000249862670898 46.50267791748047 -0.6185061061296755 0.785779992542637 0 0 0 -1 0 0 0 0 0 0
-2.4662933349609375 0.6721372604370117 46.03318786621094 0.04645502055148222 0.9989203827460733 0 0 0 -1 0 0 0 0 0 0
-2.8516807556152344 0.8365011215209961 45.56370544433594 0.6887662691671507 0.7249834663339323 0 0 0 -1 0 0 0 0 0 0
-3.0355606079101562 1.2129697799682617 45.094215393066406 0.9952323055740555 0.09753285570386076 0 0 0 -1 0 0 0 0 0 0
-2.9282684326171875 1.6179723739624023 44.624725341796875 0.8164137043018199 -0.5774674565966299 0 0 0 -1 0 0 0 0 0 0
-2.582120895385742 1.854029655456543 44.155242919921875 0.23950116271607788 -0.9708960773726746 0 0 0 -1 0 0 0 0 0 0
-2.165904998779297 1.8060331344604492 43.685752868652344 -0.45419652727192944 -0.8909015179098748 0 0 0 -1 0 0 0 0 0 0
-1.8825702667236328 1.497389793395996 43.216270446777344 -0.9264167480555883 -0.37649967984330207 0 0 0 -1 0 0 0 0 0 0
-1.8702735900878906 1.0785932540893555 42.74678039550781 -0.9469099474968832 0.32149891342188086 0 0 0 -1 0 0 0 0 0 0
-2.1350135803222656 0.7538595199584961 42.27729034423828 -0.5056801952759322 0.8627210094263933 0 0 0 -1 0 0 0 0 0 0
-2.547697067260742 0.6815252304077148 41.80780792236328 0.18212983853817072 0.9832744896080949 0 0 0 -1 0 0 0 0 0 0
-2.9070968627929688 0.8968648910522461 41.33831787109375 0.7811248807387352 0.6243748238765691 0 0 0 -1 0 0 0 0 0 0
-3.037965774536133 1.2948789596557617 40.86883544921875 0.9992401036227354 -0.03897711266917111 0 0 0 -1 0 0 0 0 0 0
-2.8764896392822266 1.6814870834350586 40.39934539794922 0.7301128606569453 -0.6833265769039955 0 0 0 -1 0 0 0 0 0 0
-2.5014095306396484 1.8681745529174805 39.92985534667969 0.10498322522383931 -0.9944739928331966 0 0 0 -1 0 0 0 0 0 0
-2.095613479614258 1.7639150619506836 39.46037292480469 -0.5713460117208924 -0.8207092876839093 0 0 0 -1 0 0 0 0 0 0
-1.8569755554199219 1.4195470809936523 38.990882873535156 -0.9690749813668661 -0.2467664492770599 0 0 0 -1 0 0 0 0 0 0
-1.9173164367675781 0.974085807800293 38.60111999511719 -0.868507459013595 0.4956760975049621 0 0 0 -1 0 0 0 0 0 0
-2.3000526428222656 0.6876630783081055 38.08143615722656 -0.23061399484300252 0.9730453151742479 0 0 0 -1 0 0 0 0 0 0
-2.7706241607666016 0.7718496322631836 37.56175231933594 0.5536692853928376 0.8327366464931061 0 0 0 -1 0 0 0 0 0 0
-3.030315399169922 1.173201560974121 37.04206848144531 0.9864904849295171 0.1638185677617956 0 0 0 -1 0 0 0 0 0 0
-2.9142799377441406 1.636946678161621 36.52238464355469 0.7930975627712782 -0.6090946198467513 0 0 0 -1 0 0 0 0 0 0
-2.496173858642578 1.8687047958374023 36.00270080566406 0.09625391526505661 -0.9953568123020745 0 0 0 -1 0 0 0 0 0 0
-2.0414066314697266 1.721358299255371 35.48301696777344 -0.6616910259238478 -0.7497766242100681 0 0 0 -1 0 0 0 0 0 0
-1.852804183959961 1.4020795822143555 35.09325408935547 -0.9760268154889394 -0.2176503054133395 0 0 0 -1 0 0 0 0 0 0
-1.9121417999267578 0.9833402633666992 34.620819091796875 -0.8771329531321083 0.48024762626143874 0 0 0 -1 0 0 0 0 0 0
-2.2329578399658203 0.7077665328979492 34.14837646484375 -0.3424375286732968 0.9395405999509149 0 0 0 -1 0 0 0 0 0 0
-2.6558570861816406 0.712275505065918 33.675933837890625 0.3623937419270065 0.9320250939819926 0 0 0 -1 0 0 0 0 0 0
-2.970724105834961 0.9946279525756836 33.20349884033203 0.8871740874707079 0.46143486920747173 0 0 0 -1 0 0 0 0 0 0
-3.021120071411133 1.414534568786621 32.731056213378906 0.971165276958908 -0.2384072247842493 0 0 0 -1 0 0 0 0 0 0
-2.7820053100585938 1.7633733749389648 32.25861358642578 0.5726405274715662 -0.8198065785885635 0 0 0 -1 0 0 0 0 0 0
-2.3721847534179688 1.867823600769043 31.786178588867188 -0.11039643017604779 -0.9938876335906314 0 0 0 -1 0 0 0 0 0 0
-1.9952716827392578 1.675990104675293 31.313735961914062 -0.7385790032705473 -0.6741669347631081 0 0 0 -1 0 0 0 0 0 0
-1.8385353088378906 1.2831830978393555 30.841293334960938 -0.9998100787661696 -0.01948862225981727 0 0 0 -1 0 0 0 0 0 0
-1.979848861694336 0.8845663070678711 30.368858337402344 -0.7642873360998126 0.6448758546243237 0 0 0 -1 0 0 0 0 0 0
-2.349000930786133 0.6781911849975586 29.89641571044922 -0.14903060355185208 0.9888325840125671 0 0 0 -1 0 0 0 0 0 0
-2.7625808715820312 0.7665929794311523 29.423980712890625 0.5402647256471493 0.8414951136051895 0 0 0 -1 0 0 0 0 0 0
-3.015104293823242 1.1058530807495117 28.9515380859375 0.9611398473792141 0.27606193830345604 0 0 0 -1 0 0 0 0 0 0
-2.981107711791992 1.5274038314819336 28.479095458984375 0.9044789620549238 -0.4265182378281701 0 0 0 -1 0 0 0 0 0 0
-2.677478790283203 1.8218107223510742 28.00666046142578 0.3984284472385552 -0.9171994180280936 0 0 0 -1 0 0 0 0 0 0
-2.255077362060547 1.8427915573120117 27.534217834472656 -0.30557333225215827 -0.9521685452777318 0 0 0 -1 0 0 0 0 0 0
-1.9237689971923828 1.5799283981323242 27.06177520751953 -0.8577516952472091 -0.5140642268243716 0 0 0 -1 0 0 0 0 0 0
-1.8481616973876953 1.1638174057006836 26.589340209960938 -0.9837654445703056 0.17945904844668276 0 0 0 -1 0 0 0 0 0 0
-2.0658206939697266 0.801203727722168 26.116897583007812 -0.6210006234905401 0.7838100698666485 0 0 0 -1 0 0 0 0 0 0
-2.4686050415039062 0.6722517013549805 25.64446258544922 0.05030917894125167 0.9987336914885054 0 0 0 -1 0 0 0 0 0 0
-2.8563919067382812 0.8410253524780273 25.172019958496094 0.6966182655070886 0.717441978254615 0 0 0 -1 0 0 0 0 0 0
-3.0365123748779297 1.2236738204956055 24.69957733154297 0.996819415459837 0.07969349385181267 0 0 0 -1 0 0 0 0 0 0
-2.919475555419922 1.630080223083496 24.227142333984375 0.8017575934975332 -0.597649363146188 0 0 0 -1 0 0 0 0 0 0
-2.5634307861328125 1.8583250045776367 23.75469970703125 0.20834971914734485 -0.9780543924195743 0 0 0 -1 0 0 0 0 0 0
-2.145275115966797 1.7950048446655273 23.282257080078125 -0.4885775743986733 -0.8725204603874394 0 0 0 -1 0 0 0 0 0 0
-1.8727664947509766 1.4715795516967773 22.80982208251953 -0.9427562481022528 -0.3334826182339398 0 0 0 -1 0 0 0 0 0 0
-1.8813018798828125 1.0487432479858398 22.337379455566406 -0.9285331656552102 0.37124945828689626 0 0 0 -1 0 0 0 0 0 0
-2.166637420654297 0.7365751266479492 21.86493682861328 -0.4529712033265888 0.8915251476861783 0 0 0 -1 0 0 0 0 0 0
-2.587007522583008 0.690180778503418 21.392501831054688 0.2476457774807377 0.9688506432345291 0 0 0 -1 0 0 0 0 0 0
-2.933553695678711 0.9326047897338867 20.920059204101562 0.8252202881892091 0.5648110090649071 0 0 0 -1 0 0 0 0 0 0
-3.0340957641601562 1.3434019088745117 20.44762420654297 0.992792149379357 -0.11984885535839129 0 0 0 -1 0 0 0 0 0 0
-2.838682174682617 1.718470573425293 19.975181579589844 0.6671017742865972 -0.7449665916963484 0 0 0 -1 0 0 0 0 0 0
-2.4444007873535156 1.8714628219604492 19.50273895263672 0.00996864911101473 -0.9999503117829912 0 0 0 -1 0 0 0 0 0 0
-2.0414066314697266 1.721358299255371 19.11297607421875 -0.6616910259238478 -0.7497766242100681 0 0 0 -1 0 0 0 0 0 0
-1.8451213836669922 1.3609113693237305 18.65825653076172 -0.9888324594166458 -0.14903143025559298 0 0 0 -1 0 0 0 0 0 0
-1.9264488220214844 0.9586248397827148 18.203529357910156 -0.8532844683741535 0.521445698065904 0 0 0 -1 0 0 0 0 0 0
-2.247333526611328 0.7027349472045898 17.748809814453125 -0.3184820295907159 0.9479288986141198 0 0 0 -1 0 0 0 0 0 0
-2.6576309204101562 0.7129697799682617 17.294082641601562 0.36535416878692173 0.9308685897322013 0 0 0 -1 0 0 0 0 0 0
-2.9653568267822266 0.9845418930053711 16.83936309814453 0.8782242375905907 0.47824908625989637 0 0 0 -1 0 0 0 0 0 0
-3.0265235900878906 1.3903837203979492 16.38463592529297 0.9801714162371018 -0.19815144408192917 0 0 0 -1 0 0 0 0 0 0
-2.812511444091797 1.7405920028686523 15.929917335510254 0.6234854425836356 -0.7818349588540333 0 0 0 -1 0 0 0 0 0 0
-2.4234580993652344 1.871302604675293 15.475190162658691 -0.02494145357339006 -0.9996889135594366 0 0 0 -1 0 0 0 0 0 0
-2.0414066314697266 1.721358299255371 15.02047061920166 -0.6616910259238478 -0.7497766242100681 0 0 0 -1 0 0 0 0 0 0
-1.8451213836669922 1.3609113693237305 14.565743446350098 -0.9888324594166458 -0.14903143025559298 0 0 0 -1 0 0 0 0 0 0
-1.9264488220214844 0.9586248397827148 14.111023902893066 -0.8532844683741535 0.521445698065904 0 0 0 -1 0 0 0 0 0 0
-2.247333526611328 0.7027349472045898 13.656296730041504 -0.3184820295907159 0.9479288986141198 0 0 0 -1 0 0 0 0 0 0
-2.6576309204101562 0.7129697799682617 13.201577186584473 0.36535416878692173 0.9308685897322013 0 0 0 -1 0 0 0 0 0 0
-2.9653568267822266 0.9845418930053711 12.74685001373291 0.8782242375905907 0.47824908625989637 0 0 0 -1 0 0 0 0 0 0
-3.0265235900878906 1.3903837203979492 12.292130470275879 0.9801714162371018 -0.19815144408192917 0 0 0 -1 0 0 0 0 0 0
-2.812511444091797 1.7405920028686523 11.837403297424316 0.6234854425836356 -0.7818349588540333 0 0 0 -1 0 0 0 0 0 0
-2.4234580993652344 1.871302604675293 11.382683753967285 -0.02494145357339006 -0.9996889135594366 0 0 0 -1 0 0 0 0 0 0
-2.0414066314697266 1.721358299255371 10.927956581115723 -0.6616910259238478 -0.7497766242100681 0 0 0 -1 0 0 0 0 0 0
-1.852804183959961 1.4020795822143555 10.538193702697754 -0.9760268154889394 -0.2176503054133395 0 0 0 -1 0 0 0 0 0 0
-1.9067134857177734 0.9934873580932617 10.08065128326416 -0.886181000383704 0.4633392219086761 0 0 0 -1 0 0 0 0 0 0
-2.2114925384521484 0.716059684753418 9.623101234436035 -0.37821690323806795 0.9257170054098638 0 0 0 -1 0 0 0 0 0 0
-2.623342514038086 0.7006978988647461 9.16555118560791 0.30820561394029783 0.9513197672369077 0 0 0 -1 0 0 0 0 0 0
-2.9479408264160156 0.9546499252319336 8.708008766174316 0.8492012904616171 0.5280692835966926 0 0 0 -1 0 0 0 0 0 0
-3.0321388244628906 1.3580923080444336 8.250458717346191 0.9895279237186767 -0.14434156775165144 0 0 0 -1 0 0 0 0 0 0
-2.8362064361572266 1.7206754684448242 7.792908668518066 0.6629712916886445 -0.7486448199224319 0 0 0 -1 0 0 0 0 0 0
-2.4525928497314453 1.8713254928588867 7.335366249084473 0.023617225314904598 -0.999721074434477 0 0 0 -1 0 0 0 0 0 0
-2.0622901916503906 1.7389593124389648 6.877816200256348 -0.6268811099362968 -0.7791149299076721 0 0 0 -1 0 0 0 0 0 0
-1.8494548797607422 1.386031150817871 6.420266151428223 -0.9816089659557112 -0.19090269237325894 0 0 0 -1 0 0 0 0 0 0
-1.9145069122314453 0.9790639877319336 5.962716102600098 -0.8731931493067749 0.4873743161100268 0 0 0 -1 0 0 0 0 0 0
-2.2267513275146484 0.7100667953491211 5.505173683166504 -0.35278400703013524 0.9357047848460333 0 0 0 -1 0 0 0 0 0 0
-2.638866424560547 0.7059621810913086 5.047623634338379 0.33407310227596837 0.9425471671676227 0 0 0 -1 0 0 0 0 0 0
-2.9564075469970703 0.9686880111694336 4.590073585510254 0.8633105566752273 0.5046730453799859 0 0 0 -1 0 0 0 0 0 0
-3.029550552368164 1.374281883239746 4.13253116607666 0.9852145544706927 -0.1713250759787211 0 0 0 -1 0 0 0 0 0 0
-2.8237876892089844 1.7313756942749023 3.674980878829956 0.6422766069468971 -0.7664729350530135 0 0 0 -1 0 0 0 0 0 0
-2.436199188232422 1.871485710144043 3.217430830001831 -0.003702514788513685 -0.9999931456686294 0 0 0 -1 0 0 0 0 0 0
-2.0496597290039062 1.7285070419311523 2.7598884105682373 -0.647937252137137 -0.7616937161963306 0 0 0 -1 0 0 0 0 0 0
-1.8465461730957031 1.369898796081543 2.3023383617401123 -0.9864587393253906 -0.1640096204756325 0 0 0 -1 0 0 0 0 0 0
-1.9226913452148438 0.9648580551147461 1.8447883129119873 -0.8595481427974889 0.5110547820081401 0 0 0 -1 0 0 0 0 0 0
-2.2421703338623047 0.704493522644043 1.3872458934783936 -0.3270805063510811 0.9449964774352974 0 0 0 -1 0 0 0 0 0 0
-2.6542434692382812 0.7116498947143555 0.9296958446502686 0.35970072839374156 0.9330677285133226 0 0 0 -1 0 0 0 0 0 0
-2.964487075805664 0.9829511642456055 0.47214579582214355 0.8767757849811699 0.48089938955113387 0 0 0 -1 0 0 0 0 0 0
-3.026521682739258 1.3903913497924805 0.014595753513276577 0.9801692370622764 -0.19816222323327695 0 0 0 -1 0 0 0 0 0 0
-2.8573532104492188 1.7010221481323242 -0.3751671314239502 0.6982189022252391 -0.7158843234597206 0 0 0 -1 0 0 0 0 0 0
-2.4812583923339844 1.869959831237793 -0.851538896560669 0.07139694974787766 -0.9974479813838409 0 0 0 -1 0 0 0 0 0 0
-2.0849342346191406 1.7563085556030273 -1.327918291091919 -0.5891439251517137 -0.8080281155113552 0 0 0 -1 0 0 0 0 0 0
-1.8555240631103516 1.4137296676635742 -1.804297685623169 -0.9714948825956785 -0.23706052621727008 0 0 0 -1 0 0 0 0 0 0
-1.9013538360595703 1.0039854049682617 -2.2806694507598877 -0.8951094238421666 0.44584651994710506 0 0 0 -1 0 0 0 0 0 0
-2.2007808685302734 0.7205572128295898 -2.7570488452911377 -0.39606718439265876 0.9182215339705728 0 0 0 -1 0 0 0 0 0 0
-2.6124210357666016 0.6972761154174805 -3.2334282398223877 0.29000350279681514 0.9570255839660599 0 0 0 -1 0 0 0 0 0 0
-2.9418983459472656 0.9451322555541992 -3.7098000049591064 0.8391290412025572 0.5439323967281936 0 0 0 -1 0 0 0 0 0 0
-3.033639907836914 1.347090721130371 -4.186179161071777 0.9920306576388512 -0.12599672338846063 0 0 0 -1 0 0 0 0 0 0
-2.8443241119384766 1.7133550643920898 -4.662558555603027 0.6765066609095607 -0.7364365130444013 0 0 0 -1 0 0 0 0 0 0
-2.4444007873535156 1.8714628219604492 -5.052321434020996 0.00996864911101473 -0.9999503117829912 0 0 0 -1 0 0 0 0 0 0
-2.0557327270507812 1.733607292175293 -5.520033836364746 -0.6378119953632335 -0.7701920919944393 0 0 0 -1 0 0 0 0 0 0
-1.8478507995605469 1.3774442672729492 -5.987746238708496 -0.984284960691896 -0.17658741788630483 0 0 0 -1 0 0 0 0 0 0
-1.9189567565917969 0.9712285995483398 -6.455466270446777 -0.8657703407362976 0.5004415221595379 0 0 0 -1 0 0 0 0 0 0
-2.235462188720703 0.7068586349487305 -6.923178672790527 -0.3382675036692385 0.941049996525892 0 0 0 -1 0 0 0 0 0 0
-2.647846221923828 0.7092275619506836 -7.390898704528809 0.3490409253164041 0.9371074818046584 0 0 0 -1 0 0 0 0 0 0
-2.9612979888916016 0.9772100448608398 -7.858611106872559 0.8714594041343046 0.49046764107928964 0 0 0 -1 0 0 0 0 0 0
-3.0277366638183594 1.3842153549194336 -8.326327323913574 0.9821930276012092 -0.18787457659718243 0 0 0 -1 0 0 0 0 0 0
-2.8157806396484375 1.7379674911499023 -8.794039726257324 0.6289328839483438 -0.7774595986213169 0 0 0 -1 0 0 0 0 0 0
-2.425556182861328 1.871352195739746 -9.26175594329834 -0.02144095583132049 -0.9997701162832581 0 0 0 -1 0 0 0 0 0 0
-2.041410446166992 1.721358299255371 -9.729472160339355 -0.6616847185501903 -0.7497821905307938 0 0 0 -1 0 0 0 0 0 0
-1.8569755554199219 1.4195470809936523 -10.119235038757324 -0.9690749813668661 -0.2467664492770599 0 0 0 -1 0 0 0 0 0 0
-1.9002742767333984 1.0061635971069336 -10.564677238464355 -0.8969107394833971 0.4422116296518509 0 0 0 -1 0 0 0 0 0 0
-2.201822280883789 0.7201108932495117 -11.010123252868652 -0.39433158124077883 0.9189682279796986 0 0 0 -1 0 0 0 0 0 0
-2.6169090270996094 0.6986532211303711 -11.455565452575684 0.29747889025876517 0.9547283958542417 0 0 0 -1 0 0 0 0 0 0
-2.9463424682617188 0.9520940780639648 -11.901007652282715 0.8465355759416331 0.532332150696506 0 0 0 -1 0 0 0 0 0 0
-3.032033920288086 1.3588056564331055 -12.346449851989746 0.9893553349512494 -0.1455198309630041 0 0 0 -1 0 0 0 0 0 0
-2.8328590393066406 1.723616600036621 -12.791895866394043 0.6573997947095371 -0.7535419762135739 0 0 0 -1 0 0 0 0 0 0
-2.4444007873535156 1.8714628219604492 -13.237338066101074 0.00996864911101473 -0.9999503117829912 0 0 0 -1 0 0 0 0 0 0
-2.0414066314697266 1.721358299255371 -13.627100944519043 -0.6616910259238478 -0.7497766242100681 0 0 0 -1 0 0 0 0 0 0
-1.8423633575439453 1.3401517868041992 -14.103476524353027 -0.9934313480561899 -0.11442970199760662 0 0 0 -1 0 0 0 0 0 0
-1.9495201110839844 0.9236745834350586 -14.579855918884277 -0.8148323721820353 0.5796966493298001 0 0 0 -1 0 0 0 0 0 0
-2.307830810546875 0.6858739852905273 -15.056231498718262 -0.21765149713077014 0.976026549739675 0 0 0 -1 0 0 0 0 0 0
-2.7332286834716797 0.7489118576049805 -15.532607078552246 0.49134541127502496 0.8709648022847862 0 0 0 -1 0 0 0 0 0 0
-3.0071792602539062 1.0804014205932617 -16.008987426757812 0.9479288986141198 0.3184820295907159 0 0 0 -1 0 0 0 0 0 0
-2.98895263671875 1.5100584030151367 -16.485363006591797 0.9175524189027364 -0.3976148369537246 0 0 0 -1 0 0 0 0 0 0
-2.6879138946533203 1.8171606063842773 -16.96173858642578 0.4158192859620824 -0.9094472614846801 0 0 0 -1 0 0 0 0 0 0
-2.258707046508789 1.8439435958862305 -17.43811798095703 -0.2995211237755411 -0.954089668957922 0 0 0 -1 0 0 0 0 0 0
-1.9218215942382812 1.576655387878418 -17.914493560791016 -0.8609971024462711 -0.5086098598917692 0 0 0 -1 0 0 0 0 0 0
-1.8503189086914062 1.1525983810424805 -18.390869140625 -0.9801714162371018 0.19815144408192917 0 0 0 -1 0 0 0 0 0 0
-2.080930709838867 0.7896184921264648 -18.867244720458984 -0.5958180951102251 0.8031194167365293 0 0 0 -1 0 0 0 0 0 0
-2.495187759399414 0.6741819381713867 -19.343624114990234 0.094610274807133 0.995514387591118 0 0 0 -1 0 0 0 0 0 0
-2.8802852630615234 0.8655881881713867 -19.81999969482422 0.7364393078914102 0.6765036184621784 0 0 0 -1 0 0 0 0 0 0
-3.03839111328125 1.2655134201049805 -20.296375274658203 0.999950367129957 0.009963095736990411 0 0 0 -1 0 0 0 0 0 0
-2.888286590576172 1.6685056686401367 -20.772754669189453 0.7497741680132483 -0.6616938090839611 0 0 0 -1 0 0 0 0 0 0
-2.507081985473633 1.867548942565918 -21.249130249023438 0.11443587613542541 -0.9934306368605297 0 0 0 -1 0 0 0 0 0 0
-2.090604782104492 1.760390281677246 -21.725505828857422 -0.5796955745001618 -0.8148331368476172 0 0 0 -1 0 0 0 0 0 0
-1.852804183959961 1.4020795822143555 -22.201885223388672 -0.9760268154889394 -0.2176503054133395 0 0 0 -1 0 0 0 0 0 0
-1.8746051788330078 1.066279411315918 -22.59164810180664 -0.93969248736894 0.3420205098855549 0 0 0 -1 0 0 0 0 0 0
-2.1432456970214844 0.7491178512573242 -23.064929962158203 -0.49195743427209854 0.8706192525234059 0 0 0 -1 0 0 0 0 0 0
-2.553537368774414 0.6826391220092773 -23.53821563720703 0.1918626685111235 0.9814217831451424 0 0 0 -1 0 0 0 0 0 0
-2.9085845947265625 0.898737907409668 -24.011497497558594 0.7836065391367516 0.6212574279814468 0 0 0 -1 0 0 0 0 0 0
-3.0380096435546875 1.2937116622924805 -24.484779357910156 0.9993139266712687 -0.03703614397922776 0 0 0 -1 0 0 0 0 0 0
-2.879701614379883 1.6780271530151367 -24.958065032958984 0.7354689607474778 -0.6775584165051934 0 0 0 -1 0 0 0 0 0 0
-2.509632110595703 1.8672513961791992 -25.431346893310547 0.11868752763976205 -0.9929316546383044 0 0 0 -1 0 0 0 0 0 0
-2.105388641357422 1.7705793380737305 -25.904632568359375 -0.5550535655753353 -0.8318146063529462 0 0 0 -1 0 0 0 0 0 0
-1.8609619140625 1.4344053268432617 -26.377914428710938 -0.9624306199581093 -0.27152771822973987 0 0 0 -1 0 0 0 0 0 0
-1.8936481475830078 1.0200490951538086 -26.851200103759766 -0.9079551154901165 0.4190674268603194 0 0 0 -1 0 0 0 0 0 0
-2.1877613067626953 0.7263593673706055 -27.324481964111328 -0.41776781038508626 0.9085538270273537 0 0 0 -1 0 0 0 0 0 0
-2.602163314819336 0.6942663192749023 -27.79776382446289 0.2729016735828349 0.9620419307679307 0 0 0 -1 0 0 0 0 0 0
-2.937986373901367 0.939173698425293 -28.27104949951172 0.8326091308777975 0.5538610251488351 0 0 0 -1 0 0 0 0 0 0
-3.034078598022461 1.3435544967651367 -28.74433135986328 0.9927610086885293 -0.12010653449223256 0 0 0 -1 0 0 0 0 0 0
-2.8443241119384766 1.7133550643920898 -29.21761703491211 0.6765066609095607 -0.7364365130444013 0 0 0 -1 0 0 0 0 0 0
-2.4444007873535156 1.8714628219604492 -29.607379913330078 0.00996864911101473 -0.9999503117829912 0 0 0 -1 0 0 0 0 0 0
-2.0170345306396484 1.6986112594604492 -30.108501434326172 -0.702311016966893 -0.711870237787006 0 0 0 -1 0 0 0 0 0 0
-1.8384246826171875 1.2736196517944336 -30.60962677001953 -0.9999937149768731 -0.00354542053251981 0 0 0 -1 0 0 0 0 0 0
-2.0140113830566406 0.8473730087280273 -31.110748291015625 -0.7073507672674849 0.7068627108895335 0 0 0 -1 0 0 0 0 0 0
-2.4401397705078125 0.6714925765991211 -31.611873626708984 0.002861009955930992 0.9999959073026409 0 0 0 -1 0 0 0 0 0 0
-2.865253448486328 0.8498106002807617 -32.11299514770508 0.7113852946326567 0.7028022215249524 0 0 0 -1 0 0 0 0 0 0
-3.0383949279785156 1.2770605087280273 -32.61412048339844 0.9999569519093376 -0.00927870293665102 0 0 0 -1 0 0 0 0 0 0
-2.8573532104492188 1.7010221481323242 -33.1152458190918 0.6982189022252391 -0.7158843234597206 0 0 0 -1 0 0 0 0 0 0
-2.6009178161621094 1.8490667343139648 -33.505008697509766 0.2708268045745457 -0.96262809117745 0 0 0 -1 0 0 0 0 0 0
-2.187105178833008 1.8163213729858398 -33.95973205566406 -0.4188578826882919 -0.9080518014463059 0 0 0 -1 0 0 0 0 0 0
-1.893585205078125 1.522791862487793 -34.41445541381836 -0.9080634537140416 -0.4188326205406245 0 0 0 -1 0 0 0 0 0 0
-1.860849380493164 1.1089811325073242 -34.869178771972656 -0.9626228804761131 0.27084532483295887 0 0 0 -1 0 0 0 0 0 0
-2.1045665740966797 0.7729520797729492 -35.32390213012695 -0.556424680883476 0.8308980530147617 0 0 0 -1 0 0 0 0 0 0
-2.5080814361572266 0.6755475997924805 -35.77862548828125 0.11610170896770662 0.9932373297328175 0 0 0 -1 0 0 0 0 0 0
-2.878255844116211 0.8633909225463867 -36.23334884643555 0.7330541799585256 0.6801702501913279 0 0 0 -1 0 0 0 0 0 0
-3.03790283203125 1.2465696334838867 -36.688072204589844 0.9991370353149441 0.04153534232511256 0 0 0 -1 0 0 0 0 0 0
-2.910612106323242 1.641676902770996 -37.14279556274414 0.7869793515328128 -0.616979335359778 0 0 0 -1 0 0 0 0 0 0
-2.5573062896728516 1.8595952987670898 -37.59751892089844 0.19813957535878352 -0.9801738155432642 0 0 0 -1 0 0 0 0 0 0
-2.1470985412597656 1.7960195541381836 -38.052242279052734 -0.4855376636859727 -0.8742157497679662 0 0 0 -1 0 0 0 0 0 0
-1.8763313293457031 1.481379508972168 -38.50696563720703 -0.9368209257680009 -0.34980930954333644 0 0 0 -1 0 0 0 0 0 0
-1.8746051788330078 1.066279411315918 -38.96168899536133 -0.93969248736894 0.3420205098855549 0 0 0 -1 0 0 0 0 0 0
-2.019132614135742 0.8423070907592773 -39.3514518737793 -0.6988094235611786 0.7153078984200393 0 0 0 -1 0 0 0 0 0 0
-2.438018798828125 0.6714925765991211 -39.871131896972656 -0.000673181415754714 0.999999773413365 0 0 0 -1 0 0 0 0 0 0
-2.8571319580078125 0.8417463302612305 -40.39081573486328 0.6978496000024168 0.7162443268720995 0 0 0 -1 0 0 0 0 0 0
-3.038228988647461 1.2562894821166992 -40.910499572753906 0.9996790418023892 0.02533403601988535 0 0 0 -1 0 0 0 0 0 0
-2.8783626556396484 1.6794767379760742 -41.43018341064453 0.7332323041848855 -0.6799782261953127 0 0 0 -1 0 0 0 0 0 0
-2.4684085845947266 1.870741844177246 -41.949867248535156 0.04997790689885322 -0.9987503235654092 0 0 0 -1 0 0 0 0 0 0
-2.041410446166992 1.721358299255371 -42.46955108642578 -0.6616847185501903 -0.7497821905307938 0 0 0 -1 0 0 0 0 0 0
-1.8569755554199219 1.4195470809936523 -42.85931396484375 -0.9690749813668661 -0.2467664492770599 0 0 0 -1 0 0 0 0 0 0
-1.914825439453125 0.9784917831420898 -43.33902359008789 -0.8726567355492115 0.4883341293628711 0 0 0 -1 0 0 0 0 0 0
-2.2604713439941406 0.6984853744506836 -43.818729400634766 -0.29658095124274 0.9550077169112046 0 0 0 -1 0 0 0 0 0 0
-2.7039260864257812 0.7334318161010742 -44.298439025878906 0.44250863456890044 0.8967642434508455 0 0 0 -1 0 0 0 0 0 0
-3.0014476776123047 1.0641202926635742 -44.77814865112305 0.9383738577363304 0.3456219077504159 0 0 0 -1 0 0 0 0 0 0
-2.989500045776367 1.5087919235229492 -45.25785446166992 0.9184632213566588 -0.395506398197487 0 0 0 -1 0 0 0 0 0 0
-2.674654006958008 1.8230276107788086 -45.73756408691406 0.3937215906764911 -0.9192297368096694 0 0 0 -1 0 0 0 0 0 0
-2.229961395263672 1.8341131210327148 -46.21726989746094 -0.34743695149244286 -0.9377033458069979 0 0 0 -1 0 0 0 0 0 0
-1.8998489379882812 1.5359525680541992 -46.69697952270508 -0.8976218511751112 -0.4407663919730794 0 0 0 -1 0 0 0 0 0 0
-1.865762710571289 1.092432975769043 -47.17668914794922 -0.954430754138245 0.29843246397652656 0 0 0 -1 0 0 0 0 0 0
-2.1464385986328125 0.7473287582397461 -47.656394958496094 -0.4866395318911923 0.8736028651513922 0 0 0 -1 0 0 0 0 0 0
-2.5876007080078125 0.690333366394043 -48.136104583740234 0.24862908331374578 0.9685987708698408 0 0 0 -1 0 0 0 0 0 0
-2.946767807006836 0.9527692794799805 -48.61581039428711 0.8472423215565422 0.5312065968749642 0 0 0 -1 0 0 0 0 0 0
-3.026521682739258 1.3903913497924805 -49.09552001953125 0.9801692370622764 -0.19816222323327695 0 0 0 -1 0 0 0 0 0 0
-2.8573532104492188 1.7010221481323242 -49.48528289794922 0.6982189022252391 -0.7158843234597206 0 0 0 -1 0 0 0 0 0 0
-2.455930709838867 1.8712339401245117 -49.98640823364258 0.02918243413471264 -0.9995741020744652 0 0 0 -1 0 0 0 0 0 0
-2.0452613830566406 1.7247304916381836 -50.48752975463867 -0.6552672766724199 -0.7553971115395599 0 0 0 -1 0 0 0 0 0 0
-1.8422164916992188 1.3388738632202148 -50.98865509033203 -0.993673301330642 -0.11230926151775224 0 0 0 -1 0 0 0 0 0 0
-1.9540214538574219 0.9174337387084961 -51.489776611328125 -0.8073374654996339 0.5900900073722882 0 0 0 -1 0 0 0 0 0 0
-2.321634292602539 0.6829671859741211 -51.990901947021484 -0.1946454827409104 0.9808736595752574 0 0 0 -1 0 0 0 0 0 0
-2.7509212493896484 0.7592954635620117 -52.49202346801758 0.5208331200924627 0.8536585154584648 0 0 0 -1 0 0 0 0 0 0
-3.015178680419922 1.1061124801635742 -52.99314880371094 0.9612627097712642 0.2756338201368012 0 0 0 -1 0 0 0 0 0 0
-3.022703170776367 1.407923698425293 -53.382911682128906 0.9738037896202347 -0.22738992792397283 0 0 0 -1 0 0 0 0 0 0
-2.7995071411132812 1.7506742477416992 -53.8376350402832 0.6018079786688889 -0.7986408183973983 0 0 0 -1 0 0 0 0 0 0
-2.408510208129883 1.8707456588745117 -54.2923583984375 -0.04984920202181818 -0.9987567557007001 0 0 0 -1 0 0 0 0 0 0
-2.031412124633789 1.712336540222168 -54.7470817565918 -0.6783465038861805 -0.7347421456983368 0 0 0 -1 0 0 0 0 0 0
-1.8434562683105469 1.3490629196166992 -55.201805114746094 -0.9916075418987446 -0.12928450351658427 0 0 0 -1 0 0 0 0 0 0
-1.931985855102539 0.9497404098510742 -55.65652847290039 -0.8440608746779314 0.5362473681407913 0 0 0 -1 0 0 0 0 0 0
-2.255861282348633 0.6999387741088867 -56.11125183105469 -0.30426721439894217 0.9525867216384596 0 0 0 -1 0 0 0 0 0 0
-2.6645736694335938 0.7157430648803711 -56.565975189208984 0.3769213977636111 0.9262452482511994 0 0 0 -1 0 0 0 0 0 0
-2.968191146850586 0.9898099899291992 -57.02069854736328 0.8829507148518497 0.46946569112407727 0 0 0 -1 0 0 0 0 0 0
-3.0256195068359375 1.3947744369506836 -57.47542190551758 0.9786642705943616 -0.20546592287288465 0 0 0 -1 0 0 0 0 0 0
-2.810171127319336 1.7424497604370117 -57.930145263671875 0.6195849909357583 -0.784929575826479 0 0 0 -1 0 0 0 0 0 0
-2.421966552734375 1.8712644577026367 -58.38486862182617 -0.027426684128975257 -0.9996238177422992 0 0 0 -1 0 0 0 0 0 0
-2.041410446166992 1.721358299255371 -58.83959197998047 -0.6616847185501903 -0.7497821905307938 0 0 0 -1 0 0 0 0 0 0
-1.8569755554199219 1.4195470809936523 -59.22935485839844 -0.9690749813668661 -0.2467664492770599 0 0 0 -1 0 0 0 0 0 0
-1.9002742767333984 1.0061635971069336 -59.67479705810547 -0.8969107394833971 0.4422116296518509 0 0 0 -1 0 0 0 0 0 0
-2.201822280883789 0.7201108932495117 -60.120243072509766 -0.39433158124077883 0.9189682279796986 0 0 0 -1 0 0 0 0 0 0
-2.6169090270996094 0.6986532211303711 -60.5656852722168 0.29747889025876517 0.9547283958542417 0 0 0 -1 0 0 0 0 0 0
-2.9463424682617188 0.9520940780639648 -61.01112747192383 0.8465355759416331 0.532332150696506 0 0 0 -1 0 0 0 0 0 0
-3.032033920288086 1.3588056564331055 -61.45656967163086 0.9893553349512494 -0.1455198309630041 0 0 0 -1 0 0 0 0 0 0
-2.8328590393066406 1.723616600036621 -61.902015686035156 0.6573997947095371 -0.7535419762135739 0 0 0 -1 0 0 0 0 0 0
-2.4444007873535156 1.8714628219604492 -62.34745788574219 0.00996864911101473 -0.9999503117829912 0 0 0 -1 0 0 0 0 0 0
-2.0414066314697266 1.721358299255371 -62.737220764160156 -0.6616910259238478 -0.7497766242100681 0 0 0 -1 0 0 0 0 0 0
-1.8489913940429688 1.383620262145996 -63.165958404541016 -0.9823837111116187 -0.1868749425219009 0 0 0 -1 0 0 0 0 0 0
-1.9039554595947266 0.9988279342651367 -63.59469985961914 -0.8907806859380845 0.4544334599913122 0 0 0 -1 0 0 0 0 0 0
-2.183229446411133 0.7284650802612305 -64.0234375 -0.425315007144997 0.9050453826727427 0 0 0 -1 0 0 0 0 0 0
-2.5696029663085938 0.6860074996948242 -64.45217895507812 0.21863188648242401 0.9758074083614741 0 0 0 -1 0 0 0 0 0 0
-2.9009227752685547 0.8892698287963867 -64.88091278076172 0.7708376648616067 0.6370316274963947 0 0 0 -1 0 0 0 0 0 0
-3.038135528564453 1.2529478073120117 -65.30965423583984 0.9995221648997488 0.03091022280927871 0 0 0 -1 0 0 0 0 0 0
-2.9236526489257812 1.6244077682495117 -65.73839569091797 0.8087210435861532 -0.588192378105092 0 0 0 -1 0 0 0 0 0 0
-2.6055240631103516 1.8477506637573242 -66.1671371459961 0.2785080981894808 -0.9604338807241645 0 0 0 -1 0 0 0 0 0 0
-2.217264175415039 1.8292455673217773 -66.59587097167969 -0.3685927903174052 -0.9295909610823619 0 0 0 -1 0 0 0 0 0 0
-1.9218215942382812 1.576655387878418 -67.02461242675781 -0.8609971024462711 -0.5086098598917692 0 0 0 -1 0 0 0 0 0 0
-1.843191146850586 1.1959905624389648 -67.45335388183594 -0.9920519463357721 0.12582899416035515 0 0 0 -1 0 0 0 0 0 0
-2.014371871948242 0.847010612487793 -67.88208770751953 -0.7067476615093233 0.707465718569531 0 0 0 -1 0 0 0 0 0 0
-2.363523483276367 0.6761846542358398 -68.31082916259766 -0.12483008326115662 0.9921781343655044 0 0 0 -1 0 0 0 0 0 0
-2.744108200073242 0.7552022933959961 -68.73957061767578 0.5094802015744163 0.8604823787874406 0 0 0 -1 0 0 0 0 0 0
-2.99639892578125 1.050898551940918 -69.16830444335938 0.9299610324148011 0.36765809958437884 0 0 0 -1 0 0 0 0 0 0
-3.0145130157470703 1.4391775131225586 -69.5970458984375 0.9601509666667334 -0.279481879929518 0 0 0 -1 0 0 0 0 0 0
-2.7908458709716797 1.7570791244506836 -70.02578735351562 0.5873762061812969 -0.8093140258342659 0 0 0 -1 0 0 0 0 0 0
-2.419271469116211 1.8711843490600586 -70.45452880859375 -0.031914630257967 -0.9994905984427754 0 0 0 -1 0 0 0 0 0 0
-2.0557327270507812 1.7336034774780273 -70.88326263427734 -0.6378141791689405 -0.7701902835345633 0 0 0 -1 0 0 0 0 0 0
-1.852804183959961 1.4020795822143555 -71.31200408935547 -0.9760268154889394 -0.2176503054133395 0 0 0 -1 0 0 0 0 0 0
-1.8746051788330078 1.066279411315918 -71.70176696777344 -0.93969248736894 0.3420205098855549 0 0 0 -1 0 0 0 0 0 0
-3.002237319946289 -1.0732965469360352 -71.70176696777344 0.93969248736894 -0.3420205098855549 0 0 0 1 0 0 0 0 0 0
-3.0318679809570312 -1.3669443130493164 -71.31200408935547 0.9890779833848764 0.14739315717938326 0 0 0 1 0 0 0 0 0 0
-2.8602943420410156 -1.7051515579223633 -70.89225769042969 0.7031210361805974 0.7110701853406054 0 0 0 1 0 0 0 0 0 0
-2.520181655883789 -1.872910499572754 -70.4725112915039 0.13626968178505536 0.9906717790601486 0 0 0 1 0 0 0 0 0 0
-2.1474056243896484 -1.803208351135254 -70.05277252197266 -0.48502837292666373 0.8744984147819327 0 0 0 1 0 0 0 0 0 0
-1.890890121459961 -1.5238847732543945 -69.63302612304688 -0.9125533648339017 0.4089576461326086 0 0 0 1 0 0 0 0 0 0
-1.8531150817871094 -1.1465349197387695 -69.2132797241211 -0.9755083745755156 -0.21996229479852994 0 0 0 1 0 0 0 0 0 0
-2.0491714477539062 -0.8219079971313477 -68.79353332519531 -0.6487521247623167 -0.7609997901552795 0 0 0 1 0 0 0 0 0 0
-2.4007320404052734 -0.679692268371582 -68.37379455566406 -0.06281344712253133 -0.9980252856819735 0 0 0 1 0 0 0 0 0 0
-2.7673511505126953 -0.776707649230957 -67.95404815673828 0.5482157269341836 -0.8363369636348883 0 0 0 1 0 0 0 0 0 0
-3.002561569213867 -1.0741891860961914 -67.5343017578125 0.9402303016431813 -0.34053924865127133 0 0 0 1 0 0 0 0 0 0
-3.0123977661132812 -1.4533014297485352 -67.11455535888672 0.9566262423710734 0.29131809488426963 0 0 0 1 0 0 0 0 0 0
-2.792928695678711 -1.762578010559082 -66.69480895996094 0.590850628036579 0.806780971112222 0 0 0 1 0 0 0 0 0 0
-2.431833267211914 -1.8784723281860352 -66.27507019042969 -0.01097854683593466 0.9999397339386865 0 0 0 1 0 0 0 0 0 0
-2.0733718872070312 -1.7546777725219727 -65.8553237915039 -0.6084181175764412 0.793616654440127 0 0 0 1 0 0 0 0 0 0
-1.8685665130615234 -1.4662981033325195 -65.46556091308594 -0.9497582170547402 0.3129845509557953 0 0 0 1 0 0 0 0 0 0
-1.8829383850097656 -1.0517091751098633 -65.0201187133789 -0.9258044572419791 -0.3780027869617955 0 0 0 1 0 0 0 0 0 0
-2.1628475189208984 -0.7455377578735352 -64.57467651367188 -0.45928983496741055 -0.8882864670226653 0 0 0 1 0 0 0 0 0 0
-2.574491500854492 -0.6941423416137695 -64.12923431396484 0.22678305148909977 -0.9739453000848111 0 0 0 1 0 0 0 0 0 0
-2.9210872650146484 -0.922093391418457 -63.68378829956055 0.8044437424825922 -0.5940288420443917 0 0 0 1 0 0 0 0 0 0
-3.036954879760742 -1.320420265197754 -63.238346099853516 0.9975572239714056 0.06985402567113148 0 0 0 1 0 0 0 0 0 0
-2.8667049407958984 -1.698716163635254 -62.79290008544922 0.7138065375732853 0.7003429352236218 0 0 0 1 0 0 0 0 0 0
-2.4917221069335938 -1.8761377334594727 -62.34745788574219 0.0888371260943524 0.9960461661124429 0 0 0 1 0 0 0 0 0 0
-2.091259002685547 -1.7678728103637695 -61.902015686035156 -0.5786067896569538 0.8156066349428955 0 0 0 1 0 0 0 0 0 0
-1.85675048828125 -1.4256792068481445 -61.45656967163086 -0.9694508975404681 0.24528546075538402 0 0 0 1 0 0 0 0 0 0
-1.900299072265625 -1.0131311416625977 -61.01112747192383 -0.8968663589554396 -0.44230163256991556 0 0 0 1 0 0 0 0 0 0
-2.2010879516601562 -0.7274446487426758 -60.5656852722168 -0.3955551019316638 -0.9184422471423181 0 0 0 1 0 0 0 0 0 0
-2.615327835083008 -0.7051820755004883 -60.120243072509766 0.2948418416271819 -0.9555460681860879 0 0 0 1 0 0 0 0 0 0
-2.9450016021728516 -0.9569864273071289 -59.67479705810547 0.8442977430043723 -0.535874352024542 0 0 0 1 0 0 0 0 0 0
-3.0325145721435547 -1.362492561340332 -59.22935485839844 0.9901547702152433 0.13997689459335394 0 0 0 1 0 0 0 0 0 0
-2.897737503051758 -1.6645517349243164 -58.83959197998047 0.7655259145883191 0.6434050622226387 0 0 0 1 0 0 0 0 0 0
-2.558929443359375 -1.8662843704223633 -58.39414978027344 0.20084876149296751 0.979622261387899 0 0 0 1 0 0 0 0 0 0
-2.1680736541748047 -1.8141489028930664 -57.948707580566406 -0.450580842912786 0.8927356293998819 0 0 0 1 0 0 0 0 0 0
-1.89398193359375 -1.5306711196899414 -57.50326156616211 -0.9074000003274498 0.4202680566088076 0 0 0 1 0 0 0 0 0 0
-1.8550376892089844 -1.1382837295532227 -57.05781936645508 -0.9723070940303046 -0.23370689955229018 0 0 0 1 0 0 0 0 0 0
-2.0680599212646484 -0.8064584732055664 -56.61237716674805 -0.6172708899365286 -0.7867506901407625 0 0 0 1 0 0 0 0 0 0
-2.4410438537597656 -0.6785135269165039 -56.16693115234375 0.004370077649322305 -0.9999904511650793 0 0 0 1 0 0 0 0 0 0
-2.812894821166992 -0.8097124099731445 -55.72148895263672 0.6241222658819131 -0.7813266904633597 0 0 0 1 0 0 0 0 0 0
-3.023008346557617 -1.143387794494629 -55.27604675292969 0.9743121881072382 -0.22520159880801346 0 0 0 1 0 0 0 0 0 0
-2.9806346893310547 -1.5354204177856445 -54.83060073852539 0.9036896291274086 0.4281881061024076 0 0 0 1 0 0 0 0 0 0
-2.7040767669677734 -1.8164949417114258 -54.38515853881836 0.44275609191864557 0.8966420930722179 0 0 0 1 0 0 0 0 0 0
-2.3127803802490234 -1.865208625793457 -53.93971633911133 -0.20939882891735584 0.9778303178200398 0 0 0 1 0 0 0 0 0 0
-1.975748062133789 -1.6605234146118164 -53.4942741394043 -0.7711189730143518 0.6366910785124065 0 0 0 1 0 0 0 0 0 0
-1.8385486602783203 -1.2908449172973633 -53.048828125 -0.9997885029802872 0.020565731410199378 0 0 0 1 0 0 0 0 0 0
-1.9604358673095703 -0.915837287902832 -52.60338592529297 -0.7966432057513108 -0.6044498347508044 0 0 0 1 0 0 0 0 0 0
-2.192089080810547 -0.7314081192016602 -52.213623046875 -0.41055640594886594 -0.9118352030571917 0 0 0 1 0 0 0 0 0 0
-2.683452606201172 -0.7308244705200195 -51.66795349121094 0.4083889397446228 -0.9128080159016259 0 0 0 1 0 0 0 0 0 0
-3.0104827880859375 -1.097550392150879 -51.12228775024414 0.953435876804546 -0.30159580372071926 0 0 0 1 0 0 0 0 0 0
-2.953855514526367 -1.585637092590332 -50.57661819458008 0.8590590312772927 0.5118765288435477 0 0 0 1 0 0 0 0 0 0
-2.5515480041503906 -1.8677492141723633 -50.03095245361328 0.18854568743800865 0.9820644193475949 0 0 0 1 0 0 0 0 0 0
-2.0733718872070312 -1.7546777725219727 -49.48528289794922 -0.6084181175764412 0.793616654440127 0 0 0 1 0 0 0 0 0 0
-1.8685665130615234 -1.4662981033325195 -49.09552001953125 -0.9497582170547402 0.3129845509557953 0 0 0 1 0 0 0 0 0 0
-1.9088821411132812 -0.9963960647583008 -48.594398498535156 -0.8825674609837593 -0.47018578967540103 0 0 0 1 0 0 0 0 0 0
-2.276388168334961 -0.7008028030395508 -48.0932731628418 -0.2700589619689299 -0.9628437864265751 0 0 0 1 0 0 0 0 0 0
-2.7440109252929688 -0.7621622085571289 -47.59214782714844 0.5093162305369612 -0.8605794427661058 0 0 0 1 0 0 0 0 0 0
-3.022817611694336 -1.1425600051879883 -47.091026306152344 0.9739921939074869 -0.22658156634483761 0 0 0 1 0 0 0 0 0 0
-2.9405364990234375 -1.6069612503051758 -46.589900970458984 0.8368586150077306 0.5474190885302986 0 0 0 1 0 0 0 0 0 0
-2.5480117797851562 -1.8684167861938477 -46.08877944946289 0.18265029488849668 0.9831779441063279 0 0 0 1 0 0 0 0 0 0
-2.0877723693847656 -1.7653818130493164 -45.58765411376953 -0.5844134893536541 0.8114560206576118 0 0 0 1 0 0 0 0 0 0
-1.8744354248046875 -1.4832544326782227 -45.19789123535156 -0.9399737900733004 0.34124664683368666 0 0 0 1 0 0 0 0 0 0
-1.8857288360595703 -1.0449914932250977 -44.710689544677734 -0.921153354739758 -0.3891998163561867 0 0 0 1 0 0 0 0 0 0
-2.1921005249023438 -0.7314004898071289 -44.22348403930664 -0.41053354857277086 -0.9118454943115354 0 0 0 1 0 0 0 0 0 0
-2.6299800872802734 -0.7099084854125977 -43.73628234863281 0.3192605004213667 -0.9476669947142289 0 0 0 1 0 0 0 0 0 0
-2.9655895233154297 -0.9919900894165039 -43.24907684326172 0.8786140714880298 -0.4775325259950648 0 0 0 1 0 0 0 0 0 0
-3.019746780395508 -1.4270410537719727 -42.76187515258789 0.968874896383352 0.2475508738787827 0 0 0 1 0 0 0 0 0 0
-2.7635364532470703 -1.7827882766723633 -42.2746696472168 0.5418572302196495 0.8404705480019452 0 0 0 1 0 0 0 0 0 0
-2.333751678466797 -1.869309425354004 -41.78746795654297 -0.1744499880867119 0.9846660355961031 0 0 0 1 0 0 0 0 0 0
-1.9598464965820312 -1.6404008865356445 -41.300262451171875 -0.7976275373957257 0.6031503225465692 0 0 0 1 0 0 0 0 0 0
-1.841451644897461 -1.2182855606079102 -40.81306076049805 -0.9949500538601875 -0.10037126243905814 0 0 0 1 0 0 0 0 0 0
-2.0417747497558594 -0.8283205032348633 -40.32585525512695 -0.661076717042734 -0.7503183152396061 0 0 0 1 0 0 0 0 0 0
-2.4538631439208984 -0.6787080764770508 -39.838653564453125 0.025738112027067443 -0.9996687199213958 0 0 0 1 0 0 0 0 0 0
-2.8577098846435547 -0.8493280410766602 -39.3514518737793 0.6988150318757597 -0.7153024194174664 0 0 0 1 0 0 0 0 0 0
-3.002237319946289 -1.0732965469360352 -38.96168899536133 0.93969248736894 -0.3420205098855549 0 0 0 1 0 0 0 0 0 0
-3.0056076049804688 -1.4742136001586914 -38.511959075927734 0.9453082203226245 0.3261784306027493 0 0 0 1 0 0 0 0 0 0
-2.7557239532470703 -1.7877435684204102 -38.062232971191406 0.5288386592669521 0.8487223765547439 0 0 0 1 0 0 0 0 0 0
-2.3641605377197266 -1.8738946914672852 -37.61250686645508 -0.12377097912261419 0.9923108105462871 0 0 0 1 0 0 0 0 0 0
-2.0057544708251953 -1.694199562072754 -37.16278076171875 -0.721113283150359 0.6928171713115302 0 0 0 1 0 0 0 0 0 0
-1.8405399322509766 -1.3288965225219727 -36.71305465698242 -0.996467518439295 0.08397907296126336 0 0 0 1 0 0 0 0 0 0
-1.9422874450683594 -0.9410905838012695 -36.263328552246094 -0.826888207005774 -0.5623663335538288 0 0 0 1 0 0 0 0 0 0
-2.265562057495117 -0.7039499282836914 -35.813602447509766 -0.2880992075960833 -0.9576005673465889 0 0 0 1 0 0 0 0 0 0
-2.6660213470458984 -0.7233514785766602 -35.36387634277344 0.37933042103903125 -0.9252612775180593 0 0 0 1 0 0 0 0 0 0
-2.964855194091797 -0.9906396865844727 -34.91415023803711 0.8773861204169796 -0.4797849473458306 0 0 0 1 0 0 0 0 0 0
-3.0286293029785156 -1.3864641189575195 -34.46442413330078 0.9836814146514667 0.1799190775579093 0 0 0 1 0 0 0 0 0 0
-2.828868865966797 -1.734086036682129 -34.01469802856445 0.6507451733038184 0.7592962000575157 0 0 0 1 0 0 0 0 0 0
-2.454771041870117 -1.8782854080200195 -33.564971923828125 0.027252601890892996 0.9996285788682596 0 0 0 1 0 0 0 0 0 0
-2.0733718872070312 -1.7546777725219727 -33.1152458190918 -0.6084181175764412 0.793616654440127 0 0 0 1 0 0 0 0 0 0
-1.8685665130615234 -1.4662981033325195 -32.72548294067383 -0.9497582170547402 0.3129845509557953 0 0 0 1 0 0 0 0 0 0
-1.9128608703613281 -0.989048957824707 -32.2057991027832 -0.8759317327481637 -0.48243507290079923 0 0 0 1 0 0 0 0 0 0
-2.2925338745117188 -0.6965150833129883 -31.686115264892578 -0.2431480411150168 -0.9699891907139636 0 0 0 1 0 0 0 0 0 0
-2.7653045654296875 -0.7753725051879883 -31.166431427001953 0.5448069294391188 -0.8385615121355852 0 0 0 1 0 0 0 0 0 0
-3.029478073120117 -1.175297737121582 -30.646747589111328 0.9850934362991384 -0.1720201202195704 0 0 0 1 0 0 0 0 0 0
-2.9164772033691406 -1.641087532043457 -30.127063751220703 0.7967618691760338 0.6042934087238688 0 0 0 1 0 0 0 0 0 0
-2.498411178588867 -1.8755006790161133 -29.607379913330078 0.09998471208562766 0.9949889734811909 0 0 0 1 0 0 0 0 0 0
-2.0877723693847656 -1.7653818130493164 -29.21761703491211 -0.5844134893536541 0.8114560206576118 0 0 0 1 0 0 0 0 0 0
-1.8512840270996094 -1.4020814895629883 -28.73614501953125 -0.9785603784289831 0.2059601557800092 0 0 0 1 0 0 0 0 0 0
-1.9212722778320312 -0.974278450012207 -28.25467300415039 -0.8619151785334366 -0.5070524874346583 0 0 0 1 0 0 0 0 0 0
-2.261201858520508 -0.7052774429321289 -27.77320098876953 -0.29536241081633835 -0.9553852868224215 0 0 0 1 0 0 0 0 0 0
-2.6936378479003906 -0.7354936599731445 -27.291728973388672 0.42536040464808045 -0.9050240472814085 0 0 0 1 0 0 0 0 0 0
-2.9928550720214844 -1.0491533279418945 -26.810256958007812 0.9240525035518322 -0.382265576111152 0 0 0 1 0 0 0 0 0 0
-3.0026683807373047 -1.4825334548950195 -26.328784942626953 0.9404126417087028 0.3400353853857841 0 0 0 1 0 0 0 0 0 0
-2.717954635620117 -1.8094148635864258 -25.847312927246094 0.46589231907402345 0.8848414247919387 0 0 0 1 0 0 0 0 0 0
-2.2873287200927734 -1.8591737747192383 -25.365840911865234 -0.25181965040814674 0.9677741801000475 0 0 0 1 0 0 0 0 0 0
-1.9355716705322266 -1.6058359146118164 -24.884368896484375 -0.8380813553295529 0.5455452702104379 0 0 0 1 0 0 0 0 0 0
-1.846292495727539 -1.1816377639770508 -24.402896881103516 -0.9868806128972788 -0.16145171379546086 0 0 0 1 0 0 0 0 0 0
-2.0660934448242188 -0.8080072402954102 -23.921424865722656 -0.6205500477718943 -0.7841668433505078 0 0 0 1 0 0 0 0 0 0
-2.480243682861328 -0.679966926574707 -23.439952850341797 0.06970173576590294 -0.9975678764030146 0 0 0 1 0 0 0 0 0 0
-2.8725624084472656 -0.8643579483032227 -22.958484649658203 0.7235717644596046 -0.69024915912793 0 0 0 1 0 0 0 0 0 0
-3.038267135620117 -1.264927864074707 -22.477012634277344 0.999743905030334 -0.02263016470772096 0 0 0 1 0 0 0 0 0 0
-2.8908634185791016 -1.6725854873657227 -21.995540618896484 0.7540721851805973 0.6567915495322385 0 0 0 1 0 0 0 0 0 0
-2.507291793823242 -1.8745431900024414 -21.514068603515625 0.1147829510024825 0.9933905949621035 0 0 0 1 0 0 0 0 0 0
-2.0877723693847656 -1.7653818130493164 -21.032596588134766 -0.5844134893536541 0.8114560206576118 0 0 0 1 0 0 0 0 0 0
-1.8744354248046875 -1.4832544326782227 -20.642833709716797 -0.9399737900733004 0.34124664683368666 0 0 0 1 0 0 0 0 0 0
-1.8629169464111328 -1.1088190078735352 -20.209762573242188 -0.9591742963659721 -0.2828156098783139 0 0 0 1 0 0 0 0 0 0
-2.0757389068603516 -0.8005342483520508 -19.776691436767578 -0.6044713206621537 -0.796626902945759 0 0 0 1 0 0 0 0 0 0
-2.4299392700195312 -0.6785707473754883 -19.343624114990234 -0.014136827740941658 -0.9999000700577148 0 0 0 1 0 0 0 0 0 0
-2.787446975708008 -0.790471076965332 -18.910552978515625 0.5817093249065296 -0.8133967428732363 0 0 0 1 0 0 0 0 0 0
-3.0088977813720703 -1.0926179885864258 -18.47748565673828 0.950794592251307 -0.3098219542667547 0 0 0 1 0 0 0 0 0 0
-3.0079689025878906 -1.467228889465332 -18.044414520263672 0.9492466952327044 0.31453252866721004 0 0 0 1 0 0 0 0 0 0
-2.7850208282470703 -1.7682733535766602 -17.611343383789062 0.5776617843731963 0.8162762172664196 0 0 0 1 0 0 0 0 0 0
-2.426961898803711 -1.8783998489379883 -17.17827606201172 -0.019101470933734377 0.9998175502601302 0 0 0 1 0 0 0 0 0 0
-2.0733718872070312 -1.7546777725219727 -16.74520492553711 -0.6084181175764412 0.793616654440127 0 0 0 1 0 0 0 0 0 0
-1.8685665130615234 -1.4662981033325195 -16.35544204711914 -0.9497582170547402 0.3129845509557953 0 0 0 1 0 0 0 0 0 0
-1.9134025573730469 -0.9880685806274414 -15.8357572555542 -0.8750277733287306 -0.48407271757801373 0 0 0 1 0 0 0 0 0 0
-2.294708251953125 -0.6959733963012695 -15.316073417663574 -0.23952231478904107 -0.9708908593235903 0 0 0 1 0 0 0 0 0 0
-2.768115997314453 -0.7772111892700195 -14.79638957977295 0.549491619639216 -0.835499227974671 0 0 0 1 0 0 0 0 0 0
-3.030231475830078 -1.1797151565551758 -14.276705741882324 0.9863503751036452 -0.16466006660055277 0 0 0 1 0 0 0 0 0 0
-2.9130725860595703 -1.6455316543579102 -13.7570219039917 0.7910886728217773 0.6117014890721445 0 0 0 1 0 0 0 0 0 0
-2.4917221069335938 -1.8761377334594727 -13.237338066101074 0.0888371260943524 0.9960461661124429 0 0 0 1 0 0 0 0 0 0
-2.036212921142578 -1.7237367630004883 -12.71765422821045 -0.670347745293037 0.7420471011873447 0 0 0 1 0 0 0 0 0 0
-1.8384685516357422 -1.2860040664672852 -12.197970390319824 -0.99992188765965 0.012498743103306141 0 0 0 1 0 0 0 0 0 0
-2.025217056274414 -0.8434648513793945 -11.6782865524292 -0.6886742672876616 -0.7250708610720765 0 0 0 1 0 0 0 0 0 0
-2.476778030395508 -0.6797380447387695 -11.158602714538574 0.06393029455857108 -0.9979543664104358 0 0 0 1 0 0 0 0 0 0
-2.903757095336914 -0.8997430801391602 -10.63891887664795 0.7755594488035495 -0.6312745372431351 0 0 0 1 0 0 0 0 0 0
-3.0325145721435547 -1.362492561340332 -10.119235038757324 0.9901547702152433 0.13997689459335394 0 0 0 1 0 0 0 0 0 0
-2.897737503051758 -1.6645517349243164 -9.729472160339355 0.7655259145883191 0.6434050622226387 0 0 0 1 0 0 0 0 0 0
-2.537782669067383 -1.870224952697754 -9.26175594329834 0.1656033186781273 0.9861924461497313 0 0 0 1 0 0 0 0 0 0
-2.1303939819335938 -1.7934045791625977 -8.794039726257324 -0.5133799497134358 0.8581614225961396 0 0 0 1 0 0 0 0 0 0
-1.8700580596923828 -1.470768928527832 -8.326327323913574 -0.947270941305293 0.32043371195706677 0 0 0 1 0 0 0 0 0 0
-1.8810672760009766 -1.0563478469848633 -7.858611106872559 -0.9289271168635166 -0.3702626251130869 0 0 0 1 0 0 0 0 0 0
-2.158163070678711 -0.7479867935180664 -7.390898704528809 -0.467099848809973 -0.8842045754471646 0 0 0 1 0 0 0 0 0 0
-2.5690574645996094 -0.6929025650024414 -6.923178672790527 0.2177286969964672 -0.9760093311563269 0 0 0 1 0 0 0 0 0 0
-2.917583465576172 -0.917393684387207 -6.455466270446777 0.7986023282929721 -0.6018590543017892 0 0 0 1 0 0 0 0 0 0
-3.037353515625 -1.314286231994629 -5.987746238708496 0.9982203935764369 0.05963259048627086 0 0 0 1 0 0 0 0 0 0
-2.871185302734375 -1.694096565246582 -5.520033836364746 0.7212727408064029 0.6926511628299051 0 0 0 1 0 0 0 0 0 0
-2.498411178588867 -1.8755006790161133 -5.052321434020996 0.09998471208562766 0.9949889734811909 0 0 0 1 0 0 0 0 0 0
-2.0877723693847656 -1.7653818130493164 -4.662558555603027 -0.5844134893536541 0.8114560206576118 0 0 0 1 0 0 0 0 0 0
-1.8563652038574219 -1.424149513244629 -4.186179161071777 -0.970091990607206 0.242737573852399 0 0 0 1 0 0 0 0 0 0
-1.899801254272461 -1.014145851135254 -3.7098000049591064 -0.8976992409825352 -0.4406087524543517 0 0 0 1 0 0 0 0 0 0
-2.1975669860839844 -0.7289743423461914 -3.2334282398223877 -0.4014261579439926 -0.9158913907873164 0 0 0 1 0 0 0 0 0 0
-2.6090641021728516 -0.7032861709594727 -2.7570488452911377 0.284403662684172 -0.9587046242987605 0 0 0 1 0 0 0 0 0 0
-2.939983367919922 -0.9492158889770508 -2.2806694507598877 0.8359375652643678 -0.5488245502707407 0 0 0 1 0 0 0 0 0 0
-3.0340709686279297 -1.350632667541504 -1.804297685623169 0.9927488015238599 0.12020739192304324 0 0 0 1 0 0 0 0 0 0
-2.8468971252441406 -1.7179956436157227 -1.327918291091919 0.6807927181243391 0.732476125855904 0 0 0 1 0 0 0 0 0 0
-2.4668445587158203 -1.8778352737426758 -0.851538896560669 0.047369514745631114 0.9988774344596857 0 0 0 1 0 0 0 0 0 0
-2.0733718872070312 -1.7546777725219727 -0.3751671314239502 -0.6084181175764412 0.793616654440127 0 0 0 1 0 0 0 0 0 0
-1.8685665130615234 -1.4662981033325195 0.014595753513276577 -0.9497582170547402 0.3129845509557953 0 0 0 1 0 0 0 0 0 0
-1.8831405639648438 -1.051213264465332 0.4530799388885498 -0.9254693718206115 -0.37882244102212653 0 0 0 1 0 0 0 0 0 0
-2.163799285888672 -0.7450456619262695 0.891564130783081 -0.4577022589769953 -0.8891055292412455 0 0 0 1 0 0 0 0 0 0
-2.5760555267333984 -0.6945085525512695 1.3300483226776123 0.22939296077686466 -0.9733338941730241 0 0 0 1 0 0 0 0 0 0
-2.9223575592041016 -0.9238176345825195 1.7685325145721436 0.8065594171202879 -0.5911530315024879 0 0 0 1 0 0 0 0 0 0
-3.036762237548828 -1.323094367980957 2.207016706466675 0.9972353315228754 0.07430809890221364 0 0 0 1 0 0 0 0 0 0
-2.8644485473632812 -1.701004981994629 2.645500898361206 0.7100430203128986 0.7041582984705475 0 0 0 1 0 0 0 0 0 0
-2.487985610961914 -1.8764581680297852 3.0839850902557373 0.08261091995649171 0.9965818761667011 0 0 0 1 0 0 0 0 0 0
-2.0877723693847656 -1.7653818130493164 3.5224616527557373 -0.5844134893536541 0.8114560206576118 0 0 0 1 0 0 0 0 0 0
-1.8744354248046875 -1.4832544326782227 3.912224531173706 -0.9399737900733004 0.34124664683368666 0 0 0 1 0 0 0 0 0 0
-1.879720687866211 -1.0597543716430664 4.387253761291504 -0.9311662814303001 -0.3645947837356801 0 0 0 1 0 0 0 0 0 0
-2.16339111328125 -0.7452554702758789 4.862275123596191 -0.45838025583951786 -0.8887561763816317 0 0 0 1 0 0 0 0 0 0
-2.5841007232666016 -0.6964616775512695 5.337296485900879 0.2427996086617122 -0.9700764660755972 0 0 0 1 0 0 0 0 0 0
-2.9322242736816406 -0.937687873840332 5.812325477600098 0.8230062378601072 -0.5680323339769952 0 0 0 1 0 0 0 0 0 0
-3.0342979431152344 -1.3487367630004883 6.287346839904785 0.9931267658018252 0.11704369717334781 0 0 0 1 0 0 0 0 0 0
-2.8394603729248047 -1.7247896194458008 6.762368202209473 0.6683998317592367 0.7438021678539423 0 0 0 1 0 0 0 0 0 0
-2.4447975158691406 -1.8784761428833008 7.23738956451416 0.0106306545892548 0.9999434929949813 0 0 0 1 0 0 0 0 0 0
-2.046955108642578 -1.7332124710083008 7.712418556213379 -0.6524442109277688 0.7578367579016216 0 0 0 1 0 0 0 0 0 0
-1.8441715240478516 -1.3613824844360352 8.187439918518066 -0.9904147851685173 0.1381251364509727 0 0 0 1 0 0 0 0 0 0
-1.9374866485595703 -0.9482583999633789 8.662461280822754 -0.8348908276942383 -0.5504155755717944 0 0 0 1 0 0 0 0 0 0
-2.280405044555664 -0.6996889114379883 9.137482643127441 -0.2633585334586947 -0.9646980267702872 0 0 0 1 0 0 0 0 0 0
-2.702058792114258 -0.7395334243774414 9.61251163482666 0.43939666271536026 -0.8982931441320279 0 0 0 1 0 0 0 0 0 0
-2.9923477172851562 -1.0479326248168945 10.087532997131348 0.9232099768173307 -0.3842958999325176 0 0 0 1 0 0 0 0 0 0
-3.0066299438476562 -1.4712228775024414 10.562554359436035 0.947015970502845 0.32118647482818197 0 0 0 1 0 0 0 0 0 0
-2.7377891540527344 -1.7984895706176758 11.037583351135254 0.49894618757713594 0.8666329683910262 0 0 0 1 0 0 0 0 0 0
-2.3197803497314453 -1.8666620254516602 11.512604713439941 -0.1977362531024482 0.9802552597201427 0 0 0 1 0 0 0 0 0 0
-1.9608879089355469 -1.6417741775512695 11.987626075744629 -0.7958904557462473 0.6054406514696805 0 0 0 1 0 0 0 0 0 0
-1.8399372100830078 -1.2358789443969727 12.462647438049316 -0.9974724636913119 -0.07105409332040266 0 0 0 1 0 0 0 0 0 0
-2.0171966552734375 -0.8512277603149414 12.937676429748535 -0.7020398851553125 -0.7121376269030556 0 0 0 1 0 0 0 0 0 0
-2.4043407440185547 -0.679478645324707 13.412697792053223 -0.056799764572144404 -0.9983855902127939 0 0 0 1 0 0 0 0 0 0
-2.8084678649902344 -0.8062105178833008 13.88771915435791 0.6167462207892533 -0.787162053926746 0 0 0 1 0 0 0 0 0 0
-3.028207778930664 -1.168278694152832 14.362748146057129 0.982980045311343 -0.183712358102851 0 0 0 1 0 0 0 0 0 0
-2.9540748596191406 -1.585270881652832 14.837769508361816 0.8594207753445173 0.5112689418556818 0 0 0 1 0 0 0 0 0 0
-2.6230030059814453 -1.849411964416504 15.312790870666504 0.30763686453196787 0.9515038410752421 0 0 0 1 0 0 0 0 0 0
-2.199960708618164 -1.829087257385254 15.787812232971191 -0.397437087948768 0.9176294247259094 0 0 0 1 0 0 0 0 0 0
-1.8957347869873047 -1.5344247817993164 16.262840270996094 -0.9044746337157821 0.4265274164279498 0 0 0 1 0 0 0 0 0 0
-1.861917495727539 -1.1122446060180664 16.73786163330078 -0.9608397640946222 -0.27710457905742136 0 0 0 1 0 0 0 0 0 0
-2.1153564453125 -0.7729120254516602 17.21288299560547 -0.5384430571963507 -0.8426618978908724 0 0 0 1 0 0 0 0 0 0
-2.5297698974609375 -0.6855020523071289 17.687904357910156 0.1522456139519316 -0.9883426900789014 0 0 0 1 0 0 0 0 0 0
-2.8986663818359375 -0.8935747146606445 18.162933349609375 0.7670764685900566 -0.641555680619701 0 0 0 1 0 0 0 0 0 0
-3.0382347106933594 -1.2934503555297852 18.637954711914062 0.9996897522419534 0.02490781528801177 0 0 0 1 0 0 0 0 0 0
-2.8789310455322266 -1.6858797073364258 19.11297607421875 0.734184585000388 0.6789499209424862 0 0 0 1 0 0 0 0 0 0
-2.498411178588867 -1.8755006790161133 19.50273895263672 0.09998471208562766 0.9949889734811909 0 0 0 1 0 0 0 0 0 0
-2.060375213623047 -1.7444276809692383 20.00714111328125 -0.6300792822086164 0.7765308095185113 0 0 0 1 0 0 0 0 0 0
-1.8418750762939453 -1.342789649963379 20.51153564453125 -0.9942442840741795 0.10713684513659316 0 0 0 1 0 0 0 0 0 0
-1.969797134399414 -0.9038209915161133 21.01593780517578 -0.781042821365614 -0.6244774705249515 0 0 0 1 0 0 0 0 0 0
-2.3698558807373047 -0.682438850402832 21.520339965820312 -0.11427830482034448 -0.9934487752508372 0 0 0 1 0 0 0 0 0 0
-2.809732437133789 -0.8072023391723633 22.024734497070312 0.6188482073496733 -0.7855105958929489 0 0 0 1 0 0 0 0 0 0
-3.0339832305908203 -1.205662727355957 22.529136657714844 0.9926027050962407 -0.12140786562503018 0 0 0 1 0 0 0 0 0 0
-2.912382125854492 -1.6464242935180664 23.033531188964844 0.7899348548443228 0.6131907738233499 0 0 0 1 0 0 0 0 0 0
-2.5155467987060547 -1.8735322952270508 23.537933349609375 0.12854340308727633 0.9917038839909533 0 0 0 1 0 0 0 0 0 0
-2.073923110961914 -1.755101203918457 24.042335510253906 -0.6074969573890628 0.794322004456021 0 0 0 1 0 0 0 0 0 0
-1.8439693450927734 -1.359910011291504 24.546730041503906 -0.990754193405373 0.13566918680993348 0 0 0 1 0 0 0 0 0 0
-1.9592208862304688 -0.9174432754516602 25.051132202148438 -0.7986644575978767 -0.6017766065325979 0 0 0 1 0 0 0 0 0 0
-2.352752685546875 -0.6846551895141602 25.555526733398438 -0.14278149527945605 -0.9897542344469978 0 0 0 1 0 0 0 0 0 0
-2.796031951904297 -0.796727180480957 26.05992889404297 0.5960181314268463 -0.8029709751980146 0 0 0 1 0 0 0 0 0 0
-3.0316429138183594 -1.188572883605957 26.56432342529297 0.9887019035749036 -0.14989511622251778 0 0 0 1 0 0 0 0 0 0
-2.922761917114258 -1.6326494216918945 27.0687255859375 0.8072328060577084 0.5902331715722169 0 0 0 1 0 0 0 0 0 0
-2.5326175689697266 -1.871068000793457 27.57312774658203 0.15699666750217509 0.9875991324384663 0 0 0 1 0 0 0 0 0 0
-2.0877723693847656 -1.7653818130493164 28.07752227783203 -0.5844134893536541 0.8114560206576118 0 0 0 1 0 0 0 0 0 0
-1.8744354248046875 -1.4832544326782227 28.46728515625 -0.9399737900733004 0.34124664683368666 0 0 0 1 0 0 0 0 0 0
-1.8754310607910156 -1.0710420608520508 28.92791748046875 -0.9383155297636873 -0.3457802287642988 0 0 0 1 0 0 0 0 0 0
-2.1421566009521484 -0.7567567825317383 29.38854217529297 -0.4937767230518883 -0.8695887233469274 0 0 0 1 0 0 0 0 0 0
-2.548717498779297 -0.6887331008911133 29.84917449951172 0.18382922685332767 -0.9829581961378155 0 0 0 1 0 0 0 0 0 0
-2.903219223022461 -0.899083137512207 30.309799194335938 0.7746626583340341 -0.6323747036234508 0 0 0 1 0 0 0 0 0 0
-3.0383377075195312 -1.2885217666625977 30.770431518554688 0.9998608173754552 0.016683700946932407 0 0 0 1 0 0 0 0 0 0
-2.8902969360351562 -1.673233985900879 31.231056213378906 0.7531258490023989 0.6578764743965357 0 0 0 1 0 0 0 0 0 0
-2.528972625732422 -1.8716363906860352 31.691688537597656 0.15091636885398568 0.9885465338626847 0 0 0 1 0 0 0 0 0 0
-2.124908447265625 -1.790085792541504 32.152320861816406 -0.5225215409933976 0.8526260840473303 0 0 0 1 0 0 0 0 0 0
-1.8688201904296875 -1.4670724868774414 32.612945556640625 -0.9493325857432113 0.3142731958759901 0 0 0 1 0 0 0 0 0 0
-1.881582260131836 -1.0550546646118164 33.073577880859375 -0.9280621473750519 -0.37242536246825003 0 0 0 1 0 0 0 0 0 0
-2.1571712493896484 -0.748509407043457 33.534202575683594 -0.46874528690456463 -0.8833333776127547 0 0 0 1 0 0 0 0 0 0
-2.5655078887939453 -0.6921243667602539 33.994834899902344 0.21181264564709898 -0.9773102901044153 0 0 0 1 0 0 0 0 0 0
-2.913860321044922 -0.9125070571899414 34.45545959472656 0.7923978719955501 -0.6100046003571807 0 0 0 1 0 0 0 0 0 0
-3.0378074645996094 -1.3056421279907227 34.91609191894531 0.9989772660918793 0.04521528316393308 0 0 0 1 0 0 0 0 0 0
-2.87884521484375 -1.6859712600708008 35.37671661376953 0.7340390338453596 0.6791072792949365 0 0 0 1 0 0 0 0 0 0
-2.512004852294922 -1.873978614807129 35.83734893798828 0.12264267775553306 0.9924508922828134 0 0 0 1 0 0 0 0 0 0
-2.110431671142578 -1.7809267044067383 36.2979736328125 -0.5466518936961801 0.837359962691303 0 0 0 1 0 0 0 0 0 0
-1.8636703491210938 -1.4507341384887695 36.75860595703125 -0.9579170244847945 0.2870452476565273 0 0 0 1 0 0 0 0 0 0
-1.8881893157958984 -1.039250373840332 37.21923828125 -0.9170511476660291 -0.3987695983452335 0 0 0 1 0 0 0 0 0 0
-2.172414779663086 -0.740696907043457 37.67986297607422 -0.44334536688147147 -0.8963508719607146 0 0 0 1 0 0 0 0 0 0
-2.582195281982422 -0.695988655090332 38.14049530029297 0.23962532525330155 -0.9708654404690946 0 0 0 1 0 0 0 0 0 0
-2.9241161346435547 -0.9262285232543945 38.60111999511719 0.8094879286684037 -0.5871365201894168 0 0 0 1 0 0 0 0 0 0
-3.0325145721435547 -1.362492561340332 38.990882873535156 0.9901547702152433 0.13997689459335394 0 0 0 1 0 0 0 0 0 0
-2.8185081481933594 -1.7427644729614258 39.48321533203125 0.6334790954845785 0.7737598048387112 0 0 0 1 0 0 0 0 0 0
-2.403470993041992 -1.8774919509887695 39.975547790527344 -0.05825241513089643 0.9983018862705898 0 0 0 1 0 0 0 0 0 0
-2.0069198608398438 -1.695408821105957 40.46788024902344 -0.719167110542153 0.6948371515070639 0 0 0 1 0 0 0 0 0 0
-1.838592529296875 -1.2928247451782227 40.96021270751953 -0.9997154742250265 0.02385310451556231 0 0 0 1 0 0 0 0 0 0
-1.9875202178955078 -0.8826723098754883 41.452545166015625 -0.7515022260244171 -0.659730554302547 0 0 0 1 0 0 0 0 0 0
-2.3749332427978516 -0.6818780899047852 41.94487762451172 -0.1058136720673111 -0.9943859747621301 0 0 0 1 0 0 0 0 0 0
-2.7959251403808594 -0.7966470718383789 42.43721008300781 0.5958379370971604 -0.8031046959866446 0 0 0 1 0 0 0 0 0 0
-3.02783203125 -1.166275978088379 42.929542541503906 0.9823495634405905 -0.18705436431177222 0 0 0 1 0 0 0 0 0 0
-2.9479942321777344 -1.5952692031860352 43.421875 0.8492882484145948 0.5279294186772221 0 0 0 1 0 0 0 0 0 0
-2.5986385345458984 -1.8567209243774414 43.914207458496094 0.26703041950441114 0.9636881005072638 0 0 0 1 0 0 0 0 0 0
-2.1645431518554688 -1.8123559951782227 44.40653991699219 -0.4564615103527904 0.8897431593254592 0 0 0 1 0 0 0 0 0 0
-1.87530517578125 -1.485630989074707 44.89886474609375 -0.9385264948465702 0.3452072109197761 0 0 0 1 0 0 0 0 0 0
-1.8839035034179688 -1.0493593215942383 45.391197204589844 -0.9241957908777669 -0.38191902299285785 0 0 0 1 0 0 0 0 0 0
-2.185791015625 -0.734288215637207 45.88352966308594 -0.4210490023198808 -0.9070378920670475 0 0 0 1 0 0 0 0 0 0
-2.621295928955078 -0.7070589065551758 46.37586212158203 0.30478936497876546 -0.9524197829716899 0 0 0 1 0 0 0 0 0 0
-2.9600772857666016 -0.9820718765258789 46.868194580078125 0.8694275318145078 -0.49406048913360073 0 0 0 1 0 0 0 0 0 0
-3.022951126098633 -1.4138765335083008 47.36052703857422 0.9742161770508868 0.2256165782303127 0 0 0 1 0 0 0 0 0 0
-2.776662826538086 -1.774083137512207 47.85285949707031 0.5637357282385015 0.8259552219747791 0 0 0 1 0 0 0 0 0 0
-2.3514747619628906 -1.8721742630004883 48.345191955566406 -0.14490835427962642 0.9894450812753431 0 0 0 1 0 0 0 0 0 0
-2.0733718872070312 -1.7546777725219727 48.734954833984375 -0.6084181175764412 0.793616654440127 0 0 0 1 0 0 0 0 0 0
-1.8456554412841797 -1.3713960647583008 49.211334228515625 -0.9879442351672711 0.15481016826990265 0 0 0 1 0 0 0 0 0 0
-1.9452152252197266 -0.9368257522583008 49.687705993652344 -0.8220132188316487 -0.5694684083125525 0 0 0 1 0 0 0 0 0 0
-2.3170833587646484 -0.6909074783325195 50.164085388183594 -0.20223031615263187 -0.9793379902918127 0 0 0 1 0 0 0 0 0 0
-2.7559432983398438 -0.769413948059082 50.640464782714844 0.529207024099441 -0.8484927375315677 0 0 0 1 0 0 0 0 0 0
-3.0194950103759766 -1.1289987564086914 51.11683654785156 0.9684548422269568 -0.2491891220883449 0 0 0 1 0 0 0 0 0 0
-2.9622249603271484 -1.5711336135864258 51.59321594238281 0.8730058675475068 0.4877097038481245 0 0 0 1 0 0 0 0 0 0
-2.615755081176758 -1.8517045974731445 52.06959533691406 0.29555549670935055 0.9553255719203215 0 0 0 1 0 0 0 0 0 0
-2.171375274658203 -1.8158044815063477 52.54596710205078 -0.44507608043079594 0.8954927596738901 0 0 0 1 0 0 0 0 0 0
-1.8744354248046875 -1.4832544326782227 53.02234649658203 -0.9399737900733004 0.34124664683368666 0 0 0 1 0 0 0 0 0 0
-1.8451957702636719 -1.1885957717895508 53.412109375 -0.988707017371453 -0.14986138195160711 0 0 0 1 0 0 0 0 0 0
-2.0462875366210938 -0.8243799209594727 53.87982177734375 -0.6535561881853749 -0.756878001321615 0 0 0 1 0 0 0 0 0 0
-2.4359207153320312 -0.6785135269165039 54.34754180908203 -0.004168126435010313 -0.9999913133232817 0 0 0 1 0 0 0 0 0 0
-2.8267555236816406 -0.8211297988891602 54.81525421142578 0.6472246097716025 -0.7622993536046039 0 0 0 1 0 0 0 0 0 0
-3.0308761596679688 -1.1836557388305664 55.28297424316406 0.9874253642849936 -0.15808589426842512 0 0 0 1 0 0 0 0 0 0
-2.9501399993896484 -1.5917863845825195 55.75068664550781 0.8528652731606261 0.5221310427820306 0 0 0 1 0 0 0 0 0 0
-2.6233654022216797 -1.8492937088012695 56.21839904785156 0.3082393652442707 0.9513088319330422 0 0 0 1 0 0 0 0 0 0
-2.2076683044433594 -1.8323602676391602 56.68611145019531 -0.38459228100282983 0.9230865492428326 0 0 0 1 0 0 0 0 0 0
-1.9029197692871094 -1.5491342544555664 57.153839111328125 -0.8925026590985878 0.45104213051770414 0 0 0 1 0 0 0 0 0 0
-1.855642318725586 -1.1357851028442383 57.621551513671875 -0.9712948780889612 -0.23787866612655686 0 0 0 1 0 0 0 0 0 0
-2.088571548461914 -0.7910623550415039 58.089263916015625 -0.5830849971835675 -0.8124111557945516 0 0 0 1 0 0 0 0 0 0
-2.4897098541259766 -0.6807031631469727 58.556976318359375 0.08548260635543668 -0.9963396629717607 0 0 0 1 0 0 0 0 0 0
-2.8661880493164062 -0.8577775955200195 59.024688720703125 0.712944774532621 -0.701220185438661 0 0 0 1 0 0 0 0 0 0
-3.0369930267333984 -1.2371416091918945 59.49241638183594 0.9976204661191476 -0.06894494600922389 0 0 0 1 0 0 0 0 0 0
-2.9200000762939453 -1.6363954544067383 59.96012878417969 0.8026264420575483 0.5964820152444171 0 0 0 1 0 0 0 0 0 0
-2.571460723876953 -1.863572120666504 60.42784118652344 0.22173554772941578 0.9751068386967326 0 0 0 1 0 0 0 0 0 0
-2.158954620361328 -1.8094491958618164 60.89555358886719 -0.46577695223908405 0.8849021588643965 0 0 0 1 0 0 0 0 0 0
-1.8808174133300781 -1.500046730041504 61.36326599121094 -0.9293384799446883 0.36922891232147076 0 0 0 1 0 0 0 0 0 0
-1.8707809448242188 -1.0841264724731445 61.83099365234375 -0.9460677305577537 -0.3239689015898003 0 0 0 1 0 0 0 0 0 0
-2.1336708068847656 -0.7616662979125977 62.2987060546875 -0.5079171417418414 -0.8614059305140627 0 0 0 1 0 0 0 0 0 0
-2.5430850982666016 -0.6877069473266602 62.76641845703125 0.17443718263608435 -0.9846683042090799 0 0 0 1 0 0 0 0 0 0
-2.9241161346435547 -0.9262285232543945 63.15617370605469 0.8094879286684037 -0.5871365201894168 0 0 0 1 0 0 0 0 0 0
-3.038360595703125 -1.2870187759399414 63.58137512207031 0.9998994346706445 0.014181697547393343 0 0 0 1 0 0 0 0 0 0
-2.913930892944336 -1.6444215774536133 64.00657653808594 0.7925121962307737 0.609856064022877 0 0 0 1 0 0 0 0 0 0
-2.6003265380859375 -1.8562517166137695 64.4317626953125 0.26984382467571955 0.9629041023302265 0 0 0 1 0 0 0 0 0 0
-2.222311019897461 -1.8382387161254883 64.85696411132812 -0.3601798374655187 0.9328828890505563 0 0 0 1 0 0 0 0 0 0
-1.9302711486816406 -1.5975427627563477 65.28216552734375 -0.8469180717061774 0.5317234053692674 0 0 0 1 0 0 0 0 0 0
-1.8403911590576172 -1.2299280166625977 65.70735168457031 -0.9967163465262429 -0.08097236915997248 0 0 0 1 0 0 0 0 0 0
-1.9884281158447266 -0.8816385269165039 66.13255310058594 -0.7499899243110764 -0.661449252348104 0 0 0 1 0 0 0 0 0 0
-2.3154869079589844 -0.6912393569946289 66.55775451660156 -0.2048887762711478 -0.9787852621275575 0 0 0 1 0 0 0 0 0 0
-2.6914539337158203 -0.7344751358032227 66.98294067382812 0.4217227052961489 -0.9067248534355378 0 0 0 1 0 0 0 0 0 0
-2.966754913330078 -0.994145393371582 67.40814208984375 0.8805557483018059 -0.4739425852702482 0 0 0 1 0 0 0 0 0 0
-3.0318679809570312 -1.3669443130493164 67.83332824707031 0.9890779833848764 0.14739315717938326 0 0 0 1 0 0 0 0 0 0
-2.8789310455322266 -1.6858797073364258 68.22309875488281 0.734184585000388 0.6789499209424862 0 0 0 1 0 0 0 0 0 0
-2.5121116638183594 -1.873967170715332 68.66854858398438 0.12281669707884844 0.9924293722571105 0 0 0 1 0 0 0 0 0 0
-2.1105079650878906 -1.7809762954711914 69.11398315429688 -0.5465203317396102 0.8374458352605417 0 0 0 1 0 0 0 0 0 0
-1.8636913299560547 -1.4508028030395508 69.55943298339844 -0.957883394211855 0.28715745348706545 0 0 0 1 0 0 0 0 0 0
-1.8881664276123047 -1.0392999649047852 70.00486755371094 -0.9170902112452816 -0.3986797517282322 0 0 0 1 0 0 0 0 0 0
-2.172382354736328 -0.7407121658325195 70.4503173828125 -0.44339484808138463 -0.8963263962948351 0 0 0 1 0 0 0 0 0 0
-2.5821781158447266 -0.6959848403930664 70.895751953125 0.23959627634757671 -0.970872609748764 0 0 0 1 0 0 0 0 0 0
-2.9241161346435547 -0.9262285232543945 71.34120178222656 0.8094879286684037 -0.5871365201894168 0 0 0 1 0 0 0 0 0 0
-3.0325145721435547 -1.362492561340332 71.73095703125 0.9901547702152433 0.13997689459335394 0 0 0 1 0 0 0 0 0 0
0.3513908386230469 -2.405453681945801 71.73095703125 -0.9690780062536022 -0.2467545699587816 0 0 0 -1 0 0 0 0 0 0
0.2910480499267578 -2.85091495513916 71.34120178222656 -0.8685074596865996 0.4956760963257452 0 0 0 -1 0 0 0 0 0 0
0.023363111540675163 -3.0973634719848633 70.95143127441406 -0.42236453614400044 0.9064260579925222 0 0 0 -1 0 0 0 0 0 0
-0.33751869201660156 -3.1438074111938477 70.56167602539062 0.1791051147723616 0.9838299435686937 0 0 0 -1 0 0 0 0 0 0
-0.6588802337646484 -2.9731645584106445 70.17190551757812 0.7147061155507707 0.6994248840256744 0 0 0 -1 0 0 0 0 0 0
-0.8225383758544922 -2.648186683654785 69.78215026855469 0.9874719787258801 0.15779445881017107 0 0 0 -1 0 0 0 0 0 0
-0.7683067321777344 -2.288395881652832 69.39237976074219 0.8970859802910042 -0.44185602175972194 0 0 0 -1 0 0 0 0 0 0
-0.5161304473876953 -2.026097297668457 69.00262451171875 0.4767912524438516 -0.8790165536513084 0 0 0 -1 0 0 0 0 0 0
-0.15874671936035156 -1.9577608108520508 68.61285400390625 -0.11885056482085168 -0.9929121528321451 0 0 0 -1 0 0 0 0 0 0
0.17241287231445312 -2.108513832092285 68.22309875488281 -0.6707808173089723 -0.7416556445752349 0 0 0 -1 0 0 0 0 0 0
0.355560302734375 -2.4229211807250977 67.83332824707031 -0.9760291991178671 -0.21763961603838308 0 0 0 -1 0 0 0 0 0 0
0.3337593078613281 -2.758721351623535 67.44357299804688 -0.9396924876893634 0.3420205090051992 0 0 0 -1 0 0 0 0 0 0
0.12590789794921875 -3.0365114212036133 67.05380249023438 -0.5932740481765422 0.8050005613415545 0 0 0 -1 0 0 0 0 0 0
-0.20096397399902344 -3.1528024673461914 66.66404724121094 -0.04848599615304887 0.9988238624387418 0 0 0 -1 0 0 0 0 0 0
-0.5375633239746094 -3.068718910217285 66.27427673339844 0.5125070144576602 0.8586830382228914 0 0 0 -1 0 0 0 0 0 0
-0.7713432312011719 -2.8123674392700195 65.884521484375 0.9021452339432334 0.43143247081496827 0 0 0 -1 0 0 0 0 0 0
-0.8241405487060547 -2.469468116760254 65.4947509765625 0.9901419960049379 -0.14006722581445488 0 0 0 -1 0 0 0 0 0 0
-0.6783008575439453 -2.1546640396118164 65.10499572753906 0.7470724780304793 -0.6647425912106123 0 0 0 -1 0 0 0 0 0 0
-0.3825874328613281 -1.973221778869629 64.71522521972656 0.25421549997794 -0.9671475996821612 0 0 0 -1 0 0 0 0 0 0
-0.0358734130859375 -1.9857988357543945 64.32546997070312 -0.32363481500000263 -0.9461820683779175 0 0 0 -1 0 0 0 0 0 0
0.24591445922851562 -2.188199043273926 63.935699462890625 -0.7932854464401771 -0.6088498997833611 0 0 0 -1 0 0 0 0 0 0
0.3685569763183594 -2.512742042541504 63.54594421386719 -0.997688967863502 -0.0679464745476916 0 0 0 -1 0 0 0 0 0 0
0.2910480499267578 -2.85091495513916 63.15617370605469 -0.8685074596865996 0.4956760963257452 0 0 0 -1 0 0 0 0 0 0
-0.06180000305175781 -3.1294336318969727 62.76641845703125 -0.28042434530916766 0.9598761308408105 0 0 0 -1 0 0 0 0 0 0
-0.4122123718261719 -3.1251916885375977 62.37664794921875 0.30359124527981995 0.9528023697438248 0 0 0 -1 0 0 0 0 0 0
-0.7004852294921875 -2.92592716217041 61.98689270019531 0.784050488344485 0.620697053099799 0 0 0 -1 0 0 0 0 0 0
-0.8282814025878906 -2.599625587463379 61.59712219238281 0.997041403342559 0.07686637769988042 0 0 0 -1 0 0 0 0 0 0
-0.7520046234130859 -2.2575883865356445 61.207366943359375 0.869917333749943 -0.4931975592411119 0 0 0 -1 0 0 0 0 0 0
-0.4976768493652344 -2.0164995193481445 60.817596435546875 0.44603289543545527 -0.8950165675502684 0 0 0 -1 0 0 0 0 0 0
-0.1520538330078125 -1.9586000442504883 60.42784118652344 -0.13000754684929977 -0.9915130043333911 0 0 0 -1 0 0 0 0 0 0
0.16695785522460938 -2.103642463684082 60.03807067871094 -0.6616878722545786 -0.7497794073667323 0 0 0 -1 0 0 0 0 0 0
0.355560302734375 -2.4229211807250977 59.6483154296875 -0.9760291991178671 -0.21763961603838308 0 0 0 -1 0 0 0 0 0 0
0.3308906555175781 -2.7664384841918945 59.258544921875 -0.9349125709254538 0.35487812658088436 0 0 0 -1 0 0 0 0 0 0
0.12139892578125 -3.039799690246582 58.86878967285156 -0.5857567904112234 0.810486879898214 0 0 0 -1 0 0 0 0 0 0
-0.20389175415039062 -3.152939796447754 58.47901916503906 -0.04360495661184155 0.9990488515377411 0 0 0 -1 0 0 0 0 0 0
-0.5378017425537109 -3.0685739517211914 58.089263916015625 0.5129092661236396 0.8584428255419865 0 0 0 -1 0 0 0 0 0 0
-0.7703151702880859 -2.814507484436035 57.699493408203125 0.9004310305807165 0.43499880363898547 0 0 0 -1 0 0 0 0 0 0
-0.8248233795166016 -2.474442481994629 57.30973815917969 0.9912795628525002 -0.13177567404857432 0 0 0 -1 0 0 0 0 0 0
-0.6833667755126953 -2.1604318618774414 56.91996765136719 0.7555171021780385 -0.6551289249579043 0 0 0 -1 0 0 0 0 0 0
-0.3925514221191406 -1.9759302139282227 56.53021240234375 0.27082387956667925 -0.9626289140974589 0 0 0 -1 0 0 0 0 0 0
-0.09654045104980469 -1.968552589416504 56.14044952392578 -0.22252638906472008 -0.974926667072871 0 0 0 -1 0 0 0 0 0 0
0.2109394073486328 -2.146664619445801 55.75068664550781 -0.7349952609143962 -0.6780722427834505 0 0 0 -1 0 0 0 0 0 0
0.3637428283691406 -2.4674692153930664 55.360923767089844 -0.9896650071165065 -0.14339865302395696 0 0 0 -1 0 0 0 0 0 0
0.3082771301269531 -2.818455696105957 54.971160888671875 -0.8972200555962515 0.4415837087527791 0 0 0 -1 0 0 0 0 0 0
0.06399917602539062 -3.076512336730957 54.581398010253906 -0.4900934344029106 0.8716699063035044 0 0 0 -1 0 0 0 0 0 0
-0.2834186553955078 -3.1511316299438477 54.19163513183594 0.08893829850507322 0.9960371373894763 0 0 0 -1 0 0 0 0 0 0
-0.6121177673339844 -3.016140937805176 53.80187225341797 0.6367702452701233 0.7710536004316606 0 0 0 -1 0 0 0 0 0 0
-0.8068141937255859 -2.718888282775879 53.412109375 0.9612627097712642 0.2756338201368012 0 0 0 -1 0 0 0 0 0 0
-0.8143386840820312 -2.41707706451416 53.02234649658203 0.9738037896202347 -0.22738992792397283 0 0 0 -1 0 0 0 0 0 0
-0.6250209808349609 -2.101841926574707 52.63258361816406 0.6582774034967187 -0.7527754379930435 0 0 0 -1 0 0 0 0 0 0
-0.2873554229736328 -1.9562501907348633 52.242820739746094 0.09549605301880926 -0.9954298086042174 0 0 0 -1 0 0 0 0 0 0
0.07183265686035156 -2.034989356994629 51.853057861328125 -0.5031488336522351 -0.8641997750487994 0 0 0 -1 0 0 0 0 0 0
0.3176307678222656 -2.3084802627563477 51.463294982910156 -0.912809887582513 -0.40838475624293347 0 0 0 -1 0 0 0 0 0 0
0.35771942138671875 -2.674004554748535 51.07353210449219 -0.9796277801068582 0.20082184254435323 0 0 0 -1 0 0 0 0 0 0
0.17704200744628906 -2.9942712783813477 50.68376922607422 -0.678492333982682 0.7346074820791936 0 0 0 -1 0 0 0 0 0 0
-0.1565399169921875 -3.1489877700805664 50.29400634765625 -0.12253080151241241 0.9924647110505873 0 0 0 -1 0 0 0 0 0 0
-0.5177345275878906 -3.080044746398926 49.90424346923828 0.47946359652292203 0.877561769683083 0 0 0 -1 0 0 0 0 0 0
-0.7708778381347656 -2.813340187072754 49.51448059082031 0.9013664774236564 0.433057124842519 0 0 0 -1 0 0 0 0 0 0
-0.820892333984375 -2.449040412902832 49.124717712402344 0.9847247120107507 -0.17411846988571897 0 0 0 -1 0 0 0 0 0 0
-0.6489887237548828 -2.123978614807129 48.734954833984375 0.6982189022252391 -0.7158843234597206 0 0 0 -1 0 0 0 0 0 0
-0.3925514221191406 -1.9759302139282227 48.345191955566406 0.27082387956667925 -0.9626289140974589 0 0 0 -1 0 0 0 0 0 0
-0.03723716735839844 -1.985337257385254 47.95542907714844 -0.3213662352744069 -0.9469549845824535 0 0 0 -1 0 0 0 0 0 0
0.2504100799560547 -2.1941308975219727 47.56566619873047 -0.8007768543084648 -0.5989627948410815 0 0 0 -1 0 0 0 0 0 0
0.3694438934326172 -2.529046058654785 47.1759033203125 -0.9991684542662223 -0.0407725397694107 0 0 0 -1 0 0 0 0 0 0
0.2780933380126953 -2.872544288635254 46.78614044189453 -0.8469164863995184 0.5317259304046535 0 0 0 -1 0 0 0 0 0 0
0.008415221236646175 -3.104081153869629 46.39637756347656 -0.39745534874726746 0.9176215155237958 0 0 0 -1 0 0 0 0 0 0
-0.34494972229003906 -3.1424074172973633 46.006614685058594 0.19148584328965007 0.981495375342977 0 0 0 -1 0 0 0 0 0 0
-0.6579971313476562 -2.974064826965332 45.616851806640625 0.7132339867006786 0.700926016220725 0 0 0 -1 0 0 0 0 0 0
-0.8208637237548828 -2.658135414123535 45.227088928222656 0.9846790722158312 0.1743763881383314 0 0 0 -1 0 0 0 0 0 0
-0.7763957977294922 -2.3054895401000977 44.83732604980469 0.910564063424764 -0.41336797940743103 0 0 0 -1 0 0 0 0 0 0
-0.5401992797851562 -2.039883613586426 44.44756317138672 0.5169043150345217 -0.8560431817955749 0 0 0 -1 0 0 0 0 0 0
-0.1951618194580078 -1.9545259475708008 44.05780029296875 -0.05815737093994333 -0.9983074277021853 0 0 0 -1 0 0 0 0 0 0
0.13762855529785156 -2.07936954498291 43.66803741455078 -0.6128059324539216 -0.7902334396551943 0 0 0 -1 0 0 0 0 0 0
0.3413867950439453 -2.3706064224243164 43.27827453613281 -0.9524040837686676 -0.30483841821654456 0 0 0 -1 0 0 0 0 0 0
0.3446044921875 -2.7260332107543945 42.888511657714844 -0.9577691389473931 0.2875383043699904 0 0 0 -1 0 0 0 0 0 0
0.14615440368652344 -3.0209131240844727 42.498748779296875 -0.6270176255188685 0.7790050688465896 0 0 0 -1 0 0 0 0 0 0
-0.18432044982910156 -3.1517648696899414 42.108985900878906 -0.07622632090838515 0.9970905415260801 0 0 0 -1 0 0 0 0 0 0
-0.5308475494384766 -3.072667121887207 41.71922302246094 0.5013184122563935 0.8652628788597884 0 0 0 -1 0 0 0 0 0 0
-0.7718143463134766 -2.8113794326782227 41.32946014404297 0.9029318482443728 0.42978375658696205 0 0 0 -1 0 0 0 0 0 0
-0.8226604461669922 -2.4595956802368164 40.939697265625 0.9876737438027344 -0.15652659774840338 0 0 0 -1 0 0 0 0 0 0
-0.6655426025390625 -2.14077091217041 40.54993438720703 0.7258082050923574 -0.6878971212475092 0 0 0 -1 0 0 0 0 0 0
-0.3555946350097656 -1.9667901992797852 40.16017150878906 0.20923101745818276 -0.9778662389782222 0 0 0 -1 0 0 0 0 0 0
-0.0015926372725516558 -1.9987077713012695 39.770408630371094 -0.38077293861436207 -0.9246685726350728 0 0 0 -1 0 0 0 0 0 0
0.2722339630126953 -2.2253236770629883 39.380645751953125 -0.8371463702421063 -0.5469789345033925 0 0 0 -1 0 0 0 0 0 0
0.36978912353515625 -2.567112922668457 38.990882873535156 -0.999742888672023 0.022675020390707373 0 0 0 -1 0 0 0 0 0 0
0.2568378448486328 -2.9041261672973633 38.60111999511719 -0.8114960360245197 0.5843579241496532 0 0 0 -1 0 0 0 0 0 0
-0.026981355622410774 -3.118096351623535 38.21135711669922 -0.33846140375365663 0.9409802751222283 0 0 0 -1 0 0 0 0 0 0
-0.3820667266845703 -3.13393497467041 37.82159423828125 0.2533521421755003 0.9673741220722648 0 0 0 -1 0 0 0 0 0 0
-0.6838054656982422 -2.946080207824707 37.43183135986328 0.7562461342838235 0.6542872338512904 0 0 0 -1 0 0 0 0 0 0
-0.8263092041015625 -2.620457649230957 37.04206848144531 0.9937554816094718 0.11157975968394476 0 0 0 -1 0 0 0 0 0 0
-0.7595672607421875 -2.2713403701782227 36.652305603027344 0.882515631645266 -0.47028306359229793 0 0 0 -1 0 0 0 0 0 0
-0.5069999694824219 -2.0212488174438477 36.262542724609375 0.46157510362508813 -0.887101134997295 0 0 0 -1 0 0 0 0 0 0
-0.15724563598632812 -1.9579439163208008 35.872779846191406 -0.12135259367634067 -0.9926094639927754 0 0 0 -1 0 0 0 0 0 0
0.16695785522460938 -2.103642463684082 35.48301696777344 -0.6616878722545786 -0.7497794073667323 0 0 0 -1 0 0 0 0 0 0
0.355560302734375 -2.4229211807250977 35.09325408935547 -0.9760291991178671 -0.21763961603838308 0 0 0 -1 0 0 0 0 0 0
0.3328418731689453 -2.761223793029785 34.7034912109375 -0.9381626397413019 0.34619483155245484 0 0 0 -1 0 0 0 0 0 0
0.13036537170410156 -3.0331926345825195 34.31372833251953 -0.6007034683171607 0.799471915173844 0 0 0 -1 0 0 0 0 0 0
-0.1872119903564453 -3.1519784927368164 33.92396545410156 -0.07140731317542735 0.9974472395194977 0 0 0 -1 0 0 0 0 0 0
-0.5184707641601562 -3.079644203186035 33.534202575683594 0.48068777730849677 0.87689181815445 0 0 0 -1 0 0 0 0 0 0
-0.7576255798339844 -2.839287757873535 33.144439697265625 0.8792832541700072 0.4762992325589055 0 0 0 -1 0 0 0 0 0 0
-0.8283023834228516 -2.5076723098754883 32.754676818847656 0.9970776382657317 -0.07639491652218015 0 0 0 -1 0 0 0 0 0 0
-0.7079315185546875 -2.1906938552856445 32.36491394042969 0.7964620766931744 -0.6046884821042948 0 0 0 -1 0 0 0 0 0 0
-0.4349517822265625 -1.989579200744629 31.97515106201172 0.34149351544505585 -0.9398841305761991 0 0 0 -1 0 0 0 0 0 0
-0.09654045104980469 -1.968552589416504 31.58538818359375 -0.22252638906472008 -0.974926667072871 0 0 0 -1 0 0 0 0 0 0
0.16695594787597656 -2.1036386489868164 31.19562530517578 -0.6616823059624442 -0.7497843196388029 0 0 0 -1 0 0 0 0 0 0
0.3520183563232422 -2.4079408645629883 30.805862426757812 -0.9701230279662059 -0.24261350046870883 0 0 0 -1 0 0 0 0 0 0
0.3319835662841797 -2.763535499572754 30.416099548339844 -0.9367333872054016 0.35004365626975026 0 0 0 -1 0 0 0 0 0 0
0.11391258239746094 -3.0451250076293945 30.026336669921875 -0.5732793518378374 0.819359984839624 0 0 0 -1 0 0 0 0 0 0
-0.2253570556640625 -3.153489112854004 29.636573791503906 -0.00783136902119344 0.9999693343594362 0 0 0 -1 0 0 0 0 0 0
-0.5662841796875 -3.050450325012207 29.246810913085938 0.5603781886917215 0.8282368535863308 0 0 0 -1 0 0 0 0 0 0
-0.7887382507324219 -2.772313117980957 28.85704803466797 0.9311351402289408 0.364674307609997 0 0 0 -1 0 0 0 0 0 0
-0.8143386840820312 -2.41707706451416 28.46728515625 0.9738037896202347 -0.22738992792397283 0 0 0 -1 0 0 0 0 0 0
-0.6359577178955078 -2.1116456985473633 28.07752227783203 0.6765036184621784 -0.7364393078914102 0 0 0 -1 0 0 0 0 0 0
-0.3128833770751953 -1.9592523574829102 27.687759399414062 0.13804656199440749 -0.9904257401347786 0 0 0 -1 0 0 0 0 0 0
0.03955078125 -2.0174951553344727 27.297996520996094 -0.44934407162000944 -0.8933587774796596 0 0 0 -1 0 0 0 0 0 0
0.29642295837402344 -2.2657251358032227 26.908233642578125 -0.8774642961853681 -0.4796419590902328 0 0 0 -1 0 0 0 0 0 0
0.3666839599609375 -2.615960121154785 26.518470764160156 -0.9945683489155434 0.104085538550801 0 0 0 -1 0 0 0 0 0 0
0.225433349609375 -2.944058418273926 26.128707885742188 -0.7591536355239912 0.6509114822083776 0 0 0 -1 0 0 0 0 0 0
-0.07726669311523438 -3.1337289810180664 25.73894500732422 -0.2546471013756646 0.967034049949107 0 0 0 -1 0 0 0 0 0 0
-0.43412208557128906 -3.117741584777832 25.34918212890625 0.34010705545968767 0.9403867240803333 0 0 0 -1 0 0 0 0 0 0
-0.7186470031738281 -2.901761054992676 24.95941925048828 0.8143194374908513 0.5804169654003778 0 0 0 -1 0 0 0 0 0 0
-0.8299922943115234 -2.562344551086426 24.569656372070312 0.9998914866229488 0.014731428272554623 0 0 0 -1 0 0 0 0 0 0
-0.7286891937255859 -2.2197961807250977 24.179893493652344 0.8310581767252978 -0.5561854968425763 0 0 0 -1 0 0 0 0 0 0
-0.4506492614746094 -1.995530128479004 23.790130615234375 0.3676513299969731 -0.9299637087281721 0 0 0 -1 0 0 0 0 0 0
-0.09441947937011719 -1.969040870666504 23.400367736816406 -0.22605936730440054 -0.9741135264710854 0 0 0 -1 0 0 0 0 0 0
0.21373367309570312 -2.149716377258301 23.010604858398438 -0.7396491036615752 -0.6729927216936512 0 0 0 -1 0 0 0 0 0 0
0.36458587646484375 -2.4735116958618164 22.62084197998047 -0.991071014453367 -0.13333508281909132 0 0 0 -1 0 0 0 0 0 0
0.3046684265136719 -2.8256654739379883 22.2310791015625 -0.8912101229874336 0.45359069289914167 0 0 0 -1 0 0 0 0 0 0
0.055217742919921875 -3.081353187561035 21.84131622314453 -0.4754581313481177 0.8797383504968712 0 0 0 -1 0 0 0 0 0 0
-0.2953472137451172 -3.1499452590942383 21.451553344726562 0.10882065831099087 0.9940613986695002 0 0 0 -1 0 0 0 0 0 0
-0.6227703094482422 -3.007134437561035 21.061790466308594 0.654524654722423 0.7560406578752845 0 0 0 -1 0 0 0 0 0 0
-0.8109970092773438 -2.7035341262817383 20.672027587890625 0.9682347513096783 0.2500429290267678 0 0 0 -1 0 0 0 0 0 0
-0.7933101654052734 -2.3467607498168945 20.282264709472656 0.9387572552280135 -0.3445791864822458 0 0 0 -1 0 0 0 0 0 0
-0.5759792327880859 -2.063267707824707 19.892501831054688 0.5765433310337575 -0.8170665746684899 0 0 0 -1 0 0 0 0 0 0
-0.2360363006591797 -1.953537940979004 19.50273895263672 0.00996864911101473 -0.9999503117829912 0 0 0 -1 0 0 0 0 0 0
0.10602569580078125 -2.0564699172973633 19.11297607421875 -0.5601397881069188 -0.8283981034379161 0 0 0 -1 0 0 0 0 0 0
0.3289642333984375 -2.335576057434082 18.72321319580078 -0.9317046235421427 -0.3632168697489062 0 0 0 -1 0 0 0 0 0 0
0.353759765625 -2.6919260025024414 18.333450317382812 -0.9730252358796466 0.23069870034605297 0 0 0 -1 0 0 0 0 0 0
0.17162132263183594 -2.9992151260375977 17.943687438964844 -0.6694629592995504 0.7428454389211047 0 0 0 -1 0 0 0 0 0 0
-0.1528911590576172 -3.148526191711426 17.553924560546875 -0.12861103871484983 0.9916951148012616 0 0 0 -1 0 0 0 0 0 0
-0.5047550201416016 -3.0869340896606445 17.164161682128906 0.4578270790170061 0.8890412621013469 0 0 0 -1 0 0 0 0 0 0
-0.7592506408691406 -2.83626651763916 16.774398803710938 0.8819933423391136 0.47126186358486455 0 0 0 -1 0 0 0 0 0 0
-0.8261756896972656 -2.485379219055176 16.38463592529297 0.993531768540147 -0.11355450189881514 0 0 0 -1 0 0 0 0 0 0
-0.6818065643310547 -2.1586389541625977 15.994874000549316 0.7529168102371483 -0.6581157017290488 0 0 0 -1 0 0 0 0 0 0
-0.3773155212402344 -1.9718599319458008 15.605111122131348 0.2454305423207074 -0.9694141782005066 0 0 0 -1 0 0 0 0 0 0
-0.020627977326512337 -1.991246223449707 15.215348243713379 -0.3490507733035083 -0.9371038137027418 0 0 0 -1 0 0 0 0 0 0
0.2618274688720703 -2.20992374420166 14.82558536529541 -0.8198057863820591 -0.5726416616126474 0 0 0 -1 0 0 0 0 0 0
0.3699359893798828 -2.5503854751586914 14.435822486877441 -0.9999864490790897 -0.005205925296548132 0 0 0 -1 0 0 0 0 0 0
0.2653770446777344 -2.891953468322754 14.046059608459473 -0.8257243803040194 0.5640737963879755 0 0 0 -1 0 0 0 0 0 0
-0.014785767532885075 -3.113560676574707 13.656296730041504 -0.3587828403014678 0.9334210590645635 0 0 0 -1 0 0 0 0 0 0
-0.37125205993652344 -3.1366586685180664 13.266533851623535 0.23532722625915772 0.971916198332537 0 0 0 -1 0 0 0 0 0 0
-0.6776714324951172 -2.953061103820801 12.876770973205566 0.7460229575388433 0.6659202255713497 0 0 0 -1 0 0 0 0 0 0
-0.8254337310791016 -2.6278390884399414 12.487008094787598 0.9922975419499935 0.12387731123979419 0 0 0 -1 0 0 0 0 0 0
-0.7621669769287109 -2.2762765884399414 12.097245216369629 0.886853170389307 -0.4620513544731092 0 0 0 -1 0 0 0 0 0 0
-0.5102939605712891 -2.02297306060791 11.70748233795166 0.4670642654607098 -0.884223372191466 0 0 0 -1 0 0 0 0 0 0
-0.1590900421142578 -1.957718849182129 11.317719459533691 -0.11827715929329126 -0.9929806209536567 0 0 0 -1 0 0 0 0 0 0
0.16695785522460938 -2.103642463684082 10.927956581115723 -0.6616878722545786 -0.7497794073667323 0 0 0 -1 0 0 0 0 0 0
0.355560302734375 -2.4229211807250977 10.538193702697754 -0.9760291991178671 -0.21763961603838308 0 0 0 -1 0 0 0 0 0 0
0.3328418731689453 -2.761223793029785 10.148430824279785 -0.9381626397413019 0.34619483155245484 0 0 0 -1 0 0 0 0 0 0
0.13036537170410156 -3.0331926345825195 9.758667945861816 -0.6007034683171607 0.799471915173844 0 0 0 -1 0 0 0 0 0 0
-0.1872119903564453 -3.1519784927368164 9.368905067443848 -0.07140731317542735 0.9974472395194977 0 0 0 -1 0 0 0 0 0 0
-0.5184707641601562 -3.079644203186035 8.979142189025879 0.48068777730849677 0.87689181815445 0 0 0 -1 0 0 0 0 0 0
-0.7576255798339844 -2.839287757873535 8.58937931060791 0.8792832541700072 0.4762992325589055 0 0 0 -1 0 0 0 0 0 0
-0.8283023834228516 -2.5076723098754883 8.199616432189941 0.9970776382657317 -0.07639491652218015 0 0 0 -1 0 0 0 0 0 0
-0.7079315185546875 -2.1906938552856445 7.809853553771973 0.7964620766931744 -0.6046884821042948 0 0 0 -1 0 0 0 0 0 0
-0.4349517822265625 -1.989579200744629 7.420090675354004 0.34149351544505585 -0.9398841305761991 0 0 0 -1 0 0 0 0 0 0
-0.09654045104980469 -1.968552589416504 7.030327796936035 -0.22252638906472008 -0.974926667072871 0 0 0 -1 0 0 0 0 0 0
0.16695594787597656 -2.1036386489868164 6.640564918518066 -0.6616823059624442 -0.7497843196388029 0 0 0 -1 0 0 0 0 0 0
0.3520183563232422 -2.4079408645629883 6.250802040100098 -0.9701230279662059 -0.24261350046870883 0 0 0 -1 0 0 0 0 0 0
0.3319835662841797 -2.763535499572754 5.861039161682129 -0.9367333872054016 0.35004365626975026 0 0 0 -1 0 0 0 0 0 0
0.11391258239746094 -3.0451250076293945 5.47127628326416 -0.5732793518378374 0.819359984839624 0 0 0 -1 0 0 0 0 0 0
-0.2253570556640625 -3.153489112854004 5.081513404846191 -0.00783136902119344 0.9999693343594362 0 0 0 -1 0 0 0 0 0 0
-0.5662841796875 -3.050450325012207 4.691750526428223 0.5603781886917215 0.8282368535863308 0 0 0 -1 0 0 0 0 0 0
-0.7887382507324219 -2.772313117980957 4.301987648010254 0.9311351402289408 0.364674307609997 0 0 0 -1 0 0 0 0 0 0
-0.8143386840820312 -2.41707706451416 3.912224531173706 0.9738037896202347 -0.22738992792397283 0 0 0 -1 0 0 0 0 0 0
-0.6359577178955078 -2.1116456985473633 3.5224616527557373 0.6765036184621784 -0.7364393078914102 0 0 0 -1 0 0 0 0 0 0
-0.3133811950683594 -1.959324836730957 3.1326987743377686 0.13887232379198491 -0.9903102936376124 0 0 0 -1 0 0 0 0 0 0
0.0386505126953125 -2.0170412063598633 2.7429358959198 -0.44784627568967234 -0.8941105710989498 0 0 0 -1 0 0 0 0 0 0
0.2956962585449219 -2.264397621154785 2.353173017501831 -0.8762525055441902 -0.48185220402892104 0 0 0 -1 0 0 0 0 0 0
0.36689186096191406 -2.6139535903930664 1.9634101390838623 -0.9949126145377798 0.10074169659877241 0 0 0 -1 0 0 0 0 0 0
0.2270679473876953 -2.942143440246582 1.5736472606658936 -0.7618742591511085 0.6477249518452639 0 0 0 -1 0 0 0 0 0 0
-0.07434463500976562 -3.132950782775879 1.1838843822479248 -0.2595232019376016 0.9657368728882909 0 0 0 -1 0 0 0 0 0 0
-0.4308013916015625 -3.118931770324707 0.794121503829956 0.334569600957732 0.9423710426976117 0 0 0 -1 0 0 0 0 0 0
-0.7162971496582031 -2.905034065246582 0.4043586254119873 0.8104047345671489 0.5858704346450235 0 0 0 -1 0 0 0 0 0 0
-0.8299083709716797 -2.5668764114379883 0.014595753513276577 0.9997517192297358 0.022282277648111318 0 0 0 -1 0 0 0 0 0 0
-0.7314739227294922 -2.223996162414551 -0.3751671314239502 0.835700109644281 -0.5491860583996437 0 0 0 -1 0 0 0 0 0 0
-0.4557933807373047 -1.997593879699707 -0.764930009841919 0.3762313832430284 -0.9265257396656812 0 0 0 -1 0 0 0 0 0 0
-0.10031509399414062 -1.9677057266235352 -1.1546928882598877 -0.2162378160170035 -0.9763407227623954 0 0 0 -1 0 0 0 0 0 0
0.20930099487304688 -2.144894599914551 -1.5444557666778564 -0.7322625940349897 -0.6810223883083051 0 0 0 -1 0 0 0 0 0 0
0.3636054992675781 -2.466526985168457 -1.9342186450958252 -0.9894361140366053 -0.1449695700488284 0 0 0 -1 0 0 0 0 0 0
0.30805397033691406 -2.8189096450805664 -2.323981523513794 -0.8968497145862678 0.4423353811832485 0 0 0 -1 0 0 0 0 0 0
0.06228446960449219 -3.077469825744629 -2.7137444019317627 -0.4872406178107111 0.8732677598282422 0 0 0 -1 0 0 0 0 0 0
-0.28682708740234375 -3.1508188247680664 -3.1035072803497314 0.09461477765905821 0.9955139596452312 0 0 0 -1 0 0 0 0 0 0
-0.6158695220947266 -3.013016700744629 -3.4932701587677 0.6430239331650341 0.765846082040621 0 0 0 -1 0 0 0 0 0 0
-0.8085289001464844 -2.712784767150879 -3.883033037185669 0.9641222308040839 0.26545870501710234 0 0 0 -1 0 0 0 0 0 0
-0.7967033386230469 -2.356247901916504 -4.272795677185059 0.9444100336687308 -0.32876996259668684 0 0 0 -1 0 0 0 0 0 0
-0.5845699310302734 -2.069443702697754 -4.662558555603027 0.590857930870939 -0.8067756227892069 0 0 0 -1 0 0 0 0 0 0
-0.2471179962158203 -1.953751564025879 -5.052321434020996 0.028436297635453626 -0.9995956067214321 0 0 0 -1 0 0 0 0 0 0
0.09636497497558594 -2.05007266998291 -5.442084312438965 -0.5440407313354014 -0.8390588076219936 0 0 0 -1 0 0 0 0 0 0
0.3244590759277344 -2.3243532180786133 -5.831847190856934 -0.9241918310455556 -0.3819286051458614 0 0 0 -1 0 0 0 0 0 0
0.3565349578857422 -2.679642677307129 -6.221610069274902 -0.977653246012379 0.21022400091678056 0 0 0 -1 0 0 0 0 0 0
0.18125534057617188 -2.990342140197754 -6.611372947692871 -0.685517096712839 0.7280565294772107 0 0 0 -1 0 0 0 0 0 0
-0.1394214630126953 -3.146622657775879 -7.00113582611084 -0.1510622492157492 0.9885242520352644 0 0 0 -1 0 0 0 0 0 0
-0.4921379089355469 -3.0932435989379883 -7.390898704528809 0.43679852523496676 0.899559363439989 0 0 0 -1 0 0 0 0 0 0
-0.7522087097167969 -2.8490686416625977 -7.780657768249512 0.8702541325526224 0.49260302960404423 0 0 0 -1 0 0 0 0 0 0
-0.8277034759521484 -2.5004167556762695 -8.17042064666748 0.9960771031092778 -0.08848957374419628 0 0 0 -1 0 0 0 0 0 0
-0.6919307708740234 -2.1705331802368164 -8.56018352508545 0.7697938608501461 -0.6382925753895514 0 0 0 -1 0 0 0 0 0 0
-0.39288902282714844 -1.9760255813598633 -8.949946403503418 0.27138754714274627 -0.9624701549948671 0 0 0 -1 0 0 0 0 0 0
-0.03628730773925781 -1.9856576919555664 -9.339709281921387 -0.3229482754619542 -0.94641661617712 0 0 0 -1 0 0 0 0 0 0
0.2518177032470703 -2.1960229873657227 -9.729472160339355 -0.8031240945420796 -0.5958117897171596 0 0 0 -1 0 0 0 0 0 0
0.3695850372314453 -2.5327539443969727 -10.119235038757324 -0.9994015806000569 -0.03459018204791681 0 0 0 -1 0 0 0 0 0 0
0.27538108825683594 -2.876824378967285 -10.508997917175293 -0.8423960816607191 0.5388588327221396 0 0 0 -1 0 0 0 0 0 0
0.0025081622879952192 -3.106602668762207 -10.898760795593262 -0.3876080298930685 0.9218242864897921 0 0 0 -1 0 0 0 0 0 0
-0.35257530212402344 -3.140866279602051 -11.28852367401123 0.20419843012550234 0.9789295179604508 0 0 0 -1 0 0 0 0 0 0
-0.6643486022949219 -2.967503547668457 -11.6782865524292 0.72382087521897 0.6899879278634117 0 0 0 -1 0 0 0 0 0 0
-0.8226032257080078 -2.647793769836426 -12.068049430847168 0.9875759537497578 0.15714240540113958 0 0 0 -1 0 0 0 0 0 0
-0.7713947296142578 -2.294754981994629 -12.457812309265137 0.9022317926441997 -0.43125142590145 0 0 0 -1 0 0 0 0 0 0
-0.5288257598876953 -2.0331850051879883 -12.847575187683105 0.4979484651333239 -0.867206622478961 0 0 0 -1 0 0 0 0 0 0
-0.18064498901367188 -1.9555482864379883 -13.237338066101074 -0.08235277722011601 -0.9966032410564065 0 0 0 -1 0 0 0 0 0 0
0.1500701904296875 -2.0892839431762695 -13.627100944519043 -0.6335413948067067 -0.7737087960378716 0 0 0 -1 0 0 0 0 0 0
0.34641265869140625 -2.3871240615844727 -14.016863822937012 -0.96078166477242 -0.27730595492548865 0 0 0 -1 0 0 0 0 0 0
0.3389759063720703 -2.743779182434082 -14.40662670135498 -0.9483878081675657 0.3171128589621055 0 0 0 -1 0 0 0 0 0 0
0.13039016723632812 -3.0331735610961914 -14.79638957977295 -0.6007483165820651 0.7994382153261221 0 0 0 -1 0 0 0 0 0 0
-0.2056121826171875 -3.153012275695801 -15.186152458190918 -0.04073870830507079 0.9991698342352187 0 0 0 -1 0 0 0 0 0 0
-0.5502548217773438 -3.0609254837036133 -15.575915336608887 0.5336649583186707 0.8456959928146351 0 0 0 -1 0 0 0 0 0 0
-0.7817096710205078 -2.789475440979004 -15.965678215026855 0.9194175635129818 0.39328277854980104 0 0 0 -1 0 0 0 0 0 0
-0.8181571960449219 -2.4346094131469727 -16.35544204711914 0.9801692370622764 -0.19816222323327695 0 0 0 -1 0 0 0 0 0 0
-0.6489887237548828 -2.123978614807129 -16.74520492553711 0.6982189022252391 -0.7158843234597206 0 0 0 -1 0 0 0 0 0 0
-0.35010528564453125 -1.965641975402832 -17.134967803955078 0.20008025064543156 -0.9797795125953906 0 0 0 -1 0 0 0 0 0 0
-0.013071061111986637 -1.9941186904907227 -17.524730682373047 -0.36164588396715136 -0.9323155338240469 0 0 0 -1 0 0 0 0 0 0
0.2550086975097656 -2.200364112854004 -17.914493560791016 -0.808442453385409 -0.58857522846632 0 0 0 -1 0 0 0 0 0 0
0.3689403533935547 -2.5188302993774414 -18.304256439208984 -0.9983279602213307 -0.05780383932159772 0 0 0 -1 0 0 0 0 0 0
0.29252052307128906 -2.848320960998535 -18.694019317626953 -0.8709600016761033 0.4913539207947384 0 0 0 -1 0 0 0 0 0 0
0.0500335693359375 -3.084122657775879 -19.083782196044922 -0.4668156579759154 0.884354646885803 0 0 0 -1 0 0 0 0 0 0
-0.281463623046875 -3.151303291320801 -19.47354507446289 0.08567942627954588 0.9963227568977875 0 0 0 -1 0 0 0 0 0 0
-0.5966224670410156 -3.0285120010375977 -19.86330795288086 0.6109422129585944 0.7916751937665191 0 0 0 -1 0 0 0 0 0 0
-0.7952919006347656 -2.7547731399536133 -20.253070831298828 0.94206246464602 0.33543749448305005 0 0 0 -1 0 0 0 0 0 0
-0.8143386840820312 -2.41707706451416 -20.642833709716797 0.9738037896202347 -0.22738992792397283 0 0 0 -1 0 0 0 0 0 0
-0.6359577178955078 -2.1116456985473633 -21.032596588134766 0.6765036184621784 -0.7364393078914102 0 0 0 -1 0 0 0 0 0 0
-0.30049896240234375 -1.957657814025879 -21.422359466552734 0.11740236433240414 -0.9930844298694657 0 0 0 -1 0 0 0 0 0 0
0.061618804931640625 -2.0291757583618164 -21.812122344970703 -0.48612583206511484 -0.8738888232487013 0 0 0 -1 0 0 0 0 0 0
0.3133506774902344 -2.299130439758301 -22.201885223388672 -0.9056762946407817 -0.42396986841725415 0 0 0 -1 0 0 0 0 0 0
0.35942649841308594 -2.6653566360473633 -22.59164810180664 -0.9824709921656902 0.18641552926986615 0 0 0 -1 0 0 0 0 0 0
0.18240737915039062 -2.989254951477051 -22.98141098022461 -0.6874417874159621 0.7262394845464871 0 0 0 -1 0 0 0 0 0 0
-0.1507129669189453 -3.148240089416504 -23.371173858642578 -0.132241253355114 0.9912175598278455 0 0 0 -1 0 0 0 0 0 0
-0.5138607025146484 -3.0821428298950195 -23.760936737060547 0.47300987861288113 0.8810571234231226 0 0 0 -1 0 0 0 0 0 0
-0.7695999145507812 -2.815983772277832 -24.150699615478516 0.8992391445113281 0.4374573818996941 0 0 0 -1 0 0 0 0 0 0
-0.8211460113525391 -2.450486183166504 -24.540462493896484 0.9851482808137552 -0.17170575065996674 0 0 0 -1 0 0 0 0 0 0
-0.6489887237548828 -2.123978614807129 -24.930225372314453 0.6982189022252391 -0.7158843234597206 0 0 0 -1 0 0 0 0 0 0
-0.3925514221191406 -1.9759302139282227 -25.319988250732422 0.27082387956667925 -0.9626289140974589 0 0 0 -1 0 0 0 0 0 0
-0.03597259521484375 -1.9857683181762695 -25.70975112915039 -0.32347542157498943 -0.9462365727643816 0 0 0 -1 0 0 0 0 0 0
0.25200462341308594 -2.196274757385254 -26.09951400756836 -0.8034321607851185 -0.5953963075264705 0 0 0 -1 0 0 0 0 0 0
0.3695945739746094 -2.5330514907836914 -26.489276885986328 -0.9994185380259641 -0.03409671318535783 0 0 0 -1 0 0 0 0 0 0
0.27523231506347656 -2.8770570755004883 -26.879039764404297 -0.8421511602752814 0.5392415258926166 0 0 0 -1 0 0 0 0 0 0
0.0022697437088936567 -3.106705665588379 -27.268802642822266 -0.3872053955257369 0.9219934824475483 0 0 0 -1 0 0 0 0 0 0
-0.3528099060058594 -3.1408166885375977 -27.658565521240234 0.2045872989690195 0.9788483218050491 0 0 0 -1 0 0 0 0 0 0
-0.6645011901855469 -2.967339515686035 -28.048328399658203 0.724075492557251 0.6897207268728222 0 0 0 -1 0 0 0 0 0 0
-0.8226337432861328 -2.6475915908813477 -28.438091278076172 0.9876293788003736 0.15680628217768539 0 0 0 -1 0 0 0 0 0 0
-0.7713146209716797 -2.2945871353149414 -28.82785415649414 0.9020932054382802 -0.4315412479729932 0 0 0 -1 0 0 0 0 0 0
-0.5286827087402344 -2.0331010818481445 -29.21761703491211 0.4977082707477665 -0.8673444974341326 0 0 0 -1 0 0 0 0 0 0
-0.1804981231689453 -1.9555597305297852 -29.607379913330078 -0.0825942051715807 -0.9965832615853404 0 0 0 -1 0 0 0 0 0 0
0.15016937255859375 -2.0893678665161133 -29.997142791748047 -0.633713620978542 -0.7735677388479079 0 0 0 -1 0 0 0 0 0 0
0.34644317626953125 -2.38723087310791 -30.386905670166016 -0.9608333589310292 -0.2771267875275066 0 0 0 -1 0 0 0 0 0 0
0.3389453887939453 -2.7438669204711914 -30.776668548583984 -0.9483382894513456 0.3172609159043957 0 0 0 -1 0 0 0 0 0 0
0.13033103942871094 -3.033219337463379 -31.166431427001953 -0.600646058323871 0.7995150484012149 0 0 0 -1 0 0 0 0 0 0
-0.20566749572753906 -3.153012275695801 -31.556194305419922 -0.04064909922870805 0.999173483801434 0 0 0 -1 0 0 0 0 0 0
-0.5502853393554688 -3.060906410217285 -31.94595718383789 0.5337162579450961 0.8456636187072752 0 0 0 -1 0 0 0 0 0 0
-0.7817173004150391 -2.789456367492676 -32.33572006225586 0.9194323366598314 0.3932482400523144 0 0 0 -1 0 0 0 0 0 0
-0.8181571960449219 -2.4346094131469727 -32.72548294067383 0.9801692370622764 -0.19816222323327695 0 0 0 -1 0 0 0 0 0 0
-0.6489887237548828 -2.123978614807129 -33.1152458190918 0.6982189022252391 -0.7158843234597206 0 0 0 -1 0 0 0 0 0 0
-0.33296966552734375 -1.9623994827270508 -33.505008697509766 0.1715213357450928 -0.9851804055015606 0 0 0 -1 0 0 0 0 0 0
0.019062040373682976 -2.0076684951782227 -33.894771575927734 -0.41519384501130757 -0.9097329669000275 0 0 0 -1 0 0 0 0 0 0
0.2839202880859375 -2.2439470291137695 -34.2845344543457 -0.8566269761424053 -0.5159362593820278 0 0 0 -1 0 0 0 0 0 0
0.36891937255859375 -2.588547706604004 -34.67429733276367 -0.9982933555129196 0.05839842753666554 0 0 0 -1 0 0 0 0 0 0
0.24431800842285156 -2.9208879470825195 -35.06406021118164 -0.7906285693875659 0.6122960601442501 0 0 0 -1 0 0 0 0 0 0
-0.04628181457519531 -3.1246728897094727 -35.45382308959961 -0.30628954047151025 0.9519384000016762 0 0 0 -1 0 0 0 0 0 0
-0.40119171142578125 -3.128586769104004 -35.84358596801758 0.2852257420126844 0.9584603675130828 0 0 0 -1 0 0 0 0 0 0
-0.6962146759033203 -2.931260108947754 -36.23334884643555 0.7769325437955302 0.6295838485788897 0 0 0 -1 0 0 0 0 0 0
-0.8281135559082031 -2.6017465591430664 -36.623111724853516 0.9967635562638785 0.08038913424204827 0 0 0 -1 0 0 0 0 0 0
-0.7507343292236328 -2.255356788635254 -37.012874603271484 0.8677967661502298 -0.49691928183479017 0 0 0 -1 0 0 0 0 0 0
-0.4911518096923828 -2.0132951736450195 -37.40263748168945 0.43515926239617236 -0.90035349521775 0 0 0 -1 0 0 0 0 0 0
-0.14020347595214844 -1.9602746963500977 -37.79240036010742 -0.14975469427116123 -0.9887231824650168 0 0 0 -1 0 0 0 0 0 0
0.17930221557617188 -2.1148462295532227 -38.18216323852539 -0.682262483153746 -0.7311073136557209 0 0 0 -1 0 0 0 0 0 0
0.355560302734375 -2.4229211807250977 -38.57192611694336 -0.9760291991178671 -0.21763961603838308 0 0 0 -1 0 0 0 0 0 0
0.3337593078613281 -2.758721351623535 -38.96168899536133 -0.9396924876893634 0.3420205090051992 0 0 0 -1 0 0 0 0 0 0
0.13222503662109375 -3.0317888259887695 -39.3514518737793 -0.6037989302563047 0.7971366581843679 0 0 0 -1 0 0 0 0 0 0
-0.18521881103515625 -3.151829719543457 -39.7412109375 -0.07472942119889064 0.9972038475694319 0 0 0 -1 0 0 0 0 0 0
-0.5170097351074219 -3.080441474914551 -40.13097381591797 0.47825576918083784 0.8782205982811181 0 0 0 -1 0 0 0 0 0 0
-0.7569904327392578 -2.840458869934082 -40.52073669433594 0.8782229544888918 0.4782514424534462 0 0 0 -1 0 0 0 0 0 0
-0.8283786773681641 -2.5086679458618164 -40.910499572753906 0.9972034608347442 -0.07473458168216777 0 0 0 -1 0 0 0 0 0 0
-0.7083339691162109 -2.1912240982055664 -41.300262451171875 0.7971292127889809 -0.6038087595575437 0 0 0 -1 0 0 0 0 0 0
-0.43526458740234375 -1.9896936416625977 -41.690025329589844 0.3420155562624428 -0.9396942903277063 0 0 0 -1 0 0 0 0 0 0
-0.09654045104980469 -1.968552589416504 -42.07978820800781 -0.22252638906472008 -0.974926667072871 0 0 0 -1 0 0 0 0 0 0
0.16695594787597656 -2.1036386489868164 -42.46955108642578 -0.6616823059624442 -0.7497843196388029 0 0 0 -1 0 0 0 0 0 0
0.3520183563232422 -2.4079408645629883 -42.85931396484375 -0.9701230279662059 -0.24261350046870883 0 0 0 -1 0 0 0 0 0 0
0.3319835662841797 -2.763535499572754 -43.24907684326172 -0.9367333872054016 0.35004365626975026 0 0 0 -1 0 0 0 0 0 0
0.11391258239746094 -3.0451250076293945 -43.63883972167969 -0.5732793518378374 0.819359984839624 0 0 0 -1 0 0 0 0 0 0
-0.2253570556640625 -3.153489112854004 -44.028602600097656 -0.00783136902119344 0.9999693343594362 0 0 0 -1 0 0 0 0 0 0
-0.5662841796875 -3.050450325012207 -44.418365478515625 0.5603781886917215 0.8282368535863308 0 0 0 -1 0 0 0 0 0 0
-0.7887382507324219 -2.772313117980957 -44.808128356933594 0.9311351402289408 0.364674307609997 0 0 0 -1 0 0 0 0 0 0
-0.8143386840820312 -2.41707706451416 -45.19789123535156 0.9738037896202347 -0.22738992792397283 0 0 0 -1 0 0 0 0 0 0
-0.6359577178955078 -2.1116456985473633 -45.58765411376953 0.6765036184621784 -0.7364393078914102 0 0 0 -1 0 0 0 0 0 0
-0.29871559143066406 -1.9574518203735352 -45.9774169921875 0.1144303397178613 -0.9934312745993327 0 0 0 -1 0 0 0 0 0 0
0.06475257873535156 -2.030930519104004 -46.36717987060547 -0.49134966678511965 -0.8709624015709014 0 0 0 -1 0 0 0 0 0 0
0.31561279296875 -2.304020881652832 -46.75694274902344 -0.9094493834062275 -0.41581464503073046 0 0 0 -1 0 0 0 0 0 0
0.3580455780029297 -2.6724061965942383 -47.146705627441406 -0.9801692372774022 0.19816222216920015 0 0 0 -1 0 0 0 0 0 0
0.17584228515625 -2.995377540588379 -47.536468505859375 -0.6764949862869067 0.7364472374370604 0 0 0 -1 0 0 0 0 0 0
-0.16140174865722656 -3.1495676040649414 -47.926231384277344 -0.11442480328963506 0.9934319123080999 0 0 0 -1 0 0 0 0 0 0
-0.5248699188232422 -3.076085090637207 -48.31599426269531 0.4913539222600248 0.870960000849459 0 0 0 -1 0 0 0 0 0 0
-0.7757282257080078 -2.802994728088379 -48.70575714111328 0.9094503528816035 0.4158125246352339 0 0 0 -1 0 0 0 0 0 0
-0.8181571960449219 -2.4346094131469727 -49.09552001953125 0.9801692370622764 -0.19816222323327695 0 0 0 -1 0 0 0 0 0 0
-0.6489887237548828 -2.123978614807129 -49.48528289794922 0.6982189022252391 -0.7158843234597206 0 0 0 -1 0 0 0 0 0 0
-0.33423423767089844 -1.962620735168457 -49.87504577636719 0.17362884095569447 -0.9848111624003772 0 0 0 -1 0 0 0 0 0 0
0.01672363094985485 -2.006608009338379 -50.264808654785156 -0.41129795680725173 -0.911500954868496 0 0 0 -1 0 0 0 0 0 0
0.28192138671875 -2.240654945373535 -50.654571533203125 -0.8532975037731185 -0.5214243665715719 0 0 0 -1 0 0 0 0 0 0
0.3691978454589844 -2.583420753479004 -51.044334411621094 -0.9987567557143135 0.049849201749064966 0 0 0 -1 0 0 0 0 0 0
0.24822044372558594 -2.91579532623291 -51.43409729003906 -0.7971271695115669 0.60381145701823 0 0 0 -1 0 0 0 0 0 0
-0.038967132568359375 -3.1222658157348633 -51.82386016845703 -0.3184820295907159 0.9479288986141198 0 0 0 -1 0 0 0 0 0 0
-0.3925609588623047 -3.1310853958129883 -52.213623046875 0.2708423996226421 0.962623703513813 0 0 0 -1 0 0 0 0 0 0
-0.6532630920410156 -2.9788293838500977 -52.60338592529297 0.7053402897869687 0.708868870527713 0 0 0 -1 0 0 0 0 0 0
-0.8177871704101562 -2.6742258071899414 -52.99314880371094 0.9795519295106563 0.20119149433301173 0 0 0 -1 0 0 0 0 0 0
-0.7866458892822266 -2.3294382095336914 -53.382911682128906 0.9276511150678682 -0.3734480000125059 0 0 0 -1 0 0 0 0 0 0
-0.5702075958251953 -2.0592432022094727 -53.772674560546875 0.5669201687420263 -0.8237727370297662 0 0 0 -1 0 0 0 0 0 0
-0.2405261993408203 -1.953598976135254 -54.162437438964844 0.017446511579773227 -0.9998477980341292 0 0 0 -1 0 0 0 0 0 0
0.09263992309570312 -2.0476770401000977 -54.55220031738281 -0.5378305437345181 -0.8430529676279142 0 0 0 -1 0 0 0 0 0 0
0.3183746337890625 -2.3101511001586914 -54.94196319580078 -0.9140538247638078 -0.40559290604577164 0 0 0 -1 0 0 0 0 0 0
0.3615283966064453 -2.6536455154418945 -55.33172607421875 -0.9859750350703238 0.1668928704830552 0 0 0 -1 0 0 0 0 0 0
0.207733154296875 -2.963799476623535 -55.72148895263672 -0.7296516070157363 0.6838190786892053 0 0 0 -1 0 0 0 0 0 0
-0.09180831909179688 -3.137364387512207 -56.11125183105469 -0.2304127056954312 0.9730929991805052 0 0 0 -1 0 0 0 0 0 0
-0.4373760223388672 -3.116551399230957 -56.501014709472656 0.3455337733993623 0.938406314684848 0 0 0 -1 0 0 0 0 0 0
-0.7139244079589844 -2.9082956314086914 -56.890777587890625 0.8064453003779907 0.5913086989874683 0 0 0 -1 0 0 0 0 0 0
-0.8293838500976562 -2.5819215774536133 -57.280540466308594 0.9988779652717141 0.0473583202261275 0 0 0 -1 0 0 0 0 0 0
-0.7453174591064453 -2.246090888977051 -57.67030334472656 0.8587703124338647 -0.5123607620439355 0 0 0 -1 0 0 0 0 0 0
-0.4897117614746094 -2.0126047134399414 -58.06006622314453 0.4327629830815846 -0.9015077373346986 0 0 0 -1 0 0 0 0 0 0
-0.14766311645507812 -1.9591913223266602 -58.4498291015625 -0.13732284282978266 -0.9905263433332538 0 0 0 -1 0 0 0 0 0 0
0.16695594787597656 -2.1036386489868164 -58.83959197998047 -0.6616823059624442 -0.7497843196388029 0 0 0 -1 0 0 0 0 0 0
0.3513908386230469 -2.405453681945801 -59.22935485839844 -0.9690780062536022 -0.2467545699587816 0 0 0 -1 0 0 0 0 0 0
0.3298225402832031 -2.7692270278930664 -59.619117736816406 -0.9331352208203502 0.35952560362866565 0 0 0 -1 0 0 0 0 0 0
0.10172843933105469 -3.05342960357666 -60.008880615234375 -0.5529694525833224 0.8332015269487333 0 0 0 -1 0 0 0 0 0 0
-0.24875640869140625 -3.1532182693481445 -60.398643493652344 0.03116820060093563 0.9995141536122936 0 0 0 -1 0 0 0 0 0 0
-0.5923423767089844 -3.031785011291504 -60.78840637207031 0.6038114596550523 0.7971271675142149 0 0 0 -1 0 0 0 0 0 0
-0.8022880554199219 -2.7339296340942383 -61.17816925048828 0.9537190687598526 0.30069908194711786 0 0 0 -1 0 0 0 0 0 0
-0.8011493682861328 -2.3695154190063477 -61.56793212890625 0.9518204339941683 -0.3066559333049874 0 0 0 -1 0 0 0 0 0 0
-0.5893459320068359 -2.0729761123657227 -61.95769500732422 0.5988181353507247 -0.8008850359290534 0 0 0 -1 0 0 0 0 0 0
-0.2450084686279297 -1.9536943435668945 -62.34745788574219 0.0249187485643099 -0.9996894797735888 0 0 0 -1 0 0 0 0 0 0
0.10484504699707031 -2.0556726455688477 -62.737220764160156 -0.5581674234134215 -0.8297283455686096 0 0 0 -1 0 0 0 0 0 0
0.3311595916748047 -2.3412904739379883 -63.126983642578125 -0.9353585032166662 -0.3537011032782871 0 0 0 -1 0 0 0 0 0 0
0.35045433044433594 -2.705193519592285 -63.516746520996094 -0.9675180677712987 0.25280187605334886 0 0 0 -1 0 0 0 0 0 0
0.155609130859375 -3.0131425857543945 -63.90650939941406 -0.6427741478971266 0.7660557386999478 0 0 0 -1 0 0 0 0 0 0
-0.1815013885498047 -3.1515398025512695 -64.29627227783203 -0.08092266383585867 0.9967203832959917 0 0 0 -1 0 0 0 0 0 0
-0.5365219116210938 -3.0693368911743164 -64.68603515625 0.5107785207377964 0.8597123372110631 0 0 0 -1 0 0 0 0 0 0
-0.7784919738769531 -2.7968568801879883 -65.07579803466797 0.9140589066211299 0.4055814532576468 0 0 0 -1 0 0 0 0 0 0
-0.8181571960449219 -2.4346094131469727 -65.46556091308594 0.9801692370622764 -0.19816222323327695 0 0 0 -1 0 0 0 0 0 0
-0.6489887237548828 -2.123978614807129 -65.8553237915039 0.6982189022252391 -0.7158843234597206 0 0 0 -1 0 0 0 0 0 0
-0.33296966552734375 -1.9623994827270508 -66.24508666992188 0.1715213357450928 -0.9851804055015606 0 0 0 -1 0 0 0 0 0 0
0.019062040373682976 -2.0076684951782227 -66.63484954833984 -0.41519384501130757 -0.9097329669000275 0 0 0 -1 0 0 0 0 0 0
0.2839202880859375 -2.2439470291137695 -67.02461242675781 -0.8566269761424053 -0.5159362593820278 0 0 0 -1 0 0 0 0 0 0
0.36891937255859375 -2.588547706604004 -67.41437530517578 -0.9982933555129196 0.05839842753666554 0 0 0 -1 0 0 0 0 0 0
0.24431800842285156 -2.9208879470825195 -67.80413818359375 -0.7906285693875659 0.6122960601442501 0 0 0 -1 0 0 0 0 0 0
-0.04628181457519531 -3.1246728897094727 -68.19390106201172 -0.30628954047151025 0.9519384000016762 0 0 0 -1 0 0 0 0 0 0
-0.40119171142578125 -3.128586769104004 -68.58366394042969 0.2852257420126844 0.9584603675130828 0 0 0 -1 0 0 0 0 0 0
-0.6962146759033203 -2.931260108947754 -68.97342681884766 0.7769325437955302 0.6295838485788897 0 0 0 -1 0 0 0 0 0 0
-0.8281135559082031 -2.6017465591430664 -69.36318969726562 0.9967635562638785 0.08038913424204827 0 0 0 -1 0 0 0 0 0 0
-0.7507343292236328 -2.255356788635254 -69.7529525756836 0.8677967661502298 -0.49691928183479017 0 0 0 -1 0 0 0 0 0 0
-0.4911518096923828 -2.0132951736450195 -70.14271545410156 0.43515926239617236 -0.90035349521775 0 0 0 -1 0 0 0 0 0 0
-0.14020347595214844 -1.9602746963500977 -70.53247833251953 -0.14975469427116123 -0.9887231824650168 0 0 0 -1 0 0 0 0 0 0
0.17930221557617188 -2.1148462295532227 -70.9222412109375 -0.682262483153746 -0.7311073136557209 0 0 0 -1 0 0 0 0 0 0
0.355560302734375 -2.4229211807250977 -71.31200408935547 -0.9760291991178671 -0.21763961603838308 0 0 0 -1 0 0 0 0 0 0
0.3337593078613281 -2.758721351623535 -71.70176696777344 -0.9396924876893634 0.3420205090051992 0 0 0 -1 0 0 0 0 0 0
1.4144935607910156 -1.0732965469360352 -71.70176696777344 0.93969248736894 -0.3420205098855549 0 0 0 1 0 0 0 0 0 0
1.3848609924316406 -1.3669443130493164 -71.31200408935547 0.989078105256376 0.147392339361507 0 0 0 1 0 0 0 0 0 0
1.5350494384765625 -1.6828889846801758 -70.9222412109375 0.738761124509252 0.673967358937972 0 0 0 1 0 0 0 0 0 0
1.8359146118164062 -1.8613672256469727 -70.53247833251953 0.23731827972284886 0.9714319503235354 0 0 0 1 0 0 0 0 0 0
2.1851844787597656 -1.8417139053344727 -70.14271545410156 -0.34479426135813435 0.9386782821257231 0 0 0 1 0 0 0 0 0 0
2.464130401611328 -1.6306123733520508 -69.7529525756836 -0.8097053385657723 0.5868366592997473 0 0 0 1 0 0 0 0 0 0
2.577930450439453 -1.2998170852661133 -69.36318969726562 -0.999369312437988 0.035510242990201654 0 0 0 1 0 0 0 0 0 0
2.4878997802734375 -0.9617776870727539 -68.97342681884766 -0.849316186738678 -0.5278844712090621 0 0 0 1 0 0 0 0 0 0
2.224639892578125 -0.7314081192016602 -68.58366394042969 -0.4105517416650817 -0.9118373031499468 0 0 0 1 0 0 0 0 0 0
1.8736419677734375 -0.6877069473266602 -68.19390106201172 0.1744426217453335 -0.9846673406377479 0 0 0 1 0 0 0 0 0 0
1.5797538757324219 -0.8300065994262695 -67.84516143798828 0.6642614626428905 -0.7475003071889188 0 0 0 1 0 0 0 0 0 0
1.4039039611816406 -1.1051301956176758 -67.49642944335938 0.9573404193812167 -0.2889624913704131 0 0 0 1 0 0 0 0 0 0
1.3981704711914062 -1.4316072463989258 -67.14769744873047 0.9668959755216233 0.25517086926232074 0 0 0 1 0 0 0 0 0 0
1.5642509460449219 -1.7127389907836914 -66.79895782470703 0.6900940573172194 0.7237196916316829 0 0 0 1 0 0 0 0 0 0
1.8529586791992188 -1.865269660949707 -66.45022583007812 0.20892219895364167 0.9779322649265515 0 0 0 1 0 0 0 0 0 0
2.178791046142578 -1.8440217971801758 -66.10148620605469 -0.33413498887034 0.942525230013827 0 0 0 1 0 0 0 0 0 0
2.4452476501464844 -1.6552934646606445 -65.75275421142578 -0.7782315535385627 0.6279774272033632 0 0 0 1 0 0 0 0 0 0
2.5734176635742188 -1.3549737930297852 -65.40402221679688 -0.9918458475475852 0.12744337841807427 0 0 0 1 0 0 0 0 0 0
2.5253334045410156 -1.0320062637329102 -65.05528259277344 -0.9117072516783619 -0.4108404644592451 0 0 0 1 0 0 0 0 0 0
2.3152427673339844 -0.782048225402832 -64.70655059814453 -0.5615606807972935 -0.8274355574801462 0 0 0 1 0 0 0 0 0 0
2.0053672790527344 -0.6791200637817383 -64.3578109741211 -0.04510331495764632 -0.9989823276614213 0 0 0 1 0 0 0 0 0 0
1.6874732971191406 -0.7537088394165039 -64.00907897949219 0.4847252933873687 -0.8746664449666107 0 0 0 1 0 0 0 0 0 0
1.455718994140625 -0.9837236404418945 -63.660343170166016 0.8709846231160976 -0.49131027497428714 0 0 0 1 0 0 0 0 0 0
1.3787307739257812 -1.301041603088379 -63.311607360839844 0.9992946610678869 0.03755236825044594 0 0 0 1 0 0 0 0 0 0
1.4793167114257812 -1.6116876602172852 -62.96287155151367 0.8316548070156722 0.5552929694924339 0 0 0 1 0 0 0 0 0 0
1.7276878356933594 -1.8236589431762695 -62.614139556884766 0.41769946403883307 0.9085852506736346 0 0 0 1 0 0 0 0 0 0
2.050281524658203 -1.8741769790649414 -62.265403747558594 -0.11996144286755461 0.9927785514530088 0 0 0 1 0 0 0 0 0 0
2.3515586853027344 -1.7482805252075195 -61.91666793823242 -0.6220836835323542 0.7829507587855176 0 0 0 1 0 0 0 0 0 0
2.5422935485839844 -1.4832544326782227 -61.56793212890625 -0.9399737900733004 0.34124664683368666 0 0 0 1 0 0 0 0 0 0
2.571533203125 -1.1885957717895508 -61.17816925048828 -0.9887071433587226 -0.14986055075113713 0 0 0 1 0 0 0 0 0 0
2.447723388671875 -0.9048128128051758 -60.85336685180664 -0.7823596177927602 -0.622826965093168 0 0 0 1 0 0 0 0 0 0
2.19891357421875 -0.7205362319946289 -60.528564453125 -0.3676794236701922 -0.9299526017005142 0 0 0 1 0 0 0 0 0 0
1.8913612365722656 -0.6848421096801758 -60.20376205444336 0.14491384633696805 -0.9894442769250958 0 0 0 1 0 0 0 0 0 0
1.6069602966308594 -0.8072328567504883 -59.87895965576172 0.6189135511950931 -0.7854591116965155 0 0 0 1 0 0 0 0 0 0
1.4214439392089844 -1.055119514465332 -59.55415725708008 0.9281063666194136 -0.3723151517740189 0 0 0 1 0 0 0 0 0 0
1.38421630859375 -1.362492561340332 -59.22935485839844 0.9901546602976221 0.13997767211559228 0 0 0 1 0 0 0 0 0 0
1.5189933776855469 -1.6645517349243164 -58.83959197998047 0.7655235922628122 0.6434078253246845 0 0 0 1 0 0 0 0 0 0
1.7624931335449219 -1.838353157043457 -58.50550842285156 0.35969096036865666 0.9330714940609177 0 0 0 1 0 0 0 0 0 0
2.0596466064453125 -1.872971534729004 -58.17142868041992 -0.13556629815940982 0.9907682770473396 0 0 0 1 0 0 0 0 0 0
2.336578369140625 -1.759800910949707 -57.837345123291016 -0.5971148779111484 0.8021557346158878 0 0 0 1 0 0 0 0 0 0
2.5244407653808594 -1.5269784927368164 -57.50326156616211 -0.9102223333855335 0.4141199147664778 0 0 0 1 0 0 0 0 0 0
2.5765342712402344 -1.2323846817016602 -57.16918182373047 -0.9970406097215597 -0.0768766711432058 0 0 0 1 0 0 0 0 0 0
2.479900360107422 -0.9492578506469727 -56.83509826660156 -0.8359853435575532 -0.5487517702540554 0 0 0 1 0 0 0 0 0 0
2.2585678100585938 -0.7479867935180664 -56.501014709472656 -0.467099848809973 -0.8842045754471646 0 0 0 1 0 0 0 0 0 0
1.967559814453125 -0.6786050796508789 -56.16693115234375 0.017917787390537832 -0.9998394635615396 0 0 0 1 0 0 0 0 0 0
1.6792259216308594 -0.758366584777832 -55.83285140991211 0.49847154585543463 -0.8669060606389216 0 0 0 1 0 0 0 0 0 0
1.4652442932128906 -0.9674386978149414 -55.4987678527832 0.8551078502551863 -0.5184501561692829 0 0 0 1 0 0 0 0 0 0
1.378814697265625 -1.2538461685180664 -55.1646842956543 0.999155136926681 -0.04109759546525066 0 0 0 1 0 0 0 0 0 0
1.4414253234863281 -1.5463838577270508 -54.83060073852539 0.8948060958620322 0.44645498183820026 0 0 0 1 0 0 0 0 0 0
1.6375083923339844 -1.772324562072754 -54.49652099609375 0.5680016670011744 0.8230274031184424 0 0 0 1 0 0 0 0 0 0
1.9183158874511719 -1.8755006790161133 -54.162437438964844 0.09999026586935489 0.9949884153754636 0 0 0 1 0 0 0 0 0 0
2.3289566040039062 -1.7653818130493164 -53.772674560546875 -0.5844134893536541 0.8114560206576118 0 0 0 1 0 0 0 0 0 0
2.5156707763671875 -1.5454225540161133 -53.442874908447266 -0.8955999222066234 0.44486040433319074 0 0 0 1 0 0 0 0 0 0
2.578125 -1.2637453079223633 -53.113075256347656 -0.9996972563043226 -0.02460479094829947 0 0 0 1 0 0 0 0 0 0
2.5018882751464844 -0.9854822158813477 -52.78327560424805 -0.8726309205142869 -0.48838025816200675 0 0 0 1 0 0 0 0 0 0
2.3045806884765625 -0.7749757766723633 -52.45347595214844 -0.5437861569403093 -0.839223817297918 0 0 0 1 0 0 0 0 0 0
2.031829833984375 -0.6809015274047852 -52.12367630004883 -0.08920842157789165 -0.9960129805979344 0 0 0 1 0 0 0 0 0 0
1.7467041015625 -0.725010871887207 -51.793880462646484 0.3860035402148409 -0.9224972991513903 0 0 0 1 0 0 0 0 0 0
1.5151290893554688 -0.8971071243286133 -51.464080810546875 0.7719629448649333 -0.6356675324062571 0 0 0 1 0 0 0 0 0 0
1.3906593322753906 -1.157395362854004 -51.134281158447266 0.9794155700634112 -0.2018542571197428 0 0 0 1 0 0 0 0 0 0
1.402069091796875 -1.4456911087036133 -50.804481506347656 0.9603952469508441 0.27864129204808713 0 0 0 1 0 0 0 0 0 0
1.5467262268066406 -1.6953248977661133 -50.47468185424805 0.719307691696943 0.6946916183930935 0 0 0 1 0 0 0 0 0 0
1.7911758422851562 -1.8485803604125977 -50.14488220214844 0.3118857930031902 0.9501195988520451 0 0 0 1 0 0 0 0 0 0
2.0788955688476562 -1.8700189590454102 -49.81508255004883 -0.16764390972565207 0.9858476147619862 0 0 0 1 0 0 0 0 0 0
2.3433570861816406 -1.7546777725219727 -49.48528289794922 -0.6084145843104833 0.7936193631699656 0 0 0 1 0 0 0 0 0 0
2.5481643676757812 -1.4662981033325195 -49.09552001953125 -0.9497582170547402 0.3129845509557953 0 0 0 1 0 0 0 0 0 0
2.5663299560546875 -1.1592226028442383 -48.77071762084961 -0.9800371163067852 -0.19881461380160317 0 0 0 1 0 0 0 0 0 0
2.4299354553222656 -0.8835000991821289 -48.44591522216797 -0.7527101246939418 -0.6583520852729418 0 0 0 1 0 0 0 0 0 0
2.1748313903808594 -0.7116060256958008 -48.12111282348633 -0.3275348020758103 -0.9448391151032856 0 0 0 1 0 0 0 0 0 0
1.868072509765625 -0.6887216567993164 -47.79631042480469 0.18372218604670462 -0.9829782084839014 0 0 0 1 0 0 0 0 0 0
1.5902862548828125 -0.8208627700805664 -47.47150802612305 0.6466998675844443 -0.7627445714433254 0 0 0 1 0 0 0 0 0 0
1.4144935607910156 -1.0732965469360352 -47.146705627441406 0.93969248736894 -0.3420205098855549 0 0 0 1 0 0 0 0 0 0
1.3848609924316406 -1.3669443130493164 -46.75694274902344 0.989078105256376 0.147392339361507 0 0 0 1 0 0 0 0 0 0
1.5093765258789062 -1.6528100967407227 -46.42714309692383 0.781553562757917 0.6238381429027936 0 0 0 1 0 0 0 0 0 0
1.760528564453125 -1.837590217590332 -46.09734344482422 0.36296651915988093 0.9318021817794588 0 0 0 1 0 0 0 0 0 0
2.07049560546875 -1.871384620666504 -45.76754379272461 -0.15364200874515072 0.9881265774933671 0 0 0 1 0 0 0 0 0 0
2.3555679321289062 -1.7450647354125977 -45.437744140625 -0.6287653105243205 0.7775951287664131 0 0 0 1 0 0 0 0 0 0
2.53875732421875 -1.4927492141723633 -45.107948303222656 -0.9340795720541352 0.3570649143659506 0 0 0 1 0 0 0 0 0 0
2.570587158203125 -1.182572364807129 -44.77814865112305 -0.9871344491964784 -0.15989239884861692 0 0 0 1 0 0 0 0 0 0
2.4424705505371094 -0.8983049392700195 -44.44834899902344 -0.7736022607631428 -0.6336714780879398 0 0 0 1 0 0 0 0 0 0
2.1889991760253906 -0.7167177200317383 -44.11854934692383 -0.3511541803041384 -0.9363176499751185 0 0 0 1 0 0 0 0 0 0
1.8786277770996094 -0.6868486404418945 -43.78874969482422 0.1661308204716942 -0.986103721973202 0 0 0 1 0 0 0 0 0 0
1.5951766967773438 -0.8167619705200195 -43.45895004272461 0.6385540908772198 -0.7695769441868481 0 0 0 1 0 0 0 0 0 0
1.4151954650878906 -1.0713739395141602 -43.129150390625 0.9385178874604071 -0.34523061121061493 0 0 0 1 0 0 0 0 0 0
1.3872871398925781 -1.3819284439086914 -42.79935073852539 0.9850326103191609 0.17236808465554154 0 0 0 1 0 0 0 0 0 0
1.5189933776855469 -1.6645517349243164 -42.46955108642578 0.7655235922628122 0.6434078253246845 0 0 0 1 0 0 0 0 0 0
1.76513671875 -1.8393640518188477 -42.07978820800781 0.35528325052826726 0.9347586917991555 0 0 0 1 0 0 0 0 0 0
2.0438385009765625 -1.8749208450317383 -41.76797866821289 -0.10921232938704058 0.9940184440491315 0 0 0 1 0 0 0 0 0 0
2.3081703186035156 -1.779698371887207 -41.45616912841797 -0.5497658900135304 0.8353187811713746 0 0 0 1 0 0 0 0 0 0
2.500171661376953 -1.5745782852172852 -41.14435958862305 -0.8697724670055917 0.49345299232957 0 0 0 1 0 0 0 0 0 0
2.5777435302734375 -1.304539680480957 -40.83254623413086 -0.9990583586736922 0.04338658737706966 0 0 0 1 0 0 0 0 0 0
2.5238723754882812 -1.0287904739379883 -40.52073669433594 -0.9092740047220353 -0.4161980109716431 0 0 0 1 0 0 0 0 0 0
2.3503761291503906 -0.8078012466430664 -40.208927154541016 -0.6201116333788428 -0.7845135831508743 0 0 0 1 0 0 0 0 0 0
2.095294952392578 -0.6900224685668945 -39.897117614746094 -0.19497462132972704 -0.9808082876063648 0 0 0 1 0 0 0 0 0 0
1.8145599365234375 -0.7012872695922852 -39.58530807495117 0.2729098113342498 -0.9620396223012355 0 0 0 1 0 0 0 0 0 0
1.5697288513183594 -0.8391199111938477 -39.27349853515625 0.680969925471647 -0.7323113822706429 0 0 0 1 0 0 0 0 0 0
1.4144935607910156 -1.0732965469360352 -38.96168899536133 0.93969248736894 -0.3420205098855549 0 0 0 1 0 0 0 0 0 0
1.3848609924316406 -1.3669443130493164 -38.57192611694336 0.989078105256376 0.147392339361507 0 0 0 1 0 0 0 0 0 0
1.5081787109375 -1.6513071060180664 -38.23088073730469 0.783552112235655 0.6213260717296863 0 0 0 1 0 0 0 0 0 0
1.7569541931152344 -1.836186408996582 -37.88983917236328 0.36892491137566347 0.9294592028520988 0 0 0 1 0 0 0 0 0 0
2.064800262451172 -1.8722429275512695 -37.548797607421875 -0.14415079763682132 0.9895557324075627 0 0 0 1 0 0 0 0 0 0
2.349567413330078 -1.7498559951782227 -37.20775604248047 -0.6187635585549114 0.785577277296424 0 0 0 1 0 0 0 0 0 0
2.5352554321289062 -1.5016870498657227 -36.8667106628418 -0.9282451513521602 0.37196900272899774 0 0 0 1 0 0 0 0 0 0
2.5723228454589844 -1.1939630508422852 -36.52566909790039 -0.9900227369828019 -0.14090770119862883 0 0 0 1 0 0 0 0 0 0
2.4508705139160156 -0.9087991714477539 -36.184627532958984 -0.7876006417848687 -0.6161860344571781 0 0 0 1 0 0 0 0 0 0
2.20330810546875 -0.722294807434082 -35.84358596801758 -0.37499558224613516 -0.9270265979441378 0 0 0 1 0 0 0 0 0 0
1.8957061767578125 -0.6842203140258789 -35.502540588378906 0.13766468435768134 -0.9904788915876501 0 0 0 1 0 0 0 0 0 0
1.6101455688476562 -0.8047418594360352 -35.1614990234375 0.6136073326658291 -0.7896113229296591 0 0 0 1 0 0 0 0 0 0
1.4228324890136719 -1.0516862869262695 -34.820457458496094 0.9257910743318821 -0.3780355627284546 0 0 0 1 0 0 0 0 0 0
1.3837547302246094 -1.3591623306274414 -34.47941589355469 0.990924009470888 0.13442324000759406 0 0 0 1 0 0 0 0 0 0
1.5033378601074219 -1.645115852355957 -34.138370513916016 0.7916189785499244 0.6110150512054301 0 0 0 1 0 0 0 0 0 0
1.7496681213378906 -1.833237648010254 -33.79732894897461 0.38106579342404723 0.924547922544906 0 0 0 1 0 0 0 0 0 0
2.0570144653320312 -1.8733224868774414 -33.4562873840332 -0.13118180101897225 0.9913583282957877 0 0 0 1 0 0 0 0 0 0
2.3433570861816406 -1.7546777725219727 -33.1152458190918 -0.6084145843104833 0.7936193631699656 0 0 0 1 0 0 0 0 0 0
2.5481643676757812 -1.4662981033325195 -32.72548294067383 -0.9497582170547402 0.3129845509557953 0 0 0 1 0 0 0 0 0 0
2.5686264038085938 -1.1711511611938477 -32.40350341796875 -0.983861651394922 -0.17893085512134901 0 0 0 1 0 0 0 0 0 0
2.445556640625 -0.902104377746582 -32.08152389526367 -0.7787473620349715 -0.6273376651561526 0 0 0 1 0 0 0 0 0 0
2.208881378173828 -0.7245798110961914 -31.75954818725586 -0.3842863371648908 -0.9232139573622096 0 0 0 1 0 0 0 0 0 0
1.9161415100097656 -0.681736946105957 -31.43756866455078 0.10361302123691717 -0.9946176862645054 0 0 0 1 0 0 0 0 0 0
1.638519287109375 -0.7839975357055664 -31.11559295654297 0.5663150043047778 -0.8241888836300083 0 0 0 1 0 0 0 0 0 0
1.443511962890625 -1.0064897537231445 -30.79361343383789 0.8913250416418769 -0.45336483117033544 0 0 0 1 0 0 0 0 0 0
1.3785400390625 -1.2951250076293945 -30.471633911132812 0.9996165457586588 0.027690457661934245 0 0 0 1 0 0 0 0 0 0
1.4593925476074219 -1.5797204971313477 -30.149658203125 0.864854475892856 0.5020226444375725 0 0 0 1 0 0 0 0 0 0
1.6664199829101562 -1.7910776138305664 -29.827678680419922 0.5198102606703904 0.8542817409390071 0 0 0 1 0 0 0 0 0 0
1.9492759704589844 -1.8778047561645508 -29.50570297241211 0.048390852119276496 0.9988284764819084 0 0 0 1 0 0 0 0 0 0
2.2391929626464844 -1.818821907043457 -29.18372344970703 -0.4348067969711944 0.9005237638772509 0 0 0 1 0 0 0 0 0 0
2.465679168701172 -1.628464698791504 -28.861743927001953 -0.8122867968677784 0.5832582272324023 0 0 0 1 0 0 0 0 0 0
2.5736656188964844 -1.3530206680297852 -28.53976821899414 -0.9922585324836268 0.12418939050272802 0 0 0 1 0 0 0 0 0 0
2.5368919372558594 -1.0594568252563477 -28.217788696289062 -0.9309731984870634 -0.3650875288184563 0 0 0 1 0 0 0 0 0 0
2.3643035888671875 -0.8191537857055664 -27.89581298828125 -0.6433231131739191 -0.765594783195534 0 0 0 1 0 0 0 0 0 0
2.0978660583496094 -0.6905412673950195 -27.573833465576172 -0.19926094251619697 -0.9799464662865808 0 0 0 1 0 0 0 0 0 0
1.8023567199707031 -0.7048883438110352 -27.251853942871094 0.29325080471918763 -0.956035546165282 0 0 0 1 0 0 0 0 0 0
1.5496292114257812 -0.8587045669555664 -26.92987823486328 0.7144674260087643 -0.6996687052973077 0 0 0 1 0 0 0 0 0 0
1.4011306762695312 -1.1145944595336914 -26.607898712158203 0.9619609255830752 -0.2731870744587912 0 0 0 1 0 0 0 0 0 0
1.3929710388183594 -1.4103403091430664 -26.28592300415039 0.9755640218454917 0.2197153596830429 0 0 0 1 0 0 0 0 0 0
1.527130126953125 -1.6740312576293945 -25.963943481445312 0.7519661395141967 0.659201733177421 0 0 0 1 0 0 0 0 0 0
1.7709884643554688 -1.8415536880493164 -25.641963958740234 0.3455337733993623 0.938406314684848 0 0 0 1 0 0 0 0 0 0
2.0652542114257812 -1.8721742630004883 -25.319988250732422 -0.14491384633696805 0.9894442769250958 0 0 0 1 0 0 0 0 0 0
2.3433570861816406 -1.7546777725219727 -24.930225372314453 -0.6084145843104833 0.7936193631699656 0 0 0 1 0 0 0 0 0 0
2.5370101928710938 -1.4972620010375977 -24.605422973632812 -0.9311662814303001 0.3645947837356801 0 0 0 1 0 0 0 0 0 0
2.569622039794922 -1.1767892837524414 -24.280620574951172 -0.9855251460285892 -0.16952930880920758 0 0 0 1 0 0 0 0 0 0
2.4317970275878906 -0.8856363296508789 -23.95581817626953 -0.7558112327585828 -0.6547895695839627 0 0 0 1 0 0 0 0 0 0
2.163257598876953 -0.7077264785766602 -23.63101577758789 -0.30824951890902397 -0.9513055419224442 0 0 0 1 0 0 0 0 0 0
1.8414077758789062 -0.6943368911743164 -23.30621337890625 0.22816373694216313 -0.9736227755884654 0 0 0 1 0 0 0 0 0 0
1.55902099609375 -0.8493280410766602 -22.98141098022461 0.6988121615300836 -0.7153052235917564 0 0 0 1 0 0 0 0 0 0
1.4144935607910156 -1.0732965469360352 -22.59164810180664 0.93969248736894 -0.3420205098855549 0 0 0 1 0 0 0 0 0 0
1.3865852355957031 -1.3778352737426758 -22.245189666748047 0.9862022215503524 0.16554509418629634 0 0 0 1 0 0 0 0 0 0
1.5124015808105469 -1.656571388244629 -21.89873504638672 0.7765153760076637 0.6300983025081692 0 0 0 1 0 0 0 0 0 0
1.7592544555664062 -1.8370904922485352 -21.55228042602539 0.3650913422663195 0.9309717030083013 0 0 0 1 0 0 0 0 0 0
2.0630111694335938 -1.8724985122680664 -21.205821990966797 -0.1411668876475699 0.9899858129447605 0 0 0 1 0 0 0 0 0 0
2.3447647094726562 -1.7535982131958008 -20.85936737060547 -0.610755623030907 0.7918191516603577 0 0 0 1 0 0 0 0 0 0
2.5313186645507812 -1.5112733840942383 -20.51291275024414 -0.9216837313086218 0.38794213413989476 0 0 0 1 0 0 0 0 0 0
2.574207305908203 -1.208481788635254 -20.166454315185547 -0.9931663717525443 -0.11670714639595532 0 0 0 1 0 0 0 0 0 0
2.4622879028320312 -0.9238786697387695 -19.81999969482422 -0.8066310824952002 -0.5910552400179034 0 0 0 1 0 0 0 0 0 0
2.224639892578125 -0.7314081192016602 -19.47354507446289 -0.4105517416650817 -0.9118373031499468 0 0 0 1 0 0 0 0 0 0
1.8736419677734375 -0.6877069473266602 -19.083782196044922 0.1744426217453335 -0.9846673406377479 0 0 0 1 0 0 0 0 0 0
1.5928115844726562 -0.8187341690063477 -18.749698638916016 0.6424934849316182 -0.7662911469020274 0 0 0 1 0 0 0 0 0 0
1.4148139953613281 -1.0724115371704102 -18.41561508178711 0.9391523399857722 -0.3435009203761307 0 0 0 1 0 0 0 0 0 0
1.3871383666992188 -1.3810701370239258 -18.08153533935547 0.9852827352105209 0.17093253551057638 0 0 0 1 0 0 0 0 0 0
1.5171661376953125 -1.6623659133911133 -17.747451782226562 0.7685743084808678 0.639760527340626 0 0 0 1 0 0 0 0 0 0
1.7702064514160156 -1.841263771057129 -17.413368225097656 0.3468359759640358 0.9379257997182265 0 0 0 1 0 0 0 0 0 0
2.078765869140625 -1.8700380325317383 -17.079288482666016 -0.16743301235258362 0.9858834547625493 0 0 0 1 0 0 0 0 0 0
2.360523223876953 -1.7410173416137695 -16.74520492553711 -0.6370194513923502 0.7708477272119242 0 0 0 1 0 0 0 0 0 0
2.5403213500976562 -1.4886102676391602 -16.411121368408203 -0.9366874117538392 0.3501666641213774 0 0 0 1 0 0 0 0 0 0
2.5701942443847656 -1.1801576614379883 -16.077037811279297 -0.9864738603910024 -0.16391864678941523 0 0 0 1 0 0 0 0 0 0
2.4421730041503906 -0.8979425430297852 -15.74295711517334 -0.7731022895248747 -0.6342813649567489 0 0 0 1 0 0 0 0 0 0
2.190410614013672 -0.7172479629516602 -15.408873558044434 -0.3535100964913699 -0.9354307091808897 0 0 0 1 0 0 0 0 0 0
1.8820648193359375 -0.6862764358520508 -15.074790000915527 0.16040768358134658 -0.9870508472455035 0 0 0 1 0 0 0 0 0 0
1.599395751953125 -0.8132944107055664 -14.740710258483887 0.6315218481581909 -0.7753580819846163 0 0 0 1 0 0 0 0 0 0
1.4178085327148438 -1.0644121170043945 -14.40662670135498 0.9341681405034894 -0.3568331336468812 0 0 0 1 0 0 0 0 0 0
1.3857383728027344 -1.3726434707641602 -14.072543144226074 0.9876150604182234 0.15689643856732105 0 0 0 1 0 0 0 0 0 0
1.5117454528808594 -1.6557626724243164 -13.738459587097168 0.7776050499377296 0.6287530407968945 0 0 0 1 0 0 0 0 0 0
1.7622146606445312 -1.8382463455200195 -13.404379844665527 0.3601614213634611 0.9328899991753858 0 0 0 1 0 0 0 0 0 0
2.070331573486328 -1.8714113235473633 -13.070296287536621 -0.15337227504116316 0.9881684801938876 0 0 0 1 0 0 0 0 0 0
2.3538970947265625 -1.7464113235473633 -12.736212730407715 -0.6259817294382818 0.7798377231254319 0 0 0 1 0 0 0 0 0 0
2.5372695922851562 -1.4965906143188477 -12.402132987976074 -0.9316084776473456 0.3634634017003572 0 0 0 1 0 0 0 0 0 0
2.571533203125 -1.1885957717895508 -12.068049430847168 -0.9887071433587226 -0.14986055075113713 0 0 0 1 0 0 0 0 0 0
2.4562950134277344 -0.915837287902832 -11.6782865524292 -0.7966432057513108 -0.6044498347508044 0 0 0 1 0 0 0 0 0 0
2.2414894104003906 -0.7393121719360352 -11.375136375427246 -0.43863472415973404 -0.8986654431774452 0 0 0 1 0 0 0 0 0 0
1.9701766967773438 -0.678563117980957 -11.071990013122559 0.013553360532096074 -0.9999081489908396 0 0 0 1 0 0 0 0 0 0
1.7006072998046875 -0.7466440200805664 -10.768839836120605 0.46283899422499797 -0.8864423644122568 0 0 0 1 0 0 0 0 0 0
1.4906692504882812 -0.928929328918457 -10.465689659118652 0.8127369034290652 -0.5826308658186025 0 0 0 1 0 0 0 0 0 0
1.3854408264160156 -1.1862802505493164 -10.162543296813965 0.9881158251876825 -0.15371114472823866 0 0 0 1 0 0 0 0 0 0
1.4075164794921875 -1.4634332656860352 -9.859393119812012 0.9513197672369077 0.30820561394029783 0 0 0 1 0 0 0 0 0 0
1.5521583557128906 -1.7008790969848633 -9.556242942810059 0.7102524910537901 0.7039470143071038 0 0 0 1 0 0 0 0 0 0
1.7883071899414062 -1.847630500793457 -9.253096580505371 0.316665301354668 0.9485373408137168 0 0 0 1 0 0 0 0 0 0
2.0652542114257812 -1.8721742630004883 -8.949946403503418 -0.14491384633696805 0.9894442769250958 0 0 0 1 0 0 0 0 0 0
2.3433570861816406 -1.7546777725219727 -8.56018352508545 -0.6084145843104833 0.7936193631699656 0 0 0 1 0 0 0 0 0 0
2.534862518310547 -1.5026674270629883 -8.213728904724121 -0.9275880801602593 0.37360454165414547 0 0 0 1 0 0 0 0 0 0
2.571483612060547 -1.1882715225219727 -7.867270469665527 -0.9886251847969839 -0.15040027920562415 0 0 0 1 0 0 0 0 0 0
2.4430274963378906 -0.8989877700805664 -7.520819664001465 -0.7745318527489073 -0.6325349073982754 0 0 0 1 0 0 0 0 0 0
2.1852455139160156 -0.7153253555297852 -7.174361228942871 -0.34489412617029463 -0.9386415938648942 0 0 0 1 0 0 0 0 0 0
1.869873046875 -0.688389778137207 -6.827902793884277 0.18072749484567402 -0.9835332086954699 0 0 0 1 0 0 0 0 0 0
1.5846748352050781 -0.8256807327270508 -6.481451988220215 0.6560570415726239 -0.7547113078541863 0 0 0 1 0 0 0 0 0 0
1.409027099609375 -1.0889902114868164 -6.134993553161621 0.9488032802411479 -0.3158675915690589 0 0 0 1 0 0 0 0 0 0
1.3918037414550781 -1.4050416946411133 -5.788535118103027 0.9775105238238313 0.2108866420939435 0 0 0 1 0 0 0 0 0 0
1.5377998352050781 -1.6858797073364258 -5.442084312438965 0.734184585000388 0.6789499209424862 0 0 0 1 0 0 0 0 0 0
1.9183158874511719 -1.8755006790161133 -5.052321434020996 0.09999026586935489 0.9949884153754636 0 0 0 1 0 0 0 0 0 0
2.2092742919921875 -1.8322725296020508 -4.740508079528809 -0.3849459742975761 0.9229391078896213 0 0 0 1 0 0 0 0 0 0
2.4447174072265625 -1.655949592590332 -4.428694725036621 -0.7773493727535603 0.6290691159798312 0 0 0 1 0 0 0 0 0 0
2.568065643310547 -1.3889093399047852 -4.116888999938965 -0.9829259990080826 0.18400130563113593 0 0 0 1 0 0 0 0 0 0
2.549663543701172 -1.0953378677368164 -3.8050758838653564 -0.9522601271010128 -0.3052878155668233 0 0 0 1 0 0 0 0 0 0
2.3939437866210938 -0.8457880020141602 -3.4932701587677 -0.6927256486624664 -0.7212012033303642 0 0 0 1 0 0 0 0 0 0
2.138324737548828 -0.7002420425415039 -3.1814568042755127 -0.26669471224631636 -0.9637810594008656 0 0 0 1 0 0 0 0 0 0
1.8442497253417969 -0.6936769485473633 -2.869643449783325 0.2234285669157899 -0.9747203062858373 0 0 0 1 0 0 0 0 0 0
1.5823936462402344 -0.8276758193969727 -2.557837724685669 0.6598530905549874 -0.751394635917127 0 0 0 1 0 0 0 0 0 0
1.4156913757324219 -1.0700311660766602 -2.2460243701934814 0.9376942072727098 -0.34746161463851527 0 0 0 1 0 0 0 0 0 0
1.38421630859375 -1.362492561340332 -1.9342186450958252 0.9901546602976221 0.13997767211559228 0 0 0 1 0 0 0 0 0 0
1.5189933776855469 -1.6645517349243164 -1.5444557666778564 0.7655235922628122 0.6434078253246845 0 0 0 1 0 0 0 0 0 0
1.7735061645507812 -1.842473030090332 -1.1936638355255127 0.34133674720017854 0.9399410752865318 0 0 0 1 0 0 0 0 0 0
2.0828781127929688 -1.8693246841430664 -0.8428795337677002 -0.17428839507926597 0.9846946508134864 0 0 0 1 0 0 0 0 0 0
2.364238739013672 -1.737919807434082 -0.4920952320098877 -0.6432131362398315 0.7656871824501962 0 0 0 1 0 0 0 0 0 0
2.5422210693359375 -1.4834489822387695 -0.14130330085754395 -0.9398549939420598 0.34157369682422967 0 0 0 1 0 0 0 0 0 0
2.56915283203125 -1.1740808486938477 0.20948100090026855 -0.9847367621100246 -0.17405030694906873 0 0 0 1 0 0 0 0 0 0
2.4378089904785156 -0.8926897048950195 0.560265302658081 -0.765835917580329 -0.6430360389153125 0 0 0 1 0 0 0 0 0 0
2.1833839416503906 -0.7146425247192383 0.9110572338104248 -0.34179350979013673 -0.9397750776996269 0 0 0 1 0 0 0 0 0 0
1.8740234375 -0.6876420974731445 1.2618415355682373 0.17380517551542313 -0.9847800571518766 0 0 0 1 0 0 0 0 0 0
1.5925979614257812 -0.818913459777832 1.6126258373260498 0.6428533810685338 -0.7659892495647406 0 0 0 1 0 0 0 0 0 0
1.4144935607910156 -1.0732965469360352 1.9634101390838623 0.93969248736894 -0.3420205098855549 0 0 0 1 0 0 0 0 0 0
1.3848609924316406 -1.3669443130493164 2.353173017501831 0.989078105256376 0.147392339361507 0 0 0 1 0 0 0 0 0 0
1.5093765258789062 -1.6528100967407227 2.682976484298706 0.781553562757917 0.6238381429027936 0 0 0 1 0 0 0 0 0 0
1.760528564453125 -1.837590217590332 3.01277232170105 0.36296651915988093 0.9318021817794588 0 0 0 1 0 0 0 0 0 0
2.07049560546875 -1.871384620666504 3.342575788497925 -0.15364200874515072 0.9881265774933671 0 0 0 1 0 0 0 0 0 0
2.3555679321289062 -1.7450647354125977 3.6723716259002686 -0.6287653105243205 0.7775951287664131 0 0 0 1 0 0 0 0 0 0
2.53875732421875 -1.4927492141723633 4.002175331115723 -0.9340795720541352 0.3570649143659506 0 0 0 1 0 0 0 0 0 0
2.570587158203125 -1.182572364807129 4.331971168518066 -0.9871344491964784 -0.15989239884861692 0 0 0 1 0 0 0 0 0 0
2.4424705505371094 -0.8983049392700195 4.661774635314941 -0.7736022607631428 -0.6336714780879398 0 0 0 1 0 0 0 0 0 0
2.1889991760253906 -0.7167177200317383 4.991570472717285 -0.3511541803041384 -0.9363176499751185 0 0 0 1 0 0 0 0 0 0
1.8786277770996094 -0.6868486404418945 5.32137393951416 0.1661308204716942 -0.986103721973202 0 0 0 1 0 0 0 0 0 0
1.5951766967773438 -0.8167619705200195 5.651169776916504 0.6385540908772198 -0.7695769441868481 0 0 0 1 0 0 0 0 0 0
1.4151954650878906 -1.0713739395141602 5.980965614318848 0.9385178874604071 -0.34523061121061493 0 0 0 1 0 0 0 0 0 0
1.3872871398925781 -1.3819284439086914 6.310769081115723 0.9850326103191609 0.17236808465554154 0 0 0 1 0 0 0 0 0 0
1.5189933776855469 -1.6645517349243164 6.640564918518066 0.7655235922628122 0.6434078253246845 0 0 0 1 0 0 0 0 0 0
1.76513671875 -1.8393640518188477 7.030327796936035 0.35528325052826726 0.9347586917991555 0 0 0 1 0 0 0 0 0 0
2.0733871459960938 -1.870926856994629 7.381119728088379 -0.15846657469071315 0.9873643424318062 0 0 0 1 0 0 0 0 0 0
2.3562774658203125 -1.7444887161254883 7.731904029846191 -0.6299486802341627 0.7766367621167802 0 0 0 1 0 0 0 0 0 0
2.5383644104003906 -1.4937715530395508 8.082688331604004 -0.9334248155301809 0.35877306720606517 0 0 0 1 0 0 0 0 0 0
2.5710792541503906 -1.185643196105957 8.433480262756348 -0.9879496514013828 -0.15477559980787092 0 0 0 1 0 0 0 0 0 0
2.445697784423828 -0.9022798538208008 8.78426456451416 -0.7789825456510028 -0.6270456072496506 0 0 0 1 0 0 0 0 0 0
2.195659637451172 -0.7192621231079102 9.135048866271973 -0.362251877973821 -0.932080241666156 0 0 0 1 0 0 0 0 0 0
1.8876571655273438 -0.6853952407836914 9.485833168029785 0.1510841764718138 -0.988520900952445 0 0 0 1 0 0 0 0 0 0
1.6038284301757812 -0.8097200393676758 9.836625099182129 0.6241311617309979 -0.7813195843931695 0 0 0 1 0 0 0 0 0 0
1.4198760986328125 -1.059067726135254 10.187409400939941 0.9307173964420865 -0.3657391528946059 0 0 0 1 0 0 0 0 0 0
1.3848609924316406 -1.3669443130493164 10.538193702697754 0.989078105256376 0.147392339361507 0 0 0 1 0 0 0 0 0 0
1.5377998352050781 -1.6858797073364258 10.927956581115723 0.734184585000388 0.6789499209424862 0 0 0 1 0 0 0 0 0 0
1.7776908874511719 -1.8439760208129883 11.23976993560791 0.3343690205541986 0.9424422306399612 0 0 0 1 0 0 0 0 0 0
2.063587188720703 -1.8724184036254883 11.551583290100098 -0.14213130319962344 0.9898478128736642 0 0 0 1 0 0 0 0 0 0
2.329925537109375 -1.764683723449707 11.863389015197754 -0.5860241904572572 0.8102935568045178 0 0 0 1 0 0 0 0 0 0
2.515644073486328 -1.5454721450805664 12.175202369689941 -0.8955597460276894 0.44494127847932946 0 0 0 1 0 0 0 0 0 0
2.578155517578125 -1.265049934387207 12.487008094787598 -0.9997482021352357 -0.022439526005773702 0 0 0 1 0 0 0 0 0 0
2.503131866455078 -0.9877176284790039 12.798821449279785 -0.8747102839960149 -0.4846461792603045 0 0 0 1 0 0 0 0 0 0
2.307769775390625 -0.7770547866821289 13.110634803771973 -0.5491028839510743 -0.8357547623774652 0 0 0 1 0 0 0 0 0 0
2.036865234375 -0.6813745498657227 13.422440528869629 -0.09758950979676788 -0.9952267518398139 0 0 0 1 0 0 0 0 0 0
1.7525367736816406 -0.7226076126098633 13.734253883361816 0.3762873625758395 -0.9265030063446739 0 0 0 1 0 0 0 0 0 0
1.5199737548828125 -0.8913049697875977 14.046059608459473 0.7638971643554281 -0.6453379907379821 0 0 0 1 0 0 0 0 0 0
1.3925018310546875 -1.1487817764282227 14.35787296295166 0.9763454600090454 -0.21621642564737203 0 0 0 1 0 0 0 0 0 0
1.3993492126464844 -1.4360055923461914 14.669686317443848 0.9649326951557646 0.2624974167862083 0 0 0 1 0 0 0 0 0 0
1.5389442443847656 -1.6871156692504883 14.981492042541504 0.7322733926245524 0.6810107770469774 0 0 0 1 0 0 0 0 0 0
1.7792816162109375 -1.8445367813110352 15.293305397033691 0.33171244532195915 0.9433805454950437 0 0 0 1 0 0 0 0 0 0
2.0652542114257812 -1.8721742630004883 15.605111122131348 -0.14491384633696805 0.9894442769250958 0 0 0 1 0 0 0 0 0 0
2.3433570861816406 -1.7546777725219727 15.994874000549316 -0.6084145843104833 0.7936193631699656 0 0 0 1 0 0 0 0 0 0
2.532764434814453 -1.5078058242797852 16.332672119140625 -0.924093085623665 0.3821674621190738 0 0 0 1 0 0 0 0 0 0
2.5730514526367188 -1.199265480041504 16.67046356201172 -0.9912407325546004 -0.13206744536265902 0 0 0 1 0 0 0 0 0 0
2.4533843994140625 -0.9120340347290039 17.008262634277344 -0.791794502873414 -0.6107875778201806 0 0 0 1 0 0 0 0 0 0
2.2059478759765625 -0.7233667373657227 17.346054077148438 -0.37940072917638307 -0.9252324500904779 0 0 0 1 0 0 0 0 0 0
1.8972854614257812 -0.6840028762817383 17.68384552001953 0.13503960533282838 -0.9908402015418802 0 0 0 1 0 0 0 0 0 0
1.6104164123535156 -0.8045320510864258 18.021644592285156 0.6131589008111995 -0.7899595953946008 0 0 0 1 0 0 0 0 0 0
1.4224891662597656 -1.0525331497192383 18.35943603515625 0.9263665357062306 -0.37662320895509954 0 0 0 1 0 0 0 0 0 0
1.3840484619140625 -1.3613100051879883 18.697227478027344 0.9904318752145406 0.13800253823393505 0 0 0 1 0 0 0 0 0 0
1.50543212890625 -1.6478166580200195 19.03502655029297 0.7881272722623114 0.6155123091509773 0 0 0 1 0 0 0 0 0 0
1.7539939880371094 -1.8350000381469727 19.372817993164062 0.37386155417861405 0.9274845218693147 0 0 0 1 0 0 0 0 0 0
2.062885284423828 -1.8725175857543945 19.710617065429688 -0.14096425077873312 0.9900146867609543 0 0 0 1 0 0 0 0 0 0
2.349029541015625 -1.7502756118774414 20.04840850830078 -0.6178711016089973 0.7862794044081811 0 0 0 1 0 0 0 0 0 0
2.5354690551757812 -1.5011568069458008 20.386199951171875 -0.9286004431466279 0.3710811460959533 0 0 0 1 0 0 0 0 0 0
2.5720596313476562 -1.192154884338379 20.7239990234375 -0.9895884150781881 -0.14392626147802176 0 0 0 1 0 0 0 0 0 0
2.4489669799804688 -0.906376838684082 21.061790466308594 -0.7844287935453158 -0.6202188870528214 0 0 0 1 0 0 0 0 0 0
2.1992874145507812 -0.7206850051879883 21.39958953857422 -0.3682974011649421 -0.9297080317471444 0 0 0 1 0 0 0 0 0 0
1.8901786804199219 -0.6850175857543945 21.737380981445312 0.14687760972419325 -0.9891546733255155 0 0 0 1 0 0 0 0 0 0
1.6047706604003906 -0.8089685440063477 22.075172424316406 0.6225637021063325 -0.7825691259049629 0 0 0 1 0 0 0 0 0 0
1.4198265075683594 -1.0592012405395508 22.41297149658203 0.9308042601079946 -0.3655180287821777 0 0 0 1 0 0 0 0 0 0
1.3850822448730469 -1.368412971496582 22.750762939453125 0.9887104679102249 0.14983861533244502 0 0 0 1 0 0 0 0 0 0
1.5098876953125 -1.6534509658813477 23.08856201171875 0.7807013066375199 0.6249043685352738 0 0 0 1 0 0 0 0 0 0
1.7606697082519531 -1.8376474380493164 23.426353454589844 0.3627315784483906 0.9318936645327831 0 0 0 1 0 0 0 0 0 0
2.069988250732422 -1.871464729309082 23.764144897460938 -0.15279990561956944 0.9882571471244976 0 0 0 1 0 0 0 0 0 0
2.3546485900878906 -1.7458086013793945 24.101943969726562 -0.6272325728564685 0.7788320098377153 0 0 0 1 0 0 0 0 0 0
2.5380935668945312 -1.4944734573364258 24.439735412597656 -0.9329755549701871 0.3599397363838443 0 0 0 1 0 0 0 0 0 0
2.57098388671875 -1.1850557327270508 24.77753448486328 -0.987796147275992 -0.15575227583154805 0 0 0 1 0 0 0 0 0 0
2.444477081298828 -0.9007730484008789 25.115325927734375 -0.7769479670048535 -0.6295648152232026 0 0 0 1 0 0 0 0 0 0
2.192596435546875 -0.7180795669555664 25.45311737060547 -0.35714466378272586 -0.934049082827837 0 0 0 1 0 0 0 0 0 0
1.8830833435058594 -0.6861124038696289 25.790916442871094 0.1587015320346641 -0.9873266043867402 0 0 0 1 0 0 0 0 0 0
1.5991783142089844 -0.8134698867797852 26.128707885742188 0.6318804600055459 -0.7750658580167106 0 0 0 1 0 0 0 0 0 0
1.4172401428222656 -1.0658960342407227 26.466506958007812 0.9351128106635639 -0.35435015356690586 0 0 0 1 0 0 0 0 0 0
1.386199951171875 -1.3755083084106445 26.804298400878906 0.9868458933214656 0.1616637956827654 0 0 0 1 0 0 0 0 0 0
1.514404296875 -1.6590280532836914 27.14208984375 0.7731733817046257 0.6341947034022227 0 0 0 1 0 0 0 0 0 0
1.7673759460449219 -1.8402109146118164 27.479888916015625 0.3515562055405818 0.9361667769932388 0 0 0 1 0 0 0 0 0 0
2.077075958251953 -1.8703241348266602 27.81768035888672 -0.1646154933037919 0.9863578150774439 0 0 0 1 0 0 0 0 0 0
2.3602142333984375 -1.7412691116333008 28.155479431152344 -0.6365154620873839 0.7712639408942209 0 0 0 1 0 0 0 0 0 0
2.540637969970703 -1.4877595901489258 28.493270874023438 -0.9372146873118234 0.3487529639831051 0 0 0 1 0 0 0 0 0 0
2.56982421875 -1.1779718399047852 28.83106231689453 -0.985862760403734 -0.16755481983258444 0 0 0 1 0 0 0 0 0 0
2.4399261474609375 -0.8952226638793945 29.168861389160156 -0.7693686831093592 -0.6388050011158105 0 0 0 1 0 0 0 0 0 0
2.1858749389648438 -0.7155580520629883 29.50665283203125 -0.3459502389525481 -0.9382528615297022 0 0 0 1 0 0 0 0 0 0
1.8759994506835938 -0.6872949600219727 29.844451904296875 0.170516295180459 -0.9853548564237813 0 0 0 1 0 0 0 0 0 0
1.5936431884765625 -0.8180398941040039 30.18224334716797 0.6411065307960268 -0.7674518982781158 0 0 0 1 0 0 0 0 0 0
1.4147377014160156 -1.0726251602172852 30.520034790039062 0.9392826581391441 -0.34314441292124165 0 0 0 1 0 0 0 0 0 0
1.3874053955078125 -1.382584571838379 30.857833862304688 0.9848412225180335 0.17345825558094716 0 0 0 1 0 0 0 0 0 0
1.5189933776855469 -1.6645517349243164 31.19562530517578 0.7655235922628122 0.6434078253246845 0 0 0 1 0 0 0 0 0 0
1.76513671875 -1.8393640518188477 31.58538818359375 0.35528325052826726 0.9347586917991555 0 0 0 1 0 0 0 0 0 0
2.0733871459960938 -1.870926856994629 31.936172485351562 -0.15846657469071315 0.9873643424318062 0 0 0 1 0 0 0 0 0 0
2.3562774658203125 -1.7444887161254883 32.286964416503906 -0.6299486802341627 0.7766367621167802 0 0 0 1 0 0 0 0 0 0
2.5383644104003906 -1.4937715530395508 32.63774871826172 -0.9334248155301809 0.35877306720606517 0 0 0 1 0 0 0 0 0 0
2.5710792541503906 -1.185643196105957 32.98853302001953 -0.9879496514013828 -0.15477559980787092 0 0 0 1 0 0 0 0 0 0
2.445697784423828 -0.9022798538208008 33.339324951171875 -0.7789825456510028 -0.6270456072496506 0 0 0 1 0 0 0 0 0 0
2.195659637451172 -0.7192621231079102 33.69010925292969 -0.362251877973821 -0.932080241666156 0 0 0 1 0 0 0 0 0 0
1.8876571655273438 -0.6853952407836914 34.0408935546875 0.1510841764718138 -0.988520900952445 0 0 0 1 0 0 0 0 0 0
1.6038284301757812 -0.8097200393676758 34.391685485839844 0.6241311617309979 -0.7813195843931695 0 0 0 1 0 0 0 0 0 0
1.4198760986328125 -1.059067726135254 34.742469787597656 0.9307173964420865 -0.3657391528946059 0 0 0 1 0 0 0 0 0 0
1.3848609924316406 -1.3669443130493164 35.09325408935547 0.989078105256376 0.147392339361507 0 0 0 1 0 0 0 0 0 0
1.5377998352050781 -1.6858797073364258 35.48301696777344 0.734184585000388 0.6789499209424862 0 0 0 1 0 0 0 0 0 0
1.7776908874511719 -1.8439760208129883 35.794830322265625 0.3343690205541986 0.9424422306399612 0 0 0 1 0 0 0 0 0 0
2.063587188720703 -1.8724184036254883 36.10663604736328 -0.14213130319962344 0.9898478128736642 0 0 0 1 0 0 0 0 0 0
2.329925537109375 -1.764683723449707 36.41844940185547 -0.5860241904572572 0.8102935568045178 0 0 0 1 0 0 0 0 0 0
2.515644073486328 -1.5454721450805664 36.730262756347656 -0.8955597460276894 0.44494127847932946 0 0 0 1 0 0 0 0 0 0
2.578155517578125 -1.265049934387207 37.04206848144531 -0.9997482021352357 -0.022439526005773702 0 0 0 1 0 0 0 0 0 0
2.503131866455078 -0.9877176284790039 37.3538818359375 -0.8747102839960149 -0.4846461792603045 0 0 0 1 0 0 0 0 0 0
2.307769775390625 -0.7770547866821289 37.665687561035156 -0.5491028839510743 -0.8357547623774652 0 0 0 1 0 0 0 0 0 0
2.036865234375 -0.6813745498657227 37.977500915527344 -0.09758950979676788 -0.9952267518398139 0 0 0 1 0 0 0 0 0 0
1.7525367736816406 -0.7226076126098633 38.28931427001953 0.3762873625758395 -0.9265030063446739 0 0 0 1 0 0 0 0 0 0
1.5199737548828125 -0.8913049697875977 38.60111999511719 0.7638971643554281 -0.6453379907379821 0 0 0 1 0 0 0 0 0 0
1.3925018310546875 -1.1487817764282227 38.912933349609375 0.9763454600090454 -0.21621642564737203 0 0 0 1 0 0 0 0 0 0
1.3993492126464844 -1.4360055923461914 39.22473907470703 0.9649326951557646 0.2624974167862083 0 0 0 1 0 0 0 0 0 0
1.5389442443847656 -1.6871156692504883 39.53655242919922 0.7322733926245524 0.6810107770469774 0 0 0 1 0 0 0 0 0 0
1.7792816162109375 -1.8445367813110352 39.848365783691406 0.33171244532195915 0.9433805454950437 0 0 0 1 0 0 0 0 0 0
2.0652542114257812 -1.8721742630004883 40.16017150878906 -0.14491384633696805 0.9894442769250958 0 0 0 1 0 0 0 0 0 0
2.3433570861816406 -1.7546777725219727 40.54993438720703 -0.6084145843104833 0.7936193631699656 0 0 0 1 0 0 0 0 0 0
2.532684326171875 -1.508000373840332 40.88886260986328 -0.9239584561230714 0.38249283831030134 0 0 0 1 0 0 0 0 0 0
2.573108673095703 -1.1996774673461914 41.227783203125 -0.9913318514234333 -0.1313817352351076 0 0 0 1 0 0 0 0 0 0
2.453765869140625 -0.9125299453735352 41.56671142578125 -0.7924245781824155 -0.609969907366274 0 0 0 1 0 0 0 0 0 0
2.206714630126953 -0.7236833572387695 41.90563201904297 -0.3806708017413309 -0.9247106253859162 0 0 0 1 0 0 0 0 0 0
1.8983154296875 -0.6838655471801758 42.24455261230469 0.13332406327092342 -0.9910724969208514 0 0 0 1 0 0 0 0 0 0
1.6114044189453125 -0.8037652969360352 42.58348083496094 0.6115088085923147 -0.7912376236087412 0 0 0 1 0 0 0 0 0 0
1.4230384826660156 -1.051182746887207 42.922401428222656 0.9254480929726133 -0.378874421429256 0 0 0 1 0 0 0 0 0 0
1.3838233947753906 -1.3596620559692383 43.261329650878906 0.990811041409462 0.13525339264172873 0 0 0 1 0 0 0 0 0 0
1.5042839050292969 -1.6463403701782227 43.600250244140625 0.7900380270755286 0.6130578404804936 0 0 0 1 0 0 0 0 0 0
1.7520675659179688 -1.8342218399047852 43.939178466796875 0.3770709249763187 0.9261843863602449 0 0 0 1 0 0 0 0 0 0
2.060619354248047 -1.872838020324707 44.278099060058594 -0.13718218875872104 0.9905458329059625 0 0 0 1 0 0 0 0 0 0
2.347064971923828 -1.751816749572754 44.617027282714844 -0.6145920955679678 0.7888450773538326 0 0 0 1 0 0 0 0 0 0
2.5344581604003906 -1.503666877746582 44.95594787597656 -0.926917173437979 0.37526597712255744 0 0 0 1 0 0 0 0 0 0
2.5724754333496094 -1.1950387954711914 45.29487609863281 -0.9902766574689931 -0.13911197530061345 0 0 0 1 0 0 0 0 0 0
2.4508934020996094 -0.9088296890258789 45.63379669189453 -0.7876449046232206 -0.6161294541093438 0 0 0 1 0 0 0 0 0 0
2.202381134033203 -0.7219209671020508 45.97272491455078 -0.37345959838360737 -0.9276464457837127 0 0 0 1 0 0 0 0 0 0
1.8936767578125 -0.6845064163208008 46.3116455078125 0.14105378984334982 -0.9900019335187322 0 0 0 1 0 0 0 0 0 0
1.6077079772949219 -0.806645393371582 46.65057373046875 0.6176699144913206 -0.7864374588816867 0 0 0 1 0 0 0 0 0 0
1.4212837219238281 -1.0555238723754883 46.98949432373047 0.9283760661998455 -0.37164213930513845 0 0 0 1 0 0 0 0 0 0
1.3844718933105469 -1.3642969131469727 47.32842254638672 0.9897249875329778 0.14298408671193893 0 0 0 1 0 0 0 0 0 0
1.5071678161621094 -1.650029182434082 47.66734313964844 0.7852312936027964 0.6192025642282813 0 0 0 1 0 0 0 0 0 0
1.75640869140625 -1.8359689712524414 48.00627136230469 0.36983294556060703 0.929098268418344 0 0 0 1 0 0 0 0 0 0
2.0652542114257812 -1.8721742630004883 48.345191955566406 -0.14491384633696805 0.9894442769250958 0 0 0 1 0 0 0 0 0 0
2.3507461547851562 -1.7489252090454102 48.684120178222656 -0.6207259341587879 0.7840276236604807 0 0 0 1 0 0 0 0 0 0
2.5362014770507812 -1.4993181228637695 49.023040771484375 -0.9298192509699408 0.3680165220824991 0 0 0 1 0 0 0 0 0 0
2.5718040466308594 -1.190403938293457 49.361961364746094 -0.9891598049024692 -0.14684304670398599 0 0 0 1 0 0 0 0 0 0
2.4479942321777344 -0.905156135559082 49.700889587402344 -0.7828123242058632 -0.6222578766648232 0 0 0 1 0 0 0 0 0 0
2.198028564453125 -0.720189094543457 50.03981018066406 -0.3662025118383279 -0.9305351795194523 0 0 0 1 0 0 0 0 0 0
1.8890457153320312 -0.685185432434082 50.37873840332031 0.14877331641698927 -0.9888713264739202 0 0 0 1 0 0 0 0 0 0
1.6040382385253906 -0.8095521926879883 50.71765899658203 0.6237819936033098 -0.7815983779770018 0 0 0 1 0 0 0 0 0 0
1.4195594787597656 -1.0598764419555664 51.05658721923828 0.9312452627296762 -0.36439300301122185 0 0 0 1 0 0 0 0 0 0
1.385162353515625 -1.3689279556274414 51.3955078125 0.9885807519463766 0.15069205978131886 0 0 0 1 0 0 0 0 0 0
1.5100822448730469 -1.6536951065063477 51.73443603515625 0.7803770888764503 0.6253092028402565 0 0 0 1 0 0 0 0 0 0
1.7607688903808594 -1.837681770324707 52.07335662841797 0.36256645693466183 0.9319579198149698 0 0 0 1 0 0 0 0 0 0
2.06988525390625 -1.8714799880981445 52.41228485107422 -0.15263214948833126 0.9882830702499015 0 0 0 1 0 0 0 0 0 0
2.3544044494628906 -1.7460031509399414 52.75120544433594 -0.6268272102753456 0.7791582948659584 0 0 0 1 0 0 0 0 0 0
2.5379066467285156 -1.4949579238891602 53.09013366699219 -0.9326632255039048 0.3607482609696856 0 0 0 1 0 0 0 0 0 0
2.5710983276367188 -1.185776710510254 53.429054260253906 -0.9879847445029522 -0.15455143037007615 0 0 0 1 0 0 0 0 0 0
2.445068359375 -0.9015016555786133 53.767982482910156 -0.7779310552273921 -0.6283496425659811 0 0 0 1 0 0 0 0 0 0
2.19366455078125 -0.7184915542602539 54.106903076171875 -0.35893246466095424 -0.9333635335775726 0 0 0 1 0 0 0 0 0 0
1.8844184875488281 -0.6858987808227539 54.445831298828125 0.1564810838252877 -0.9876809557771493 0 0 0 1 0 0 0 0 0 0
1.6003913879394531 -0.8124856948852539 54.784751892089844 0.6298628811005361 -0.7767063479924262 0 0 0 1 0 0 0 0 0 0
1.4178695678710938 -1.064244270324707 55.123680114746094 0.9340617416908175 -0.3571115549929975 0 0 0 1 0 0 0 0 0 0
1.3858833312988281 -1.3735551834106445 55.46260070800781 0.9873733999265089 0.15841012946641492 0 0 0 1 0 0 0 0 0 0
1.5130233764648438 -1.657334327697754 55.80152893066406 0.7754742348428313 0.631379213385209 0 0 0 1 0 0 0 0 0 0
1.76513671875 -1.8393640518188477 56.14044952392578 0.35528325052826726 0.9347586917991555 0 0 0 1 0 0 0 0 0 0
2.0652542114257812 -1.8721742630004883 56.53021240234375 -0.14491384633696805 0.9894442769250958 0 0 0 1 0 0 0 0 0 0
2.325420379638672 -1.7679109573364258 56.84202575683594 -0.5785190418836644 0.8156688777794621 0 0 0 1 0 0 0 0 0 0
2.5098419189453125 -1.5568475723266602 57.153839111328125 -0.8858890639000514 0.46389715073741344 0 0 0 1 0 0 0 0 0 0
2.5782737731933594 -1.285050392150879 57.46563720703125 -0.9999405332157877 0.010905504670860213 0 0 0 1 0 0 0 0 0 0
2.5157852172851562 -1.0118227005004883 57.77745056152344 -0.8957895708415441 -0.4444783962933657 0 0 0 1 0 0 0 0 0 0
2.336009979248047 -0.7967920303344727 58.089263916015625 -0.596169476088767 -0.8028586150624811 0 0 0 1 0 0 0 0 0 0
2.0781784057617188 -0.6868791580200195 58.40107727050781 -0.16644364430783357 -0.9860509689004556 0 0 0 1 0 0 0 0 0 0
1.7985572814941406 -0.7060670852661133 58.712890625 0.2995888145050732 -0.9540684159028874 0 0 0 1 0 0 0 0 0 0
1.5581588745117188 -0.8501710891723633 59.024688720703125 0.700246607881343 -0.7139010352637629 0 0 0 1 0 0 0 0 0 0
1.4094429016113281 -1.0877466201782227 59.33650207519531 0.9481129223490748 -0.3179337768698018 0 0 0 1 0 0 0 0 0 0
1.3848609924316406 -1.3669443130493164 59.6483154296875 0.989078105256376 0.147392339361507 0 0 0 1 0 0 0 0 0 0
1.5377998352050781 -1.6858797073364258 60.03807067871094 0.734184585000388 0.6789499209424862 0 0 0 1 0 0 0 0 0 0
1.8499488830566406 -1.8646173477172852 60.42784118652344 0.21393812297618514 0.9768472140193811 0 0 0 1 0 0 0 0 0 0
2.2082366943359375 -1.8327035903930664 60.817596435546875 -0.3832223680171021 0.9236561138493943 0 0 0 1 0 0 0 0 0 0
2.4838829040527344 -1.601609230041504 61.207366943359375 -0.842624138592989 0.5385021458271297 0 0 0 1 0 0 0 0 0 0
2.5778236389160156 -1.2543878555297852 61.59712219238281 -0.9991916477429285 -0.04020013782030512 0 0 0 1 0 0 0 0 0 0
2.4562950134277344 -0.915837287902832 61.98689270019531 -0.7966432057513108 -0.6044498347508044 0 0 0 1 0 0 0 0 0 0
2.224639892578125 -0.7314081192016602 62.37664794921875 -0.4105517416650817 -0.9118373031499468 0 0 0 1 0 0 0 0 0 0
1.9151420593261719 -0.6818437576293945 62.714447021484375 0.10527405951214475 -0.9944432474474515 0 0 0 1 0 0 0 0 0 0
1.6228828430175781 -0.795109748840332 63.05224609375 0.5923758856047198 -0.8056617219118852 0 0 0 1 0 0 0 0 0 0
1.4276199340820312 -1.040299415588379 63.390045166015625 0.9178108531915756 -0.3970179312874321 0 0 0 1 0 0 0 0 0 0
1.3826408386230469 -1.350499153137207 63.72782897949219 0.9927760402978902 0.11998222289340278 0 0 0 1 0 0 0 0 0 0
1.5002250671386719 -1.6410493850708008 64.06562805175781 0.7968032174972843 0.6042388870190127 0 0 0 1 0 0 0 0 0 0
1.7482757568359375 -1.8326616287231445 64.40342712402344 0.3833897703940345 0.9235866412834313 0 0 0 1 0 0 0 0 0 0
2.0591049194335938 -1.8730440139770508 64.7412109375 -0.1346590763687712 0.9908919886402904 0 0 0 1 0 0 0 0 0 0
2.347881317138672 -1.751175880432129 65.07901000976562 -0.6159527315987737 0.7877831125608172 0 0 0 1 0 0 0 0 0 0
2.5358047485351562 -1.5003175735473633 65.41680908203125 -0.9291599014882677 0.3696780727420991 0 0 0 1 0 0 0 0 0 0
2.571582794189453 -1.1889238357543945 65.75459289550781 -0.9887902122947204 -0.14931147333732145 0 0 0 1 0 0 0 0 0 0
2.445453643798828 -0.9019784927368164 66.09239196777344 -0.7785725386172769 -0.6275546208188167 0 0 0 1 0 0 0 0 0 0
2.1918411254882812 -0.7177934646606445 66.43019104003906 -0.35589081495942426 -0.9345275425729928 0 0 0 1 0 0 0 0 0 0
1.8799552917480469 -0.6866235733032227 66.76799011230469 0.16391864678941523 -0.9864738603910024 0 0 0 1 0 0 0 0 0 0
1.5949058532714844 -0.8169870376586914 67.10577392578125 0.6390072350926597 -0.769200723803114 0 0 0 1 0 0 0 0 0 0
1.4144935607910156 -1.0732965469360352 67.44357299804688 0.93969248736894 -0.3420205098855549 0 0 0 1 0 0 0 0 0 0
1.3848609924316406 -1.3669443130493164 67.83332824707031 0.989078105256376 0.147392339361507 0 0 0 1 0 0 0 0 0 0
1.5189056396484375 -1.664444923400879 68.18412780761719 0.7656723727218813 0.6432307654725826 0 0 0 1 0 0 0 0 0 0
1.788818359375 -1.8478021621704102 68.534912109375 0.3158204654672872 0.9488189677657305 0 0 0 1 0 0 0 0 0 0
2.1147804260253906 -1.8627824783325195 68.88569641113281 -0.22745624903088543 0.9737883008009491 0 0 0 1 0 0 0 0 0 0
2.4003753662109375 -1.7049570083618164 69.23648071289062 -0.7034453181894128 0.7107493822138686 0 0 0 1 0 0 0 0 0 0
2.5611419677734375 -1.421006202697754 69.58726501464844 -0.9713880210530313 0.23749802642269568 0 0 0 1 0 0 0 0 0 0
2.5495262145996094 -1.0949106216430664 69.93804931640625 -0.9520324135521763 -0.30599719532377767 0 0 0 1 0 0 0 0 0 0
2.368968963623047 -0.8231172561645508 70.28883361816406 -0.6511073194018683 -0.7589856774810138 0 0 0 1 0 0 0 0 0 0
2.0728721618652344 -0.686009407043457 70.63963317871094 -0.15760322527599294 -0.9875025181651966 0 0 0 1 0 0 0 0 0 0
1.7488021850585938 -0.7241373062133789 70.99041748046875 0.38251199466459235 -0.9239505256980566 0 0 0 1 0 0 0 0 0 0
1.49261474609375 -0.9262285232543945 71.34120178222656 0.8094879286684037 -0.5871365201894168 0 0 0 1 0 0 0 0 0 0
1.38421630859375 -1.362492561340332 71.73095703125 0.9901546602976221 0.13997767211559228 0 0 0 1 0 0 0 0 0 0
2.55975341796875 1.4195470809936523 71.73095703125 -0.9690753229690029 -0.2467651077695605 0 0 0 -1 0 0 0 0 0 0
2.4994125366210938 0.974085807800293 71.34120178222656 -0.868507459013595 0.4956760975049621 0 0 0 -1 0 0 0 0 0 0
2.2753143310546875 0.7501592636108398 70.99641418457031 -0.4950124101088464 0.868885903809143 0 0 0 -1 0 0 0 0 0 0
1.9684104919433594 0.6715726852416992 70.65162658691406 0.016492925639370312 0.9998639824515403 0 0 0 -1 0 0 0 0 0 0
1.6642684936523438 0.7602376937866211 70.30682373046875 0.5233973919801537 0.8520887102106055 0 0 0 -1 0 0 0 0 0 0
1.4476776123046875 0.9914350509643555 69.9620361328125 0.8843826944238288 0.4667625197074511 0 0 0 -1 0 0 0 0 0 0
1.3790206909179688 1.3007078170776367 69.61724853515625 0.9988137623271344 -0.04869361545330716 0 0 0 -1 0 0 0 0 0 0
1.4774360656738281 1.6018362045288086 69.2724609375 0.8347880395110362 -0.5505714568421801 0 0 0 -1 0 0 0 0 0 0
1.7154922485351562 1.8108701705932617 68.92767333984375 0.43802592003292057 -0.8989623425813306 0 0 0 -1 0 0 0 0 0 0
2.0268173217773438 1.8695287704467773 68.5828857421875 -0.08084840392105809 -0.9967264095946375 0 0 0 -1 0 0 0 0 0 0
2.3246192932128906 1.761458396911621 68.23808288574219 -0.5771852535813647 -0.8166132395744119 0 0 0 -1 0 0 0 0 0 0
2.5258712768554688 1.5167951583862305 67.89329528808594 -0.9126027356257764 -0.4088474616875459 0 0 0 -1 0 0 0 0 0 0
2.5744705200195312 1.2037420272827148 67.54850769042969 -0.9936046540272607 0.1129149746285567 0 0 0 -1 0 0 0 0 0 0
2.456867218017578 0.9095754623413086 67.20372009277344 -0.7975957415915973 0.6031923681504516 0 0 0 -1 0 0 0 0 0 0
2.2058448791503906 0.7163076400756836 66.85893249511719 -0.379223417483882 0.925305138660672 0 0 0 -1 0 0 0 0 0 0
1.891387939453125 0.677821159362793 66.51414489746094 0.1448683012580665 0.9894509463791531 0 0 0 -1 0 0 0 0 0 0
1.6011619567871094 0.8048429489135742 66.16934204101562 0.6285799508892639 0.7777449744871713 0 0 0 -1 0 0 0 0 0 0
1.4160842895507812 1.0619611740112305 65.82455444335938 0.9370423811977954 0.3492156580669969 0 0 0 -1 0 0 0 0 0 0
1.3877449035644531 1.3774938583374023 65.47976684570312 0.9842690058589397 -0.1766763258205652 0 0 0 -1 0 0 0 0 0 0
1.5240516662597656 1.6634740829467773 65.13497924804688 0.7570966631654791 -0.6533028720461108 0 0 0 -1 0 0 0 0 0 0
1.7869987487792969 1.840174674987793 64.79019165039062 0.31885195915863795 -0.9478045305550603 0 0 0 -1 0 0 0 0 0 0
2.1032791137695312 1.858332633972168 64.44540405273438 -0.20828303623056735 -0.9780685951499396 0 0 0 -1 0 0 0 0 0 0
2.384723663330078 1.712885856628418 64.10060119628906 -0.6773573796066087 -0.7356541172945806 0 0 0 -1 0 0 0 0 0 0
2.5528602600097656 1.444380760192871 63.75581359863281 -0.9575872537755572 -0.28814345629666266 0 0 0 -1 0 0 0 0 0 0
2.5608177185058594 1.1276769638061523 63.41102600097656 -0.9708504382762382 0.2396860999282948 0 0 0 -1 0 0 0 0 0 0
2.4063796997070312 0.851069450378418 63.06623840332031 -0.7134508649193658 0.7007052613944103 0 0 0 -1 0 0 0 0 0 0
2.132598876953125 0.6916685104370117 62.72145080566406 -0.25715423932853665 0.9663703726808691 0 0 0 -1 0 0 0 0 0 0
1.8158035278320312 0.6939153671264648 62.37664794921875 0.2708423996226421 0.962623703513813 0 0 0 -1 0 0 0 0 0 0
1.5551033020019531 0.8461713790893555 61.98689270019531 0.7053374708601482 0.7088716754114311 0 0 0 -1 0 0 0 0 0 0
1.399322509765625 1.114089012145996 61.64210510253906 0.9649755608735281 0.2623397928580794 0 0 0 -1 0 0 0 0 0 0
1.3980140686035156 1.4240026473999023 61.29731750488281 0.9671565996758499 -0.25418125757704435 0 0 0 -1 0 0 0 0 0 0
1.5515289306640625 1.6932249069213867 60.9525146484375 0.711301622375772 -0.7028869055584934 0 0 0 -1 0 0 0 0 0 0
1.81890869140625 1.849928855895996 60.60772705078125 0.2656712083278871 -0.9640636955438165 0 0 0 -1 0 0 0 0 0 0
2.1288185119628906 1.8523054122924805 60.262939453125 -0.2508504070109503 -0.9680258639635825 0 0 0 -1 0 0 0 0 0 0
2.3985671997070312 1.699721336364746 59.91815185546875 -0.7004335333741492 -0.7137176369720764 0 0 0 -1 0 0 0 0 0 0
2.556194305419922 1.4328832626342773 59.5733642578125 -0.9631453477651148 -0.2689814846386569 0 0 0 -1 0 0 0 0 0 0
2.5596389770507812 1.1229887008666992 59.22857666015625 -0.9688863468745024 0.24750605414854235 0 0 0 -1 0 0 0 0 0 0
2.4079856872558594 0.8527135848999023 58.88377380371094 -0.7161364026804274 0.6979603518509749 0 0 0 -1 0 0 0 0 0 0
2.1416969299316406 0.6941671371459961 58.53898620605469 -0.27231521398435854 0.962208098195319 0 0 0 -1 0 0 0 0 0 0
1.8318138122558594 0.6896505355834961 58.19419860839844 0.24415357549412675 0.9697365784445968 0 0 0 -1 0 0 0 0 0 0
1.5610160827636719 0.8403692245483398 57.84941101074219 0.6954902018539059 0.718535579581981 0 0 0 -1 0 0 0 0 0 0
1.40155029296875 1.1061124801635742 57.50462341308594 0.961262283565907 0.275635306507816 0 0 0 -1 0 0 0 0 0 0
1.395965576171875 1.4159765243530273 57.15983581542969 0.9705725928487452 -0.24080872494754832 0 0 0 -1 0 0 0 0 0 0
1.5457496643066406 1.6872930526733398 56.815032958984375 0.7209318011253343 -0.6930060159379439 0 0 0 -1 0 0 0 0 0 0
1.8109397888183594 1.8476743698120117 56.470245361328125 0.27894471034172624 -0.9603071636577384 0 0 0 -1 0 0 0 0 0 0
2.1207847595214844 1.8543310165405273 56.125457763671875 -0.2374636774949018 -0.9713964184979258 0 0 0 -1 0 0 0 0 0 0
2.3926162719726562 1.7054853439331055 55.780670166015625 -0.6905133709969753 -0.7233196281550734 0 0 0 -1 0 0 0 0 0 0
2.5539093017578125 1.4408483505249023 55.435874938964844 -0.9593358388989477 -0.2822671575016341 0 0 0 -1 0 0 0 0 0 0
2.561634063720703 1.1310300827026367 55.091087341308594 -0.9722125727208558 0.23409979377072263 0 0 0 -1 0 0 0 0 0 0
2.413726806640625 0.8586835861206055 54.746299743652344 -0.7256990865449444 0.6880122352021317 0 0 0 -1 0 0 0 0 0 0
2.1496505737304688 0.6964750289916992 54.40150451660156 -0.28557284058656485 0.9583570069234745 0 0 0 -1 0 0 0 0 0 0
1.8398590087890625 0.6876821517944336 54.05671691894531 0.23075433228168526 0.9730120441871383 0 0 0 -1 0 0 0 0 0 0
1.5670051574707031 0.8346471786499023 53.71192932128906 0.6855029237906285 0.7280698740330489 0 0 0 -1 0 0 0 0 0 0
1.4038887023925781 1.0981626510620117 53.36713409423828 0.957364016188625 0.2888843029781753 0 0 0 -1 0 0 0 0 0 0
1.3940238952636719 1.407923698425293 53.02234649658203 0.9738043697392312 -0.2273874435336713 0 0 0 -1 0 0 0 0 0 0
1.5724067687988281 1.7133550643920898 52.63258361816406 0.6765036184621784 -0.7364393078914102 0 0 0 -1 0 0 0 0 0 0
1.8421516418457031 1.8558378219604492 52.313690185546875 0.22692883749488862 -0.9739113423270203 0 0 0 -1 0 0 0 0 0 0
2.1470909118652344 1.8472623825073242 51.994789123535156 -0.2813000062221935 -0.9596198760443606 0 0 0 -1 0 0 0 0 0 0
2.4084014892578125 1.689845085144043 51.67589569091797 -0.716817164524052 -0.6972611796476973 0 0 0 -1 0 0 0 0 0 0
2.5585289001464844 1.4242773056030273 51.35699462890625 -0.9670354313715297 -0.25464185530285344 0 0 0 -1 0 0 0 0 0 0
2.5586624145507812 1.119215965270996 51.03810119628906 -0.9672588573301965 0.25379184958599976 0 0 0 -1 0 0 0 0 0 0
2.408771514892578 0.8535184860229492 50.719200134277344 -0.717441978254615 0.6966182655070886 0 0 0 -1 0 0 0 0 0 0
2.1475982666015625 0.6958684921264648 50.400306701660156 -0.28215174556089895 0.959369789224644 0 0 0 -1 0 0 0 0 0 0
1.8426628112792969 0.6870260238647461 50.08140563964844 0.2260778075076189 0.9741092469289817 0 0 0 -1 0 0 0 0 0 0
1.5727958679199219 0.8292722702026367 49.76251220703125 0.675854174223816 0.737035369018505 0 0 0 -1 0 0 0 0 0 0
1.4077529907226562 1.0858335494995117 49.44361877441406 0.9509231110082335 0.309427272473554 0 0 0 -1 0 0 0 0 0 0
1.3902091979980469 1.3903913497924805 49.124717712402344 0.9801690167715046 -0.1981633128537713 0 0 0 -1 0 0 0 0 0 0
1.5593757629394531 1.7010221481323242 48.734954833984375 0.6982217772030026 -0.7158815194146867 0 0 0 -1 0 0 0 0 0 0
1.8181228637695312 1.8497114181518555 48.407554626464844 0.2669754329261107 -0.9637033351679944 0 0 0 -1 0 0 0 0 0 0
2.116497039794922 1.855360984802246 48.08015441894531 -0.2303173692557397 -0.9731155683777315 0 0 0 -1 0 0 0 0 0 0
2.3806838989257812 1.716567039489746 47.75275421142578 -0.670627422086339 -0.7417943520584606 0 0 0 -1 0 0 0 0 0 0
2.545330047607422 1.4676694869995117 47.42535400390625 -0.945036484229522 -0.32696489639578213 0 0 0 -1 0 0 0 0 0 0
2.5697021484375 1.1702375411987305 47.09795379638672 -0.9856577341873858 0.16875672145603265 0 0 0 -1 0 0 0 0 0 0
2.447772979736328 0.897852897644043 46.77055358886719 -0.7824338142177226 0.6227337523923897 0 0 0 -1 0 0 0 0 0 0
2.2097015380859375 0.7179059982299805 46.443153381347656 -0.3856555871639692 0.9226428171774894 0 0 0 -1 0 0 0 0 0 0
1.9143867492675781 0.6749067306518555 46.115745544433594 0.10654302759588827 0.9943080927311724 0 0 0 -1 0 0 0 0 0 0
1.6348876953125 0.7794942855834961 45.78834533691406 0.5723662080366058 0.8199981243257798 0 0 0 -1 0 0 0 0 0 0
1.4403457641601562 1.005793571472168 45.46094512939453 0.8966043399218019 0.44283253904087694 0 0 0 -1 0 0 0 0 0 0
1.3788871765136719 1.2978239059448242 45.133544921875 0.9990363041596029 -0.043891490873761735 0 0 0 -1 0 0 0 0 0 0
1.4657173156738281 1.5833425521850586 44.80614471435547 0.8543187762623708 -0.5197493901156259 0 0 0 -1 0 0 0 0 0 0
1.6793556213378906 1.7917089462280273 44.47874450683594 0.4982579918661453 -0.8670288193258148 0 0 0 -1 0 0 0 0 0 0
1.9669532775878906 1.871382713317871 44.151344299316406 0.018927628794074794 -0.9998208563879 0 0 0 -1 0 0 0 0 0 0
2.2573585510253906 1.8026533126831055 43.823944091796875 -0.4650882872255955 -0.8852643023897224 0 0 0 -1 0 0 0 0 0 0
2.478729248046875 1.6025190353393555 43.496543884277344 -0.834033411330388 -0.5517139374572623 0 0 0 -1 0 0 0 0 0 0
2.576305389404297 1.320490837097168 43.16914367675781 -0.996659632436763 -0.0816674786620497 0 0 0 -1 0 0 0 0 0 0
2.5259437561035156 1.0263433456420898 42.84174346923828 -0.9127237954293825 0.40857713256738043 0 0 0 -1 0 0 0 0 0 0
2.3401031494140625 0.792841911315918 42.51434326171875 -0.6029883045401325 0.7977500263790758 0 0 0 -1 0 0 0 0 0 0
2.0647621154785156 0.6777524948120117 42.18694305419922 -0.1440942642952981 0.9895639660967839 0 0 0 -1 0 0 0 0 0 0
1.7680320739746094 0.7095441818237305 41.859535217285156 0.35045939138471716 0.9365779278790706 0 0 0 -1 0 0 0 0 0 0
1.5233230590820312 0.8803548812866211 41.532135009765625 0.7583062110796429 0.6518985275624083 0 0 0 -1 0 0 0 0 0 0
1.3911705017089844 1.1479291915893555 41.204734802246094 0.9785649007531504 0.20593866808828537 0 0 0 -1 0 0 0 0 0 0
1.404266357421875 1.4460668563842773 40.87733459472656 0.9567352761853032 -0.29095981045950614 0 0 0 -1 0 0 0 0 0 0
1.5593757629394531 1.7010221481323242 40.54993438720703 0.6982217772030026 -0.7158815194146867 0 0 0 -1 0 0 0 0 0 0
1.8158111572265625 1.8490667343139648 40.16017150878906 0.27083200294760534 -0.9626266286465321 0 0 0 -1 0 0 0 0 0 0
2.1173248291015625 1.8551626205444336 39.826087951660156 -0.2316994019860908 -0.9727874316207462 0 0 0 -1 0 0 0 0 0 0
2.383716583251953 1.7138090133666992 39.49200439453125 -0.6756789019920911 -0.7371960535724281 0 0 0 -1 0 0 0 0 0 0
2.5476913452148438 1.4607114791870117 39.157928466796875 -0.9489678915360493 -0.31537270147180585 0 0 0 -1 0 0 0 0 0 0
2.567821502685547 1.1598081588745117 38.82384490966797 -0.9825240783965755 0.18613552957713383 0 0 0 -1 0 0 0 0 0 0
2.43902587890625 0.8871221542358398 38.48976135253906 -0.767865257185668 0.6406113851682532 0 0 0 -1 0 0 0 0 0 0
2.1938400268554688 0.7115392684936523 38.155677795410156 -0.35922040603545374 0.9332527524136878 0 0 0 -1 0 0 0 0 0 0
1.8942031860351562 0.6774168014526367 37.82159423828125 0.14018033389881016 0.9901259889468704 0 0 0 -1 0 0 0 0 0 0
1.615814208984375 0.7933721542358398 37.487510681152344 0.6041566097074188 0.7968656040681122 0 0 0 -1 0 0 0 0 0 0
1.4290008544921875 1.030116081237793 37.15342712402344 0.9155116279492799 0.4022915100889641 0 0 0 -1 0 0 0 0 0 0
1.3809585571289062 1.3278379440307617 36.81935119628906 0.9955807892844238 -0.0939089559509847 0 0 0 -1 0 0 0 0 0 0
1.48382568359375 1.611323356628418 36.485267639160156 0.8241394677294641 -0.5663869152183827 0 0 0 -1 0 0 0 0 0 0
1.71160888671875 1.8089590072631836 36.15118408203125 0.444500869567043 -0.895778419562641 0 0 0 -1 0 0 0 0 0 0
2.0067710876464844 1.870814323425293 35.817100524902344 -0.047437213117461845 -0.9988742217174534 0 0 0 -1 0 0 0 0 0 0
2.2947425842285156 1.781264305114746 35.48301696777344 -0.5273924660147595 -0.849621790440235 0 0 0 -1 0 0 0 0 0 0
2.5027732849121094 1.5629301071166992 35.14893341064453 -0.8741059357269687 -0.48573533238470573 0 0 0 -1 0 0 0 0 0 0
2.57830810546875 1.2709722518920898 34.814849853515625 -0.9999996268244824 0.0008639160235780177 0 0 0 -1 0 0 0 0 0 0
2.5022659301757812 0.9791440963745117 34.48077392578125 -0.8732677598282422 0.4872406178107111 0 0 0 -1 0 0 0 0 0 0
2.2938575744628906 0.7611684799194336 34.146690368652344 -0.5259103546029874 0.8505400043039482 0 0 0 -1 0 0 0 0 0 0
2.0057334899902344 0.6721181869506836 33.81260681152344 -0.045708947555233914 0.9989547998350041 0 0 0 -1 0 0 0 0 0 0
1.7106781005859375 0.7344846725463867 33.47852325439453 0.44605085573454517 0.8950076167823826 0 0 0 -1 0 0 0 0 0 0
1.4832382202148438 0.9325170516967773 33.144439697265625 0.8251200795967899 0.5649573915315977 0 0 0 -1 0 0 0 0 0 0
1.3808631896972656 1.216181755065918 32.81035614013672 0.9957422189693838 0.09218152397269216 0 0 0 -1 0 0 0 0 0 0
1.4294204711914062 1.513819694519043 32.47627258300781 0.9148090649037663 -0.40388658651890924 0 0 0 -1 0 0 0 0 0 0
1.6166458129882812 1.750239372253418 32.14219665527344 0.6027699166753462 -0.7979150503350568 0 0 0 -1 0 0 0 0 0 0
1.895233154296875 1.8657102584838867 31.80811309814453 0.13846297368698804 -0.9903676109999542 0 0 0 -1 0 0 0 0 0 0
2.1948089599609375 1.831068992614746 31.474029541015625 -0.3608376609683027 -0.932628641221641 0 0 0 -1 0 0 0 0 0 0
2.4396934509277344 1.6550588607788086 31.13994598388672 -0.7689766951658021 -0.639276811946031 0 0 0 -1 0 0 0 0 0 0
2.5680160522460938 1.3821516036987305 30.805862426757812 -0.9828437238131831 -0.18444027369594654 0 0 0 -1 0 0 0 0 0 0
2.54736328125 1.0812864303588867 30.471778869628906 -0.9484249287392172 0.31700182104525915 0 0 0 -1 0 0 0 0 0 0
2.3829498291015625 0.8284711837768555 30.1376953125 -0.6744015715120472 0.7383647610375788 0 0 0 -1 0 0 0 0 0 0
2.116313934326172 0.6875791549682617 29.803619384765625 -0.23001540745800295 0.9731869873420671 0 0 0 -1 0 0 0 0 0 0
1.8148117065429688 0.6941976547241211 29.46953582763672 0.27249317199988626 0.9621577163924013 0 0 0 -1 0 0 0 0 0 0
1.5546150207519531 0.8466558456420898 29.135452270507812 0.7061524692951694 0.708059806872509 0 0 0 -1 0 0 0 0 0 0
1.4014549255371094 1.106440544128418 28.801368713378906 0.961420574466437 0.27508267664945096 0 0 0 -1 0 0 0 0 0 0
1.3940238952636719 1.407923698425293 28.46728515625 0.9738043697392312 -0.2273874435336713 0 0 0 -1 0 0 0 0 0 0
1.5724067687988281 1.7133550643920898 28.07752227783203 0.6765036184621784 -0.7364393078914102 0 0 0 -1 0 0 0 0 0 0
1.82989501953125 1.8528470993041992 27.765716552734375 0.24735836944383552 -0.9689240615580186 0 0 0 -1 0 0 0 0 0 0
2.12274169921875 1.853846549987793 27.453903198242188 -0.24071892656877644 -0.9705948683109632 0 0 0 -1 0 0 0 0 0 0
2.3811798095703125 1.716120719909668 27.14208984375 -0.6714522363219846 -0.7410478353913504 0 0 0 -1 0 0 0 0 0 0
2.5436439514160156 1.4724721908569336 26.830284118652344 -0.9422295638556634 -0.3349678327785617 0 0 0 -1 0 0 0 0 0 0
2.5714378356933594 1.1809492111206055 26.518470764160156 -0.988548207649716 0.15090540464984653 0 0 0 -1 0 0 0 0 0 0
2.457935333251953 0.9109907150268555 26.2066650390625 -0.7993748584262915 0.6008326187183467 0 0 0 -1 0 0 0 0 0 0
2.230175018310547 0.7269124984741211 25.894851684570312 -0.4197830519106249 0.9076244759417859 0 0 0 -1 0 0 0 0 0 0
1.942413330078125 0.6725645065307617 25.583038330078125 0.059822978504136745 0.9982090017841422 0 0 0 -1 0 0 0 0 0 0
1.6632041931152344 0.7608938217163086 25.27123260498047 0.5251737168967447 0.8509950452739766 0 0 0 -1 0 0 0 0 0 0
1.4590606689453125 0.9708547592163086 24.95941925048828 0.8654114340890511 0.5010619220694507 0 0 0 -1 0 0 0 0 0 0
1.3902091979980469 1.3903913497924805 24.569656372070312 0.9801690167715046 -0.1981633128537713 0 0 0 -1 0 0 0 0 0 0
1.5216636657714844 1.660689353942871 24.23986053466797 0.7610743835965698 -0.6486646149075047 0 0 0 -1 0 0 0 0 0 0
1.7677116394042969 1.8333158493041992 23.910057067871094 0.3509980233781133 -0.9363761998174971 0 0 0 -1 0 0 0 0 0 0
2.066608428955078 1.8649587631225586 23.58026123046875 -0.14716791086950878 -0.989111523545401 0 0 0 -1 0 0 0 0 0 0
2.3433494567871094 1.7476682662963867 23.250457763671875 -0.608402100230619 -0.7936289337183793 0 0 0 -1 0 0 0 0 0 0
2.5284805297851562 1.5108861923217773 22.92066192626953 -0.9169530036010661 -0.39899522451651365 0 0 0 -1 0 0 0 0 0 0
2.575550079345703 1.2140264511108398 22.590858459472656 -0.9954033331915351 0.09577162560582224 0 0 0 -1 0 0 0 0 0 0
2.4727439880371094 0.9315900802612305 22.261062622070312 -0.824060256127067 0.5665021573408108 0 0 0 -1 0 0 0 0 0 0
2.245861053466797 0.7344465255737305 21.93126678466797 -0.44592511561412773 0.8950702716907352 0 0 0 -1 0 0 0 0 0 0
1.9518356323242188 0.6720762252807617 21.601463317871094 0.04411594387879086 0.9990264178167079 0 0 0 -1 0 0 0 0 0 0
1.6644554138183594 0.7601232528686523 21.27166748046875 0.5230842014871032 0.8522810089134918 0 0 0 -1 0 0 0 0 0 0
1.4558334350585938 0.9765005111694336 20.941864013671875 0.8707944819971991 0.4916472008699221 0 0 0 -1 0 0 0 0 0 0
1.378326416015625 1.266901969909668 20.61206817626953 0.9999707240598695 0.007651864033041212 0 0 0 -1 0 0 0 0 0 0
1.4513816833496094 1.558455467224121 20.282264709472656 0.8782109631872757 -0.4782734616698672 0 0 0 -1 0 0 0 0 0 0
1.6566696166992188 1.7779951095581055 19.952468872070312 0.5360686784472862 -0.8441743729750271 0 0 0 -1 0 0 0 0 0 0
1.9426689147949219 1.8704328536987305 19.622665405273438 0.05939681228185312 -0.9982344507633236 0 0 0 -1 0 0 0 0 0 0
2.2376136779785156 1.8125638961791992 19.292869567871094 -0.43217473795277916 -0.9017898845493036 0 0 0 -1 0 0 0 0 0 0
2.467487335205078 1.6189184188842773 18.96306610107422 -0.8152959597814868 -0.5790444697637517 0 0 0 -1 0 0 0 0 0 0
2.5746002197265625 1.3380842208862305 18.633270263671875 -0.9938220084536669 -0.11098565453751126 0 0 0 -1 0 0 0 0 0 0
2.5320777893066406 1.040541648864746 18.30347442626953 -0.9229510660012415 0.38491730250428025 0 0 0 -1 0 0 0 0 0 0
2.3505897521972656 0.8009519577026367 17.973670959472656 -0.6204689924597677 0.7842309796201375 0 0 0 -1 0 0 0 0 0 0
2.0756759643554688 0.6794462203979492 17.643875122070312 -0.16228262276887875 0.9867443186293265 0 0 0 -1 0 0 0 0 0 0
1.7763328552246094 0.706507682800293 17.314071655273438 0.3366256573306683 0.9416385542376094 0 0 0 -1 0 0 0 0 0 0
1.5276718139648438 0.8753538131713867 16.984275817871094 0.751064411527154 0.6602289373674635 0 0 0 -1 0 0 0 0 0 0
1.3920936584472656 1.1436071395874023 16.65447235107422 0.9770215815461816 0.21314039784376396 0 0 0 -1 0 0 0 0 0 0
1.4036293029785156 1.443953514099121 16.324676513671875 0.9577987975304241 -0.287439495284266 0 0 0 -1 0 0 0 0 0 0
1.5593757629394531 1.7010221481323242 15.994874000549316 0.6982217772030026 -0.7158815194146867 0 0 0 -1 0 0 0 0 0 0
1.8158111572265625 1.8490667343139648 15.605111122131348 0.27083200294760534 -0.9626266286465321 0 0 0 -1 0 0 0 0 0 0
2.1118316650390625 1.8564443588256836 15.283135414123535 -0.22254238519302807 -0.9749230158287361 0 0 0 -1 0 0 0 0 0 0
2.3753280639648438 1.7213544845581055 14.961159706115723 -0.66169733315703 -0.7497710579189318 0 0 0 -1 0 0 0 0 0 0
2.542125701904297 1.4766950607299805 14.639176368713379 -0.9396960932672782 -0.3420106026108179 0 0 0 -1 0 0 0 0 0 0
2.571605682373047 1.1820554733276367 14.317200660705566 -0.9888273739917789 0.14906516844830853 0 0 0 -1 0 0 0 0 0 0
2.4565811157226562 0.9092016220092773 13.995224952697754 -0.7971271675142149 0.6038114596550523 0 0 0 -1 0 0 0 0 0 0
2.2250709533691406 0.7245817184448242 13.673249244689941 -0.41126624458005956 0.9115152637608516 0 0 0 -1 0 0 0 0 0 0
1.9334602355957031 0.6731710433959961 13.351265907287598 0.07474615686938738 0.9972025932744342 0 0 0 -1 0 0 0 0 0 0
1.65277099609375 0.767481803894043 13.029290199279785 0.5425607291390661 0.8400165803102253 0 0 0 -1 0 0 0 0 0 0
1.4513702392578125 0.9845495223999023 12.707314491271973 0.878230232983755 0.4782380765615586 0 0 0 -1 0 0 0 0 0 0
1.3783073425292969 1.2715024948120117 12.385331153869629 0.9999999997482371 -0.000022439385603972604 0 0 0 -1 0 0 0 0 0 0
1.4513816833496094 1.5584516525268555 12.063355445861816 0.8782156757252828 -0.4782648083545191 0 0 0 -1 0 0 0 0 0 0
1.6527900695800781 1.7755117416381836 11.741379737854004 0.5425318643556305 -0.840035223165555 0 0 0 -1 0 0 0 0 0 0
1.9334831237792969 1.8698148727416992 11.41939640045166 0.07471184955562617 -0.9972051642144547 0 0 0 -1 0 0 0 0 0 0
2.2250900268554688 1.8183889389038086 11.097420692443848 -0.4113026222034578 -0.9114988496803271 0 0 0 -1 0 0 0 0 0 0
2.4565963745117188 1.6337652206420898 10.775444984436035 -0.7971461486164089 -0.6037864007627418 0 0 0 -1 0 0 0 0 0 0
2.5716094970703125 1.3609037399291992 10.453461647033691 -0.9888342373528906 -0.14901963306466395 0 0 0 -1 0 0 0 0 0 0
2.5421180725097656 1.066267967224121 10.131485939025879 -0.9396875688468389 0.342034023095243 0 0 0 -1 0 0 0 0 0 0
2.3753089904785156 0.8216123580932617 9.809510231018066 -0.6616672784202134 0.7497975811297257 0 0 0 -1 0 0 0 0 0 0
2.1118087768554688 0.6865301132202148 9.487534523010254 -0.22249729465428972 0.9749333073967277 0 0 0 -1 0 0 0 0 0 0
1.8157920837402344 0.6939191818237305 9.16555118560791 0.2708557215077253 0.9626199551881988 0 0 0 -1 0 0 0 0 0 0
1.559356689453125 0.8419790267944336 8.843575477600098 0.6982558504364805 0.7158482851353543 0 0 0 -1 0 0 0 0 0 0
1.4049606323242188 1.094649314880371 8.521599769592285 0.9555774375101688 0.29474015831151973 0 0 0 -1 0 0 0 0 0 0
1.3902091979980469 1.3903913497924805 8.199616432189941 0.9801690167715046 -0.1981633128537713 0 0 0 -1 0 0 0 0 0 0
1.5593757629394531 1.7010221481323242 7.809853553771973 0.6982217772030026 -0.7158815194146867 0 0 0 -1 0 0 0 0 0 0
1.8285255432128906 1.8524961471557617 7.45906925201416 0.24963844603403385 -0.9683391173869375 0 0 0 -1 0 0 0 0 0 0
2.1373634338378906 1.8500242233276367 7.108284950256348 -0.2650886815257634 -0.9642240356509125 0 0 0 -1 0 0 0 0 0 0
2.4040565490722656 1.6942625045776367 6.757493019104004 -0.7095819989124066 -0.7046228685044741 0 0 0 -1 0 0 0 0 0 0
2.5579452514648438 1.4264860153198242 6.406708717346191 -0.9660589242950226 -0.2583218047125406 0 0 0 -1 0 0 0 0 0 0
2.558246612548828 1.1176366806030273 6.055924415588379 -0.9665639414556488 0.2564257145407242 0 0 0 -1 0 0 0 0 0 0
2.404888153076172 0.8495550155639648 5.705140113830566 -0.7109669668294633 0.7032254063081855 0 0 0 -1 0 0 0 0 0 0
2.138500213623047 0.6932706832885742 5.354348182678223 -0.266982966233498 0.9637012481786889 0 0 0 -1 0 0 0 0 0 0
1.8296699523925781 0.6901922225952148 5.00356388092041 0.24773014728497558 0.9688290737411652 0 0 0 -1 0 0 0 0 0 0
1.5602226257324219 0.8411397933959961 4.652779579162598 0.6968117421968979 0.7172540665179418 0 0 0 -1 0 0 0 0 0 0
1.40155029296875 1.1061124801635742 4.301987648010254 0.961262283565907 0.275635306507816 0 0 0 -1 0 0 0 0 0 0
1.3940238952636719 1.407923698425293 3.912224531173706 0.9738043697392312 -0.2273874435336713 0 0 0 -1 0 0 0 0 0 0
1.5467071533203125 1.688288688659668 3.60041880607605 0.7193407540381114 -0.6946573828729392 0 0 0 -1 0 0 0 0 0 0
1.8215751647949219 1.8506574630737305 3.2886054515838623 0.2612286237856449 -0.9652769582431033 0 0 0 -1 0 0 0 0 0 0
2.1408157348632812 1.8490629196166992 2.976799726486206 -0.27084532483295887 -0.9626228804761131 0 0 0 -1 0 0 0 0 0 0
2.414051055908203 1.6839590072631836 2.6649863719940186 -0.726233883163549 -0.6874477048803005 0 0 0 -1 0 0 0 0 0 0
2.563922882080078 1.4020795822143555 2.353173017501831 -0.976026549739675 -0.21765149713077014 0 0 0 -1 0 0 0 0 0 0
2.542125701904297 1.066279411315918 1.9634101390838623 -0.93969248736894 0.3420205098855549 0 0 0 -1 0 0 0 0 0 0
2.3708152770996094 0.8176870346069336 1.6126258373260498 -0.6541758723415171 0.7563424674353643 0 0 0 -1 0 0 0 0 0 0
2.100128173828125 0.6839895248413086 1.2618415355682373 -0.20303298511085752 0.9791718985739809 0 0 0 -1 0 0 0 0 0 0
1.7985992431640625 0.6990346908569336 0.9110572338104248 0.2995077044419899 0.9540938816384317 0 0 0 -1 0 0 0 0 0 0
1.5425682067871094 0.8590230941772461 0.560265302658081 0.7262394845464871 0.6874417874159621 0 0 0 -1 0 0 0 0 0 0
1.3968620300292969 1.1234350204467773 0.20948100090026855 0.9690753229690029 0.2467651077695605 0 0 0 -1 0 0 0 0 0 0
1.3983688354492188 1.425337791442871 -0.14130330085754395 0.9665667222244707 -0.25641523255891596 0 0 0 -1 0 0 0 0 0 0
1.5467033386230469 1.6882848739624023 -0.4920952320098877 0.7193407540381114 -0.6946573828729392 0 0 0 -1 0 0 0 0 0 0
1.8043174743652344 1.8457098007202148 -0.8428795337677002 0.289984974628743 -0.9570311982843438 0 0 0 -1 0 0 0 0 0 0
2.1059799194335938 1.8577489852905273 -1.1936638355255127 -0.21278364163274546 -0.9770993408315795 0 0 0 -1 0 0 0 0 0 0
2.3753204345703125 1.721358299255371 -1.5444557666778564 -0.6616910259238478 -0.7497766242100681 0 0 0 -1 0 0 0 0 0 0
2.55975341796875 1.4195470809936523 -1.9342186450958252 -0.9690753229690029 -0.2467651077695605 0 0 0 -1 0 0 0 0 0 0
2.5602684020996094 1.1254682540893555 -2.2460243701934814 -0.9699342487850985 0.24336711576070946 0 0 0 -1 0 0 0 0 0 0
2.420978546142578 0.8664655685424805 -2.557837724685669 -0.7377806829987023 0.6750404904848066 0 0 0 -1 0 0 0 0 0 0
2.175342559814453 0.704768180847168 -2.869643449783325 -0.3283896368928911 0.9445423475849851 0 0 0 -1 0 0 0 0 0 0
1.8823776245117188 0.6792097091674805 -3.1814568042755127 0.15988146592627386 0.9871362200088019 0 0 0 -1 0 0 0 0 0 0
1.612457275390625 0.7959356307983398 -3.4932701587677 0.6097476309867529 0.792595626095705 0 0 0 -1 0 0 0 0 0 0
1.4304237365722656 1.0269041061401367 -3.8050758838653564 0.9131398960704856 0.4076463298060987 0 0 0 -1 0 0 0 0 0 0
1.3800086975097656 1.3166303634643555 -4.116888999938965 0.9971663282626405 -0.07522841071831546 0 0 0 -1 0 0 0 0 0 0
1.4733238220214844 1.5955114364624023 -4.428694725036621 0.8416389496741535 -0.5400406266119129 0 0 0 -1 0 0 0 0 0 0
1.6879501342773438 1.796553611755371 -4.740508079528809 0.4839301417357101 -0.8751066323138316 0 0 0 -1 0 0 0 0 0 0
1.9723281860351562 1.8714628219604492 -5.052321434020996 0.00996303984859335 -0.9999503676868045 0 0 0 -1 0 0 0 0 0 0
2.375324249267578 1.721358299255371 -5.442084312438965 -0.6616910259238478 -0.7497766242100681 0 0 0 -1 0 0 0 0 0 0
2.537921905517578 1.4879026412963867 -5.753890037536621 -0.9326864784715988 -0.3606881379755198 0 0 0 -1 0 0 0 0 0 0
2.5746994018554688 1.205794334411621 -6.065703392028809 -0.9939875528982679 0.10949312619207158 0 0 0 -1 0 0 0 0 0 0
2.4773941040039062 0.9384527206420898 -6.377509117126465 -0.8318085595935447 0.5550626272655298 0 0 0 -1 0 0 0 0 0 0
2.2678794860839844 0.7459897994995117 -6.689322471618652 -0.4826193318011382 0.8758302236003406 0 0 0 -1 0 0 0 0 0 0
1.9932594299316406 0.6716756820678711 -7.00113582611084 -0.0249187485643099 0.9996894797735888 0 0 0 -1 0 0 0 0 0 0
1.7152786254882812 0.7322187423706055 -7.312941551208496 0.4383776526219274 0.8987908731633231 0 0 0 -1 0 0 0 0 0 0
1.4964332580566406 0.9140043258666992 -7.624754905700684 0.8031260840368052 0.595809107969748 0 0 0 -1 0 0 0 0 0 0
1.3859291076660156 1.1761655807495117 -7.9365644454956055 0.9872993718748458 0.15887086043555823 0 0 0 -1 0 0 0 0 0 0
1.4086112976074219 1.4597578048706055 -8.248373985290527 0.9494947054330706 -0.3137830530072753 0 0 0 -1 0 0 0 0 0 0
1.5593757629394531 1.7010221481323242 -8.56018352508545 0.6982217772030026 -0.7158815194146867 0 0 0 -1 0 0 0 0 0 0
1.8158111572265625 1.8490667343139648 -8.949946403503418 0.27083200294760534 -0.9626266286465321 0 0 0 -1 0 0 0 0 0 0
2.127094268798828 1.8527517318725586 -9.290987968444824 -0.2479779814473732 -0.9687656686305962 0 0 0 -1 0 0 0 0 0 0
2.398326873779297 1.6999616622924805 -9.63202953338623 -0.7000257545934659 -0.7141175973926485 0 0 0 -1 0 0 0 0 0 0
2.556488037109375 1.4318265914916992 -9.973074913024902 -0.9636357994574561 -0.26721909737889155 0 0 0 -1 0 0 0 0 0 0
2.559009552001953 1.1205320358276367 -10.314116477966309 -0.9678310313311659 0.25160106278084665 0 0 0 -1 0 0 0 0 0 0
2.4052047729492188 0.8498754501342773 -10.655158042907715 -0.7114967975425323 0.7026893389590602 0 0 0 -1 0 0 0 0 0 0
2.136486053466797 0.6927175521850586 -10.996199607849121 -0.26362907298482 0.9646241298439326 0 0 0 -1 0 0 0 0 0 0
1.8251838684082031 0.6913595199584961 -11.337244987487793 0.25520233649172597 0.9668876705435662 0 0 0 -1 0 0 0 0 0 0
1.5551033020019531 0.8461713790893555 -11.6782865524292 0.7053374708601482 0.7088716754114311 0 0 0 -1 0 0 0 0 0 0
1.40155029296875 1.1061124801635742 -12.068049430847168 0.961262283565907 0.275635306507816 0 0 0 -1 0 0 0 0 0 0
1.3907203674316406 1.3928937911987305 -12.374293327331543 0.9793159568956576 -0.20233698764571564 0 0 0 -1 0 0 0 0 0 0
1.5143203735351562 1.6519041061401367 -12.680533409118652 0.7733100379407203 -0.6340280634326229 0 0 0 -1 0 0 0 0 0 0
1.7440719604492188 1.823878288269043 -12.986777305603027 0.3903916555283369 -0.9206488773109129 0 0 0 -1 0 0 0 0 0 0
2.0274124145507812 1.8694791793823242 -13.293017387390137 -0.08183647694525578 -0.9966457700914547 0 0 0 -1 0 0 0 0 0 0
2.2995223999023438 1.7782659530639648 -13.599261283874512 -0.5353616783675585 -0.84462291783699 0 0 0 -1 0 0 0 0 0 0
2.4981422424316406 1.5711126327514648 -13.905501365661621 -0.8663922846202787 -0.49936400466038205 0 0 0 -1 0 0 0 0 0 0
2.577831268310547 1.2954130172729492 -14.211745262145996 -0.9992046823291284 -0.03987483932940019 0 0 0 -1 0 0 0 0 0 0
2.5203590393066406 1.0142393112182617 -14.517985343933105 -0.9034230112096098 0.4287503502237184 0 0 0 -1 0 0 0 0 0 0
2.338878631591797 0.7919187545776367 -14.82422924041748 -0.6009474157333354 0.7992885608611109 0 0 0 -1 0 0 0 0 0 0
2.074901580810547 0.679316520690918 -15.130473136901855 -0.16099027518917697 0.9869559925825026 0 0 0 -1 0 0 0 0 0 0
1.7888259887695312 0.7021970748901367 -15.436713218688965 0.31580026419945967 0.9488256916481297 0 0 0 -1 0 0 0 0 0 0
1.5461044311523438 0.8553190231323242 -15.74295711517334 0.7203376536904434 0.6936235756343254 0 0 0 -1 0 0 0 0 0 0
1.4022598266601562 1.1036558151245117 -16.049198150634766 0.9600790021330265 0.2797289932474859 0 0 0 -1 0 0 0 0 0 0
1.3902091979980469 1.3903913497924805 -16.35544204711914 0.9801690167715046 -0.1981633128537713 0 0 0 -1 0 0 0 0 0 0
1.5593757629394531 1.7010221481323242 -16.74520492553711 0.6982217772030026 -0.7158815194146867 0 0 0 -1 0 0 0 0 0 0
1.8780632019042969 1.8630590438842773 -17.134967803955078 0.16707107465650786 -0.9859448544483205 0 0 0 -1 0 0 0 0 0 0
2.2323379516601562 1.8150625228881836 -17.524730682373047 -0.42338352793791806 -0.9059505440535052 0 0 0 -1 0 0 0 0 0 0
2.4964256286621094 1.5740728378295898 -17.914493560791016 -0.8635289402559235 -0.5042992854848019 0 0 0 -1 0 0 0 0 0 0
2.5765533447265625 1.2256536483764648 -18.304256439208984 -0.9970776055253531 0.07639534383605043 0 0 0 -1 0 0 0 0 0 0
2.4442787170410156 0.8935079574584961 -18.694019317626953 -0.7766158419085408 0.6299744709880618 0 0 0 -1 0 0 0 0 0 0
2.146564483642578 0.6955671310424805 -19.083782196044922 -0.2804273653675148 0.9598752485365138 0 0 0 -1 0 0 0 0 0 0
1.8158035278320312 0.6939153671264648 -19.47354507446289 0.2708423996226421 0.962623703513813 0 0 0 -1 0 0 0 0 0 0
1.5680160522460938 0.8337011337280273 -19.785354614257812 0.6838190786892053 0.7296516070157363 0 0 0 -1 0 0 0 0 0 0
1.4124755859375 1.071913719177246 -20.097164154052734 0.9430563908878709 0.33263289615662384 0 0 0 -1 0 0 0 0 0 0
1.3841476440429688 1.354994773864746 -20.408973693847656 0.9902687106719146 -0.13916853331189447 0 0 0 -1 0 0 0 0 0 0
1.4894065856933594 1.6193037033081055 -20.720787048339844 0.8148357866972186 -0.5796918497939442 0 0 0 -1 0 0 0 0 0 0
1.7045822143554688 1.805415153503418 -21.032596588134766 0.4562114102727213 -0.8898714228117313 0 0 0 -1 0 0 0 0 0 0
1.9813003540039062 1.8714818954467773 -21.344406127929688 -0.004981593577174884 -0.9999875917857339 0 0 0 -1 0 0 0 0 0 0
2.2573471069335938 1.802657127380371 -21.65621566772461 -0.46506608211960143 -0.885275967855179 0 0 0 -1 0 0 0 0 0 0
2.4706573486328125 1.6144094467163086 -21.96802520751953 -0.820582173551418 -0.5715285613594744 0 0 0 -1 0 0 0 0 0 0
2.573272705078125 1.3490667343139648 -22.27983856201172 -0.9916061034807658 -0.1292955356525989 0 0 0 -1 0 0 0 0 0 0
2.542125701904297 1.066279411315918 -22.59164810180664 -0.93969248736894 0.3420205098855549 0 0 0 -1 0 0 0 0 0 0
2.397594451904297 0.8423070907592773 -22.98141098022461 -0.6988065531945667 0.7153107025707983 0 0 0 -1 0 0 0 0 0 0
2.12835693359375 0.6905546188354492 -23.31121063232422 -0.25008635970212006 0.9682235344645068 0 0 0 -1 0 0 0 0 0 0
1.8193016052246094 0.6929426193237305 -23.641010284423828 0.2650099259556044 0.9642456840167889 0 0 0 -1 0 0 0 0 0 0
1.5524368286132812 0.8488378524780273 -23.970809936523438 0.7097831722500988 0.7044202214520724 0 0 0 -1 0 0 0 0 0 0
1.3985710144042969 1.116877555847168 -24.30060577392578 0.966226745494909 0.25769337649679014 0 0 0 -1 0 0 0 0 0 0
1.398529052734375 1.4259405136108398 -24.63040542602539 0.9663010158726888 -0.2574147368031013 0 0 0 -1 0 0 0 0 0 0
1.5523185729980469 1.6940221786499023 -24.960205078125 0.7099843720256652 -0.7042174319621192 0 0 0 -1 0 0 0 0 0 0
1.8191375732421875 1.8499937057495117 -25.29000473022461 0.2652774784707258 -0.9641721108890329 0 0 0 -1 0 0 0 0 0 0
2.1281890869140625 1.8524694442749023 -25.61980438232422 -0.24980709876570167 -0.9682956229407748 0 0 0 -1 0 0 0 0 0 0
2.397472381591797 1.7007932662963867 -25.949604034423828 -0.6986078502062112 -0.7155047670213359 0 0 0 -1 0 0 0 0 0 0
2.5555381774902344 1.4352102279663086 -26.279403686523438 -0.9620522399476271 -0.2728653287095175 0 0 0 -1 0 0 0 0 0 0
2.5604476928710938 1.126185417175293 -26.609203338623047 -0.9702321910714409 0.24217657898465528 0 0 0 -1 0 0 0 0 0 0
2.4108963012695312 0.8557157516479492 -26.939002990722656 -0.7209757748165821 0.6929602673513316 0 0 0 -1 0 0 0 0 0 0
2.146564483642578 0.6955671310424805 -27.268802642822266 -0.2804273653675148 0.9598752485365138 0 0 0 -1 0 0 0 0 0 0
1.8158035278320312 0.6939153671264648 -27.658565521240234 0.2708423996226421 0.962623703513813 0 0 0 -1 0 0 0 0 0 0
1.5647544860839844 0.8367834091186523 -27.97524642944336 0.6892549964347103 0.7245188402586832 0 0 0 -1 0 0 0 0 0 0
1.4095497131347656 1.0804014205932617 -28.291927337646484 0.9479288986141198 0.3184820295907159 0 0 0 -1 0 0 0 0 0 0
1.38616943359375 1.3683080673217773 -28.608612060546875 0.9868953488627689 -0.16136161375318997 0 0 0 -1 0 0 0 0 0 0
1.500030517578125 1.6337766647338867 -28.92529296875 0.7971271675142149 -0.6038114596550523 0 0 0 -1 0 0 0 0 0 0
1.7247428894042969 1.8152761459350586 -29.24197769165039 0.42261457530549346 -0.9063095060404903 0 0 0 -1 0 0 0 0 0 0
2.008220672607422 1.8707456588745117 -29.558658599853516 -0.04984920202181818 -0.9987567557007001 0 0 0 -1 0 0 0 0 0 0
2.2847671508789062 1.7873220443725586 -29.87533950805664 -0.5107653013221792 -0.8597201910885095 0 0 0 -1 0 0 0 0 0 0
2.4902877807617188 1.584345817565918 -30.19202423095703 -0.8532990282424466 -0.5214218718087079 0 0 0 -1 0 0 0 0 0 0
2.5771446228027344 1.3088598251342773 -30.508705139160156 -0.9980586855851183 -0.06228049556728036 0 0 0 -1 0 0 0 0 0 0
2.52520751953125 1.0247106552124023 -30.82538604736328 -0.9114988496803271 0.4113026222034578 0 0 0 -1 0 0 0 0 0 0
2.3465194702148438 0.7977590560913086 -31.142070770263672 -0.6136834773976634 0.7895521449335131 0 0 0 -1 0 0 0 0 0 0
2.082489013671875 0.6806058883666992 -31.458751678466797 -0.1736362001607403 0.9848098648946098 0 0 0 -1 0 0 0 0 0 0
1.7943115234375 0.7004003524780273 -31.775436401367188 0.30665920815001657 0.9518193789037943 0 0 0 -1 0 0 0 0 0 0
1.5487785339355469 0.8525571823120117 -32.09211730957031 0.7158815194146867 0.6982217772030026 0 0 0 -1 0 0 0 0 0 0
1.402801513671875 1.1018095016479492 -32.40879821777344 0.9591773398888882 0.2828052875101101 0 0 0 -1 0 0 0 0 0 0
1.3902091979980469 1.3903913497924805 -32.72548294067383 0.9801690167715046 -0.1981633128537713 0 0 0 -1 0 0 0 0 0 0
1.5593757629394531 1.7010221481323242 -33.1152458190918 0.6982217772030026 -0.7158815194146867 0 0 0 -1 0 0 0 0 0 0
1.8317146301269531 1.8533086776733398 -33.47252655029297 0.24431980417370736 -0.9696947113852489 0 0 0 -1 0 0 0 0 0 0
2.1437034606933594 1.8482465744018555 -33.829811096191406 -0.2756560409564747 -0.9612563378642568 0 0 0 -1 0 0 0 0 0 0
2.4109573364257812 1.6872014999389648 -34.18709182739258 -0.7210803099731123 -0.692851489548143 0 0 0 -1 0 0 0 0 0 0
2.5612030029296875 1.4137296676635742 -34.544376373291016 -0.9714945673331576 -0.23706181818707311 0 0 0 -1 0 0 0 0 0 0
2.5538101196289062 1.101790428161621 -34.90165710449219 -0.9591682090448316 0.282836254319934 0 0 0 -1 0 0 0 0 0 0
2.3907699584960938 0.8357458114624023 -35.258941650390625 -0.6874358698147 0.7262450859676141 0 0 0 -1 0 0 0 0 0 0
2.1161842346191406 0.6875486373901367 -35.6162223815918 -0.22979283135799705 0.9732395669394432 0 0 0 -1 0 0 0 0 0 0
1.8043098449707031 0.6972761154174805 -35.973506927490234 0.28999836469318385 0.9570271409292838 0 0 0 -1 0 0 0 0 0 0
1.53948974609375 0.8622961044311523 -36.330787658691406 0.7313644931956088 0.6819867873300262 0 0 0 -1 0 0 0 0 0 0
1.3933486938476562 1.137984275817871 -36.688072204589844 0.9749308735731934 0.22250795885498098 0 0 0 -1 0 0 0 0 0 0
1.4054107666015625 1.4497785568237305 -37.045352935791016 0.9548328687941882 -0.2971433873911058 0 0 0 -1 0 0 0 0 0 0
1.5724067687988281 1.7133550643920898 -37.40263748168945 0.6765036184621784 -0.7364393078914102 0 0 0 -1 0 0 0 0 0 0
1.9723281860351562 1.8714628219604492 -37.79240036010742 0.00996303984859335 -0.9999503676868045 0 0 0 -1 0 0 0 0 0 0
2.2593345642089844 1.8016080856323242 -38.1125602722168 -0.46837737309679134 -0.8835285147469487 0 0 0 -1 0 0 0 0 0 0
2.478229522705078 1.6032743453979492 -38.43272399902344 -0.833198096223487 -0.5529746218856316 0 0 0 -1 0 0 0 0 0 0
2.575958251953125 1.3245267868041992 -38.75288391113281 -0.9960850544657732 -0.08840002415111317 0 0 0 -1 0 0 0 0 0 0
2.528839111328125 1.032923698425293 -39.07304763793945 -0.9175515319925481 0.39761688361804737 0 0 0 -1 0 0 0 0 0 0
2.3482894897460938 0.7991437911987305 -39.393211364746094 -0.6166385658655753 0.7872463903297663 0 0 0 -1 0 0 0 0 0 0
2.0780715942382812 0.6798429489135742 -39.71337127685547 -0.1662763256125539 0.9860791973978499 0 0 0 -1 0 0 0 0 0 0
1.7836723327636719 0.7039365768432617 -40.03353500366211 0.32439517389149614 0.945921651700555 0 0 0 -1 0 0 0 0 0 0
1.5364456176757812 0.8655881881713867 -40.353694915771484 0.7364393078914102 0.6765036184621784 0 0 0 -1 0 0 0 0 0 0
1.3963127136230469 1.1256170272827148 -40.673858642578125 0.9699958058514283 0.24312164985997872 0 0 0 -1 0 0 0 0 0 0
1.3972358703613281 1.4210004806518555 -40.994022369384766 0.9684544938798362 -0.24919047590939397 0 0 0 -1 0 0 0 0 0 0
1.5389900207519531 1.6801443099975586 -41.31418228149414 0.7321977983707464 -0.6810920525604682 0 0 0 -1 0 0 0 0 0 0
1.7872200012207031 1.8402471542358398 -41.63434600830078 0.3184820295907159 -0.9479288986141198 0 0 0 -1 0 0 0 0 0 0
2.0817642211914062 1.8625059127807617 -41.95450973510742 -0.17242442114061945 -0.9850227504958057 0 0 0 -1 0 0 0 0 0 0
2.3512344360351562 1.7415189743041992 -42.2746696472168 -0.621538861608667 -0.7833833311414038 0 0 0 -1 0 0 0 0 0 0
2.5303192138671875 1.5066137313842773 -42.59483337402344 -0.9200196343325453 -0.3918722654674733 0 0 0 -1 0 0 0 0 0 0
2.5756149291992188 1.2147245407104492 -42.91499328613281 -0.9955149159454509 0.09460471515797587 0 0 0 -1 0 0 0 0 0 0
2.476146697998047 0.9365911483764648 -43.23515701293945 -0.8297283455686096 0.5581674234134215 0 0 0 -1 0 0 0 0 0 0
2.2560157775878906 0.7396268844604492 -43.555320739746094 -0.4628432071888111 0.8864401646807163 0 0 0 -1 0 0 0 0 0 0
1.9685821533203125 0.6715688705444336 -43.87548065185547 0.016212326196349203 0.9998685716029398 0 0 0 -1 0 0 0 0 0 0
1.683502197265625 0.7489118576049805 -44.19564437866211 0.49134541127502496 0.8709648022847862 0 0 0 -1 0 0 0 0 0 0
1.4698753356933594 0.9529104232788086 -44.51580810546875 0.8473945352775923 0.5309637478977953 0 0 0 -1 0 0 0 0 0 0
1.3794746398925781 1.2341184616088867 -44.835968017578125 0.9980579881117463 0.062291671725307064 0 0 0 -1 0 0 0 0 0 0
1.4342117309570312 1.5243864059448242 -45.156131744384766 0.9068307351495682 -0.4214949795526555 0 0 0 -1 0 0 0 0 0 0
1.620819091796875 1.7533636093139648 -45.476295471191406 0.5958144767250286 -0.8031221011308805 0 0 0 -1 0 0 0 0 0 0
1.8940696716308594 1.8655462265014648 -45.79645538330078 0.14039243098946363 -0.9900959374327666 0 0 0 -1 0 0 0 0 0 0
2.1877365112304688 1.833754539489746 -46.11661911010742 -0.34904585172987995 -0.937105646867077 0 0 0 -1 0 0 0 0 0 0
2.430644989013672 1.6656866073608398 -46.43678283691406 -0.7538971181188443 -0.6569924925690562 0 0 0 -1 0 0 0 0 0 0
2.563922882080078 1.4020795822143555 -46.75694274902344 -0.976026549739675 -0.21765149713077014 0 0 0 -1 0 0 0 0 0 0
2.542125701904297 1.066279411315918 -47.146705627441406 -0.93969248736894 0.3420205098855549 0 0 0 -1 0 0 0 0 0 0
2.375316619873047 0.821619987487793 -47.47150802612305 -0.6616791522432623 0.7497871027742726 0 0 0 -1 0 0 0 0 0 0
2.11181640625 0.6865339279174805 -47.79631042480469 -0.22251039275669338 0.9749303180818936 0 0 0 -1 0 0 0 0 0 0
1.8157958984375 0.6939191818237305 -48.12111282348633 0.2708557215077253 0.9626199551881988 0 0 0 -1 0 0 0 0 0 0
1.5593605041503906 0.8419790267944336 -48.44591522216797 0.6982501009776215 0.7158538932524856 0 0 0 -1 0 0 0 0 0 0
1.4049606323242188 1.094649314880371 -48.77071762084961 0.9555805974464633 0.29472991328309434 0 0 0 -1 0 0 0 0 0 0
1.3902091979980469 1.3903913497924805 -49.09552001953125 0.9801690167715046 -0.1981633128537713 0 0 0 -1 0 0 0 0 0 0
1.5593757629394531 1.7010221481323242 -49.48528289794922 0.6982217772030026 -0.7158815194146867 0 0 0 -1 0 0 0 0 0 0
1.8082962036132812 1.8468999862670898 -49.81508255004883 0.28335364568540716 -0.9590154907386997 0 0 0 -1 0 0 0 0 0 0
2.0965309143066406 1.8597288131713867 -50.14488220214844 -0.1970395117573219 -0.9803955481367898 0 0 0 -1 0 0 0 0 0 0
2.3574295043945312 1.736536979675293 -50.47468185424805 -0.6318682251676032 -0.7750758324341839 0 0 0 -1 0 0 0 0 0 0
2.530658721923828 1.505812644958496 -50.804481506347656 -0.9205878936632796 -0.3905354401851463 0 0 0 -1 0 0 0 0 0 0
2.576171875 1.2209081649780273 -51.134281158447266 -0.9964400397363862 0.08430449104376893 0 0 0 -1 0 0 0 0 0 0
2.483440399169922 0.9476957321166992 -51.464080810546875 -0.8418875039189916 0.5396530651678448 0 0 0 -1 0 0 0 0 0 0
2.273906707763672 0.7493581771850586 -51.793880462646484 -0.49266603537555886 0.870218465436886 0 0 0 -1 0 0 0 0 0 0
1.9960212707519531 0.6717519760131836 -52.12367630004883 -0.02951906449818706 0.999564217462366 0 0 0 -1 0 0 0 0 0 0
1.7140388488769531 0.7328252792358398 -52.45347595214844 0.4404510997556767 0.8977766029052077 0 0 0 -1 0 0 0 0 0 0
1.4931640625 0.918452262878418 -52.78327560424805 0.8085725481787314 0.5883964941531798 0 0 0 -1 0 0 0 0 0 0
1.3844718933105469 1.185713768005371 -53.113075256347656 0.9897281628141601 0.14296210593198314 0 0 0 -1 0 0 0 0 0 0
1.4130897521972656 1.4728116989135742 -53.442874908447266 0.9420273943467204 -0.3355359716935402 0 0 0 -1 0 0 0 0 0 0
1.5724067687988281 1.7133550643920898 -53.772674560546875 0.6765036184621784 -0.7364393078914102 0 0 0 -1 0 0 0 0 0 0
1.9723281860351562 1.8714628219604492 -54.162437438964844 0.00996303984859335 -0.9999503676868045 0 0 0 -1 0 0 0 0 0 0
2.2614173889160156 1.8004980087280273 -54.49223709106445 -0.4718461922910889 -0.8816808781074934 0 0 0 -1 0 0 0 0 0 0
2.480823516845703 1.599329948425293 -54.82203674316406 -0.8375257696240802 -0.5463978268767108 0 0 0 -1 0 0 0 0 0 0
2.5765457153320312 1.3174734115600586 -55.15183639526367 -0.9970587078665619 -0.0766415883672959 0 0 0 -1 0 0 0 0 0 0
2.5250205993652344 1.0242948532104492 -55.48163604736328 -0.9111846497220418 0.41199822100455713 0 0 0 -1 0 0 0 0 0 0
2.3389358520507812 0.7919607162475586 -55.81143569946289 -0.6010496453847999 0.7992116889678268 0 0 0 -1 0 0 0 0 0 0
2.0640869140625 0.6776533126831055 -56.1412353515625 -0.142960518425786 0.9897283921215104 0 0 0 -1 0 0 0 0 0 0
1.76812744140625 0.7095098495483398 -56.47103500366211 0.35030318892348955 0.936636362645629 0 0 0 -1 0 0 0 0 0 0
1.5238990783691406 0.8796873092651367 -56.80083084106445 0.7573510283946372 0.6530079783506365 0 0 0 -1 0 0 0 0 0 0
1.3915138244628906 1.146296501159668 -57.13063049316406 0.9779874027140858 0.20866394066190835 0 0 0 -1 0 0 0 0 0 0
1.4035606384277344 1.4437246322631836 -57.46043014526367 0.957913939403895 -0.28705554287578366 0 0 0 -1 0 0 0 0 0 0
1.55706787109375 1.6987600326538086 -57.79022979736328 0.7020681728498651 -0.7121097392054485 0 0 0 -1 0 0 0 0 0 0
1.8142585754394531 1.848628044128418 -58.12002944946289 0.2734124046981637 -0.9618969055762512 0 0 0 -1 0 0 0 0 0 0
2.1118240356445312 1.8564481735229492 -58.4498291015625 -0.2225186229758043 -0.9749284396451628 0 0 0 -1 0 0 0 0 0 0
2.3753204345703125 1.721358299255371 -58.83959197998047 -0.6616910259238478 -0.7497766242100681 0 0 0 -1 0 0 0 0 0 0
2.54827880859375 1.4589338302612305 -59.173675537109375 -0.9499501510530962 -0.31240152130583465 0 0 0 -1 0 0 0 0 0 0
2.564838409423828 1.1450719833374023 -59.507755279541016 -0.9775518198822362 0.21069513389000682 0 0 0 -1 0 0 0 0 0 0
2.4204559326171875 0.865900993347168 -59.84183883666992 -0.7369119160280391 0.675988778025112 0 0 0 -1 0 0 0 0 0 0
2.1547508239746094 0.6980199813842773 -60.17592239379883 -0.29406850372953286 0.955784345505969 0 0 0 -1 0 0 0 0 0 0
1.8406295776367188 0.6874990463256836 -60.510005950927734 0.22946455550529812 0.9733170181224388 0 0 0 -1 0 0 0 0 0 0
1.5642852783203125 0.8372259140014648 -60.844085693359375 0.6900425320553962 0.7237688194130619 0 0 0 -1 0 0 0 0 0 0
1.40155029296875 1.1061124801635742 -61.17816925048828 0.961262283565907 0.275635306507816 0 0 0 -1 0 0 0 0 0 0
1.3940238952636719 1.407923698425293 -61.56793212890625 0.9738043697392312 -0.2273874435336713 0 0 0 -1 0 0 0 0 0 0
1.5593681335449219 1.701014518737793 -61.92226028442383 0.698233135118764 -0.7158704415061582 0 0 0 -1 0 0 0 0 0 0
1.8564949035644531 1.8589963912963867 -62.27659225463867 0.2030199974028 -0.979174591507851 0 0 0 -1 0 0 0 0 0 0
2.191936492919922 1.8321714401245117 -62.63092041015625 -0.35604664895049 -0.9344681823214348 0 0 0 -1 0 0 0 0 0 0
2.4601821899414062 1.6289777755737305 -62.985252380371094 -0.8031260840368052 -0.595809107969748 0 0 0 -1 0 0 0 0 0 0
2.5768470764160156 1.313338279724121 -63.33958053588867 -0.9975643100074973 -0.06975275907995108 0 0 0 -1 0 0 0 0 0 0
2.505237579345703 0.9845304489135742 -63.693912506103516 -0.8782182420646714 0.4782600958734046 0 0 0 -1 0 0 0 0 0 0
2.2678756713867188 0.7459897994995117 -64.0482406616211 -0.4826154678884454 0.875832352767821 0 0 0 -1 0 0 0 0 0 0
1.9394302368164062 0.6727514266967773 -64.40257263183594 0.06479351654313498 0.9978986923600885 0 0 0 -1 0 0 0 0 0 0
1.6232109069824219 0.7878522872924805 -64.75690460205078 0.5918261343373995 0.806065646653702 0 0 0 -1 0 0 0 0 0 0
1.4186935424804688 1.0550870895385742 -65.1112289428711 0.9326940270852694 0.36066861776353987 0 0 0 -1 0 0 0 0 0 0
1.3902091979980469 1.3903913497924805 -65.46556091308594 0.9801690167715046 -0.1981633128537713 0 0 0 -1 0 0 0 0 0 0
1.5593757629394531 1.7010221481323242 -65.8553237915039 0.6982217772030026 -0.7158815194146867 0 0 0 -1 0 0 0 0 0 0
1.8273658752441406 1.8521947860717773 -66.18940734863281 0.25156680234791995 -0.9678399371571945 0 0 0 -1 0 0 0 0 0 0
2.135051727294922 1.8506536483764648 -66.52349090576172 -0.2612419070836117 -0.9652733633449737 0 0 0 -1 0 0 0 0 0 0
2.401519775390625 1.6968069076538086 -66.85757446289062 -0.7053487184373306 -0.708860483733446 0 0 0 -1 0 0 0 0 0 0
2.5566864013671875 1.4311094284057617 -67.191650390625 -0.9639645449444033 -0.26603074275378263 0 0 0 -1 0 0 0 0 0 0
2.55975341796875 1.1234312057495117 -67.5257339477539 -0.9690753229690029 0.2467651077695605 0 0 0 -1 0 0 0 0 0 0
2.409912109375 0.8546934127807617 -67.85981750488281 -0.7193351476192071 0.6946631884587331 0 0 0 -1 0 0 0 0 0 0
2.146564483642578 0.6955671310424805 -68.19390106201172 -0.2804273653675148 0.9598752485365138 0 0 0 -1 0 0 0 0 0 0
1.8158035278320312 0.6939153671264648 -68.58366394042969 0.2708423996226421 0.962623703513813 0 0 0 -1 0 0 0 0 0 0
1.5170364379882812 0.8877859115600586 -68.97342681884766 0.7687828867373752 0.6395098693997993 0 0 0 -1 0 0 0 0 0 0
1.3808021545410156 1.2168569564819336 -69.36318969726562 0.9958454305118218 0.09105975251846533 0 0 0 -1 0 0 0 0 0 0
1.4550971984863281 1.5651769638061523 -69.7529525756836 0.8720192408859067 -0.489471596239013 0 0 0 -1 0 0 0 0 0 0
1.7137527465820312 1.8100156784057617 -70.14271545410156 0.4409240182971725 -0.8975444334898829 0 0 0 -1 0 0 0 0 0 0
2.065624237060547 1.8651037216186523 -70.53247833251953 -0.14553081307180074 -0.989353719579939 0 0 0 -1 0 0 0 0 0 0
2.3867263793945312 1.7110280990600586 -70.9222412109375 -0.6807023818033944 -0.7325600776777192 0 0 0 -1 0 0 0 0 0 0
2.563922882080078 1.4020795822143555 -71.31200408935547 -0.976026549739675 -0.21765149713077014 0 0 0 -1 0 0 0 0 0 0
2.542125701904297 1.066279411315918 -71.70176696777344 -0.93969248736894 0.3420205098855549 0 0 0 -1 0 0 0 0 0 0
-0.7938728332519531 2.751704216003418 -71.70176696777344 0.93969248736894 -0.3420205098855549 0 0 0 1 0 0 0 0 0 0
-0.8235034942626953 2.458052635192871 -71.31200408935547 0.9890763476819535 0.14740413310395273 0 0 0 1 0 0 0 0 0 0
-0.6710739135742188 2.1396703720092773 -70.9222412109375 0.7350275108132447 0.678037283892033 0 0 0 1 0 0 0 0 0 0
-0.3660011291503906 1.9620962142944336 -70.53247833251953 0.22657624449639963 0.9739934319233924 0 0 0 1 0 0 0 0 0 0
-0.013875962235033512 1.9867887496948242 -70.14271545410156 -0.3602974353154659 0.9328374767906238 0 0 0 1 0 0 0 0 0 0
0.2634258270263672 2.205206871032715 -69.7529525756836 -0.8224720033103267 0.5688055940043997 0 0 0 1 0 0 0 0 0 0
0.36992454528808594 2.5417470932006836 -69.36318969726562 -0.9999687162344688 0.007909902173137397 0 0 0 1 0 0 0 0 0 0
0.26875877380371094 2.8799314498901367 -68.97342681884766 -0.8313592059938258 -0.5557354322061133 0 0 0 1 0 0 0 0 0 0
-0.0050544748082757 3.102705955505371 -68.58366394042969 -0.37500522178659057 -0.9270226985531638 0 0 0 1 0 0 0 0 0 0
-0.3567466735839844 3.1329641342163086 -68.19390106201172 0.21114782144245123 -0.9774541408680545 0 0 0 1 0 0 0 0 0 0
-0.6645889282226562 2.960230827331543 -67.80413818359375 0.7242233076094677 -0.6895655158976574 0 0 0 1 0 0 0 0 0 0
-0.8220310211181641 2.6442975997924805 -67.41437530517578 0.9866243148161669 -0.1630106174871111 0 0 0 1 0 0 0 0 0 0
-0.7745800018310547 2.2945127487182617 -67.02461242675781 0.9075402444279519 0.4199651232467445 0 0 0 1 0 0 0 0 0 0
-0.5386600494384766 2.0319395065307617 -66.63484954833984 0.5143381762365049 0.8575874535379503 0 0 0 1 0 0 0 0 0 0
-0.19592666625976562 1.947463035583496 -66.24508666992188 -0.056883640291132874 0.998380814853345 0 0 0 1 0 0 0 0 0 0
0.1349945068359375 2.070319175720215 -65.8553237915039 -0.6084162333888858 0.7936180989297565 0 0 0 1 0 0 0 0 0 0
0.3397979736328125 2.358698844909668 -65.46556091308594 -0.9497582175913973 0.31298454932729836 0 0 0 1 0 0 0 0 0 0
0.3461494445800781 2.71378231048584 -65.07579803466797 -0.9603432714601503 -0.2788203740066644 0 0 0 1 0 0 0 0 0 0
0.150634765625 3.0102529525756836 -64.68603515625 -0.6344845746100213 -0.7729355242075114 0 0 0 1 0 0 0 0 0 0
-0.178253173828125 3.144251823425293 -64.29627227783203 -0.08633573175853812 -0.9962660997051529 0 0 0 1 0 0 0 0 0 0
-0.5252876281738281 3.068831443786621 -63.90650939941406 0.4920494928994746 -0.870567226891393 0 0 0 1 0 0 0 0 0 0
-0.7688922882080078 2.8104124069213867 -63.516746520996094 0.8980615321162094 -0.4398698495385729 0 0 0 1 0 0 0 0 0 0
-0.8237228393554688 2.459536552429199 -63.126983642578125 0.9894426681370717 0.14492483041146817 0 0 0 1 0 0 0 0 0 0
-0.6705665588378906 2.1391210556030273 -62.737220764160156 0.734184585000388 0.6789499209424862 0 0 0 1 0 0 0 0 0 0
-0.29004669189453125 1.9494962692260742 -62.34745788574219 0.09998359591694382 0.9949890856424091 0 0 0 1 0 0 0 0 0 0
0.06402015686035156 2.023501396179199 -61.95769500732422 -0.49012859469237996 0.8716501366172512 0 0 0 1 0 0 0 0 0 0
0.3112068176269531 2.287581443786621 -61.56793212890625 -0.9021083979692239 0.4315094880919775 0 0 0 1 0 0 0 0 0 0
0.3616752624511719 2.645758628845215 -61.17816925048828 -0.9862190096875287 -0.16544505109234914 0 0 0 1 0 0 0 0 0 0
0.19708251953125 2.967860221862793 -60.78840637207031 -0.7118952910323357 -0.7022856218135085 0 0 0 1 0 0 0 0 0 0
-0.12274932861328125 3.13681697845459 -60.398643493652344 -0.17884742576582296 -0.9838768206929862 0 0 0 1 0 0 0 0 0 0
-0.4815826416015625 3.09122371673584 -60.008880615234375 0.4192132770086784 -0.9078877840237995 0 0 0 1 0 0 0 0 0 0
-0.7489986419677734 2.847651481628418 -59.619117736816406 0.8649047528860015 -0.5019360202607546 0 0 0 1 0 0 0 0 0 0
-0.8278102874755859 2.494624137878418 -59.22935485839844 0.9962564011950328 0.08644757415868741 0 0 0 1 0 0 0 0 0 0
-0.6893730163574219 2.1604490280151367 -58.83959197998047 0.7655259145883191 0.6434050622226387 0 0 0 1 0 0 0 0 0 0
-0.44322776794433594 1.9856367111206055 -58.4498291015625 0.3552881522568092 0.9347568287345871 0 0 0 1 0 0 0 0 0 0
-0.08621978759765625 1.9639883041381836 -58.06006622314453 -0.2397257235175389 0.9708406550428307 0 0 0 1 0 0 0 0 0 0
0.21967697143554688 2.149325370788574 -57.67030334472656 -0.7495558754450721 0.6619410771252767 0 0 0 1 0 0 0 0 0 0
0.3657646179199219 2.475794792175293 -57.280540466308594 -0.9930339345901102 0.1178287093729053 0 0 0 1 0 0 0 0 0 0
0.30013084411621094 2.8273839950561523 -56.890777587890625 -0.8836471911146411 -0.4681534381324194 0 0 0 1 0 0 0 0 0 0
0.04609870910644531 3.0791616439819336 -56.501014709472656 -0.4602613256832267 -0.8877834826579726 0 0 0 1 0 0 0 0 0 0
-0.3060626983642578 3.141657829284668 -56.11125183105469 0.12667592829568522 -0.9919441562862429 0 0 0 1 0 0 0 0 0 0
-0.6312160491943359 2.9926633834838867 -55.72148895263672 0.6686007849515394 -0.7436215370483733 0 0 0 1 0 0 0 0 0 0
-0.8138198852539062 2.6851301193237305 -55.33172607421875 0.972937275903587 -0.23106937736815591 0 0 0 1 0 0 0 0 0 0
-0.7889881134033203 2.3283262252807617 -54.94196319580078 0.9315524091888092 0.36360708042408246 0 0 0 1 0 0 0 0 0 0
-0.5655441284179688 2.04904842376709 -54.55220031738281 0.5591456139400143 0.8290694677839998 0 0 0 1 0 0 0 0 0 0
-0.2228870391845703 1.9465322494506836 -54.162437438964844 -0.011948924168239406 0.9999286090572777 0 0 0 1 0 0 0 0 0 0
0.11722183227539062 2.0572080612182617 -53.772674560546875 -0.578797190759311 0.8154715273810176 0 0 0 1 0 0 0 0 0 0
0.33392906188964844 2.3417463302612305 -53.382911682128906 -0.9399773892117421 0.34123673273942373 0 0 0 1 0 0 0 0 0 0
0.36316871643066406 2.6364011764526367 -52.99314880371094 -0.9887086798464877 -0.1498504134002161 0 0 0 1 0 0 0 0 0 0
0.2170562744140625 2.9466047286987305 -52.60338592529297 -0.7451890792868757 -0.6668532343114028 0 0 0 1 0 0 0 0 0 0
-0.07507896423339844 3.126132011413574 -52.213623046875 -0.25829282732301934 -0.9660666723127763 0 0 0 1 0 0 0 0 0 0
-0.4178295135498047 3.1163511276245117 -51.82386016845703 0.31295591415724006 -0.9497676535837626 0 0 0 1 0 0 0 0 0 0
-0.6992530822753906 2.9204626083374023 -51.43409729003906 0.7819938851679096 -0.6232861008878653 0 0 0 1 0 0 0 0 0 0
-0.8274421691894531 2.6024351119995117 -51.044334411621094 0.995644044592823 -0.09323591833003374 0 0 0 1 0 0 0 0 0 0
-0.7605304718017578 2.266139030456543 -50.654571533203125 0.8841225521746504 0.4672550831571362 0 0 0 1 0 0 0 0 0 0
-0.5203685760498047 2.0214033126831055 -50.264808654785156 0.4838552850555105 0.8751480235502168 0 0 0 1 0 0 0 0 0 0
-0.185394287109375 1.9481573104858398 -49.87504577636719 -0.07443766047058233 0.997225668895294 0 0 0 1 0 0 0 0 0 0
0.1349945068359375 2.070319175720215 -49.48528289794922 -0.6084162333888858 0.7936180989297565 0 0 0 1 0 0 0 0 0 0
0.3397979736328125 2.358698844909668 -49.09552001953125 -0.9497582175913973 0.31298454932729836 0 0 0 1 0 0 0 0 0 0
0.34325408935546875 2.723452568054199 -48.70575714111328 -0.9555183382665877 -0.2949316958827231 0 0 0 1 0 0 0 0 0 0
0.1348133087158203 3.022799491882324 -48.31599426269531 -0.6081135116320067 -0.7938500846952082 0 0 0 1 0 0 0 0 0 0
-0.2084827423095703 3.146101951599121 -47.926231384277344 -0.03595365671258561 -0.9993534582763965 0 0 0 1 0 0 0 0 0 0
-0.5597515106201172 3.0477895736694336 -47.536468505859375 0.549491619639216 -0.835499227974671 0 0 0 1 0 0 0 0 0 0
-0.7891654968261719 2.76419734954834 -47.146705627441406 0.9318490887299845 -0.3628460773290755 0 0 0 1 0 0 0 0 0 0
-0.8119335174560547 2.400141716003418 -46.75694274902344 0.9697963472054871 0.2439160612729189 0 0 0 1 0 0 0 0 0 0
-0.6196403503417969 2.090174674987793 -46.36717987060547 0.649306226779106 0.7605270697785059 0 0 0 1 0 0 0 0 0 0
-0.283355712890625 1.9488630294799805 -45.9774169921875 0.08883156054204927 0.9960466624870866 0 0 0 1 0 0 0 0 0 0
0.07262611389160156 2.0284337997436523 -45.58765411376953 -0.504468743149007 0.8634299549967334 0 0 0 1 0 0 0 0 0 0
0.3167381286621094 2.2994794845581055 -45.19789123535156 -0.9113263366480544 0.41168471933220596 0 0 0 1 0 0 0 0 0 0
0.35875511169433594 2.661818504333496 -44.808128356933594 -0.9813526933657813 -0.1922157413525927 0 0 0 1 0 0 0 0 0 0
0.18314743041992188 2.9815359115600586 -44.418365478515625 -0.68867131802589 -0.7250736622774845 0 0 0 1 0 0 0 0 0 0
-0.14517974853515625 3.140456199645996 -44.028602600097656 -0.14146455224227625 -0.9899433218416559 0 0 0 1 0 0 0 0 0 0
-0.5048789978027344 3.0798521041870117 -43.63883972167969 0.4580367904287749 -0.8889332363083893 0 0 0 1 0 0 0 0 0 0
-0.7630023956298828 2.822115898132324 -43.24907684326172 0.8882403761484564 -0.45937896575664916 0 0 0 1 0 0 0 0 0 0
-0.8241500854492188 2.462508201599121 -42.85931396484375 0.9901547702152433 0.13997689459335394 0 0 0 1 0 0 0 0 0 0
-0.6893730163574219 2.1604490280151367 -42.46955108642578 0.7655259145883191 0.6434050622226387 0 0 0 1 0 0 0 0 0 0
-0.3981475830078125 1.9705190658569336 -42.07978820800781 0.28015294484114844 0.959955377867551 0 0 0 1 0 0 0 0 0 0
-0.05047798156738281 1.973994255065918 -41.690025329589844 -0.29929441032820997 0.954160812413866 0 0 0 1 0 0 0 0 0 0
0.23688888549804688 2.16971492767334 -41.300262451171875 -0.7782469464905158 0.6279583507512168 0 0 0 1 0 0 0 0 0 0
0.3674602508544922 2.491950035095215 -40.910499572753906 -0.9958598479672267 0.09090194281032848 0 0 0 1 0 0 0 0 0 0
0.29738807678222656 2.832503318786621 -40.52073669433594 -0.8790716215719211 -0.47668971474840216 0 0 0 1 0 0 0 0 0 0
0.050201416015625 3.0770139694213867 -40.13097381591797 -0.4670954629003429 -0.8842068923831767 0 0 0 1 0 0 0 0 0 0
-0.2910919189453125 3.143378257751465 -39.7412109375 0.10172296277557291 -0.9948127657223541 0 0 0 1 0 0 0 0 0 0
-0.6118907928466797 3.009310722351074 -39.3514518737793 0.6363924679158333 -0.7713654301172662 0 0 0 1 0 0 0 0 0 0
-0.8044719696044922 2.719832420349121 -38.96168899536133 0.9573573417803065 -0.2889064210766964 0 0 0 1 0 0 0 0 0 0
-0.8041667938232422 2.372145652770996 -38.57192611694336 0.9568508893608619 0.29057937905042 0 0 0 1 0 0 0 0 0 0
-0.6110801696777344 2.083003044128418 -38.18216323852539 0.635041803044824 0.772477772098058 0 0 0 1 0 0 0 0 0 0
-0.29004669189453125 1.9494962692260742 -37.79240036010742 0.09998359591694382 0.9949890856424091 0 0 0 1 0 0 0 0 0 0
0.12059211730957031 2.0596189498901367 -37.40263748168945 -0.5844134893536541 0.8114560206576118 0 0 0 1 0 0 0 0 0 0
0.33016204833984375 2.3316526412963867 -37.012874603271484 -0.9336966418508442 0.35806505134745603 0 0 0 1 0 0 0 0 0 0
0.35622406005859375 2.6740598678588867 -36.623111724853516 -0.9771363487611516 -0.2126136306301291 0 0 0 1 0 0 0 0 0 0
0.19024276733398438 2.9746809005737305 -36.23334884643555 -0.7004986176248776 -0.7136537582789257 0 0 0 1 0 0 0 0 0 0
-0.11341285705566406 3.135043144226074 -35.84358596801758 -0.19440482281992677 -0.9809213856697961 0 0 0 1 0 0 0 0 0 0
-0.4552764892578125 3.1026182174682617 -35.45382308959961 0.3753644397359186 -0.9268773043837789 0 0 0 1 0 0 0 0 0 0
-0.7233657836914062 2.888026237487793 -35.06406021118164 0.8221780545950546 -0.5692303984699794 0 0 0 1 0 0 0 0 0 0
-0.8298664093017578 2.561556816101074 -34.67429733276367 0.9996846996529053 -0.025109784544679346 0 0 0 1 0 0 0 0 0 0
-0.7398929595947266 2.2301549911499023 -34.2845344543457 0.8497268302349801 0.5272232107739693 0 0 0 1 0 0 0 0 0 0
-0.4829139709472656 2.002375602722168 -33.894771575927734 0.42143136741936643 0.9068602993598534 0 0 0 1 0 0 0 0 0 0
-0.1431102752685547 1.9528226852416992 -33.505008697509766 -0.14490674562597516 0.9894453168680364 0 0 0 1 0 0 0 0 0 0
0.1349945068359375 2.070319175720215 -33.1152458190918 -0.6084162333888858 0.7936180989297565 0 0 0 1 0 0 0 0 0 0
0.33939552307128906 2.3574819564819336 -32.72548294067383 -0.9490864342757019 0.3150157778172924 0 0 0 1 0 0 0 0 0 0
0.34726905822753906 2.70987606048584 -32.33572006225586 -0.9622085146027204 -0.2723137426315953 0 0 0 1 0 0 0 0 0 0
0.1558971405029297 3.0058813095092773 -31.94595718383789 -0.6432527349209116 -0.7656539159547002 0 0 0 1 0 0 0 0 0 0
-0.1686725616455078 3.143343925476074 -31.556194305419922 -0.10230600486100914 -0.9947529750492727 0 0 0 1 0 0 0 0 0 0
-0.5144290924072266 3.0748205184936523 -31.166431427001953 0.47395596713997323 -0.8805485456307407 0 0 0 1 0 0 0 0 0 0
-0.7620429992675781 2.8239622116088867 -30.776668548583984 0.8866432549450387 -0.4624540392952225 0 0 0 1 0 0 0 0 0 0
-0.8260593414306641 2.4773435592651367 -30.386905670166016 0.9933367293793404 0.1152481759766939 0 0 0 1 0 0 0 0 0 0
-0.6843833923339844 2.1545896530151367 -29.997142791748047 0.7572135247759011 0.6531674195001276 0 0 0 1 0 0 0 0 0 0
-0.3859119415283203 1.967085838317871 -29.607379913330078 0.2597569975922044 0.9656740144592704 0 0 0 1 0 0 0 0 0 0
-0.03365135192871094 1.979548454284668 -29.21761703491211 -0.32734215246563736 0.9449058763809034 0 0 0 1 0 0 0 0 0 0
0.2508258819580078 2.1876707077026367 -28.82785415649414 -0.8014725244615963 0.5980315982731648 0 0 0 1 0 0 0 0 0 0
0.3693428039550781 2.51962947845459 -28.438091278076172 -0.9989974823572291 0.044766396369572685 0 0 0 1 0 0 0 0 0 0
0.2809944152832031 2.8608579635620117 -28.048328399658203 -0.8517496030872929 -0.523949056341014 0 0 0 1 0 0 0 0 0 0
0.016275404021143913 3.093592643737793 -27.658565521240234 -0.41055173711010123 -0.9118373052008116 0 0 0 1 0 0 0 0 0 0
-0.3347206115722656 3.1372900009155273 -27.268802642822266 0.17443910977154617 -0.9846679628088397 0 0 0 1 0 0 0 0 0 0
-0.6546344757080078 2.970442771911621 -26.879039764404297 0.7076311068933901 -0.7065820663991094 0 0 0 1 0 0 0 0 0 0
-0.8210105895996094 2.650282859802246 -26.489276885986328 0.9849243093122524 -0.17298585180812562 0 0 0 1 0 0 0 0 0 0
-0.7736873626708984 2.2925901412963867 -26.09951400756836 0.9060493800789716 0.4231719755117431 0 0 0 1 0 0 0 0 0 0
-0.5297775268554688 2.0267133712768555 -25.70975112915039 0.4995340107382715 0.8662942757029718 0 0 0 1 0 0 0 0 0 0
-0.17748260498046875 1.9487981796264648 -25.319988250732422 -0.08762039255495711 0.9961539373051312 0 0 0 1 0 0 0 0 0 0
0.15580177307128906 2.087019920349121 -24.930225372314453 -0.6430943301196884 0.7657869694424875 0 0 0 1 0 0 0 0 0 0
0.3495502471923828 2.39139461517334 -24.540462493896484 -0.9660135416773258 0.2584914646483124 0 0 0 1 0 0 0 0 0 0
0.33370399475097656 2.7518529891967773 -24.150699615478516 -0.9396019678586285 -0.34226910756916523 0 0 0 1 0 0 0 0 0 0
0.11399078369140625 3.038050651550293 -23.760936737060547 -0.5734133981195884 -0.819266180711096 0 0 0 1 0 0 0 0 0 0
-0.23013687133789062 3.146491050720215 -23.371173858642578 0.0001346363124374601 -0.9999999909365317 0 0 0 1 0 0 0 0 0 0
-0.5742359161376953 3.037959098815918 -22.98141098022461 0.5736325091888866 -0.819112778805008 0 0 0 1 0 0 0 0 0 0
-0.7938728332519531 2.751704216003418 -22.59164810180664 0.93969248736894 -0.3420205098855549 0 0 0 1 0 0 0 0 0 0
-0.8235034942626953 2.458052635192871 -22.201885223388672 0.9890763476819535 0.14740413310395273 0 0 0 1 0 0 0 0 0 0
-0.6710739135742188 2.1396703720092773 -21.812122344970703 0.7350275108132447 0.678037283892033 0 0 0 1 0 0 0 0 0 0
-0.3660011291503906 1.9620962142944336 -21.422359466552734 0.22657624449639963 0.9739934319233924 0 0 0 1 0 0 0 0 0 0
-0.013875962235033512 1.9867887496948242 -21.032596588134766 -0.3602974353154659 0.9328374767906238 0 0 0 1 0 0 0 0 0 0
0.2634258270263672 2.205206871032715 -20.642833709716797 -0.8224720033103267 0.5688055940043997 0 0 0 1 0 0 0 0 0 0
0.36992454528808594 2.5417470932006836 -20.253070831298828 -0.9999687162344688 0.007909902173137397 0 0 0 1 0 0 0 0 0 0
0.26875877380371094 2.8799314498901367 -19.86330795288086 -0.8313592059938258 -0.5557354322061133 0 0 0 1 0 0 0 0 0 0
-0.0050544748082757 3.102705955505371 -19.47354507446289 -0.37500522178659057 -0.9270226985531638 0 0 0 1 0 0 0 0 0 0
-0.3567466735839844 3.1329641342163086 -19.083782196044922 0.21114782144245123 -0.9774541408680545 0 0 0 1 0 0 0 0 0 0
-0.6645889282226562 2.960230827331543 -18.694019317626953 0.7242233076094677 -0.6895655158976574 0 0 0 1 0 0 0 0 0 0
-0.8220310211181641 2.6442975997924805 -18.304256439208984 0.9866243148161669 -0.1630106174871111 0 0 0 1 0 0 0 0 0 0
-0.7745800018310547 2.2945127487182617 -17.914493560791016 0.9075402444279519 0.4199651232467445 0 0 0 1 0 0 0 0 0 0
-0.5386600494384766 2.0319395065307617 -17.524730682373047 0.5143381762365049 0.8575874535379503 0 0 0 1 0 0 0 0 0 0
-0.19592666625976562 1.947463035583496 -17.134967803955078 -0.056883640291132874 0.998380814853345 0 0 0 1 0 0 0 0 0 0
0.1349945068359375 2.070319175720215 -16.74520492553711 -0.6084162333888858 0.7936180989297565 0 0 0 1 0 0 0 0 0 0
0.3397979736328125 2.358698844909668 -16.35544204711914 -0.9497582175913973 0.31298454932729836 0 0 0 1 0 0 0 0 0 0
0.3461494445800781 2.71378231048584 -15.965678215026855 -0.9603432714601503 -0.2788203740066644 0 0 0 1 0 0 0 0 0 0
0.150634765625 3.0102529525756836 -15.575915336608887 -0.6344845746100213 -0.7729355242075114 0 0 0 1 0 0 0 0 0 0
-0.178253173828125 3.144251823425293 -15.186152458190918 -0.08633573175853812 -0.9962660997051529 0 0 0 1 0 0 0 0 0 0
-0.5252876281738281 3.068831443786621 -14.79638957977295 0.4920494928994746 -0.870567226891393 0 0 0 1 0 0 0 0 0 0
-0.7688922882080078 2.8104124069213867 -14.40662670135498 0.8980615321162094 -0.4398698495385729 0 0 0 1 0 0 0 0 0 0
-0.8237228393554688 2.459536552429199 -14.016863822937012 0.9894426681370717 0.14492483041146817 0 0 0 1 0 0 0 0 0 0
-0.6705665588378906 2.1391210556030273 -13.627100944519043 0.734184585000388 0.6789499209424862 0 0 0 1 0 0 0 0 0 0
-0.29004669189453125 1.9494962692260742 -13.237338066101074 0.09998359591694382 0.9949890856424091 0 0 0 1 0 0 0 0 0 0
0.0581817626953125 2.020258903503418 -12.847575187683105 -0.48039291893459857 0.8770533868798959 0 0 0 1 0 0 0 0 0 0
0.3053112030029297 2.275599479675293 -12.457812309265137 -0.8922762355524637 0.45148988855601685 0 0 0 1 0 0 0 0 0 0
0.3646583557128906 2.6259565353393555 -12.068049430847168 -0.9911914113660585 -0.13243710218122792 0 0 0 1 0 0 0 0 0 0
0.2154064178466797 2.948439598083496 -11.6782865524292 -0.7424357858603291 -0.6699172365852037 0 0 0 1 0 0 0 0 0 0
-0.09009170532226562 3.129939079284668 -11.28852367401123 -0.2332742909445228 -0.9724109754544785 0 0 0 1 0 0 0 0 0 0
-0.4446830749511719 3.1067914962768555 -10.898760795593262 0.3577100324184139 -0.9338327113071255 0 0 0 1 0 0 0 0 0 0
-0.7239952087402344 2.8871145248413086 -10.508997917175293 0.8232324944388487 -0.5677043773831508 0 0 0 1 0 0 0 0 0 0
-0.8300552368164062 2.5479650497436523 -10.119235038757324 0.9999969813121987 -0.002457105306997403 0 0 0 1 0 0 0 0 0 0
-0.7256641387939453 2.2083005905151367 -9.729472160339355 0.8260156677844603 0.5636471560955418 0 0 0 1 0 0 0 0 0 0
-0.4474372863769531 1.9872541427612305 -9.339709281921387 0.36229952882676286 0.9320617208167631 0 0 0 1 0 0 0 0 0 0
-0.09296226501464844 1.9623632431030273 -8.949946403503418 -0.22848960448213632 0.9735463525911835 0 0 0 1 0 0 0 0 0 0
0.2134246826171875 2.1423559188842773 -8.56018352508545 -0.7391328443481717 0.6735596769446502 0 0 0 1 0 0 0 0 0 0
0.3642597198486328 2.4641027450561523 -8.17042064666748 -0.9905270007004535 0.13731810107689338 0 0 0 1 0 0 0 0 0 0
0.3066368103027344 2.8147459030151367 -7.780657768249512 -0.8944877696658668 -0.4470924176478313 0 0 0 1 0 0 0 0 0 0
0.06076622009277344 3.071295738220215 -7.390898704528809 -0.4847033692658462 -0.8746785945833685 0 0 0 1 0 0 0 0 0 0
-0.2871112823486328 3.143771171569824 -7.00113582611084 0.09509261958181099 -0.9954684292839573 0 0 0 1 0 0 0 0 0 0
-0.6149768829345703 3.006747245788574 -6.611372947692871 0.6415374956110572 -0.7670916775230279 0 0 0 1 0 0 0 0 0 0
-0.8078289031982422 2.70828914642334 -6.221610069274902 0.9629539978843246 -0.2696657152079152 0 0 0 1 0 0 0 0 0 0
-0.7980270385742188 2.3530759811401367 -5.831847190856934 0.9466158184106361 0.322363912891567 0 0 0 1 0 0 0 0 0 0
-0.5890083312988281 2.065707206726074 -5.442084312438965 0.5982590728416644 0.8013027403938117 0 0 0 1 0 0 0 0 0 0
-0.25408363342285156 1.9469709396362305 -5.052321434020996 0.04004286565290579 0.9991979628233354 0 0 0 1 0 0 0 0 0 0
0.08926582336425781 2.0385236740112305 -4.662558555603027 -0.5322068159752968 0.8466143779959308 0 0 0 1 0 0 0 0 0 0
0.3206138610839844 2.308241844177246 -4.272795677185059 -0.9177810157280941 0.3970869012812027 0 0 0 1 0 0 0 0 0 0
0.3588123321533203 2.661532402038574 -3.883033037185669 -0.9814471027457443 -0.1917331075009842 0 0 0 1 0 0 0 0 0 0
0.1904621124267578 2.9744672775268555 -3.4932701587677 -0.7008665775832731 -0.7132923947629822 0 0 0 1 0 0 0 0 0 0
-0.12538528442382812 3.1372900009155273 -3.1035072803497314 -0.1744554272203416 -0.9846650719474963 0 0 0 1 0 0 0 0 0 0
-0.4779472351074219 3.0928869247436523 -2.7137444019317627 0.4131506706129458 -0.9106626836387188 0 0 0 1 0 0 0 0 0 0
-0.743560791015625 2.856837272644043 -2.323981523513794 0.8558352495622217 -0.5172485143591707 0 0 0 1 0 0 0 0 0 0
-0.8290596008300781 2.511927604675293 -1.9342186450958252 0.9983396314963401 0.057601911285580176 0 0 0 1 0 0 0 0 0 0
-0.7044582366943359 2.179144859313965 -1.5444557666778564 0.7906671167942598 0.6122462824878989 0 0 0 1 0 0 0 0 0 0
-0.41345787048339844 1.9752073287963867 -1.1546928882598877 0.30566958658576093 0.9521376496266125 0 0 0 1 0 0 0 0 0 0
-0.05812835693359375 1.9716520309448242 -0.764930009841919 -0.28654696217123343 0.9580661973321246 0 0 0 1 0 0 0 0 0 0
0.23689651489257812 2.169722557067871 -0.3751671314239502 -0.7782568538491506 0.6279460720769116 0 0 0 1 0 0 0 0 0 0
0.3681354522705078 2.499945640563965 0.014595753513276577 -0.9969866832438391 0.07757289110539008 0 0 0 1 0 0 0 0 0 0
0.28955650329589844 2.8464956283569336 0.4043586254119873 -0.8660216339496655 -0.5000065294885174 0 0 0 1 0 0 0 0 0 0
0.02872276119887829 3.0878171920776367 0.794121503829956 -0.43129668417842393 -0.902210158564343 0 0 0 1 0 0 0 0 0 0
-0.3228797912597656 3.139266014099121 1.1838843822479248 0.1547081783931905 -0.9879602115157577 0 0 0 1 0 0 0 0 0 0
-0.6419239044189453 2.9827985763549805 1.5736472606658936 0.6864439601456229 -0.7271827071510943 0 0 0 1 0 0 0 0 0 0
-0.8165035247802734 2.6732969284057617 1.9634101390838623 0.9774113467217441 -0.21134582867799065 0 0 0 1 0 0 0 0 0 0
-0.7853851318359375 2.3193159103393555 2.353173017501831 0.9255514241861063 0.3786219238066787 0 0 0 1 0 0 0 0 0 0
-0.5594844818115234 2.045016288757324 2.7429358959198 0.549048251981366 0.8357906538100354 0 0 0 1 0 0 0 0 0 0
-0.2180347442626953 1.9466123580932617 3.1326987743377686 -0.020038394712461313 0.9997992112106048 0 0 0 1 0 0 0 0 0 0
0.11919784545898438 2.0586156845092773 3.5224616527557373 -0.5820890564694006 0.8131250397931201 0 0 0 1 0 0 0 0 0 0
0.33392906188964844 2.3417463302612305 3.912224531173706 -0.9399773892117421 0.34123673273942373 0 0 0 1 0 0 0 0 0 0
0.36316871643066406 2.6364011764526367 4.301987648010254 -0.9887086798464877 -0.1498504134002161 0 0 0 1 0 0 0 0 0 0
0.2170562744140625 2.9466047286987305 4.691750526428223 -0.7451890792868757 -0.6668532343114028 0 0 0 1 0 0 0 0 0 0
-0.07507896423339844 3.126132011413574 5.081513404846191 -0.25829282732301934 -0.9660666723127763 0 0 0 1 0 0 0 0 0 0
-0.4178295135498047 3.1163511276245117 5.47127628326416 0.31295591415724006 -0.9497676535837626 0 0 0 1 0 0 0 0 0 0
-0.6992530822753906 2.9204626083374023 5.861039161682129 0.7819938851679096 -0.6232861008878653 0 0 0 1 0 0 0 0 0 0
-0.8274421691894531 2.6024351119995117 6.250802040100098 0.995644044592823 -0.09323591833003374 0 0 0 1 0 0 0 0 0 0
-0.7605304718017578 2.266139030456543 6.640564918518066 0.8841225521746504 0.4672550831571362 0 0 0 1 0 0 0 0 0 0
-0.5203685760498047 2.0214033126831055 7.030327796936035 0.4838552850555105 0.8751480235502168 0 0 0 1 0 0 0 0 0 0
-0.185394287109375 1.9481573104858398 7.420090675354004 -0.07443766047058233 0.997225668895294 0 0 0 1 0 0 0 0 0 0
0.1349945068359375 2.070319175720215 7.809853553771973 -0.6084162333888858 0.7936180989297565 0 0 0 1 0 0 0 0 0 0
0.3397979736328125 2.358698844909668 8.199616432189941 -0.9497582175913973 0.31298454932729836 0 0 0 1 0 0 0 0 0 0
0.3460807800292969 2.7140188217163086 8.58937931060791 -0.9602288842868179 -0.2792140572773738 0 0 0 1 0 0 0 0 0 0
0.15024757385253906 3.0105695724487305 8.979142189025879 -0.63384032404779 -0.7734639252162913 0 0 0 1 0 0 0 0 0 0
-0.1789989471435547 3.144312858581543 9.368905067443848 -0.08509643481112789 -0.9963727198104309 0 0 0 1 0 0 0 0 0 0
-0.5261573791503906 3.0683393478393555 9.758667945861816 0.4935008169440873 -0.8697453326552079 0 0 0 1 0 0 0 0 0 0
-0.769439697265625 2.809290885925293 10.148430824279785 0.898976672408236 -0.4379965096502657 0 0 0 1 0 0 0 0 0 0
-0.8235034942626953 2.458052635192871 10.538193702697754 0.9890763476819535 0.14740413310395273 0 0 0 1 0 0 0 0 0 0
-0.6705665588378906 2.1391210556030273 10.927956581115723 0.734184585000388 0.6789499209424862 0 0 0 1 0 0 0 0 0 0
-0.3648357391357422 1.9618253707885742 11.317719459533691 0.22463539022900694 0.9744428877346593 0 0 0 1 0 0 0 0 0 0
-0.01234054658561945 1.9873838424682617 11.70748233795166 -0.3628587918341985 0.9318441378195312 0 0 0 1 0 0 0 0 0 0
0.2646160125732422 2.2069311141967773 12.097245216369629 -0.8244532046995628 0.5659301310768148 0 0 0 1 0 0 0 0 0 0
0.36993980407714844 2.544295310974121 12.487008094787598 -0.9999933109006403 0.0036576158868113283 0 0 0 1 0 0 0 0 0 0
0.2670879364013672 2.882418632507324 12.876770973205566 -0.8285715263542087 -0.5598832250702435 0 0 0 1 0 0 0 0 0 0
-0.00825119111686945 3.103987693786621 13.266533851623535 -0.3696780703772554 -0.9291599024291507 0 0 0 1 0 0 0 0 0 0
-0.3605499267578125 3.1321287155151367 13.656296730041504 0.21748936411358266 -0.9760626908644082 0 0 0 1 0 0 0 0 0 0
-0.667572021484375 2.957076072692871 14.046059608459473 0.7291900229402338 -0.6843112672201308 0 0 0 1 0 0 0 0 0 0
-0.8227939605712891 2.6395673751831055 14.435822486877441 0.9878950622895569 -0.15512364714611487 0 0 0 1 0 0 0 0 0 0
-0.7723579406738281 2.2897634506225586 14.82558536529541 0.9038335388020295 0.4278842532000919 0 0 0 1 0 0 0 0 0 0
-0.5337677001953125 2.029036521911621 15.215348243713379 0.5061873259265028 0.8624235566537922 0 0 0 1 0 0 0 0 0 0
-0.18980026245117188 1.9478445053100586 15.605111122131348 -0.06709388567884109 0.9977466664963178 0 0 0 1 0 0 0 0 0 0
0.1401996612548828 2.0743589401245117 15.994874000549316 -0.6170978461887325 0.7868864265122555 0 0 0 1 0 0 0 0 0 0
0.34173583984375 2.3646841049194336 16.38463592529297 -0.9529875005174739 0.3030096101734363 0 0 0 1 0 0 0 0 0 0
0.3448810577392578 2.7180891036987305 16.774398803710938 -0.958229248424806 -0.28600123682115647 0 0 0 1 0 0 0 0 0 0
0.14854812622070312 3.011958122253418 17.164161682128906 -0.631008165827596 -0.7757761885098647 0 0 0 1 0 0 0 0 0 0
-0.17914772033691406 3.1443281173706055 17.553924560546875 -0.0848485336253928 -0.9963938610517532 0 0 0 1 0 0 0 0 0 0
-0.524505615234375 3.069270133972168 17.943687438964844 0.4907501687543028 -0.8713003339076737 0 0 0 1 0 0 0 0 0 0
-0.7677021026611328 2.812830924987793 18.333450317382812 0.8960782001569938 -0.44389622571430204 0 0 0 1 0 0 0 0 0 0
-0.8243560791015625 2.4639806747436523 18.72321319580078 0.9904989817465959 0.13752006093278388 0 0 0 1 0 0 0 0 0 0
-0.6748123168945312 2.1437597274780273 19.11297607421875 0.7412586154607005 0.6712195356254802 0 0 0 1 0 0 0 0 0 0
-0.3709545135498047 1.963271141052246 19.50273895263672 0.2348299033356884 0.972036478996211 0 0 0 1 0 0 0 0 0 0
-0.0182113666087389 1.985133171081543 19.892501831054688 -0.3530764265394443 0.9355944832148896 0 0 0 1 0 0 0 0 0 0
0.2610301971435547 2.201766014099121 20.282264709472656 -0.8184774613483823 0.574538636877197 0 0 0 1 0 0 0 0 0 0
0.36988258361816406 2.5380048751831055 20.672027587890625 -0.999899911400734 0.014148045123071145 0 0 0 1 0 0 0 0 0 0
0.2705821990966797 2.8771886825561523 21.061790466308594 -0.8343954893082935 -0.5511661885692676 0 0 0 1 0 0 0 0 0 0
-0.0024204265791922808 3.1016340255737305 21.451553344726562 -0.379391121620298 -0.9252363897057292 0 0 0 1 0 0 0 0 0 0
-0.3544044494628906 3.1334638595581055 21.84131622314453 0.20724440815100245 -0.9782891981873972 0 0 0 1 0 0 0 0 0 0
-0.6632442474365234 2.9616384506225586 22.2310791015625 0.7219841182775203 -0.6919096277369117 0 0 0 1 0 0 0 0 0 0
-0.8217849731445312 2.6457738876342773 22.62084197998047 0.9862150408078368 -0.16546870787069373 0 0 0 1 0 0 0 0 0 0
-0.7750186920166016 2.2954626083374023 23.010604858398438 0.9082704403036296 0.41838356477119254 0 0 0 1 0 0 0 0 0 0
-0.5391731262207031 2.0322484970092773 23.400367736816406 0.5151926929874006 0.8570743778064946 0 0 0 1 0 0 0 0 0 0
-0.196075439453125 1.9474554061889648 23.790130615234375 -0.05663696700405435 0.9983948387129121 0 0 0 1 0 0 0 0 0 0
0.13523101806640625 2.070502281188965 24.179893493652344 -0.608815172523306 0.7933120985497557 0 0 0 1 0 0 0 0 0 0
0.3397979736328125 2.358698844909668 24.569656372070312 -0.9497582175913973 0.31298454932729836 0 0 0 1 0 0 0 0 0 0
0.31908416748046875 2.788241386413574 24.95941925048828 -0.9152387493217427 -0.4029119404286406 0 0 0 1 0 0 0 0 0 0
0.07886886596679688 3.0608510971069336 25.34918212890625 -0.5148776691906867 -0.8572636617568515 0 0 0 1 0 0 0 0 0 0
-0.27463722229003906 3.144831657409668 25.73894500732422 0.07430293569907691 -0.9972357162408989 0 0 0 1 0 0 0 0 0 0
-0.6117935180664062 3.0093908309936523 26.128707885742188 0.6362295632855478 -0.7714998009082578 0 0 0 1 0 0 0 0 0 0
-0.8089599609375 2.704195976257324 26.518470764160156 0.9648383503660851 -0.26284397969679957 0 0 0 1 0 0 0 0 0 0
-0.7938308715820312 2.3411664962768555 26.908233642578125 0.9396226356702381 0.3422123646745029 0 0 0 1 0 0 0 0 0 0
-0.5719547271728516 2.0534353256225586 27.297996520996094 0.5698355408390557 0.8217587580285719 0 0 0 1 0 0 0 0 0 0
-0.2246990203857422 1.9465131759643555 27.687759399414062 -0.008930819907416444 0.9999601194326607 0 0 0 1 0 0 0 0 0 0
0.12059211730957031 2.0596189498901367 28.07752227783203 -0.5844134893536541 0.8114560206576118 0 0 0 1 0 0 0 0 0 0
0.33392906188964844 2.3417463302612305 28.46728515625 -0.9399773892117421 0.34123673273942373 0 0 0 1 0 0 0 0 0 0
0.35340309143066406 2.6864004135131836 28.85704803466797 -0.9724338251752351 -0.23317902061519255 0 0 0 1 0 0 0 0 0 0
0.17974472045898438 2.9847402572631836 29.246810913085938 -0.6830049226155194 -0.7304137701898619 0 0 0 1 0 0 0 0 0 0
-0.1295642852783203 3.138014793395996 29.636573791503906 -0.16748753789483342 -0.9858741931148857 0 0 0 1 0 0 0 0 0 0
-0.4721393585205078 3.095484733581543 30.026336669921875 0.4034728056340336 -0.9149916366359864 0 0 0 1 0 0 0 0 0 0
-0.7345790863037109 2.871230125427246 30.416099548339844 0.8408750453983737 -0.5412293026308562 0 0 0 1 0 0 0 0 0 0
-0.8300151824951172 2.5394811630249023 30.805862426757812 0.9999317900968653 0.01167968979377755 0 0 0 1 0 0 0 0 0 0
-0.7268562316894531 2.2100515365600586 31.19562530517578 0.8279961555316635 0.5607337749991393 0 0 0 1 0 0 0 0 0 0
-0.4592475891113281 1.9919919967651367 31.58538818359375 0.38198642157782997 0.924167935891613 0 0 0 1 0 0 0 0 0 0
-0.11577415466308594 1.9574766159057617 31.97515106201172 -0.19047173925658223 0.981692679276245 0 0 0 1 0 0 0 0 0 0
0.18987083435058594 2.117934226989746 32.36491394042969 -0.6998811928520517 0.7142592777780274 0 0 0 1 0 0 0 0 0 0
0.35651206970214844 2.4202489852905273 32.754676818847656 -0.9776145988629106 0.21040365037258923 0 0 0 1 0 0 0 0 0 0
0.3289928436279297 2.7643537521362305 33.144439697265625 -0.9317492458861079 -0.36310238609883755 0 0 0 1 0 0 0 0 0 0
0.11641883850097656 3.0363454818725586 33.534202575683594 -0.5774584279088592 -0.8164200904173223 0 0 0 1 0 0 0 0 0 0
-0.2108440399169922 3.146182060241699 33.92396545410156 -0.032021108946335065 -0.9994871928053142 0 0 0 1 0 0 0 0 0 0
-0.5444660186767578 3.0575170516967773 34.31372833251953 0.5240154184078661 -0.8517087772653448 0 0 0 1 0 0 0 0 0 0
-0.7740135192871094 2.7996931076049805 34.7034912109375 0.9065934585867363 -0.42200509576039447 0 0 0 1 0 0 0 0 0 0
-0.8235034942626953 2.458052635192871 35.09325408935547 0.9890763476819535 0.14740413310395273 0 0 0 1 0 0 0 0 0 0
-0.6705665588378906 2.1391210556030273 35.48301696777344 0.734184585000388 0.6789499209424862 0 0 0 1 0 0 0 0 0 0
-0.36484336853027344 1.9618253707885742 35.872779846191406 0.2246460437386969 0.9744404317517575 0 0 0 1 0 0 0 0 0 0
-0.012357712723314762 1.987380027770996 36.262542724609375 -0.3628295642270972 0.9318555184806144 0 0 0 1 0 0 0 0 0 0
0.2646007537841797 2.206912040710449 36.652305603027344 -0.8244285156466582 0.5659660966777498 0 0 0 1 0 0 0 0 0 0
0.36993980407714844 2.544257164001465 37.04206848144531 -0.9999930624128399 0.0037249330450108316 0 0 0 1 0 0 0 0 0 0
0.26711273193359375 2.882380485534668 37.43183135986328 -0.8286150626409956 -0.5598187902924114 0 0 0 1 0 0 0 0 0 0
-0.008201600052416325 3.103968620300293 37.82159423828125 -0.36975743557325325 -0.9291283220515298 0 0 0 1 0 0 0 0 0 0
-0.3604888916015625 3.132143974304199 38.21135711669922 0.21738601732996735 -0.9760857131775954 0 0 0 1 0 0 0 0 0 0
-0.6675224304199219 2.95712947845459 38.60111999511719 0.7291058242316206 -0.6844009768195317 0 0 0 1 0 0 0 0 0 0
-0.8227806091308594 2.6396474838256836 38.990882873535156 0.9878738806093452 -0.1552584812814842 0 0 0 1 0 0 0 0 0 0
-0.7723960876464844 2.2898435592651367 39.380645751953125 0.9038968954229775 0.42775039736358295 0 0 0 1 0 0 0 0 0 0
-0.5338497161865234 2.029086112976074 39.770408630371094 0.5063266430236758 0.8623417713206145 0 0 0 1 0 0 0 0 0 0
-0.18990516662597656 1.9478368759155273 40.16017150878906 -0.06692001079734798 0.9977583435656566 0 0 0 1 0 0 0 0 0 0
0.14011001586914062 2.074286460876465 40.54993438720703 -0.6169441185480341 0.7870069596826889 0 0 0 1 0 0 0 0 0 0
0.34169769287109375 2.364565849304199 40.939697265625 -0.9529229808132434 0.3032124546221721 0 0 0 1 0 0 0 0 0 0
0.34491920471191406 2.717963218688965 41.32946014404297 -0.9582926938836779 -0.28578858068362967 0 0 0 1 0 0 0 0 0 0
0.14865684509277344 3.0118703842163086 41.71922302246094 -0.6311875862491003 -0.7756302153507395 0 0 0 1 0 0 0 0 0 0
-0.1789989471435547 3.144312858581543 42.108985900878906 -0.08509643481112789 -0.9963727198104309 0 0 0 1 0 0 0 0 0 0
-0.5243682861328125 3.069350242614746 42.498748779296875 0.4905179721467856 -0.8714310753014293 0 0 0 1 0 0 0 0 0 0
-0.7676277160644531 2.8129796981811523 42.888511657714844 0.8959556655400839 -0.4441434963912287 0 0 0 1 0 0 0 0 0 0
-0.8243808746337891 2.464156150817871 43.27827453613281 0.9905395223670497 0.137227747299361 0 0 0 1 0 0 0 0 0 0
-0.6749362945556641 2.14389705657959 43.66803741455078 0.7414637422688376 0.6709929350601918 0 0 0 1 0 0 0 0 0 0
-0.3711433410644531 1.963313102722168 44.05780029296875 0.235142084662629 0.9719610074588965 0 0 0 1 0 0 0 0 0 0
-0.01840210147202015 1.985060691833496 44.44756317138672 -0.3527557403215231 0.9357154416115052 0 0 0 1 0 0 0 0 0 0
0.2609081268310547 2.201594352722168 44.83732604980469 -0.8182735693357474 0.574828988244796 0 0 0 1 0 0 0 0 0 0
0.36988067626953125 2.537783622741699 45.227088928222656 -0.9998946039326984 0.014518299703206347 0 0 0 1 0 0 0 0 0 0
0.2707080841064453 2.876997947692871 45.616851806640625 -0.8346081178555856 -0.5508441609108304 0 0 0 1 0 0 0 0 0 0
-0.0022010814864188433 3.1015424728393555 46.006614685058594 -0.37975838389484967 -0.9250857094678159 0 0 0 1 0 0 0 0 0 0
-0.35416221618652344 3.133517265319824 46.39637756347656 0.2068396335525162 -0.9783748596483154 0 0 0 1 0 0 0 0 0 0
-0.6630668640136719 2.961825370788574 46.78614044189453 0.7216847773658133 -0.6922218445834084 0 0 0 1 0 0 0 0 0 0
-0.8217411041259766 2.6460371017456055 47.1759033203125 0.9861397053375431 -0.16591709241902516 0 0 0 1 0 0 0 0 0 0
-0.7751331329345703 2.295710563659668 47.56566619873047 0.9084614844073334 0.4179685769868642 0 0 0 1 0 0 0 0 0 0
-0.5394153594970703 2.032393455505371 47.95542907714844 0.5156024494363336 0.8568279372985296 0 0 0 1 0 0 0 0 0 0
-0.1963672637939453 1.9474363327026367 48.345191955566406 -0.05614856919949556 0.9984224247165372 0 0 0 1 0 0 0 0 0 0
0.1349945068359375 2.070319175720215 48.734954833984375 -0.6084162333888858 0.7936180989297565 0 0 0 1 0 0 0 0 0 0
0.3397979736328125 2.358698844909668 49.124717712402344 -0.9497582175913973 0.31298454932729836 0 0 0 1 0 0 0 0 0 0
0.34134674072265625 2.729517936706543 49.51448059082031 -0.9523391732136048 -0.3050411433935229 0 0 0 1 0 0 0 0 0 0
0.12463569641113281 3.0304250717163086 49.90424346923828 -0.5911583810755925 -0.8065554962208642 0 0 0 1 0 0 0 0 0 0
-0.2275543212890625 3.146487236022949 50.29400634765625 -0.004173689370741941 -0.9999912901205873 0 0 0 1 0 0 0 0 0 0
-0.5807018280029297 3.0333662033081055 50.68376922607422 0.5844134893536541 -0.8114560206576118 0 0 0 1 0 0 0 0 0 0
-0.7999134063720703 2.7342748641967773 51.07353210449219 0.9497621016732698 -0.31297276275288516 0 0 0 1 0 0 0 0 0 0
-0.8014583587646484 2.363459587097168 51.463294982910156 0.952335913308884 0.30505132063660007 0 0 0 1 0 0 0 0 0 0
-0.5847454071044922 2.0625524520874023 51.853057861328125 0.5911493820739641 0.8065620918897507 0 0 0 1 0 0 0 0 0 0
-0.23255348205566406 1.946497917175293 52.242820739746094 0.004162516671662915 0.9999913366899524 0 0 0 1 0 0 0 0 0 0
0.12059211730957031 2.0596189498901367 52.63258361816406 -0.5844134893536541 0.8114560206576118 0 0 0 1 0 0 0 0 0 0
0.33392906188964844 2.3417463302612305 53.02234649658203 -0.9399773892117421 0.34123673273942373 0 0 0 1 0 0 0 0 0 0
0.35340309143066406 2.6864004135131836 53.412109375 -0.9724338251752351 -0.23317902061519255 0 0 0 1 0 0 0 0 0 0
0.17974472045898438 2.9847402572631836 53.80187225341797 -0.6830049226155194 -0.7304137701898619 0 0 0 1 0 0 0 0 0 0
-0.1295642852783203 3.138014793395996 54.19163513183594 -0.16748753789483342 -0.9858741931148857 0 0 0 1 0 0 0 0 0 0
-0.4721393585205078 3.095484733581543 54.581398010253906 0.4034728056340336 -0.9149916366359864 0 0 0 1 0 0 0 0 0 0
-0.7345790863037109 2.871230125427246 54.971160888671875 0.8408750453983737 -0.5412293026308562 0 0 0 1 0 0 0 0 0 0
-0.8300151824951172 2.5394811630249023 55.360923767089844 0.9999317900968653 0.01167968979377755 0 0 0 1 0 0 0 0 0 0
-0.7268562316894531 2.2100515365600586 55.75068664550781 0.8279961555316635 0.5607337749991393 0 0 0 1 0 0 0 0 0 0
-0.4592475891113281 1.9919919967651367 56.14044952392578 0.38198642157782997 0.924167935891613 0 0 0 1 0 0 0 0 0 0
-0.11577415466308594 1.9574766159057617 56.53021240234375 -0.19047173925658223 0.981692679276245 0 0 0 1 0 0 0 0 0 0
0.18987083435058594 2.117934226989746 56.91996765136719 -0.6998811928520517 0.7142592777780274 0 0 0 1 0 0 0 0 0 0
0.35651206970214844 2.4202489852905273 57.30973815917969 -0.9776145988629106 0.21040365037258923 0 0 0 1 0 0 0 0 0 0
0.3289928436279297 2.7643537521362305 57.699493408203125 -0.9317492458861079 -0.36310238609883755 0 0 0 1 0 0 0 0 0 0
0.11641883850097656 3.0363454818725586 58.089263916015625 -0.5774584279088592 -0.8164200904173223 0 0 0 1 0 0 0 0 0 0
-0.2108440399169922 3.146182060241699 58.47901916503906 -0.032021108946335065 -0.9994871928053142 0 0 0 1 0 0 0 0 0 0
-0.5444660186767578 3.0575170516967773 58.86878967285156 0.5240154184078661 -0.8517087772653448 0 0 0 1 0 0 0 0 0 0
-0.7740135192871094 2.7996931076049805 59.258544921875 0.9065934585867363 -0.42200509576039447 0 0 0 1 0 0 0 0 0 0
-0.8235034942626953 2.458052635192871 59.6483154296875 0.9890763476819535 0.14740413310395273 0 0 0 1 0 0 0 0 0 0
-0.6705665588378906 2.1391210556030273 60.03807067871094 0.734184585000388 0.6789499209424862 0 0 0 1 0 0 0 0 0 0
-0.3497791290283203 1.9585561752319336 60.42784118652344 0.19953585596865878 0.979890525611333 0 0 0 1 0 0 0 0 0 0
0.0160751324146986 1.9992971420288086 60.817596435546875 -0.4102177159499284 0.9119876235568243 0 0 0 1 0 0 0 0 0 0
0.28928184509277344 2.2460126876831055 61.207366943359375 -0.865567592248528 0.500792115801643 0 0 0 1 0 0 0 0 0 0
0.3670024871826172 2.6058263778686523 61.59712219238281 -0.9950983209121884 -0.09889050367827594 0 0 0 1 0 0 0 0 0 0
0.21998214721679688 2.9433088302612305 61.98689270019531 -0.7500632421530993 -0.6613661109935866 0 0 0 1 0 0 0 0 0 0
-0.09643745422363281 3.131422996520996 62.37664794921875 -0.22269898106702618 -0.974887256984985 0 0 0 1 0 0 0 0 0 0
-0.4631519317626953 3.099360466003418 62.76641845703125 0.38849333689633775 -0.9214515327390523 0 0 0 1 0 0 0 0 0 0
-0.7421283721923828 2.8591909408569336 63.15617370605469 0.8534549860674134 -0.5211665633525148 0 0 0 1 0 0 0 0 0 0
-0.8283538818359375 2.50131893157959 63.54594421386719 0.9971621184598654 0.07528419162502471 0 0 0 1 0 0 0 0 0 0
-0.6893730163574219 2.1604490280151367 63.935699462890625 0.7655259145883191 0.6434050622226387 0 0 0 1 0 0 0 0 0 0
-0.44322776794433594 1.9856367111206055 64.32546997070312 0.3552881522568092 0.9347568287345871 0 0 0 1 0 0 0 0 0 0
-0.09153938293457031 1.9626989364624023 64.71522521972656 -0.2308628001623026 0.972986314138704 0 0 0 1 0 0 0 0 0 0
0.2123565673828125 2.141188621520996 65.10499572753906 -0.7373546020898972 0.6755058776774997 0 0 0 1 0 0 0 0 0 0
0.3636054992675781 2.459517478942871 65.4947509765625 -0.989437723309093 0.1449585861303804 0 0 0 1 0 0 0 0 0 0
0.3100242614746094 2.807856559753418 65.884521484375 -0.90013725593581 -0.43560638250185235 0 0 0 1 0 0 0 0 0 0
0.07010078430175781 3.06601619720459 66.27427673339844 -0.5002607745689768 -0.8658747931587151 0 0 0 1 0 0 0 0 0 0
-0.2733879089355469 3.144923210144043 66.66404724121094 0.07222136648530474 -0.997388627478274 0 0 0 1 0 0 0 0 0 0
-0.6019248962402344 3.0173559188842773 67.05380249023438 0.6197823331089922 -0.7847737633012296 0 0 0 1 0 0 0 0 0 0
-0.8021564483642578 2.7273244857788086 67.44357299804688 0.9535027652369663 -0.301384267481663 0 0 0 1 0 0 0 0 0 0
-0.8049964904785156 2.3748998641967773 67.83332824707031 0.9582327815735966 0.285989398960395 0 0 0 1 0 0 0 0 0 0
-0.609466552734375 2.081679344177246 68.22309875488281 0.6323502449530368 0.7746826238582056 0 0 0 1 0 0 0 0 0 0
-0.28302764892578125 1.9488325119018555 68.61285400390625 0.08828771555304112 0.9960950151880218 0 0 0 1 0 0 0 0 0 0
0.061687469482421875 2.0221967697143555 69.00262451171875 -0.4862401089907548 0.873825243632077 0 0 0 1 0 0 0 0 0 0
0.3057422637939453 2.276453971862793 69.39237976074219 -0.8929954961520953 0.45006559949864344 0 0 0 1 0 0 0 0 0 0
0.3649311065673828 2.623885154724121 69.78215026855469 -0.9916455526728369 -0.1289926271698649 0 0 0 1 0 0 0 0 0 0
0.21883010864257812 2.944613456726074 70.17190551757812 -0.7481386877778887 -0.663542390394147 0 0 0 1 0 0 0 0 0 0
-0.08214759826660156 3.127974510192871 70.56167602539062 -0.24651461226077848 -0.9691390746130908 0 0 0 1 0 0 0 0 0 0
-0.4341602325439453 3.1107091903686523 70.95143127441406 0.34016880170727504 -0.9403643901940548 0 0 0 1 0 0 0 0 0 0
-0.7157497406005859 2.8987722396850586 71.34120178222656 0.8094879286684037 -0.5871365201894168 0 0 0 1 0 0 0 0 0 0
-0.8241500854492188 2.462508201599121 71.73095703125 0.9901547702152433 0.13997689459335394 0 0 0 1 0 0 0 0 0 0
-0.8156719207763672 -2.684098243713379 -71.31200408935547 0.976026549739675 0.21765149713077014 0 0 0 1 0 0 0 0 0 0
-0.6394157409667969 -2.992173194885254 -70.9222412109375 0.682262483153746 0.7311073136557209 0 0 0 1 0 0 0 0 0 0
-0.31991004943847656 -3.1467409133911133 -70.53247833251953 0.14975635554199246 0.9887229308430044 0 0 0 1 0 0 0 0 0 0
0.031038282439112663 -3.0937204360961914 -70.14271545410156 -0.435159106252035 0.9003535706853892 0 0 0 1 0 0 0 0 0 0
0.2906208038330078 -2.8516626358032227 -69.7529525756836 -0.8677953815865629 0.4969216997646934 0 0 0 1 0 0 0 0 0 0
0.36800193786621094 -2.5052690505981445 -69.36318969726562 -0.996762657215068 -0.08040028097934193 0 0 0 1 0 0 0 0 0 0
0.2361011505126953 -2.175755500793457 -68.97342681884766 -0.7769270579113702 -0.6295906183268478 0 0 0 1 0 0 0 0 0 0
-0.05892181396484375 -1.9784326553344727 -68.58366394042969 -0.28522058855908866 -0.958461901100929 0 0 0 1 0 0 0 0 0 0
-0.4138298034667969 -1.982346534729004 -68.19390106201172 0.3062877282068517 -0.9519389831023236 0 0 0 1 0 0 0 0 0 0
-0.7044315338134766 -2.1861276626586914 -67.80413818359375 0.7906231358671042 -0.6123030761246155 0 0 0 1 0 0 0 0 0 0
-0.8290328979492188 -2.518467903137207 -67.41437530517578 0.9982933554942365 -0.05839842785604708 0 0 0 1 0 0 0 0 0 0
-0.7440319061279297 -2.863072395324707 -67.02461242675781 0.8566254821200237 0.5159387399513987 0 0 0 1 0 0 0 0 0 0
-0.4791755676269531 -3.0993471145629883 -66.63484954833984 0.41520273019049686 0.9097289117326971 0 0 0 1 0 0 0 0 0 0
-0.12714385986328125 -3.14461612701416 -66.24508666992188 -0.1715213357450928 0.9851804055015606 0 0 0 1 0 0 0 0 0 0
0.1888751983642578 -2.983036994934082 -65.8553237915039 -0.6982245103493471 0.7158788536808545 0 0 0 1 0 0 0 0 0 0
-2.8034725189208984 -0.8023386001586914 -65.8553237915039 0.6084216508062205 -0.7936139457130486 0 0 0 -1 0 0 0 0 0 0
-2.445009231567383 -0.6785440444946289 -66.27507019042969 0.01097842366794814 -0.9999397352909659 0 0 0 -1 0 0 0 0 0 0
-2.083913803100586 -0.794438362121582 -66.69480895996094 -0.5908452797465903 -0.806784887935547 0 0 0 -1 0 0 0 0 0 0
-1.8644447326660156 -1.1037187576293945 -67.11455535888672 -0.9566262423710734 -0.29131809488426963 0 0 0 -1 0 0 0 0 0 0
-1.8742809295654297 -1.4828271865844727 -67.5343017578125 -0.940233893976377 0.3405293300407749 0 0 0 -1 0 0 0 0 0 0
-2.1094913482666016 -1.7803125381469727 -67.95404815673828 -0.5482157269341836 0.8363369636348883 0 0 0 -1 0 0 0 0 0 0
-2.4761104583740234 -1.877324104309082 -68.37379455566406 0.06281344712253133 0.9980252856819735 0 0 0 -1 0 0 0 0 0 0
-2.8276710510253906 -1.7351083755493164 -68.79353332519531 0.6487521247623167 0.7609997901552795 0 0 0 -1 0 0 0 0 0 0
-3.0237274169921875 -1.4104814529418945 -69.2132797241211 0.9755107819916713 0.21995161790266055 0 0 0 -1 0 0 0 0 0 0
-2.985952377319336 -1.0331315994262695 -69.63302612304688 0.9125533648339017 -0.4089576461326086 0 0 0 -1 0 0 0 0 0 0
-2.7294368743896484 -0.7538080215454102 -70.05277252197266 0.4850236140497265 -0.8745010542098516 0 0 0 -1 0 0 0 0 0 0
-2.356660842895508 -0.6841058731079102 -70.4725112915039 -0.13626816714968223 -0.9906719874013126 0 0 0 -1 0 0 0 0 0 0
-2.0165481567382812 -0.8518648147583008 -70.89225769042969 -0.7031210361805974 -0.7110701853406054 0 0 0 -1 0 0 0 0 0 0
-1.8449745178222656 -1.1900720596313477 -71.31200408935547 -0.9890779833848764 -0.14739315717938326 0 0 0 -1 0 0 0 0 0 0
0.35422706604003906 -2.6899423599243164 -20.642833709716797 -0.9738040799653712 0.22738868450913993 0 0 0 1 0 0 0 0 0 0
0.33518028259277344 -2.3522424697875977 -20.253070831298828 -0.94205955067779 -0.33544567813099085 0 0 0 1 0 0 0 0 0 0
0.13650894165039062 -2.0785036087036133 -19.86330795288086 -0.6109422129585944 -0.7916751937665191 0 0 0 1 0 0 0 0 0 0
-0.17864990234375 -1.9557161331176758 -19.47354507446289 -0.08567942627954588 -0.9963227568977875 0 0 0 1 0 0 0 0 0 0
-0.5101451873779297 -2.0228967666625977 -19.083782196044922 0.4668159024440375 -0.8843545178407576 0 0 0 1 0 0 0 0 0 0
-0.7526340484619141 -2.2586984634399414 -18.694019317626953 0.870960000849459 -0.4913539222600248 0 0 0 1 0 0 0 0 0 0
-0.8290538787841797 -2.5881853103637695 -18.304256439208984 0.9983286075975587 0.05779265742565773 0 0 0 1 0 0 0 0 0 0
-0.7151203155517578 -2.9066553115844727 -17.914493560791016 0.8084424514875848 0.5885752310730924 0 0 0 1 0 0 0 0 0 0
-0.44704246520996094 -3.112900733947754 -17.524730682373047 0.36164210344645065 0.932317000282 0 0 0 1 0 0 0 0 0 0
-0.11000823974609375 -3.1413774490356445 -17.134967803955078 -0.20008025064543156 0.9797795125953906 0 0 0 1 0 0 0 0 0 0
0.1888751983642578 -2.983036994934082 -16.74520492553711 -0.6982245103493471 0.7158788536808545 0 0 0 1 0 0 0 0 0 0
-2.8034725189208984 -0.8023386001586914 -16.74520492553711 0.6084216508062205 -0.7936139457130486 0 0 0 -1 0 0 0 0 0 0
-2.449880599975586 -0.6786165237426758 -17.17827606201172 0.019101470933734377 -0.9998175502601302 0 0 0 -1 0 0 0 0 0 0
-2.0918216705322266 -0.7887468338012695 -17.611343383789062 -0.5776670748404381 -0.8162724732865196 0 0 0 -1 0 0 0 0 0 0
-1.8688735961914062 -1.0897912979125977 -18.044414520263672 -0.9492500450391251 -0.3145224189039932 0 0 0 -1 0 0 0 0 0 0
-1.8679447174072266 -1.4643983840942383 -18.47748565673828 -0.9507978972870544 0.30981181145094505 0 0 0 -1 0 0 0 0 0 0
-2.089395523071289 -1.766545295715332 -18.910552978515625 -0.5817093249065296 0.8133967428732363 0 0 0 -1 0 0 0 0 0 0
-2.4469032287597656 -1.8784494400024414 -19.343624114990234 0.014136827740941658 0.9999000700577148 0 0 0 -1 0 0 0 0 0 0
-2.8011035919189453 -1.756485939025879 -19.776691436767578 0.604465917944252 0.796631002437021 0 0 0 -1 0 0 0 0 0 0
-3.013925552368164 -1.448197364807129 -20.209762573242188 0.9591742963659721 0.2828156098783139 0 0 0 -1 0 0 0 0 0 0
-3.0024070739746094 -1.0737619400024414 -20.642833709716797 0.9399737900733004 -0.34124664683368666 0 0 0 -1 0 0 0 0 0 0
-2.8354320526123047 0.8216238021850586 -9.729472160339355 0.6616847185501903 0.7497821905307938 0 0 0 1 0 0 0 0 0 0
-2.4512863159179688 0.6716299057006836 -9.26175594329834 0.02144095583132049 0.9997701162832581 0 0 0 1 0 0 0 0 0 0
-2.0610618591308594 0.8050146102905273 -8.794039726257324 -0.6289328839483438 0.7774595986213169 0 0 0 1 0 0 0 0 0 0
-1.8491058349609375 1.158766746520996 -8.326327323913574 -0.9821930276012092 0.18787457659718243 0 0 0 1 0 0 0 0 0 0
-1.9155445098876953 1.5657720565795898 -7.858611106872559 -0.8714594041343046 -0.49046764107928964 0 0 0 1 0 0 0 0 0 0
-2.2289962768554688 1.833754539489746 -7.390898704528809 -0.3490409253164041 -0.9371074818046584 0 0 0 1 0 0 0 0 0 0
-2.6413803100585938 1.8361234664916992 -6.923178672790527 0.3382675036692385 -0.941049996525892 0 0 0 1 0 0 0 0 0 0
-2.9578857421875 1.5717535018920898 -6.455466270446777 0.8657703407362976 -0.5004415221595379 0 0 0 1 0 0 0 0 0 0
-3.02899169921875 1.1655378341674805 -5.987746238708496 0.984284960691896 0.17658741788630483 0 0 0 1 0 0 0 0 0 0
-2.8211097717285156 0.8093748092651367 -5.520033836364746 0.6378119953632335 0.7701920919944393 0 0 0 1 0 0 0 0 0 0
-2.4324417114257812 0.6715192794799805 -5.052321434020996 -0.00996864911101473 0.9999503117829912 0 0 0 1 0 0 0 0 0 0
-2.3784313201904297 -0.6815156936645508 -5.052321434020996 -0.09998471208562766 -0.9949889734811909 0 0 0 -1 0 0 0 0 0 0
-2.005657196044922 -0.862919807434082 -5.520033836364746 -0.7212727408064029 -0.6926511628299051 0 0 0 -1 0 0 0 0 0 0
-1.8394889831542969 -1.2427301406860352 -5.987746238708496 -0.9982203935764369 -0.05963259048627086 0 0 0 -1 0 0 0 0 0 0
-1.959259033203125 -1.639622688293457 -6.455466270446777 -0.7986023282929721 0.6018590543017892 0 0 0 -1 0 0 0 0 0 0
-2.3077850341796875 -1.8641138076782227 -6.923178672790527 -0.21773108125819324 0.976008799270856 0 0 0 -1 0 0 0 0 0 0
-2.718679428100586 -1.8090333938598633 -7.390898704528809 0.4670952149678916 0.8842070233571429 0 0 0 -1 0 0 0 0 0 0
-2.9957752227783203 -1.5006723403930664 -7.858611106872559 0.9289232578334152 0.37027230662872157 0 0 0 -1 0 0 0 0 0 0
-3.006784439086914 -1.086247444152832 -8.326327323913574 0.947270941305293 -0.32043371195706677 0 0 0 -1 0 0 0 0 0 0
-2.746448516845703 -0.7636117935180664 -8.794039726257324 0.5133799497134358 -0.8581614225961396 0 0 0 -1 0 0 0 0 0 0
-2.339059829711914 -0.6867952346801758 -9.26175594329834 -0.1656033186781273 -0.9861924461497313 0 0 0 -1 0 0 0 0 0 0
-1.979104995727539 -0.8924646377563477 -9.729472160339355 -0.7655259145883191 -0.6434050622226387 0 0 0 -1 0 0 0 0 0 0
-2.0325183868408203 0.8296270370483398 -4.662558555603027 -0.6765066609095607 0.7364365130444013 0 0 0 1 0 0 0 0 0 0
-1.8432025909423828 1.1958913803100586 -4.186179161071777 -0.9920306576388512 0.12599672338846063 0 0 0 1 0 0 0 0 0 0
-1.9349441528320312 1.5978498458862305 -3.7098000049591064 -0.8391290412025572 -0.5439323967281936 0 0 0 1 0 0 0 0 0 0
-2.2644214630126953 1.8457059860229492 -3.2334282398223877 -0.29000350279681514 -0.9570255839660599 0 0 0 1 0 0 0 0 0 0
-2.6760616302490234 1.8224248886108398 -2.7570488452911377 0.39606718439265876 -0.9182215339705728 0 0 0 1 0 0 0 0 0 0
-2.9754886627197266 1.538996696472168 -2.2806694507598877 0.8951094238421666 -0.44584651994710506 0 0 0 1 0 0 0 0 0 0
-3.0213184356689453 1.1292524337768555 -1.804297685623169 0.9714948825956785 0.23706052621727008 0 0 0 1 0 0 0 0 0 0
-2.7919082641601562 0.7866735458374023 -1.327918291091919 0.5891439251517137 0.8080281155113552 0 0 0 1 0 0 0 0 0 0
-2.3955841064453125 0.6730222702026367 -0.851538896560669 -0.07139694974787766 0.9974479813838409 0 0 0 1 0 0 0 0 0 0
-2.019489288330078 0.8419599533081055 -0.3751671314239502 -0.6982189022252391 0.7158843234597206 0 0 0 1 0 0 0 0 0 0
-2.8034725189208984 -0.8023386001586914 -0.3751671314239502 0.6084216508062205 -0.7936139457130486 0 0 0 -1 0 0 0 0 0 0
-2.4099979400634766 -0.6791810989379883 -0.851538896560669 -0.047369514745631114 -0.9988774344596857 0 0 0 -1 0 0 0 0 0 0
-2.0299453735351562 -0.839024543762207 -1.327918291091919 -0.6807927181243391 -0.732476125855904 0 0 0 -1 0 0 0 0 0 0
-1.8427715301513672 -1.2063837051391602 -1.804297685623169 -0.9927488015238599 -0.12020739192304324 0 0 0 -1 0 0 0 0 0 0
-1.936859130859375 -1.607804298400879 -2.2806694507598877 -0.8359375652643678 0.5488245502707407 0 0 0 -1 0 0 0 0 0 0
-2.2677783966064453 -1.8537302017211914 -2.7570488452911377 -0.284403662684172 0.9587046242987605 0 0 0 -1 0 0 0 0 0 0
-2.6792755126953125 -1.8280458450317383 -3.2334282398223877 0.401422032894618 0.9158931987446748 0 0 0 -1 0 0 0 0 0 0
-2.977041244506836 -1.5428705215454102 -3.7098000049591064 0.8977036787324915 0.44059971083757155 0 0 0 -1 0 0 0 0 0 0
-3.020477294921875 -1.1328706741333008 -4.186179161071777 0.9700946325400276 -0.2427270152188028 0 0 0 -1 0 0 0 0 0 0
-2.7890701293945312 -0.7916345596313477 -4.662558555603027 0.5844081687018399 -0.8114598525833314 0 0 0 -1 0 0 0 0 0 0
0.1888751983642578 -2.983036994934082 48.734954833984375 -0.6982245103493471 0.7158788536808545 0 0 0 1 0 0 0 0 0 0
0.36077880859375 -2.6579790115356445 49.124717712402344 -0.9847247121768397 0.17411846894640487 0 0 0 1 0 0 0 0 0 0
0.31076622009277344 -2.2936792373657227 49.51448059082031 -0.901371909450652 -0.4330458184225837 0 0 0 1 0 0 0 0 0 0
0.057621002197265625 -2.026970863342285 49.90424346923828 -0.47946359652292203 -0.877561769683083 0 0 0 1 0 0 0 0 0 0
-0.3035736083984375 -1.9580316543579102 50.29400634765625 0.12253080151241241 -0.9924647110505873 0 0 0 1 0 0 0 0 0 0
-0.6371555328369141 -2.112748146057129 50.68376922607422 0.678500953476616 -0.7345995209168892 0 0 0 1 0 0 0 0 0 0
-0.8178329467773438 -2.4330148696899414 51.07353210449219 0.9796277798859184 -0.20082184362211872 0 0 0 1 0 0 0 0 0 0
-0.7777442932128906 -2.798539161682129 51.463294982910156 0.9128098871256781 0.4083847572640375 0 0 0 1 0 0 0 0 0 0
-0.5319442749023438 -3.0720300674438477 51.853057861328125 0.5031439551156757 0.8642026153805337 0 0 0 1 0 0 0 0 0 0
-0.1727581024169922 -3.1507654190063477 52.242820739746094 -0.09549711956632949 0.9954297062849461 0 0 0 1 0 0 0 0 0 0
0.16490745544433594 -3.0051774978637695 52.63258361816406 -0.6582686647903677 0.7527830796153077 0 0 0 1 0 0 0 0 0 0
0.35422706604003906 -2.6899423599243164 53.02234649658203 -0.9738040799653712 0.22738868450913993 0 0 0 1 0 0 0 0 0 0
-3.0024070739746094 -1.0737619400024414 53.02234649658203 0.9399737900733004 -0.34124664683368666 0 0 0 -1 0 0 0 0 0 0
-2.7054672241210938 -0.7412118911743164 52.54596710205078 0.44507160870143514 -0.8954949821902504 0 0 0 -1 0 0 0 0 0 0
-2.261087417602539 -0.7053117752075195 52.06959533691406 -0.29555232883415405 -0.9553265519814196 0 0 0 -1 0 0 0 0 0 0
-1.9146175384521484 -0.9858827590942383 51.59321594238281 -0.8730058675475068 -0.4877097038481245 0 0 0 -1 0 0 0 0 0 0
-1.8573474884033203 -1.4280176162719727 51.11683654785156 -0.9684575498052312 0.24917859905145978 0 0 0 -1 0 0 0 0 0 0
-2.120899200439453 -1.7876062393188477 50.640464782714844 -0.5292019861577018 0.8484958796875467 0 0 0 -1 0 0 0 0 0 0
-2.5597591400146484 -1.8661127090454102 50.164085388183594 0.20222809408523598 0.9793384491393425 0 0 0 -1 0 0 0 0 0 0
-2.9316272735595703 -1.6201906204223633 49.687705993652344 0.8220132188316487 0.5694684083125525 0 0 0 -1 0 0 0 0 0 0
-3.031187057495117 -1.185624122619629 49.211334228515625 0.9879442351672711 -0.15481016826990265 0 0 0 -1 0 0 0 0 0 0
-2.8034725189208984 -0.8023386001586914 48.734954833984375 0.6084216508062205 -0.7936139457130486 0 0 0 -1 0 0 0 0 0 0
-1.9527263641357422 -1.6307878494262695 71.34120178222656 -0.80949326115379 0.5871291681960641 0 0 0 -1 0 0 0 0 0 0
-2.2946643829345703 -1.8610315322875977 70.895751953125 -0.23959627634757671 0.970872609748764 0 0 0 -1 0 0 0 0 0 0
-2.7044601440429688 -1.8163042068481445 70.4503173828125 0.44339484808138463 0.8963263962948351 0 0 0 -1 0 0 0 0 0 0
-2.988676071166992 -1.517716407775879 70.00486755371094 0.9170902112452816 0.3986797517282322 0 0 0 -1 0 0 0 0 0 0
-3.013151168823242 -1.1062135696411133 69.55943298339844 0.957883394211855 -0.28715745348706545 0 0 0 -1 0 0 0 0 0 0
-2.7663345336914062 -0.7760400772094727 69.11398315429688 0.5465203317396102 -0.8374458352605417 0 0 0 -1 0 0 0 0 0 0
-2.3647308349609375 -0.6830530166625977 68.66854858398438 -0.12281669707884844 -0.9924293722571105 0 0 0 -1 0 0 0 0 0 0
-1.9979114532470703 -0.8711366653442383 68.22309875488281 -0.7341789922747981 -0.6789559686035332 0 0 0 -1 0 0 0 0 0 0
-2.8354358673095703 0.8216238021850586 68.22309875488281 0.6616910259238478 0.7497766242100681 0 0 0 1 0 0 0 0 0 0
-2.4508190155029297 0.6716184616088867 68.66854858398438 0.020661058342499396 0.9997865375509754 0 0 0 1 0 0 0 0 0 0
-2.060333251953125 0.8056058883666992 69.11398315429688 -0.6301507030240985 0.776472853020783 0 0 0 1 0 0 0 0 0 0
-1.8488426208496094 1.160151481628418 69.55943298339844 -0.9826324448921289 0.18556259926320684 0 0 0 1 0 0 0 0 0 0
-1.9164695739746094 1.567408561706543 70.00486755371094 -0.8699186983068643 -0.4931951523850279 0 0 0 1 0 0 0 0 0 0
-2.231201171875 1.8345708847045898 70.4503173828125 -0.3453673746344141 -0.9384675681866328 0 0 0 1 0 0 0 0 0 0
-2.644033432006836 1.8351621627807617 70.895751953125 0.3426806725138526 -0.9394519448516 0 0 0 1 0 0 0 0 0 0
-2.9595260620117188 1.5688962936401367 71.34120178222656 0.868507459013595 -0.4956760975049621 0 0 0 1 0 0 0 0 0 0
-0.3635730743408203 -3.138463020324707 -42.07978820800781 0.22252638906472008 0.974926667072871 0 0 0 1 0 0 0 0 0 0
-0.0248489398509264 -3.117325782775879 -41.690025329589844 -0.34201059777325354 0.939696095027952 0 0 0 1 0 0 0 0 0 0
0.24822044372558594 -2.91579532623291 -41.300262451171875 -0.7971271695115669 0.60381145701823 0 0 0 1 0 0 0 0 0 0
0.36826515197753906 -2.59835147857666 -40.910499572753906 -0.9972034608653424 0.07473458127388825 0 0 0 1 0 0 0 0 0 0
0.2968769073486328 -2.266556739807129 -40.52073669433594 -0.8782229552720406 -0.47825144101533373 0 0 0 1 0 0 0 0 0 0
0.05689811706542969 -2.026577949523926 -40.13097381591797 -0.47825576918083784 -0.8782205982811181 0 0 0 1 0 0 0 0 0 0
-0.27489280700683594 -1.955185890197754 -39.7412109375 0.07472858510412504 -0.9972039102251532 0 0 0 1 0 0 0 0 0 0
-0.5923385620117188 -2.075230598449707 -39.3514518737793 0.6038078950673917 -0.7971298676215098 0 0 0 1 0 0 0 0 0 0
-0.7938728332519531 -2.3482980728149414 -38.96168899536133 0.93969248736894 -0.3420205098855549 0 0 0 1 0 0 0 0 0 0
2.542125701904297 -1.483719825744629 -38.96168899536133 -0.93969248736894 0.3420205098855549 0 0 0 -1 0 0 0 0 0 0
2.3868865966796875 -1.717900276184082 -39.27349853515625 -0.6809643304230558 0.7323165850173539 0 0 0 -1 0 0 0 0 0 0
2.142059326171875 -1.8557329177856445 -39.58530807495117 -0.27291724959942976 0.9620375121953836 0 0 0 -1 0 0 0 0 0 0
1.8613243103027344 -1.8669939041137695 -39.897117614746094 0.19497676691208624 0.9808078610841727 0 0 0 -1 0 0 0 0 0 0
1.6062393188476562 -1.7492151260375977 -40.208927154541016 0.6201170916284097 0.7845092686962486 0 0 0 -1 0 0 0 0 0 0
1.4327430725097656 -1.5282258987426758 -40.52073669433594 0.909275948192656 0.4161937650161837 0 0 0 -1 0 0 0 0 0 0
1.3788719177246094 -1.252476692199707 -40.83254623413086 0.9990583586736922 -0.04338658737706966 0 0 0 -1 0 0 0 0 0 0
1.4564437866210938 -0.9824380874633789 -41.14435958862305 0.8697724670055917 -0.49345299232957 0 0 0 -1 0 0 0 0 0 0
1.6484451293945312 -0.777318000793457 -41.45616912841797 0.5497737185789425 -0.8353136287406555 0 0 0 -1 0 0 0 0 0 0
1.9127769470214844 -0.6820993423461914 -41.76797866821289 0.10922463335395712 -0.9940170921411229 0 0 0 -1 0 0 0 0 0 0
2.191478729248047 -0.7176523208618164 -42.07978820800781 -0.35528325052826726 -0.9347586917991555 0 0 0 -1 0 0 0 0 0 0
-0.3635730743408203 -3.138463020324707 7.030327796936035 0.22252638906472008 0.974926667072871 0 0 0 1 0 0 0 0 0 0
-0.02516174502670765 -3.1174402236938477 7.420090675354004 -0.34148855495694536 0.9398859328841012 0 0 0 1 0 0 0 0 0 0
0.2478179931640625 -2.916325569152832 7.809853553771973 -0.7964566751407324 0.6046955966631223 0 0 0 1 0 0 0 0 0 0
0.3681907653808594 -2.5993471145629883 8.199616432189941 -0.9970776382977045 0.07639491610488378 0 0 0 1 0 0 0 0 0 0
0.2975139617919922 -2.267727851867676 8.58937931060791 -0.8792845275947097 -0.47629688171617124 0 0 0 1 0 0 0 0 0 0
0.05835914611816406 -2.0273752212524414 8.979142189025879 -0.48069250654316864 -0.876889225702566 0 0 0 1 0 0 0 0 0 0
-0.2729015350341797 -1.9550409317016602 9.368905067443848 0.07140811230255596 -0.9974471823096125 0 0 0 1 0 0 0 0 0 0
-0.5904769897460938 -2.073826789855957 9.758667945861816 0.6007034683171607 -0.799471915173844 0 0 0 1 0 0 0 0 0 0
-0.7929553985595703 -2.3457956314086914 10.148430824279785 0.9381662833861131 -0.3461849573818701 0 0 0 1 0 0 0 0 0 0
-0.8156719207763672 -2.684098243713379 10.538193702697754 0.976026549739675 0.21765149713077014 0 0 0 1 0 0 0 0 0 0
2.5717544555664062 -1.1900720596313477 10.538193702697754 -0.9890778615113481 -0.14739397500623425 0 0 0 -1 0 0 0 0 0 0
2.5367393493652344 -1.4979486465454102 10.187409400939941 -0.9307212155840072 0.36572943395607066 0 0 0 -1 0 0 0 0 0 0
2.3527870178222656 -1.747300148010254 9.836625099182129 -0.6241311617309979 0.7813195843931695 0 0 0 -1 0 0 0 0 0 0
2.0689620971679688 -1.8716211318969727 9.485833168029785 -0.15109514001621757 0.9885192252371624 0 0 0 -1 0 0 0 0 0 0
1.760955810546875 -1.8377580642700195 9.135048866271973 0.36224808968833 0.9320817139699478 0 0 0 -1 0 0 0 0 0 0
1.5109176635742188 -1.6547365188598633 8.78426456451416 0.7789825456510028 0.6270456072496506 0 0 0 -1 0 0 0 0 0 0
1.3855400085449219 -1.3713769912719727 8.433480262756348 0.9879479357355264 0.1547865506945355 0 0 0 -1 0 0 0 0 0 0
1.4182548522949219 -1.0632448196411133 8.082688331604004 0.9334248155301809 -0.35877306720606517 0 0 0 -1 0 0 0 0 0 0
1.6003379821777344 -0.8125276565551758 7.731904029846191 0.629949958414049 -0.776635725352715 0 0 0 -1 0 0 0 0 0 0
1.8832283020019531 -0.6860895156860352 7.381119728088379 0.15846657469071315 -0.9873643424318062 0 0 0 -1 0 0 0 0 0 0
2.191478729248047 -0.7176523208618164 7.030327796936035 -0.35528325052826726 -0.9347586917991555 0 0 0 -1 0 0 0 0 0 0
-0.3635730743408203 -3.138463020324707 31.58538818359375 0.22252638906472008 0.974926667072871 0 0 0 1 0 0 0 0 0 0
-0.02516174502670765 -3.1174402236938477 31.97515106201172 -0.34148855495694536 0.9398859328841012 0 0 0 1 0 0 0 0 0 0
0.2478179931640625 -2.916325569152832 32.36491394042969 -0.7964566751407324 0.6046955966631223 0 0 0 1 0 0 0 0 0 0
0.3681907653808594 -2.5993471145629883 32.754676818847656 -0.9970776382977045 0.07639491610488378 0 0 0 1 0 0 0 0 0 0
0.2975139617919922 -2.267727851867676 33.144439697265625 -0.8792845275947097 -0.47629688171617124 0 0 0 1 0 0 0 0 0 0
0.05835914611816406 -2.0273752212524414 33.534202575683594 -0.48069250654316864 -0.876889225702566 0 0 0 1 0 0 0 0 0 0
-0.2729015350341797 -1.9550409317016602 33.92396545410156 0.07140811230255596 -0.9974471823096125 0 0 0 1 0 0 0 0 0 0
-0.5904769897460938 -2.073826789855957 34.31372833251953 0.6007034683171607 -0.799471915173844 0 0 0 1 0 0 0 0 0 0
-0.7929553985595703 -2.3457956314086914 34.7034912109375 0.9381662833861131 -0.3461849573818701 0 0 0 1 0 0 0 0 0 0
-0.8156719207763672 -2.684098243713379 35.09325408935547 0.976026549739675 0.21765149713077014 0 0 0 1 0 0 0 0 0 0
2.5717544555664062 -1.1900720596313477 35.09325408935547 -0.9890778615113481 -0.14739397500623425 0 0 0 -1 0 0 0 0 0 0
2.5367393493652344 -1.4979486465454102 34.742469787597656 -0.9307212155840072 0.36572943395607066 0 0 0 -1 0 0 0 0 0 0
2.3527870178222656 -1.747300148010254 34.391685485839844 -0.6241311617309979 0.7813195843931695 0 0 0 -1 0 0 0 0 0 0
2.0689620971679688 -1.8716211318969727 34.0408935546875 -0.15109514001621757 0.9885192252371624 0 0 0 -1 0 0 0 0 0 0
1.760955810546875 -1.8377580642700195 33.69010925292969 0.36224808968833 0.9320817139699478 0 0 0 -1 0 0 0 0 0 0
1.5109176635742188 -1.6547365188598633 33.339324951171875 0.7789825456510028 0.6270456072496506 0 0 0 -1 0 0 0 0 0 0
1.3855400085449219 -1.3713769912719727 32.98853302001953 0.9879479357355264 0.1547865506945355 0 0 0 -1 0 0 0 0 0 0
1.4182548522949219 -1.0632448196411133 32.63774871826172 0.9334248155301809 -0.35877306720606517 0 0 0 -1 0 0 0 0 0 0
1.6003379821777344 -0.8125276565551758 32.286964416503906 0.629949958414049 -0.776635725352715 0 0 0 -1 0 0 0 0 0 0
1.8832283020019531 -0.6860895156860352 31.936172485351562 0.15846657469071315 -0.9873643424318062 0 0 0 -1 0 0 0 0 0 0
2.191478729248047 -0.7176523208618164 31.58538818359375 -0.35528325052826726 -0.9347586917991555 0 0 0 -1 0 0 0 0 0 0
-0.06756019592285156 -3.1310853958129883 56.53021240234375 -0.2708268045745457 0.96262809117745 0 0 0 1 0 0 0 0 0 0
0.2232532501220703 -2.946587562561035 56.91996765136719 -0.7555171021780385 0.6551289249579043 0 0 0 1 0 0 0 0 0 0
0.3647117614746094 -2.632573127746582 57.30973815917969 -0.991279660361119 0.13177494054009087 0 0 0 1 0 0 0 0 0 0
0.31020355224609375 -2.2925119400024414 57.699493408203125 -0.9004310310990357 -0.4349988025660846 0 0 0 1 0 0 0 0 0 0
0.07768821716308594 -2.0384416580200195 58.089263916015625 -0.5129043260854645 -0.8584457771361074 0 0 0 1 0 0 0 0 0 0
-0.2562217712402344 -1.9540796279907227 58.47901916503906 0.043611044573569506 -0.9990485858011121 0 0 0 1 0 0 0 0 0 0
-0.581512451171875 -2.067215919494629 58.86878967285156 0.5857604754334947 -0.8104842166383787 0 0 0 1 0 0 0 0 0 0
-0.7910022735595703 -2.340580940246582 59.258544921875 0.9349118640808737 -0.3548799887297475 0 0 0 1 0 0 0 0 0 0
-0.8156719207763672 -2.684098243713379 59.6483154296875 0.976026549739675 0.21765149713077014 0 0 0 1 0 0 0 0 0 0
2.5717544555664062 -1.1900720596313477 59.6483154296875 -0.9890778615113481 -0.14739397500623425 0 0 0 -1 0 0 0 0 0 0
2.5471763610839844 -1.469273567199707 59.33650207519531 -0.9481106744236225 0.317940480348105 0 0 0 -1 0 0 0 0 0 0
2.3984603881835938 -1.7068452835083008 59.024688720703125 -0.7002579348152581 0.7138899247981229 0 0 0 -1 0 0 0 0 0 0
2.158061981201172 -1.8509492874145508 58.712890625 -0.2995888145050732 0.9540684159028874 0 0 0 -1 0 0 0 0 0 0
1.8784370422363281 -1.8701372146606445 58.40107727050781 0.16645639463866513 0.9860488165825751 0 0 0 -1 0 0 0 0 0 0
1.6206092834472656 -1.7602243423461914 58.089263916015625 0.5961622440061399 0.8028639852562597 0 0 0 -1 0 0 0 0 0 0
1.4408340454101562 -1.5451936721801758 57.77745056152344 0.8957895708415441 0.4444783962933657 0 0 0 -1 0 0 0 0 0 0
1.3783454895019531 -1.2719659805297852 57.46563720703125 0.9999405318814113 -0.010905627020956788 0 0 0 -1 0 0 0 0 0 0
1.44677734375 -1.000168800354004 57.153839111328125 0.885886649397959 -0.463901761603098 0 0 0 -1 0 0 0 0 0 0
1.631195068359375 -0.7891092300415039 56.84202575683594 0.5785243362502157 -0.8156651226859266 0 0 0 -1 0 0 0 0 0 0
1.8913612365722656 -0.6848421096801758 56.53021240234375 0.14491384633696805 -0.9894442769250958 0 0 0 -1 0 0 0 0 0 0
2.464000701904297 -1.6307878494262695 71.34120178222656 -0.80949326115379 0.5871291681960641 0 0 0 -1 0 0 0 0 0 0
2.207813262939453 -1.8328790664672852 70.99041748046875 -0.38251199466459235 0.9239505256980566 0 0 0 -1 0 0 0 0 0 0
1.8837471008300781 -1.8710107803344727 70.63963317871094 0.15760322527599294 0.9875025181651966 0 0 0 -1 0 0 0 0 0 0
1.587646484375 -1.733902931213379 70.28883361816406 0.6511017748192414 0.7589904339497526 0 0 0 -1 0 0 0 0 0 0
1.4070892333984375 -1.4621057510375977 69.93804931640625 0.9520334640918706 0.30599392681756415 0 0 0 -1 0 0 0 0 0 0
1.395477294921875 -1.1360101699829102 69.58726501464844 0.9713873881935542 -0.23750061485921545 0 0 0 -1 0 0 0 0 0 0
1.5562400817871094 -0.8520593643188477 69.23648071289062 0.7034509859490371 -0.7107437726546239 0 0 0 -1 0 0 0 0 0 0
1.8418388366699219 -0.6942338943481445 68.88569641113281 0.22744560979053388 -0.9737907858400655 0 0 0 -1 0 0 0 0 0 0
2.167797088623047 -0.7092180252075195 68.534912109375 -0.31581372686206477 -0.9488212107270226 0 0 0 -1 0 0 0 0 0 0
2.437713623046875 -0.8925714492797852 68.18412780761719 -0.7656770148047284 -0.6432252397097924 0 0 0 -1 0 0 0 0 0 0
2.5717544555664062 -1.1900720596313477 67.83332824707031 -0.9890778615113481 -0.14739397500623425 0 0 0 -1 0 0 0 0 0 0
-0.8156719207763672 -2.684098243713379 67.83332824707031 0.976026549739675 0.21765149713077014 0 0 0 1 0 0 0 0 0 0
-0.6325244903564453 -2.998501777648926 68.22309875488281 0.6707808173089723 0.7416556445752349 0 0 0 1 0 0 0 0 0 0
-0.30136680603027344 -3.14925479888916 68.61285400390625 0.11885056482085168 0.9929121528321451 0 0 0 1 0 0 0 0 0 0
0.05601692199707031 -3.080918312072754 69.00262451171875 -0.47678691787326233 0.8790189047710607 0 0 0 1 0 0 0 0 0 0
0.3081951141357422 -2.8186235427856445 69.39237976074219 -0.8970870762045168 0.44185379675502556 0 0 0 1 0 0 0 0 0 0
0.3624267578125 -2.458828926086426 69.78215026855469 -0.9874703702700267 -0.1578045241391272 0 0 0 1 0 0 0 0 0 0
0.19876861572265625 -2.133854866027832 70.17190551757812 -0.7147088598458042 -0.6994220797615062 0 0 0 1 0 0 0 0 0 0
-0.12259483337402344 -1.963212013244629 70.56167602539062 -0.17910166185879708 -0.9838305721613946 0 0 0 1 0 0 0 0 0 0
-0.4834766387939453 -2.0096521377563477 70.95143127441406 0.4223645406450621 -0.9064260558951767 0 0 0 1 0 0 0 0 0 0
-0.7511615753173828 -2.2561044692993164 71.34120178222656 0.8685088373171607 -0.49567368247869886 0 0 0 1 0 0 0 0 0 0
1.3926925659179688 1.1409025192260742 -71.31200408935547 0.976026549739675 0.21765149713077014 0 0 0 1 0 0 0 0 0 0
1.5698890686035156 0.8319540023803711 -70.9222412109375 0.6807023818033944 0.7325600776777192 0 0 0 1 0 0 0 0 0 0
1.8909950256347656 0.6778783798217773 -70.53247833251953 0.1455198309630041 0.9893553349512494 0 0 0 1 0 0 0 0 0 0
2.2428627014160156 0.732966423034668 -70.14271545410156 -0.4409240182971725 0.8975444334898829 0 0 0 1 0 0 0 0 0 0
2.5015182495117188 0.9778051376342773 -69.7529525756836 -0.8720192408859067 0.489471596239013 0 0 0 1 0 0 0 0 0 0
2.575817108154297 1.326125144958496 -69.36318969726562 -0.995845523543334 -0.09105873510379453 0 0 0 1 0 0 0 0 0 0
2.4395790100097656 1.655196189880371 -68.97342681884766 -0.7687828867373752 -0.6395098693997993 0 0 0 1 0 0 0 0 0 0
2.1408119201660156 1.8490667343139648 -68.58366394042969 -0.2708423996226421 -0.962623703513813 0 0 0 1 0 0 0 0 0 0
1.7319755554199219 -1.8256120681762695 -68.58366394042969 0.4105517416650817 0.9118373031499468 0 0 0 -1 0 0 0 0 0 0
1.468719482421875 -1.5952386856079102 -68.97342681884766 0.8493130602040759 0.5278895014743028 0 0 0 -1 0 0 0 0 0 0
1.3786849975585938 -1.2572031021118164 -69.36318969726562 0.999369312437988 -0.035510242990201654 0 0 0 -1 0 0 0 0 0 0
1.4924850463867188 -0.9264078140258789 -69.7529525756836 0.8097053385657723 -0.5868366592997473 0 0 0 -1 0 0 0 0 0 0
1.7714309692382812 -0.7153024673461914 -70.14271545410156 0.34479426135813435 -0.9386782821257231 0 0 0 -1 0 0 0 0 0 0
2.1207008361816406 -0.6956491470336914 -70.53247833251953 -0.23731827972284886 -0.9714319503235354 0 0 0 -1 0 0 0 0 0 0
2.4215660095214844 -0.8741312026977539 -70.9222412109375 -0.738761124509252 -0.673967358937972 0 0 0 -1 0 0 0 0 0 0
2.5717544555664062 -1.1900720596313477 -71.31200408935547 -0.9890778615113481 -0.14739397500623425 0 0 0 -1 0 0 0 0 0 0
1.4144935607910156 1.4767026901245117 -22.59164810180664 0.93969248736894 -0.3420205098855549 0 0 0 1 0 0 0 0 0 0
1.3833427429199219 1.1939153671264648 -22.27983856201172 0.9916061034807658 0.1292955356525989 0 0 0 1 0 0 0 0 0 0
1.4859619140625 0.9285726547241211 -21.96802520751953 0.8205785086620204 0.571533823252845 0 0 0 1 0 0 0 0 0 0
1.6992721557617188 0.7403249740600586 -21.65621566772461 0.46505728905217436 0.8852805871018761 0 0 0 1 0 0 0 0 0 0
1.9753150939941406 0.6715002059936523 -21.344406127929688 0.004992813103153774 0.9999875358309807 0 0 0 1 0 0 0 0 0 0
2.252033233642578 0.7375669479370117 -21.032596588134766 -0.4562025257262804 0.8898759776064091 0 0 0 1 0 0 0 0 0 0
2.467212677001953 0.9236783981323242 -20.720787048339844 -0.81483955696661 0.5796865501307223 0 0 0 1 0 0 0 0 0 0
2.572467803955078 1.1879873275756836 -20.408973693847656 -0.990268493367459 0.1391700795564288 0 0 0 1 0 0 0 0 0 0
2.5441436767578125 1.4710683822631836 -20.097164154052734 -0.9430576322770208 -0.3326293766402174 0 0 0 1 0 0 0 0 0 0
2.388599395751953 1.7092809677124023 -19.785354614257812 -0.6838190786892053 -0.7296516070157363 0 0 0 1 0 0 0 0 0 0
2.1408119201660156 1.8490667343139648 -19.47354507446289 -0.2708423996226421 -0.962623703513813 0 0 0 1 0 0 0 0 0 0
1.7319755554199219 -1.8256120681762695 -19.47354507446289 0.4105517416650817 0.9118373031499468 0 0 0 -1 0 0 0 0 0 0
1.4943275451660156 -1.6331377029418945 -19.81999969482422 0.8066364316544634 0.5910479397880973 0 0 0 -1 0 0 0 0 0 0
1.3824081420898438 -1.3485383987426758 -20.166454315185547 0.9931650712234295 0.11671821323923788 0 0 0 -1 0 0 0 0 0 0
1.4252967834472656 -1.0457468032836914 -20.51291275024414 0.9216877429773986 -0.38793260296761417 0 0 0 -1 0 0 0 0 0 0
1.6118507385253906 -0.8034219741821289 -20.85936737060547 0.6107680834181858 -0.7918095404058201 0 0 0 -1 0 0 0 0 0 0
1.8936042785644531 -0.6845178604125977 -21.205821990966797 0.14117788378272134 -0.9899842448901056 0 0 0 -1 0 0 0 0 0 0
2.1973648071289062 -0.7199258804321289 -21.55228042602539 -0.365097252956998 -0.9309693850408045 0 0 0 -1 0 0 0 0 0 0
2.4442138671875 -0.9004449844360352 -21.89873504638672 -0.7765054318204218 -0.6301105572464089 0 0 0 -1 0 0 0 0 0 0
2.5700302124023438 -1.1791810989379883 -22.245189666748047 -0.9862019140703043 -0.16554692592756845 0 0 0 -1 0 0 0 0 0 0
2.542125701904297 -1.483719825744629 -22.59164810180664 -0.93969248736894 0.3420205098855549 0 0 0 -1 0 0 0 0 0 0
2.4015159606933594 1.6968107223510742 -11.6782865524292 -0.7053431086803269 -0.7088660656549817 0 0 0 1 0 0 0 0 0 0
2.1314315795898438 1.8516225814819336 -11.337244987487793 -0.25520233649172597 -0.9668876705435662 0 0 0 1 0 0 0 0 0 0
1.8201332092285156 1.850264549255371 -10.996199607849121 0.26362907298482 -0.9646241298439326 0 0 0 1 0 0 0 0 0 0
1.5514106750488281 1.6931066513061523 -10.655158042907715 0.7114967975425323 -0.7026893389590602 0 0 0 1 0 0 0 0 0 0
1.3976097106933594 1.422450065612793 -10.314116477966309 0.9678310313311659 -0.25160106278084665 0 0 0 1 0 0 0 0 0 0
1.4001274108886719 1.1111555099487305 -9.973074913024902 0.9636357994574561 0.26721909737889155 0 0 0 1 0 0 0 0 0 0
1.5582923889160156 0.8430204391479492 -9.63202953338623 0.7000257545934659 0.7141175973926485 0 0 0 1 0 0 0 0 0 0
1.8295211791992188 0.6902303695678711 -9.290987968444824 0.2479779814473732 0.9687656686305962 0 0 0 1 0 0 0 0 0 0
2.1408042907714844 0.6939153671264648 -8.949946403503418 -0.27083200294760534 0.9626266286465321 0 0 0 1 0 0 0 0 0 0
1.8913612365722656 -0.6848421096801758 -8.949946403503418 0.14491384633696805 -0.9894442769250958 0 0 0 -1 0 0 0 0 0 0
2.1683082580566406 -0.709385871887207 -9.253096580505371 -0.316665301354668 -0.9485373408137168 0 0 0 -1 0 0 0 0 0 0
2.4044570922851562 -0.8561372756958008 -9.556242942810059 -0.71024688144383 -0.7039526741190165 0 0 0 -1 0 0 0 0 0 0
2.5490989685058594 -1.093583106994629 -9.859393119812012 -0.9513164775497167 -0.30821576783545546 0 0 0 -1 0 0 0 0 0 0
2.571178436279297 -1.3707399368286133 -10.162543296813965 -0.9881143861426578 0.15372039519178554 0 0 0 -1 0 0 0 0 0 0
2.4659500122070312 -1.6280908584594727 -10.465689659118652 -0.8127315905868225 0.5826382768598484 0 0 0 -1 0 0 0 0 0 0
2.256011962890625 -1.8103761672973633 -10.768839836120605 -0.4628432071888111 0.8864401646807163 0 0 0 -1 0 0 0 0 0 0
1.9864425659179688 -1.878453254699707 -11.071990013122559 -0.013553360532096074 0.9999081489908396 0 0 0 -1 0 0 0 0 0 0
1.7151260375976562 -1.8177080154418945 -11.375136375427246 0.43863472415973404 0.8986654431774452 0 0 0 -1 0 0 0 0 0 0
1.5003242492675781 -1.641179084777832 -11.6782865524292 0.7966432057513108 0.6044498347508044 0 0 0 -1 0 0 0 0 0 0
2.3972396850585938 0.8419599533081055 -8.56018352508545 -0.6982160272136922 0.7158871275151749 0 0 0 1 0 0 0 0 0 0
2.5480079650878906 1.0832242965698242 -8.248373985290527 -0.9494958101108809 0.3137797102775796 0 0 0 1 0 0 0 0 0 0
2.5706863403320312 1.366816520690918 -7.9365644454956055 -0.9872993718748458 -0.15887086043555823 0 0 0 1 0 0 0 0 0 0
2.4601821899414062 1.6289777755737305 -7.624754905700684 -0.8031221011308805 -0.5958144767250286 0 0 0 1 0 0 0 0 0 0
2.2413406372070312 1.8107633590698242 -7.312941551208496 -0.4383867161413097 -0.8987864524517706 0 0 0 1 0 0 0 0 0 0
1.9633598327636719 1.8713064193725586 -7.00113582611084 0.024907535918718627 -0.9996897592025528 0 0 0 1 0 0 0 0 0 0
1.6887397766113281 1.796992301940918 -6.689322471618652 0.482610725469567 -0.8758349659962992 0 0 0 1 0 0 0 0 0 0
1.4792213439941406 1.6045293807983398 -6.377509117126465 0.8318120162833865 -0.5550574470868463 0 0 0 1 0 0 0 0 0 0
1.3819160461425781 1.3371877670288086 -6.065703392028809 0.9939875528982679 -0.10949312619207158 0 0 0 1 0 0 0 0 0 0
1.4186973571777344 1.055079460144043 -5.753890037536621 0.9326850188225898 0.36069191239048487 0 0 0 1 0 0 0 0 0 0
1.5812950134277344 0.8216238021850586 -5.442084312438965 0.6616847185501903 0.7497821905307938 0 0 0 1 0 0 0 0 0 0
2.4188194274902344 -0.8711366653442383 -5.442084312438965 -0.7341789922747981 -0.6789559686035332 0 0 0 -1 0 0 0 0 0 0
2.5648155212402344 -1.1519784927368164 -5.788535118103027 -0.9775110227940601 -0.21088432923313807 0 0 0 -1 0 0 0 0 0 0
2.5475921630859375 -1.4680299758911133 -6.134993553161621 -0.9488032802411479 0.3158675915690589 0 0 0 -1 0 0 0 0 0 0
2.3719406127929688 -1.731339454650879 -6.481451988220215 -0.6560506509185908 0.7547168630879354 0 0 0 -1 0 0 0 0 0 0
2.0867462158203125 -1.8686304092407227 -6.827902793884277 -0.1807255005426251 0.9835335751531911 0 0 0 -1 0 0 0 0 0 0
1.7713737487792969 -1.8416948318481445 -7.174361228942871 0.34489412617029463 0.9386415938648942 0 0 0 -1 0 0 0 0 0 0
1.5135879516601562 -1.6580286026000977 -7.520819664001465 0.7745318527489073 0.6325349073982754 0 0 0 -1 0 0 0 0 0 0
1.3851318359375 -1.368748664855957 -7.867270469665527 0.9886251847969839 0.15040027920562415 0 0 0 -1 0 0 0 0 0 0
1.4217529296875 -1.0543527603149414 -8.213728904724121 0.9275919683233314 -0.373594887949565 0 0 0 -1 0 0 0 0 0 0
1.6132583618164062 -0.8023386001586914 -8.56018352508545 0.6084145843104833 -0.7936193631699656 0 0 0 -1 0 0 0 0 0 0
1.9842872619628906 0.6715192794799805 -5.052321434020996 -0.00996303984859335 0.9999503676868045 0 0 0 1 0 0 0 0 0 0
2.268665313720703 0.7464284896850586 -4.740508079528809 -0.4839301417357101 0.8751066323138316 0 0 0 1 0 0 0 0 0 0
2.483295440673828 0.9474706649780273 -4.428694725036621 -0.841642221801633 0.5400355270542958 0 0 0 1 0 0 0 0 0 0
2.5766067504882812 1.2263517379760742 -4.116888999938965 -0.9971663282626405 0.07522841071831546 0 0 0 1 0 0 0 0 0 0
2.5261917114257812 1.516077995300293 -3.8050758838653564 -0.9131398960704856 -0.4076463298060987 0 0 0 1 0 0 0 0 0 0
2.3441619873046875 1.7470464706420898 -3.4932701587677 -0.6097546792387537 -0.7925902037916218 0 0 0 1 0 0 0 0 0 0
2.074237823486328 1.8637723922729492 -3.1814568042755127 -0.15988146592627386 -0.9871362200088019 0 0 0 1 0 0 0 0 0 0
1.7812728881835938 1.8382139205932617 -2.869643449783325 0.3283896368928911 -0.9445423475849851 0 0 0 1 0 0 0 0 0 0
1.5356407165527344 1.6765165328979492 -2.557837724685669 0.7377755703762392 -0.675046078246526 0 0 0 1 0 0 0 0 0 0
1.3963470458984375 1.4175138473510742 -2.2460243701934814 0.9699349132912748 -0.24336446737074655 0 0 0 1 0 0 0 0 0 0
1.3968620300292969 1.1234350204467773 -1.9342186450958252 0.9690753229690029 0.2467651077695605 0 0 0 1 0 0 0 0 0 0
2.5724029541015625 -1.1945276260375977 -1.9342186450958252 -0.9901564350911978 -0.13996511725244404 0 0 0 -1 0 0 0 0 0 0
2.540924072265625 -1.4869890213012695 -2.2460243701934814 -0.9376905517272419 0.3474714796950403 0 0 0 -1 0 0 0 0 0 0
2.374225616455078 -1.7293405532836914 -2.557837724685669 -0.6598649879006279 0.75138418784461 0 0 0 -1 0 0 0 0 0 0
2.1123695373535156 -1.8633394241333008 -2.869643449783325 -0.2234416700137003 0.9747173026583085 0 0 0 -1 0 0 0 0 0 0
1.8182907104492188 -1.8567781448364258 -3.1814568042755127 0.2666918283907934 0.9637818574083947 0 0 0 -1 0 0 0 0 0 0
1.5626754760742188 -1.7112321853637695 -3.4932701587677 0.6927198128876833 0.7212068086428837 0 0 0 -1 0 0 0 0 0 0
1.406951904296875 -1.4616823196411133 -3.8050758838653564 0.9522601271010128 0.3052878155668233 0 0 0 -1 0 0 0 0 0 0
1.3885536193847656 -1.168107032775879 -4.116888999938965 0.982925619145908 -0.18400333482476164 0 0 0 -1 0 0 0 0 0 0
1.5118980407714844 -0.901066780090332 -4.428694725036621 0.7773438862307259 -0.6290758956912212 0 0 0 -1 0 0 0 0 0 0
1.7473411560058594 -0.7247438430786133 -4.740508079528809 0.3849459742975761 -0.9229391078896213 0 0 0 -1 0 0 0 0 0 0
2.038299560546875 -0.6815156936645508 -5.052321434020996 -0.09999026586935489 -0.9949884153754636 0 0 0 -1 0 0 0 0 0 0
1.5812950134277344 0.8216238021850586 -1.5444557666778564 0.6616910259238478 0.7497766242100681 0 0 0 1 0 0 0 0 0 0
1.8506355285644531 0.6852331161499023 -1.1936638355255127 0.21279435340364522 0.9770970080598571 0 0 0 1 0 0 0 0 0 0
2.152301788330078 0.6972723007202148 -0.8428795337677002 -0.2899952508211562 0.957028084489256 0 0 0 1 0 0 0 0 0 0
2.409912109375 0.8546972274780273 -0.4920952320098877 -0.7193407540381114 0.6946573828729392 0 0 0 1 0 0 0 0 0 0
2.5582504272460938 1.1176443099975586 -0.14130330085754395 -0.966567459894563 0.2564124518680249 0 0 0 1 0 0 0 0 0 0
2.55975341796875 1.4195470809936523 0.20948100090026855 -0.9690753229690029 -0.2467651077695605 0 0 0 1 0 0 0 0 0 0
2.4140472412109375 1.6839590072631836 0.560265302658081 -0.7262341823218472 -0.6874473888431885 0 0 0 1 0 0 0 0 0 0
2.15802001953125 1.843947410583496 0.9110572338104248 -0.2995179175542572 -0.9540906754936667 0 0 0 1 0 0 0 0 0 0
1.8564910888671875 1.858992576599121 1.2618415355682373 0.20303298511085752 -0.9791718985739809 0 0 0 1 0 0 0 0 0 0
1.5858039855957031 1.725295066833496 1.6126258373260498 0.6541758723415171 -0.7563424674353643 0 0 0 1 0 0 0 0 0 0
1.4144935607910156 1.4767026901245117 1.9634101390838623 0.93969248736894 -0.3420205098855549 0 0 0 1 0 0 0 0 0 0
2.542125701904297 -1.483719825744629 1.9634101390838623 -0.93969248736894 0.3420205098855549 0 0 0 -1 0 0 0 0 0 0
2.3640174865722656 -1.738102912902832 1.6126258373260498 -0.6428467979739262 0.7659947743520644 0 0 0 -1 0 0 0 0 0 0
2.082592010498047 -1.8693780899047852 1.2618415355682373 -0.17380325516503922 0.9847803960752042 0 0 0 -1 0 0 0 0 0 0
1.7732315063476562 -1.8423738479614258 0.9110572338104248 0.34179711365831283 0.9397737669752474 0 0 0 -1 0 0 0 0 0 0
1.5188064575195312 -1.6643304824829102 0.560265302658081 0.765835917580329 0.6430360389153125 0 0 0 -1 0 0 0 0 0 0
1.3874664306640625 -1.3829355239868164 0.20948100090026855 0.9847383451839034 0.1740413500420735 0 0 0 -1 0 0 0 0 0 0
1.4143943786621094 -1.0735712051391602 -0.14130330085754395 0.9398585957731634 -0.3415637860653521 0 0 0 -1 0 0 0 0 0 0
1.592376708984375 -0.8191003799438477 -0.4920952320098877 0.6432186619644301 -0.7656825405484236 0 0 0 -1 0 0 0 0 0 0
1.8737373352050781 -0.6876916885375977 -0.8428795337677002 0.17428646954834784 -0.9846949916255149 0 0 0 -1 0 0 0 0 0 0
2.1831130981445312 -0.714543342590332 -1.1936638355255127 -0.34134665962189487 -0.939937475561526 0 0 0 -1 0 0 0 0 0 0
2.4376258850097656 -0.8924646377563477 -1.5444557666778564 -0.7655282368839068 -0.6434022991359428 0 0 0 -1 0 0 0 0 0 0
0.25563812255859375 2.194209098815918 71.34120178222656 -0.8094879305569529 0.587136517585665 0 0 0 -1 0 0 0 0 0 0
-0.025953294709324837 1.9822721481323242 70.95143127441406 -0.34016879686285256 0.9403643919464832 0 0 0 -1 0 0 0 0 0 0
-0.3779640197753906 1.9650068283081055 70.56167602539062 0.24651193181416312 0.9691397564197072 0 0 0 -1 0 0 0 0 0 0
-0.6789436340332031 2.148371696472168 70.17190551757812 0.748146727381601 0.663533325695251 0 0 0 -1 0 0 0 0 0 0
-0.8250446319580078 2.4690961837768555 69.78215026855469 0.9916455525816821 0.12899262787062887 0 0 0 -1 0 0 0 0 0 0
-0.7658557891845703 2.8165273666381836 69.39237976074219 0.8929954954585392 -0.45006560087475933 0 0 0 -1 0 0 0 0 0 0
-0.5218009948730469 3.070784568786621 69.00262451171875 0.4862401089907548 -0.873825243632077 0 0 0 -1 0 0 0 0 0 0
-0.17708587646484375 3.144148826599121 68.61285400390625 -0.08828214943266079 -0.9960955085189117 0 0 0 -1 0 0 0 0 0 0
0.14935302734375 3.0113019943237305 68.22309875488281 -0.632346878295464 -0.7746853719478518 0 0 0 -1 0 0 0 0 0 0
0.34488487243652344 2.718081474304199 67.83332824707031 -0.9582327820216708 -0.2859893974590825 0 0 0 -1 0 0 0 0 0 0
0.3420448303222656 2.365656852722168 67.44357299804688 -0.9534995414702067 0.3013944664656366 0 0 0 -1 0 0 0 0 0 0
0.1418132781982422 2.075625419616699 67.05380249023438 -0.6197823331089922 0.7847737633012296 0 0 0 -1 0 0 0 0 0 0
-0.18672561645507812 1.9480581283569336 66.66404724121094 -0.07221578588029783 0.9973890315567397 0 0 0 -1 0 0 0 0 0 0
-0.53021240234375 2.0269651412963867 66.27427673339844 0.5002565686540391 0.8658772231202797 0 0 0 -1 0 0 0 0 0 0
-0.7701377868652344 2.2851247787475586 65.884521484375 0.9001328560697077 0.43561547427036035 0 0 0 -1 0 0 0 0 0 0
-0.8237190246582031 2.6334638595581055 65.4947509765625 0.9894377231939758 -0.14495858691612948 0 0 0 -1 0 0 0 0 0 0
-0.6724700927734375 2.9517927169799805 65.10499572753906 0.7373571618998229 -0.6755030834829981 0 0 0 -1 0 0 0 0 0 0
-0.3685741424560547 3.130282402038574 64.71522521972656 0.2308628001623026 -0.972986314138704 0 0 0 -1 0 0 0 0 0 0
-0.01688575930893421 3.107344627380371 64.32546997070312 -0.3552832457414086 -0.9347586936185456 0 0 0 -1 0 0 0 0 0 0
-2.5719375610351562 0.6865339279174805 64.32546997070312 0.22252395500626454 0.9749272226419622 0 0 0 1 0 0 0 0 0 0
-2.1937007904052734 0.7236661911010742 64.76394653320312 -0.407866334333583 0.9130416492785454 0 0 0 1 0 0 0 0 0 0
-1.9136524200439453 0.9806013107299805 65.20243835449219 -0.8746165226976915 0.48481536508674977 0 0 0 1 0 0 0 0 0 0
-1.844156265258789 1.3542509078979492 65.64091491699219 -0.9904412877776776 -0.13793496824698132 0 0 0 1 0 0 0 0 0 0
-2.0130977630615234 1.6946935653686523 66.07940673828125 -0.7088716754114311 -0.7053374708601482 0 0 0 1 0 0 0 0 0 0
-2.352691650390625 1.8653364181518555 66.51788330078125 -0.14288199819627959 -0.9897397307330037 0 0 0 1 0 0 0 0 0 0
-2.726682662963867 1.7977094650268555 66.95637512207031 0.48043257935840283 -0.87703166230817 0 0 0 1 0 0 0 0 0 0
-2.985013961791992 1.5189504623413086 67.39485168457031 0.910986951386852 -0.41243517600089513 0 0 0 1 0 0 0 0 0 0
-3.024038314819336 1.1409025192260742 67.83332824707031 0.9760268154889394 0.2176503054133395 0 0 0 1 0 0 0 0 0 0
-1.8449745178222656 -1.1900720596313477 67.83332824707031 -0.9890779833848764 -0.14739315717938326 0 0 0 -1 0 0 0 0 0 0
-1.9100875854492188 -1.5628747940063477 67.40814208984375 -0.8805557483018059 0.4739425852702482 0 0 0 -1 0 0 0 0 0 0
-2.1853885650634766 -1.822545051574707 66.98294067382812 -0.42171841505102736 0.9067268488397426 0 0 0 -1 0 0 0 0 0 0
-2.5613555908203125 -1.8657808303833008 66.55775451660156 0.2048887762711478 0.9787852621275575 0 0 0 -1 0 0 0 0 0 0
-2.8884143829345703 -1.6753778457641602 66.13255310058594 0.7499899243110764 0.661449252348104 0 0 0 -1 0 0 0 0 0 0
-3.0364513397216797 -1.3270883560180664 65.70735168457031 0.9967172519649801 0.08096122303534353 0 0 0 -1 0 0 0 0 0 0
-2.9465713500976562 -0.9594736099243164 65.28216552734375 0.8469180717061774 -0.5317234053692674 0 0 0 -1 0 0 0 0 0 0
-2.654531478881836 -0.7187814712524414 64.85696411132812 0.3601836073780595 -0.9328814335038124 0 0 0 -1 0 0 0 0 0 0
-2.2765159606933594 -0.7007646560668945 64.4317626953125 -0.26984382467571955 -0.9629041023302265 0 0 0 -1 0 0 0 0 0 0
-1.962911605834961 -0.9125986099243164 64.00657653808594 -0.7925176189063178 -0.6098490171534756 0 0 0 -1 0 0 0 0 0 0
-1.8384819030761719 -1.2700014114379883 63.58137512207031 -0.9998994346706445 -0.014181697547393343 0 0 0 -1 0 0 0 0 0 0
-1.9527263641357422 -1.6307878494262695 63.15617370605469 -0.80949326115379 0.5871291681960641 0 0 0 -1 0 0 0 0 0 0
-0.7511615753173828 -2.2561044692993164 63.15617370605469 0.8685088373171607 -0.49567368247869886 0 0 0 1 0 0 0 0 0 0
-0.8286705017089844 -2.5942773818969727 63.54594421386719 0.99768896783821 0.06794647491906707 0 0 0 1 0 0 0 0 0 0
-0.7060279846191406 -2.918820381164551 63.935699462890625 0.7932875239624637 0.6088471929191296 0 0 0 1 0 0 0 0 0 0
-0.4242401123046875 -3.1212167739868164 64.32546997070312 0.32363825067007596 0.946180893224553 0 0 0 1 0 0 0 0 0 0
-0.07752609252929688 -3.1337976455688477 64.71522521972656 -0.25421549997794 0.9671475996821612 0 0 0 1 0 0 0 0 0 0
0.21818923950195312 -2.9523515701293945 65.10499572753906 -0.7470780498526551 0.6647363292526997 0 0 0 1 0 0 0 0 0 0
0.3640289306640625 -2.6375513076782227 65.4947509765625 -0.9901421061705654 0.14006644704609625 0 0 0 1 0 0 0 0 0 0
0.3112316131591797 -2.2946481704711914 65.884521484375 -0.9021419117598647 -0.4314394175851997 0 0 0 1 0 0 0 0 0 0
0.07744979858398438 -2.0383005142211914 66.27427673339844 -0.5125119520429331 -0.85868009119412 0 0 0 1 0 0 0 0 0 0
-0.25914955139160156 -1.9542131423950195 66.66404724121094 0.0484910494042844 -0.9988236171255018 0 0 0 1 0 0 0 0 0 0
-0.5860195159912109 -2.0705080032348633 67.05380249023438 0.5932704128379273 -0.8050032405221207 0 0 0 1 0 0 0 0 0 0
-0.7938728332519531 -2.3482980728149414 67.44357299804688 0.93969248736894 -0.3420205098855549 0 0 0 1 0 0 0 0 0 0
2.542125701904297 -1.483719825744629 67.44357299804688 -0.93969248736894 0.3420205098855549 0 0 0 -1 0 0 0 0 0 0
2.3617095947265625 -1.7400331497192383 67.10577392578125 -0.639001720358912 0.7692053050898381 0 0 0 -1 0 0 0 0 0 0
2.0766639709472656 -1.8703927993774414 66.76799011230469 -0.1639313792785027 0.9864717445967967 0 0 0 -1 0 0 0 0 0 0
1.7647743225097656 -1.8392267227172852 66.43019104003906 0.3558870834180384 0.9345289636261693 0 0 0 -1 0 0 0 0 0 0
1.5111618041992188 -1.6550378799438477 66.09239196777344 0.7785769571776259 0.6275491389142599 0 0 0 -1 0 0 0 0 0 0
1.3850326538085938 -1.3680925369262695 65.75459289550781 0.9887918686843483 0.14930050376242623 0 0 0 -1 0 0 0 0 0 0
1.4208145141601562 -1.0567026138305664 65.41680908203125 0.9291599014882677 -0.3696780727420991 0 0 0 -1 0 0 0 0 0 0
1.608734130859375 -0.8058404922485352 65.07901000976562 0.6159596945248326 -0.7877776683309035 0 0 0 -1 0 0 0 0 0 0
1.8975143432617188 -0.6839723587036133 64.7412109375 0.13465757930888472 -0.9908921920848258 0 0 0 -1 0 0 0 0 0 0
2.2083396911621094 -0.7243585586547852 64.40342712402344 -0.3833897703940345 -0.9235866412834313 0 0 0 -1 0 0 0 0 0 0
2.4563941955566406 -0.9159708023071289 64.06562805175781 -0.7968127156043479 -0.6042263617645497 0 0 0 -1 0 0 0 0 0 0
2.573974609375 -1.2065210342407227 63.72782897949219 -0.9927758787810579 -0.1199835593341768 0 0 0 -1 0 0 0 0 0 0
2.5289955139160156 -1.5167169570922852 63.390045166015625 -0.9178149414536223 0.39700848006621225 0 0 0 -1 0 0 0 0 0 0
2.3337326049804688 -1.761906623840332 63.05224609375 -0.5923758856047198 0.8056617219118852 0 0 0 -1 0 0 0 0 0 0
2.041473388671875 -1.8751764297485352 62.714447021484375 -0.10527405951214475 0.9944432474474515 0 0 0 -1 0 0 0 0 0 0
1.7319755554199219 -1.8256120681762695 62.37664794921875 0.4105517416650817 0.9118373031499468 0 0 0 -1 0 0 0 0 0 0
2.1408119201660156 1.8490667343139648 62.37664794921875 -0.2708423996226421 -0.962623703513813 0 0 0 1 0 0 0 0 0 0
1.8240165710449219 1.851313591003418 62.72145080566406 0.25715423932853665 -0.9663703726808691 0 0 0 1 0 0 0 0 0 0
1.5502357482910156 1.6919126510620117 63.06623840332031 0.7134563736002663 -0.7006996524682721 0 0 0 1 0 0 0 0 0 0
1.3957977294921875 1.4153051376342773 63.41102600097656 0.9708504382762382 -0.2396860999282948 0 0 0 1 0 0 0 0 0 0
1.4037590026855469 1.0986013412475586 63.75581359863281 0.9575863222292659 0.288146552086657 0 0 0 1 0 0 0 0 0 0
1.5718955993652344 0.8300962448120117 64.10060119628906 0.6773513076676019 0.7356597080179054 0 0 0 1 0 0 0 0 0 0
1.8533363342285156 0.6846494674682617 64.44540405273438 0.20828303623056735 0.9780685951499396 0 0 0 1 0 0 0 0 0 0
2.16961669921875 0.7028074264526367 64.79019165039062 -0.31884188009496295 0.9478079212042433 0 0 0 1 0 0 0 0 0 0
2.4325637817382812 0.8795080184936523 65.13497924804688 -0.7570966631654791 0.6533028720461108 0 0 0 1 0 0 0 0 0 0
2.5688705444335938 1.1654882431030273 65.47976684570312 -0.9842690058589397 0.1766763258205652 0 0 0 1 0 0 0 0 0 0
2.5405311584472656 1.4810209274291992 65.82455444335938 -0.9370423811977954 -0.3492156580669969 0 0 0 1 0 0 0 0 0 0
2.3554534912109375 1.7381391525268555 66.16934204101562 -0.6285731642044409 -0.7777504594932857 0 0 0 1 0 0 0 0 0 0
2.0652313232421875 1.8651609420776367 66.51414489746094 -0.1448683012580665 -0.9894509463791531 0 0 0 1 0 0 0 0 0 0
1.7507743835449219 1.826674461364746 66.85893249511719 0.379223417483882 -0.925305138660672 0 0 0 1 0 0 0 0 0 0
1.4997520446777344 1.633406639099121 67.20372009277344 0.7975957415915973 -0.6031923681504516 0 0 0 1 0 0 0 0 0 0
1.3821449279785156 1.3392400741577148 67.54850769042969 0.9936046540272607 -0.1129149746285567 0 0 0 1 0 0 0 0 0 0
1.4307441711425781 1.0261869430541992 67.89329528808594 0.9126046110472263 0.4088432754679239 0 0 0 1 0 0 0 0 0 0
1.6319961547851562 0.7815237045288086 68.23808288574219 0.5771852535813647 0.8166132395744119 0 0 0 1 0 0 0 0 0 0
1.9297981262207031 0.6734533309936523 68.5828857421875 0.08084840392105809 0.9967264095946375 0 0 0 1 0 0 0 0 0 0
2.2411231994628906 0.732111930847168 68.92767333984375 -0.43802592003292057 0.8989623425813306 0 0 0 1 0 0 0 0 0 0
2.4791793823242188 0.9411458969116211 69.2724609375 -0.8347880395110362 0.5505714568421801 0 0 0 1 0 0 0 0 0 0
2.577594757080078 1.242274284362793 69.61724853515625 -0.9988137623271344 0.04869361545330716 0 0 0 1 0 0 0 0 0 0
2.5089378356933594 1.5515470504760742 69.9620361328125 -0.8843826944238288 -0.4667625197074511 0 0 0 1 0 0 0 0 0 0
2.292346954345703 1.7827444076538086 70.30682373046875 -0.5233973919801537 -0.8520887102106055 0 0 0 1 0 0 0 0 0 0
1.9882049560546875 1.8714094161987305 70.65162658691406 -0.016492925639370312 -0.9998639824515403 0 0 0 1 0 0 0 0 0 0
1.681304931640625 1.7928228378295898 70.99641418457031 0.49500393959602024 -0.86889072948468 0 0 0 1 0 0 0 0 0 0
1.4572029113769531 1.5688962936401367 71.34120178222656 0.868507459013595 -0.4956760975049621 0 0 0 1 0 0 0 0 0 0
-2.8354358673095703 0.8216238021850586 60.03807067871094 0.6616910259238478 0.7497766242100681 0 0 0 1 0 0 0 0 0 0
-2.4533843994140625 0.6716794967651367 60.47114562988281 0.02494145357339006 0.9996889135594366 0 0 0 1 0 0 0 0 0 0
-2.0643310546875 0.8023900985717773 60.90422058105469 -0.6234854425836356 0.7818349588540333 0 0 0 1 0 0 0 0 0 0
-1.8503189086914062 1.152602195739746 61.3372802734375 -0.9801714162371018 0.19815144408192917 0 0 0 1 0 0 0 0 0 0
-1.9114875793457031 1.5584402084350586 61.770355224609375 -0.8782229544888918 -0.4782514424534462 0 0 0 1 0 0 0 0 0 0
-2.2192153930664062 1.8300161361694336 62.20343017578125 -0.3653406309433425 -0.9308739030512782 0 0 0 1 0 0 0 0 0 0
-2.6295108795166016 1.8402471542358398 62.63648986816406 0.3184820295907159 -0.9479288986141198 0 0 0 1 0 0 0 0 0 0
-2.9503955841064453 1.5843534469604492 63.06956481933594 0.8532909857609862 -0.5214350329801827 0 0 0 1 0 0 0 0 0 0
-3.031719207763672 1.1820669174194336 63.50263977050781 0.9888308059420055 0.14904240074584124 0 0 0 1 0 0 0 0 0 0
-2.8354320526123047 0.8216238021850586 63.935699462890625 0.6616847185501903 0.7497821905307938 0 0 0 1 0 0 0 0 0 0
0.22925949096679688 2.93253231048584 63.935699462890625 -0.7655259168562005 -0.6434050595243044 0 0 0 -1 0 0 0 0 0 0
0.3682403564453125 2.5916624069213867 63.54594421386719 -0.9971621184909153 -0.07528419121376054 0 0 0 -1 0 0 0 0 0 0
0.2820148468017578 2.233790397644043 63.15617370605469 -0.8534534630825802 0.5211690573627248 0 0 0 -1 0 0 0 0 0 0
0.0030403125565499067 1.9936208724975586 62.76641845703125 -0.3884933339891283 0.9214515339647612 0 0 0 -1 0 0 0 0 0 0
-0.3636760711669922 1.9615583419799805 62.37664794921875 0.22269898106702618 0.974887256984985 0 0 0 -1 0 0 0 0 0 0
-0.6800956726074219 2.149672508239746 61.98689270019531 0.7500632421530993 0.6613661109935866 0 0 0 -1 0 0 0 0 0 0
-0.8271160125732422 2.487154960632324 61.59712219238281 0.9950983208586136 0.09889050421737948 0 0 0 -1 0 0 0 0 0 0
-0.7493934631347656 2.8469724655151367 61.207366943359375 0.8655613211817835 -0.5008029545380553 0 0 0 -1 0 0 0 0 0 0
-0.47618865966796875 3.093684196472168 60.817596435546875 0.41021772050637695 -0.9119876215073053 0 0 0 -1 0 0 0 0 0 0
-0.11033439636230469 3.134425163269043 60.42784118652344 -0.19953585596865878 -0.979890525611333 0 0 0 -1 0 0 0 0 0 0
0.21045303344726562 2.953860282897949 60.03807067871094 -0.734184585000388 -0.6789499209424862 0 0 0 -1 0 0 0 0 0 0
-3.024038314819336 1.1409025192260742 -71.31200408935547 0.9760268154889394 0.2176503054133395 0 0 0 1 0 0 0 0 0 0
-2.8211097717285156 0.8093786239624023 -70.88326263427734 0.6378141791689405 0.7701902835345633 0 0 0 1 0 0 0 0 0 0
-2.457571029663086 0.6717977523803711 -70.45452880859375 0.031914630257967 0.9994905984427754 0 0 0 1 0 0 0 0 0 0
-2.085996627807617 0.7859029769897461 -70.02578735351562 -0.5873762061812969 0.8093140258342659 0 0 0 1 0 0 0 0 0 0
-1.8623294830322266 1.103804588317871 -69.5970458984375 -0.9601509666667334 0.279481879929518 0 0 0 1 0 0 0 0 0 0
-1.8804435729980469 1.4920835494995117 -69.16830444335938 -0.9299610324148011 -0.36765809958437884 0 0 0 1 0 0 0 0 0 0
-2.1327342987060547 1.7877798080444336 -68.73957061767578 -0.5094802015744163 -0.8604823787874406 0 0 0 1 0 0 0 0 0 0
-2.5133190155029297 1.8667974472045898 -68.31082916259766 0.12483008326115662 -0.9921781343655044 0 0 0 1 0 0 0 0 0 0
-2.8624706268310547 1.6959714889526367 -67.88208770751953 0.7067476615093233 -0.707465718569531 0 0 0 1 0 0 0 0 0 0
-3.033651351928711 1.3469915390014648 -67.45335388183594 0.9920519463357721 -0.12582899416035515 0 0 0 1 0 0 0 0 0 0
-2.9550209045410156 0.9663267135620117 -67.02461242675781 0.8609971024462711 0.5086098598917692 0 0 0 1 0 0 0 0 0 0
-2.659578323364258 0.7137365341186523 -66.59587097167969 0.3685927903174052 0.9295909610823619 0 0 0 1 0 0 0 0 0 0
-2.2713184356689453 0.6952314376831055 -66.1671371459961 -0.2785080981894808 0.9604338807241645 0 0 0 1 0 0 0 0 0 0
-1.9531898498535156 0.918574333190918 -65.73839569091797 -0.8087210435861532 0.588192378105092 0 0 0 1 0 0 0 0 0 0
-1.8387069702148438 1.290034294128418 -65.30965423583984 -0.9995221648997488 -0.03091022280927871 0 0 0 1 0 0 0 0 0 0
-1.9759197235107422 1.653712272644043 -64.88091278076172 -0.7708376648616067 -0.6370316274963947 0 0 0 1 0 0 0 0 0 0
-2.307239532470703 1.8569746017456055 -64.45217895507812 -0.21863722815283126 -0.9758062115326214 0 0 0 1 0 0 0 0 0 0
-2.693614959716797 1.8145170211791992 -64.0234375 0.42531960218185305 -0.9050432232771373 0 0 0 1 0 0 0 0 0 0
-2.9728870391845703 1.544154167175293 -63.59469985961914 0.8907806859380845 -0.4544334599913122 0 0 0 1 0 0 0 0 0 0
-3.027851104736328 1.1593618392944336 -63.165958404541016 0.9823837111116187 0.1868749425219009 0 0 0 1 0 0 0 0 0 0
-2.8354358673095703 0.8216238021850586 -62.737220764160156 0.6616910259238478 0.7497766242100681 0 0 0 1 0 0 0 0 0 0
0.21045303344726562 2.953860282897949 -62.737220764160156 -0.734184585000388 -0.6789499209424862 0 0 0 -1 0 0 0 0 0 0
0.36360931396484375 2.633448600769043 -63.126983642578125 -0.9894410593474233 -0.14493581364676114 0 0 0 -1 0 0 0 0 0 0
0.3087806701660156 2.28256893157959 -63.516746520996094 -0.8980626181987638 0.4398676321281002 0 0 0 -1 0 0 0 0 0 0
0.06517601013183594 2.024153709411621 -63.90650939941406 -0.49205855063456877 0.8705621073464015 0 0 0 -1 0 0 0 0 0 0
-0.2818603515625 1.9487333297729492 -64.29627227783203 0.08634129979851002 0.9962656171669803 0 0 0 -1 0 0 0 0 0 0
-0.6107463836669922 2.082728385925293 -64.68603515625 0.6344812231068234 0.7729382753654197 0 0 0 -1 0 0 0 0 0 0
-0.8062629699707031 2.3792028427124023 -65.07579803466797 0.9603462752072924 0.27881002796793264 0 0 0 -1 0 0 0 0 0 0
-0.7999114990234375 2.7342824935913086 -65.46556091308594 0.9497582170547402 -0.3129845509557953 0 0 0 -1 0 0 0 0 0 0
2.5664100646972656 1.1525907516479492 -65.46556091308594 -0.9801694573494141 0.1981611336245204 0 0 0 1 0 0 0 0 0 0
2.537921905517578 1.4878950119018555 -65.1112289428711 -0.9326925675824341 -0.3606723920353297 0 0 0 1 0 0 0 0 0 0
2.333404541015625 1.7551298141479492 -64.75690460205078 -0.5918261343373995 -0.806065646653702 0 0 0 1 0 0 0 0 0 0
2.0171890258789062 1.8702306747436523 -64.40257263183594 -0.06480468908513584 -0.9978979668646383 0 0 0 1 0 0 0 0 0 0
1.6887397766113281 1.796992301940918 -64.0482406616211 0.4826154678884454 -0.875832352767821 0 0 0 1 0 0 0 0 0 0
1.4513816833496094 1.5584516525268555 -63.693912506103516 0.8782156757252828 -0.4782648083545191 0 0 0 1 0 0 0 0 0 0
1.3797683715820312 1.2296438217163086 -63.33958053588867 0.9975643100074973 0.06975275907995108 0 0 0 1 0 0 0 0 0 0
1.4964332580566406 0.9140043258666992 -62.985252380371094 0.8031260840368052 0.595809107969748 0 0 0 1 0 0 0 0 0 0
1.764678955078125 0.710810661315918 -62.63092041015625 0.35604664895049 0.9344681823214348 0 0 0 1 0 0 0 0 0 0
2.1001205444335938 0.683985710144043 -62.27659225463867 -0.2030199974028 0.979174591507851 0 0 0 1 0 0 0 0 0 0
2.397247314453125 0.8419675827026367 -61.92226028442383 -0.698233135118764 0.7158704415061582 0 0 0 1 0 0 0 0 0 0
2.562591552734375 1.1350584030151367 -61.56793212890625 -0.9738037896202347 0.22738992792397283 0 0 0 1 0 0 0 0 0 0
1.4143218994140625 -1.0737619400024414 -61.56793212890625 0.9399737900733004 -0.34124664683368666 0 0 0 -1 0 0 0 0 0 0
1.6050567626953125 -0.8087396621704102 -61.91666793823242 0.6220891482088922 -0.7829464168643566 0 0 0 -1 0 0 0 0 0 0
1.9063377380371094 -0.6828393936157227 -62.265403747558594 0.11994904848521899 -0.9927800490377969 0 0 0 -1 0 0 0 0 0 0
2.228931427001953 -0.7333574295043945 -62.614139556884766 -0.4177087261685527 -0.9085809925827443 0 0 0 -1 0 0 0 0 0 0
2.4772987365722656 -0.9453287124633789 -62.96287155151367 -0.831651347392286 -0.5552981508888674 0 0 0 -1 0 0 0 0 0 0
2.5778846740722656 -1.2559747695922852 -63.311607360839844 -0.9992946610678869 -0.03755236825044594 0 0 0 -1 0 0 0 0 0 0
2.5009002685546875 -1.5732927322387695 -63.660343170166016 -0.8709894242726606 0.49130176348673876 0 0 0 -1 0 0 0 0 0 0
2.2691421508789062 -1.8033113479614258 -64.00907897949219 -0.48472053657175185 0.8746690810961554 0 0 0 -1 0 0 0 0 0 0
1.9512519836425781 -1.8779001235961914 -64.3578109741211 0.04509161264207303 0.9989828559436529 0 0 0 -1 0 0 0 0 0 0
1.6413726806640625 -1.7749719619750977 -64.70655059814453 0.5615554675094862 0.8274390955896405 0 0 0 -1 0 0 0 0 0 0
1.4312820434570312 -1.525010108947754 -65.05528259277344 0.9117114541450978 0.4108311385236407 0 0 0 -1 0 0 0 0 0 0
1.3832015991210938 -1.202042579650879 -65.40402221679688 0.991845665317962 -0.12744479663748254 0 0 0 -1 0 0 0 0 0 0
1.5113677978515625 -0.9017267227172852 -65.75275421142578 0.7782370367443531 -0.6279706319879683 0 0 0 -1 0 0 0 0 0 0
1.7778244018554688 -0.7129945755004883 -66.10148620605469 0.3341449559104315 -0.9425216965352128 0 0 0 -1 0 0 0 0 0 0
2.103656768798828 -0.6917505264282227 -66.45022583007812 -0.20891146893033719 -0.9779345571915171 0 0 0 -1 0 0 0 0 0 0
2.3923683166503906 -0.8442773818969727 -66.79895782470703 -0.6900943303517972 -0.7237194312828035 0 0 0 -1 0 0 0 0 0 0
2.5584487915039062 -1.125412940979004 -67.14769744873047 -0.9668994741244807 -0.25515761195347986 0 0 0 -1 0 0 0 0 0 0
2.5527114868164062 -1.4518861770629883 -67.49642944335938 -0.9573394825316461 0.28896559515977016 0 0 0 -1 0 0 0 0 0 0
2.376861572265625 -1.7270135879516602 -67.84516143798828 -0.6642496225225792 0.7475108286698 0 0 0 -1 0 0 0 0 0 0
2.0829734802246094 -1.869309425354004 -68.19390106201172 -0.17444454893711325 0.9846669992165509 0 0 0 -1 0 0 0 0 0 0
1.8100509643554688 1.8474149703979492 -68.19390106201172 0.2804273653675148 -0.9598752485365138 0 0 0 1 0 0 0 0 0 0
1.5467071533203125 1.688288688659668 -67.85981750488281 0.7193297334448643 -0.6946687948815181 0 0 0 1 0 0 0 0 0 0
1.3968620300292969 1.419550895690918 -67.5257339477539 0.9690753229690029 -0.2467651077695605 0 0 0 1 0 0 0 0 0 0
1.3999290466308594 1.111872673034668 -67.191650390625 0.9639645449444033 0.26603074275378263 0 0 0 1 0 0 0 0 0 0
1.5550994873046875 0.8461751937866211 -66.85757446289062 0.7053487184373306 0.708860483733446 0 0 0 1 0 0 0 0 0 0
1.821563720703125 0.6923284530639648 -66.52349090576172 0.2612419070836117 0.9652733633449737 0 0 0 1 0 0 0 0 0 0
2.1292495727539062 0.6907873153686523 -66.18940734863281 -0.25156680234791995 0.9678399371571945 0 0 0 1 0 0 0 0 0 0
2.3972396850585938 0.8419599533081055 -65.8553237915039 -0.6982160272136922 0.7158871275151749 0 0 0 1 0 0 0 0 0 0
-0.5951061248779297 3.0226621627807617 -65.8553237915039 0.6084181175764412 -0.793616654440127 0 0 0 -1 0 0 0 0 0 0
-0.2641868591308594 3.1455183029174805 -66.24508666992188 0.056884277479571733 -0.9983807785487595 0 0 0 -1 0 0 0 0 0 0
0.07854652404785156 3.061041831970215 -66.63484954833984 -0.5143431251637974 -0.8575844853988079 0 0 0 -1 0 0 0 0 0 0
0.3144664764404297 2.7984724044799805 -67.02461242675781 -0.9075359686555925 -0.41997436302273927 0 0 0 -1 0 0 0 0 0 0
0.36191749572753906 2.448683738708496 -67.41437530517578 -0.9866241658933517 0.16301151884222181 0 0 0 -1 0 0 0 0 0 0
0.20447540283203125 2.1327505111694336 -67.80413818359375 -0.7242233076094677 0.6895655158976574 0 0 0 -1 0 0 0 0 0 0
-0.10336685180664062 1.960017204284668 -68.19390106201172 -0.21114782144245123 0.9774541408680545 0 0 0 -1 0 0 0 0 0 0
-0.45505714416503906 1.9902753829956055 -68.58366394042969 0.37500040320855715 0.9270246477809635 0 0 0 -1 0 0 0 0 0 0
-0.7288722991943359 2.21304988861084 -68.97342681884766 0.8313592051478491 0.5557354334716627 0 0 0 -1 0 0 0 0 0 0
-0.8300380706787109 2.551234245300293 -69.36318969726562 0.9999687165851125 -0.007909857844664655 0 0 0 -1 0 0 0 0 0 0
-0.7235393524169922 2.8877744674682617 -69.7529525756836 0.8224720015378548 -0.5688055965673291 0 0 0 -1 0 0 0 0 0 0
-0.44623756408691406 3.1061925888061523 -70.14271545410156 0.3603023192851435 -0.932835590400445 0 0 0 -1 0 0 0 0 0 0
-0.09411048889160156 3.1308889389038086 -70.53247833251953 -0.22657624449639963 -0.9739934319233924 0 0 0 -1 0 0 0 0 0 0
0.21096229553222656 2.953310966491699 -70.9222412109375 -0.7350331024371625 -0.6780312222321329 0 0 0 -1 0 0 0 0 0 0
0.3633899688720703 2.6349287033081055 -71.31200408935547 -0.9890779835038923 -0.14739315638072858 0 0 0 -1 0 0 0 0 0 0
-2.4324417114257812 0.6715192794799805 -62.34745788574219 -0.00996864911101473 0.9999503117829912 0 0 0 1 0 0 0 0 0 0
-2.0439834594726562 0.8193655014038086 -61.902015686035156 -0.6573997947095371 0.7535419762135739 0 0 0 1 0 0 0 0 0 0
-1.844808578491211 1.1841764450073242 -61.45656967163086 -0.9893553349512494 0.1455198309630041 0 0 0 1 0 0 0 0 0 0
-1.9305000305175781 1.5908880233764648 -61.01112747192383 -0.8465355759416331 -0.532332150696506 0 0 0 1 0 0 0 0 0 0
-2.2599334716796875 1.8443288803100586 -60.5656852722168 -0.29747889025876517 -0.9547283958542417 0 0 0 1 0 0 0 0 0 0
-2.675020217895508 1.822871208190918 -60.120243072509766 0.39433158124077883 -0.9189682279796986 0 0 0 1 0 0 0 0 0 0
-2.9765682220458984 1.536818504333496 -59.67479705810547 0.8969107394833971 -0.4422116296518509 0 0 0 1 0 0 0 0 0 0
-3.019866943359375 1.1234350204467773 -59.22935485839844 0.9690749813668661 0.2467664492770599 0 0 0 1 0 0 0 0 0 0
-1.8443279266357422 -1.1945276260375977 -59.22935485839844 -0.9901563251925106 -0.1399658947074732 0 0 0 -1 0 0 0 0 0 0
-1.9318408966064453 -1.6000299453735352 -59.67479705810547 -0.8443028192010085 0.5358663541306069 0 0 0 -1 0 0 0 0 0 0
-2.261514663696289 -1.8518342971801758 -60.120243072509766 -0.29484500263419766 0.9555450928248442 0 0 0 -1 0 0 0 0 0 0
-2.6757545471191406 -1.829575538635254 -60.5656852722168 0.3955551019316638 0.9184422471423181 0 0 0 -1 0 0 0 0 0 0
-2.976543426513672 -1.5438852310180664 -61.01112747192383 0.8968708096100215 0.4422926077490606 0 0 0 -1 0 0 0 0 0 0
-3.020092010498047 -1.1313371658325195 -61.45656967163086 0.9694508975404681 -0.24528546075538402 0 0 0 -1 0 0 0 0 0 0
-2.78558349609375 -0.7891435623168945 -61.902015686035156 0.5786067896569538 -0.8156066349428955 0 0 0 -1 0 0 0 0 0 0
-2.385120391845703 -0.680882453918457 -62.34745788574219 -0.08883811888529405 -0.9960460775651507 0 0 0 -1 0 0 0 0 0 0
-2.0101375579833984 -0.8583040237426758 -62.79290008544922 -0.7138065375732853 -0.7003429352236218 0 0 0 -1 0 0 0 0 0 0
-1.8398876190185547 -1.2365961074829102 -63.238346099853516 -0.9975572239714056 -0.06985402567113148 0 0 0 -1 0 0 0 0 0 0
-1.9557552337646484 -1.6349267959594727 -63.68378829956055 -0.8044437424825922 0.5940288420443917 0 0 0 -1 0 0 0 0 0 0
-2.3023509979248047 -1.8628778457641602 -64.12923431396484 -0.22678305148909977 0.9739453000848111 0 0 0 -1 0 0 0 0 0 0
-2.7139949798583984 -1.8114824295043945 -64.57467651367188 0.45928983496741055 0.8882864670226653 0 0 0 -1 0 0 0 0 0 0
-2.9939041137695312 -1.5053071975708008 -65.0201187133789 0.9258083836161743 0.37799317034307184 0 0 0 -1 0 0 0 0 0 0
-3.0082759857177734 -1.0907182693481445 -65.46556091308594 0.9497582170547402 -0.3129845509557953 0 0 0 -1 0 0 0 0 0 0
0.3580436706542969 -2.672410011291504 -65.46556091308594 -0.9801668376795053 0.19817409092350602 0 0 0 1 0 0 0 0 0 0
0.31838035583496094 -2.3101625442504883 -65.07579803466797 -0.9140598298654439 -0.4055793725355812 0 0 0 1 0 0 0 0 0 0
0.07640838623046875 -2.0376787185668945 -64.68603515625 -0.510773593936955 -0.8597152643385638 0 0 0 1 0 0 0 0 0 0
-0.2786121368408203 -1.9554758071899414 -64.29627227783203 0.08092733197763521 -0.9967200042835408 0 0 0 1 0 0 0 0 0 0
-0.6157207489013672 -2.093876838684082 -63.90650939941406 0.6427763804104077 -0.7660538654601874 0 0 0 1 0 0 0 0 0 0
-0.8105659484863281 -2.4018259048461914 -63.516746520996094 0.9675177089001148 -0.2528032495136738 0 0 0 1 0 0 0 0 0 0
-0.7912731170654297 -2.7657251358032227 -63.126983642578125 0.9353629165092495 0.35368943215667387 0 0 0 1 0 0 0 0 0 0
-0.5649585723876953 -3.051346778869629 -62.737220764160156 0.5581674234134215 0.8297283455686096 0 0 0 1 0 0 0 0 0 0
-0.2151050567626953 -3.1533212661743164 -62.34745788574219 -0.024919028059210698 0.9996894728067233 0 0 0 1 0 0 0 0 0 0
0.12923240661621094 -3.0340394973754883 -61.95769500732422 -0.5988145370784848 0.8008877263284037 0 0 0 1 0 0 0 0 0 0
0.3410358428955078 -2.7375001907348633 -61.56793212890625 -0.9518199069683875 0.3066575691201672 0 0 0 1 0 0 0 0 0 0
0.3421745300292969 -2.3730897903442383 -61.17816925048828 -0.9537190692552062 -0.3006990803760183 0 0 0 1 0 0 0 0 0 0
0.13222885131835938 -2.075230598449707 -60.78840637207031 -0.6038060594772556 -0.7971312580363092 0 0 0 1 0 0 0 0 0 0
-0.21135711669921875 -1.953801155090332 -60.398643493652344 -0.03116294568958687 -0.9995143174642112 0 0 0 1 0 0 0 0 0 0
-0.5618400573730469 -2.0535898208618164 -60.008880615234375 0.5529746218856316 -0.833198096223487 0 0 0 1 0 0 0 0 0 0
-0.7899360656738281 -2.3377885818481445 -59.619117736816406 0.9331314563619068 -0.35953537398690977 0 0 0 1 0 0 0 0 0 0
-0.8115024566650391 -2.70156192779541 -59.22935485839844 0.9690776643461257 0.2467559127264389 0 0 0 1 0 0 0 0 0 0
2.5724029541015625 -1.1945276260375977 -59.22935485839844 -0.9901564350911978 -0.13996511725244404 0 0 0 -1 0 0 0 0 0 0
2.5351715087890625 -1.501896858215332 -59.55415725708008 -0.9281063666194136 0.3723151517740189 0 0 0 -1 0 0 0 0 0 0
2.3496551513671875 -1.7497835159301758 -59.87895965576172 -0.6189135511950931 0.7854591116965155 0 0 0 -1 0 0 0 0 0 0
2.065258026123047 -1.8721742630004883 -60.20376205444336 -0.14491384633696805 0.9894442769250958 0 0 0 -1 0 0 0 0 0 0
1.7577018737792969 -1.8364801406860352 -60.528564453125 0.3676794236701922 0.9299526017005142 0 0 0 -1 0 0 0 0 0 0
1.5088920593261719 -1.652207374572754 -60.85336685180664 0.7823596177927602 0.622826965093168 0 0 0 -1 0 0 0 0 0 0
1.3850822448730469 -1.3684206008911133 -61.17816925048828 0.9887088056925111 0.1498495830694504 0 0 0 -1 0 0 0 0 0 0
2.555065155029297 1.4368696212768555 -61.17816925048828 -0.961262283565907 -0.275635306507816 0 0 0 1 0 0 0 0 0 0
2.3923301696777344 1.7057561874389648 -60.844085693359375 -0.6900366546676653 -0.7237744228798482 0 0 0 1 0 0 0 0 0 0
2.115985870361328 1.855483055114746 -60.510005950927734 -0.22946455550529812 -0.9733170181224388 0 0 0 1 0 0 0 0 0 0
1.8018646240234375 1.8449621200561523 -60.17592239379883 0.29406850372953286 -0.955784345505969 0 0 0 1 0 0 0 0 0 0
1.5361595153808594 1.6770811080932617 -59.84183883666992 0.7369119160280391 -0.675988778025112 0 0 0 1 0 0 0 0 0 0
1.3917770385742188 1.3979101181030273 -59.507755279541016 0.9775518198822362 -0.21069513389000682 0 0 0 1 0 0 0 0 0 0
1.4083366394042969 1.0840482711791992 -59.173675537109375 0.9499501510530962 0.31240152130583465 0 0 0 1 0 0 0 0 0 0
1.5812950134277344 0.8216238021850586 -58.83959197998047 0.6616910259238478 0.7497766242100681 0 0 0 1 0 0 0 0 0 0
0.22925949096679688 2.93253231048584 -58.83959197998047 -0.7655259168562005 -0.6434050595243044 0 0 0 -1 0 0 0 0 0 0
0.36769676208496094 2.5983572006225586 -59.22935485839844 -0.9962563593122906 -0.08644805683079265 0 0 0 -1 0 0 0 0 0 0
0.28888702392578125 2.2453298568725586 -59.619117736816406 -0.8649047535761115 0.5019360190716003 0 0 0 -1 0 0 0 0 0 0
0.02146911434829235 2.0017576217651367 -60.008880615234375 -0.41920864849600603 0.9078899212052922 0 0 0 -1 0 0 0 0 0 0
-0.33736419677734375 1.9561643600463867 -60.398643493652344 0.17884742576582296 0.9838768206929862 0 0 0 -1 0 0 0 0 0 0
-0.657196044921875 2.1251211166381836 -60.78840637207031 0.7118980578212581 0.7022828171543999 0 0 0 -1 0 0 0 0 0 0
-0.8217868804931641 2.4472227096557617 -61.17816925048828 0.9862188559837186 0.16544596731913827 0 0 0 -1 0 0 0 0 0 0
-0.7713184356689453 2.805403709411621 -61.56793212890625 0.9021029853587573 -0.43152080344615806 0 0 0 -1 0 0 0 0 0 0
-0.5241317749023438 3.069483757019043 -61.95769500732422 0.49012380142850026 -0.8716528318506607 0 0 0 -1 0 0 0 0 0 0
-0.17006492614746094 3.1434850692749023 -62.34745788574219 -0.09998471208562766 -0.9949889734811909 0 0 0 -1 0 0 0 0 0 0
2.038299560546875 -0.6815156936645508 -54.162437438964844 -0.09999026586935489 -0.9949884153754636 0 0 0 -1 0 0 0 0 0 0
2.3191070556640625 -0.7846918106079102 -54.49652099609375 -0.5679964220019951 -0.8230310228617946 0 0 0 -1 0 0 0 0 0 0
2.5151901245117188 -1.0106325149536133 -54.83060073852539 -0.8948016136674435 -0.4464639651507602 0 0 0 -1 0 0 0 0 0 0
2.577800750732422 -1.3031740188598633 -55.1646842956543 -0.9991546761528464 0.04110879616214913 0 0 0 -1 0 0 0 0 0 0
2.4913711547851562 -1.5895814895629883 -55.4987678527832 -0.8551048344678812 0.5184551302375721 0 0 0 -1 0 0 0 0 0 0
2.277393341064453 -1.7986536026000977 -55.83285140991211 -0.4984751293668098 0.8669040001077064 0 0 0 -1 0 0 0 0 0 0
1.9890556335449219 -1.8784112930297852 -56.16693115234375 -0.017906772210838806 0.9998396609001812 0 0 0 -1 0 0 0 0 0 0
1.6980514526367188 -1.8090333938598633 -56.501014709472656 0.4670864431526064 0.8842116571404424 0 0 0 -1 0 0 0 0 0 0
1.476715087890625 -1.6077585220336914 -56.83509826660156 0.8359904905370736 0.548743929106813 0 0 0 -1 0 0 0 0 0 0
1.3800849914550781 -1.324631690979004 -57.16918182373047 0.997041403342559 0.07686637769988042 0 0 0 -1 0 0 0 0 0 0
1.4321746826171875 -1.0300378799438477 -57.50326156616211 0.9102223333855335 -0.4141199147664778 0 0 0 -1 0 0 0 0 0 0
1.6200370788574219 -0.797215461730957 -57.837345123291016 0.5971220972270005 -0.8021503605953365 0 0 0 -1 0 0 0 0 0 0
1.8969688415527344 -0.6840486526489258 -58.17142868041992 0.13556780513276614 -0.9907680708478066 0 0 0 -1 0 0 0 0 0 0
2.194122314453125 -0.7186670303344727 -58.50550842285156 -0.35969472591681023 -0.9330700424660686 0 0 0 -1 0 0 0 0 0 0
2.4376258850097656 -0.8924646377563477 -58.83959197998047 -0.7655282368839068 -0.6434022991359428 0 0 0 -1 0 0 0 0 0 0
-0.6270675659179688 -3.0033769607543945 -58.83959197998047 0.6616878722545786 0.7497794073667323 0 0 0 1 0 0 0 0 0 0
-0.31244850158691406 -3.147824287414551 -58.4498291015625 0.13731886486390238 0.9905268948153247 0 0 0 1 0 0 0 0 0 0
0.02960014156997204 -3.094414710998535 -58.06006622314453 -0.43275860140035505 0.9015098407194504 0 0 0 1 0 0 0 0 0 0
0.2852039337158203 -2.860928535461426 -57.67030334472656 -0.858765376452391 0.5123690351754124 0 0 0 1 0 0 0 0 0 0
0.36927032470703125 -2.5250978469848633 -57.280540466308594 -0.9988784959711295 -0.047347125429685305 0 0 0 1 0 0 0 0 0 0
0.2538108825683594 -2.198723793029785 -56.890777587890625 -0.8064433408291481 -0.5913113714721899 0 0 0 1 0 0 0 0 0 0
-0.02273750491440296 -1.990464210510254 -56.501014709472656 -0.34553376857506596 -0.9384063164612186 0 0 0 1 0 0 0 0 0 0
-0.3683032989501953 -1.9696550369262695 -56.11125183105469 0.23040990924789861 -0.9730936613298719 0 0 0 1 0 0 0 0 0 0
-0.6678466796875 -2.143216133117676 -55.72148895263672 0.7296516070157363 -0.6838190786892053 0 0 0 1 0 0 0 0 0 0
-0.8216419219970703 -2.453373908996582 -55.33172607421875 0.9859750349177335 -0.16689287138453202 0 0 0 1 0 0 0 0 0 0
-0.7784881591796875 -2.796868324279785 -54.94196319580078 0.9140496647549147 0.405602281011126 0 0 0 1 0 0 0 0 0 0
-0.5527515411376953 -3.059342384338379 -54.55220031738281 0.5378214693435468 0.8430587566196962 0 0 0 1 0 0 0 0 0 0
-0.21958541870117188 -3.153416633605957 -54.162437438964844 -0.017452315460763014 0.9998476967443881 0 0 0 1 0 0 0 0 0 0
0.11009407043457031 -3.0477724075317383 -53.772674560546875 -0.5669163618714689 0.8237753569040639 0 0 0 1 0 0 0 0 0 0
0.32653236389160156 -2.777581214904785 -53.382911682128906 -0.9276464461657532 0.3734595974346468 0 0 0 1 0 0 0 0 0 0
0.35767364501953125 -2.4327898025512695 -52.99314880371094 -0.9795497185294798 -0.2012022587567463 0 0 0 1 0 0 0 0 0 0
0.19314956665039062 -2.128190040588379 -52.60338592529297 -0.7053458995659474 -0.7088632886287062 0 0 0 1 0 0 0 0 0 0
-2.9164066314697266 -1.641179084777832 -52.60338592529297 0.7966432057513108 0.6044498347508044 0 0 0 -1 0 0 0 0 0 0
-3.0382938385009766 -1.2661752700805664 -53.048828125 0.9997887336102138 -0.020554516440061853 0 0 0 -1 0 0 0 0 0 0
-2.901094436645508 -0.8964967727661133 -53.4942741394043 0.7711244814614724 -0.636684406979451 0 0 0 -1 0 0 0 0 0 0
-2.5640621185302734 -0.6918115615844727 -53.93971633911133 0.20939882891735584 -0.9778303178200398 0 0 0 -1 0 0 0 0 0 0
-2.1727657318115234 -0.7405252456665039 -54.38515853881836 -0.4427605460954846 -0.896639893614615 0 0 0 -1 0 0 0 0 0 0
-1.8962078094482422 -1.0215959548950195 -54.83060073852539 -0.9036896291274086 -0.4281881061024076 0 0 0 -1 0 0 0 0 0 0
-1.8538341522216797 -1.4136323928833008 -55.27604675292969 -0.9743097262685172 0.22521224944164747 0 0 0 -1 0 0 0 0 0 0
-2.0639476776123047 -1.7473039627075195 -55.72148895263672 -0.6241222658819131 0.7813266904633597 0 0 0 -1 0 0 0 0 0 0
-2.4357986450195312 -1.8785028457641602 -56.16693115234375 -0.004370077649322305 0.9999904511650793 0 0 0 -1 0 0 0 0 0 0
-2.8087825775146484 -1.7505617141723633 -56.61237716674805 0.6172654412338098 0.7867549650675424 0 0 0 -1 0 0 0 0 0 0
-3.0218048095703125 -1.418736457824707 -57.05781936645508 0.9723045444660082 0.23371750642762756 0 0 0 -1 0 0 0 0 0 0
-2.982860565185547 -1.0263452529907227 -57.50326156616211 0.9073957216487158 -0.4202772945730072 0 0 0 -1 0 0 0 0 0 0
-2.708768844604492 -0.7428674697875977 -57.948707580566406 0.4505763297996442 -0.8927379072405753 0 0 0 -1 0 0 0 0 0 0
-2.317913055419922 -0.6907358169555664 -58.39414978027344 -0.20084876149296751 -0.979622261387899 0 0 0 -1 0 0 0 0 0 0
-1.979104995727539 -0.8924646377563477 -58.83959197998047 -0.7655259145883191 -0.6434050622226387 0 0 0 -1 0 0 0 0 0 0
-2.8354320526123047 0.8216238021850586 -58.83959197998047 0.6616847185501903 0.7497821905307938 0 0 0 1 0 0 0 0 0 0
-2.454875946044922 0.671717643737793 -58.38486862182617 0.027426684128975257 0.9996238177422992 0 0 0 1 0 0 0 0 0 0
-2.066671371459961 0.800532341003418 -57.930145263671875 -0.6195849909357583 0.784929575826479 0 0 0 1 0 0 0 0 0 0
-1.8512229919433594 1.148207664489746 -57.47542190551758 -0.9786642705943616 0.20546592287288465 0 0 0 1 0 0 0 0 0 0
-1.908651351928711 1.5531721115112305 -57.02069854736328 -0.8829507148518497 -0.46946569112407727 0 0 0 1 0 0 0 0 0 0
-2.212268829345703 1.8272390365600586 -56.565975189208984 -0.3769213977636111 -0.9262452482511994 0 0 0 1 0 0 0 0 0 0
-2.620981216430664 1.843043327331543 -56.11125183105469 0.30426721439894217 -0.9525867216384596 0 0 0 1 0 0 0 0 0 0
-2.944856643676758 1.5932416915893555 -55.65652847290039 0.8440608746779314 -0.5362473681407913 0 0 0 1 0 0 0 0 0 0
-3.03338623046875 1.1939191818237305 -55.201805114746094 0.9916075418987446 0.12928450351658427 0 0 0 1 0 0 0 0 0 0
-2.845430374145508 0.8306455612182617 -54.7470817565918 0.6783465038861805 0.7347421456983368 0 0 0 1 0 0 0 0 0 0
-2.468332290649414 0.672236442565918 -54.2923583984375 0.04984920202181818 0.9987567557007001 0 0 0 1 0 0 0 0 0 0
-2.0773353576660156 0.7923078536987305 -53.8376350402832 -0.6018079786688889 0.7986408183973983 0 0 0 1 0 0 0 0 0 0
-1.8541393280029297 1.1350584030151367 -53.382911682128906 -0.9738037896202347 0.22738992792397283 0 0 0 1 0 0 0 0 0 0
-0.7940425872802734 2.751235008239746 -53.382911682128906 0.9399780421141116 -0.34123493423640144 0 0 0 -1 0 0 0 0 0 0
-0.5773353576660156 3.035773277282715 -53.772674560546875 0.578797190759311 -0.8154715273810176 0 0 0 -1 0 0 0 0 0 0
-0.2372264862060547 3.146449089050293 -54.162437438964844 0.011948924168239406 -0.9999286090572777 0 0 0 -1 0 0 0 0 0 0
0.10543060302734375 3.0439329147338867 -54.55220031738281 -0.5591456139400143 -0.8290694677839998 0 0 0 -1 0 0 0 0 0 0
0.3288745880126953 2.764655113220215 -54.94196319580078 -0.9315516678682209 -0.363608979663506 0 0 0 -1 0 0 0 0 0 0
0.35370635986328125 2.4078550338745117 -55.33172607421875 -0.9729397985090759 0.23105875546518273 0 0 0 -1 0 0 0 0 0 0
0.17110252380371094 2.10031795501709 -55.72148895263672 -0.6686007849515394 0.7436215370483733 0 0 0 -1 0 0 0 0 0 0
-0.1540508270263672 1.9513235092163086 -56.11125183105469 -0.12667592829568522 0.9919441562862429 0 0 0 -1 0 0 0 0 0 0
-0.5062122344970703 2.013819694519043 -56.501014709472656 0.4602613256832267 0.8877834826579726 0 0 0 -1 0 0 0 0 0 0
-0.7602443695068359 2.265597343444824 -56.890777587890625 0.8836471903829756 0.4681534395134498 0 0 0 -1 0 0 0 0 0 0
-0.8258762359619141 2.6171865463256836 -57.280540466308594 0.9930338566288424 -0.11782936641112783 0 0 0 -1 0 0 0 0 0 0
-0.6797904968261719 2.9436559677124023 -57.67030334472656 0.7495558754450721 -0.6619410771252767 0 0 0 -1 0 0 0 0 0 0
-0.37389373779296875 3.1289968490600586 -58.06006622314453 0.2397310109677192 -0.9708393494190454 0 0 0 -1 0 0 0 0 0 0
-0.01688575930893421 3.107344627380371 -58.4498291015625 -0.3552832457414086 -0.9347586936185456 0 0 0 -1 0 0 0 0 0 0
1.8447914123535156 0.6865339279174805 -58.4498291015625 0.22252928701675664 0.9749260056126383 0 0 0 1 0 0 0 0 0 0
2.1423568725585938 0.6943540573120117 -58.12002944946289 -0.2734124046981637 0.9618969055762512 0 0 0 1 0 0 0 0 0 0
2.399547576904297 0.8442220687866211 -57.79022979736328 -0.7020624833065324 0.7121153484748556 0 0 0 1 0 0 0 0 0 0
2.5530548095703125 1.099257469177246 -57.46043014526367 -0.9579130148773357 0.2870586280337402 0 0 0 1 0 0 0 0 0 0
2.5651016235351562 1.3966856002807617 -57.13063049316406 -0.9779874027140858 -0.20866394066190835 0 0 0 1 0 0 0 0 0 0
2.432720184326172 1.663294792175293 -56.80083084106445 -0.7573510283946372 -0.6530079783506365 0 0 0 1 0 0 0 0 0 0
2.1884918212890625 1.8334722518920898 -56.47103500366211 -0.35031303181820034 -0.9366326813315562 0 0 0 1 0 0 0 0 0 0
1.8925285339355469 1.8653287887573242 -56.1412353515625 0.14297150872526015 -0.9897268045742839 0 0 0 1 0 0 0 0 0 0
1.6176834106445312 1.751021385192871 -55.81143569946289 0.6010424788594875 -0.7992170785252544 0 0 0 1 0 0 0 0 0 0
1.4315948486328125 1.5186872482299805 -55.48163604736328 0.9111846497220418 -0.41199822100455713 0 0 0 1 0 0 0 0 0 0
1.3800735473632812 1.225508689880371 -55.15183639526367 0.9970587078665619 0.0766415883672959 0 0 0 1 0 0 0 0 0 0
1.4757957458496094 0.9436521530151367 -54.82203674316406 0.8375224199384478 0.5464029612844777 0 0 0 1 0 0 0 0 0 0
1.6951980590820312 0.7424840927124023 -54.49223709106445 0.47185491401254354 0.8816762104776419 0 0 0 1 0 0 0 0 0 0
1.9842872619628906 0.6715192794799805 -54.162437438964844 -0.00996303984859335 0.9999503676868045 0 0 0 1 0 0 0 0 0 0
-1.861663818359375 1.4368696212768555 -52.99314880371094 -0.9612627097712642 -0.2756338201368012 0 0 0 1 0 0 0 0 0 0
-2.1259212493896484 1.783686637878418 -52.49202346801758 -0.5208331200924627 -0.8536585154584648 0 0 0 1 0 0 0 0 0 0
-2.555208206176758 1.8600149154663086 -51.990901947021484 0.1946454827409104 -0.9808736595752574 0 0 0 1 0 0 0 0 0 0
-2.922821044921875 1.6255483627319336 -51.489776611328125 0.8073374654996339 -0.5900900073722882 0 0 0 1 0 0 0 0 0 0
-3.034626007080078 1.2041082382202148 -50.98865509033203 0.993673301330642 0.11230926151775224 0 0 0 1 0 0 0 0 0 0
-2.8315811157226562 0.8182516098022461 -50.48752975463867 0.6552672766724199 0.7553971115395599 0 0 0 1 0 0 0 0 0 0
-2.4209117889404297 0.671748161315918 -49.98640823364258 -0.02918243413471264 0.9995741020744652 0 0 0 1 0 0 0 0 0 0
-2.019489288330078 0.8419599533081055 -49.48528289794922 -0.6982189022252391 0.7158843234597206 0 0 0 1 0 0 0 0 0 0
-2.8034725189208984 -0.8023386001586914 -49.48528289794922 0.6084216508062205 -0.7936139457130486 0 0 0 -1 0 0 0 0 0 0
-2.3252944946289062 -0.6892709732055664 -50.03095245361328 -0.18854776493002529 -0.9820640204894444 0 0 0 -1 0 0 0 0 0 0
-1.9229869842529297 -0.971379280090332 -50.57661819458008 -0.8590540976013646 -0.5118848087160873 0 0 0 -1 0 0 0 0 0 0
-1.8663597106933594 -1.4594697952270508 -51.12228775024414 -0.9534326505210092 0.30160600279252253 0 0 0 -1 0 0 0 0 0 0
-2.193389892578125 -1.8261957168579102 -51.66795349121094 -0.4083847572640375 0.9128098871256781 0 0 0 -1 0 0 0 0 0 0
-2.68475341796875 -1.8256120681762695 -52.213623046875 0.41055640594886594 0.9118352030571917 0 0 0 -1 0 0 0 0 0 0
-0.06755256652832031 -1.9759340286254883 -52.213623046875 -0.27083720129697086 -0.9626251660919863 0 0 0 1 0 0 0 0 0 0
-0.4211463928222656 -1.9847536087036133 -51.82386016845703 0.3184854168292991 -0.9479277605741209 0 0 0 1 0 0 0 0 0 0
-0.7083339691162109 -2.1912240982055664 -51.43409729003906 0.7971292127889809 -0.6038087595575437 0 0 0 1 0 0 0 0 0 0
-0.8293094635009766 -2.523594856262207 -51.044334411621094 0.9987561970397125 -0.049860393848934856 0 0 0 1 0 0 0 0 0 0
-0.742034912109375 -2.8663644790649414 -50.654571533203125 0.8532975030283798 0.5214243677903176 0 0 0 1 0 0 0 0 0 0
-0.476837158203125 -3.100407600402832 -50.264808654785156 0.4113026222034578 0.9114988496803271 0 0 0 1 0 0 0 0 0 0
-0.12587928771972656 -3.144394874572754 -49.87504577636719 -0.1736307594332789 0.9848108241579308 0 0 0 1 0 0 0 0 0 0
0.1888751983642578 -2.983036994934082 -49.48528289794922 -0.6982245103493471 0.7158788536808545 0 0 0 1 0 0 0 0 0 0
1.6132583618164062 -0.8023386001586914 -49.48528289794922 0.6084145843104833 -0.7936193631699656 0 0 0 -1 0 0 0 0 0 0
1.8777198791503906 -0.6870012283325195 -49.81508255004883 0.16764576403143885 -0.9858472994345093 0 0 0 -1 0 0 0 0 0 0
2.1654396057128906 -0.7084360122680664 -50.14488220214844 -0.3118824683103321 -0.9501206902076468 0 0 0 -1 0 0 0 0 0 0
2.409893035888672 -0.8616914749145508 -50.47468185424805 -0.7193020852547808 -0.69469742345004 0 0 0 -1 0 0 0 0 0 0
2.554546356201172 -1.1113290786743164 -50.804481506347656 -0.9603982493614193 -0.27863094340636557 0 0 0 -1 0 0 0 0 0 0
2.5659561157226562 -1.3996210098266602 -51.134281158447266 -0.9794155700634112 0.2018542571197428 0 0 0 -1 0 0 0 0 0 0
2.441486358642578 -1.6599092483520508 -51.464080810546875 -0.7719639169274094 0.6356663519190644 0 0 0 -1 0 0 0 0 0 0
2.2099151611328125 -1.832005500793457 -51.793880462646484 -0.38601308815600466 0.9224933039173044 0 0 0 -1 0 0 0 0 0 0
1.9247856140136719 -1.8761186599731445 -52.12367630004883 0.08920742468127611 0.9960130698849963 0 0 0 -1 0 0 0 0 0 0
1.6520347595214844 -1.7820444107055664 -52.45347595214844 0.5437810367662322 0.8392271349601619 0 0 0 -1 0 0 0 0 0 0
1.4547271728515625 -1.5715341567993164 -52.78327560424805 0.8726357020421248 0.4883717144977257 0 0 0 -1 0 0 0 0 0 0
1.3784904479980469 -1.2932710647583008 -53.113075256347656 0.9996972563043226 0.02460479094829947 0 0 0 -1 0 0 0 0 0 0
1.440948486328125 -1.0115938186645508 -53.442874908447266 0.8955999222066234 -0.44486040433319074 0 0 0 -1 0 0 0 0 0 0
1.6276588439941406 -0.7916345596313477 -53.772674560546875 0.5844081687018399 -0.8114598525833314 0 0 0 -1 0 0 0 0 0 0
2.3842086791992188 0.8296270370483398 -53.772674560546875 -0.6765036184621784 0.7364393078914102 0 0 0 1 0 0 0 0 0 0
2.5435256958007812 1.0701704025268555 -53.442874908447266 -0.9420273943467204 0.3355359716935402 0 0 0 1 0 0 0 0 0 0
2.5721435546875 1.3572683334350586 -53.113075256347656 -0.9897281628141601 -0.14296210593198314 0 0 0 1 0 0 0 0 0 0
2.463451385498047 1.6245298385620117 -52.78327560424805 -0.8085725481787314 -0.5883964941531798 0 0 0 1 0 0 0 0 0 0
2.2425765991210938 1.8101568222045898 -52.45347595214844 -0.44044205659232194 -0.8977810394437644 0 0 0 1 0 0 0 0 0 0
1.9605979919433594 1.871230125427246 -52.12367630004883 0.02951906449818706 -0.999564217462366 0 0 0 1 0 0 0 0 0 0
1.6827125549316406 1.793623924255371 -51.793880462646484 0.4926575388868399 -0.8702232755896396 0 0 0 1 0 0 0 0 0 0
1.4731788635253906 1.5952863693237305 -51.464080810546875 0.8418842364306214 -0.539658162589643 0 0 0 1 0 0 0 0 0 0
1.3804435729980469 1.3220739364624023 -51.134281158447266 0.9964400397363862 -0.08430449104376893 0 0 0 1 0 0 0 0 0 0
1.4259567260742188 1.0371694564819336 -50.804481506347656 0.9205878936632796 0.3905354401851463 0 0 0 1 0 0 0 0 0 0
1.5991897583007812 0.8064451217651367 -50.47468185424805 0.6318614849750728 0.7750813272199865 0 0 0 1 0 0 0 0 0 0
1.8600845336914062 0.683253288269043 -50.14488220214844 0.1970395117573219 0.9803955481367898 0 0 0 1 0 0 0 0 0 0
2.1483192443847656 0.6960821151733398 -49.81508255004883 -0.28335364568540716 0.9590154907386997 0 0 0 1 0 0 0 0 0 0
2.3972396850585938 0.8419599533081055 -49.48528289794922 -0.6982160272136922 0.7158871275151749 0 0 0 1 0 0 0 0 0 0
-0.5951061248779297 3.0226621627807617 -49.48528289794922 0.6084181175764412 -0.793616654440127 0 0 0 -1 0 0 0 0 0 0
-0.27471923828125 3.1448278427124023 -49.87504577636719 0.07443682762241399 -0.9972257310626873 0 0 0 -1 0 0 0 0 0 0
0.0602569580078125 3.0715818405151367 -50.264808654785156 -0.4838505341680965 -0.8751506502227189 0 0 0 -1 0 0 0 0 0 0
0.3004169464111328 2.8268423080444336 -50.654571533203125 -0.8841225529128538 -0.4672550817603357 0 0 0 -1 0 0 0 0 0 0
0.36733055114746094 2.490546226501465 -51.044334411621094 -0.99564305183206 0.09324651917654438 0 0 0 -1 0 0 0 0 0 0
0.23914146423339844 2.172518730163574 -51.43409729003906 -0.7819938872961704 0.6232860982176839 0 0 0 -1 0 0 0 0 0 0
-0.04228401184082031 1.9766302108764648 -51.82386016845703 -0.31295591415724006 0.9497676535837626 0 0 0 -1 0 0 0 0 0 0
-0.38503456115722656 1.966853141784668 -52.213623046875 0.2583008625611465 0.9660645239321066 0 0 0 -1 0 0 0 0 0 0
-0.6771697998046875 2.1463804244995117 -52.60338592529297 0.7451890792868757 0.6668532343114028 0 0 0 -1 0 0 0 0 0 0
-0.8232822418212891 2.45658016204834 -52.99314880371094 0.9887088056925111 0.1498495830694504 0 0 0 -1 0 0 0 0 0 0
2.542125701904297 -1.483719825744629 -47.146705627441406 -0.93969248736894 0.3420205098855549 0 0 0 -1 0 0 0 0 0 0
2.3663291931152344 -1.7361536026000977 -47.47150802612305 -0.6467054018892943 0.7627398790985079 0 0 0 -1 0 0 0 0 0 0
2.088542938232422 -1.8682947158813477 -47.79631042480469 -0.18372218604670462 0.9829782084839014 0 0 0 -1 0 0 0 0 0 0
1.7817840576171875 -1.8454103469848633 -48.12111282348633 0.32753827422493464 0.9448379114524097 0 0 0 -1 0 0 0 0 0 0
1.5266799926757812 -1.6735162734985352 -48.44591522216797 0.7527149875771824 0.6583465253775418 0 0 0 -1 0 0 0 0 0 0
1.3902854919433594 -1.3977937698364258 -48.77071762084961 0.9800397458124516 0.19880165147167522 0 0 0 -1 0 0 0 0 0 0
1.4084548950195312 -1.0907182693481445 -49.09552001953125 0.9497582170547402 -0.3129845509557953 0 0 0 -1 0 0 0 0 0 0
0.3580436706542969 -2.672410011291504 -49.09552001953125 -0.9801668376795053 0.19817409092350602 0 0 0 1 0 0 0 0 0 0
0.3156147003173828 -2.3040246963500977 -48.70575714111328 -0.909454596170967 -0.41580324373855393 0 0 0 1 0 0 0 0 0 0
0.06475639343261719 -2.0309343338012695 -48.31599426269531 -0.4913587237499198 -0.8709572920613561 0 0 0 1 0 0 0 0 0 0
-0.29871177673339844 -1.9574480056762695 -47.926231384277344 0.11442352791625783 -0.993432059206465 0 0 0 1 0 0 0 0 0 0
-0.6359539031982422 -2.1116418838500977 -47.536468505859375 0.6764949862869067 -0.7364472374370604 0 0 0 1 0 0 0 0 0 0
-0.8181591033935547 -2.4346132278442383 -47.146705627441406 0.9801692370622764 -0.19816222323327695 0 0 0 1 0 0 0 0 0 0
-0.775726318359375 -2.8029985427856445 -46.75694274902344 0.9094503528816035 0.4158125246352339 0 0 0 1 0 0 0 0 0 0
-0.5248641967773438 -3.0760889053344727 -46.36717987060547 0.4913406098942662 0.8709675109145752 0 0 0 1 0 0 0 0 0 0
-0.16139602661132812 -3.1495676040649414 -45.9774169921875 -0.11443587613542541 0.9934306368605297 0 0 0 1 0 0 0 0 0 0
0.17584609985351562 -2.9953737258911133 -45.58765411376953 -0.6765036184621784 0.7364393078914102 0 0 0 1 0 0 0 0 0 0
-2.7890701293945312 -0.7916345596313477 -45.58765411376953 0.5844081687018399 -0.8114598525833314 0 0 0 -1 0 0 0 0 0 0
-2.3288307189941406 -0.688603401184082 -46.08877944946289 -0.18265230970977486 -0.9831775697999239 0 0 0 -1 0 0 0 0 0 0
-1.9363059997558594 -0.9500589370727539 -46.589900970458984 -0.8368586150077306 -0.5474190885302986 0 0 0 -1 0 0 0 0 0 0
-1.854024887084961 -1.4144563674926758 -47.091026306152344 -0.9739921939074869 0.22658156634483761 0 0 0 -1 0 0 0 0 0 0
-2.132831573486328 -1.7948579788208008 -47.59214782714844 -0.5093113128678437 0.860582353168384 0 0 0 -1 0 0 0 0 0 0
-2.600454330444336 -1.856217384338379 -48.0932731628418 0.27005604459281624 0.9628446046890862 0 0 0 -1 0 0 0 0 0 0
-2.9679603576660156 -1.560624122619629 -48.594398498535156 0.8825628051004899 0.47019452894855623 0 0 0 -1 0 0 0 0 0 0
-3.0082759857177734 -1.0907182693481445 -49.09552001953125 0.9497582170547402 -0.3129845509557953 0 0 0 -1 0 0 0 0 0 0
-1.850320816040039 1.1525907516479492 -49.09552001953125 -0.9801692370622764 0.19816222323327695 0 0 0 1 0 0 0 0 0 0
-1.930074691772461 1.5902128219604492 -48.61581039428711 -0.8472423215565422 -0.5312065968749642 0 0 0 1 0 0 0 0 0 0
-2.2892417907714844 1.8526487350463867 -48.136104583740234 -0.24862908331374578 -0.9685987708698408 0 0 0 1 0 0 0 0 0 0
-2.7304039001464844 1.7956533432006836 -47.656394958496094 0.4866395318911923 -0.8736028651513922 0 0 0 1 0 0 0 0 0 0
-3.011079788208008 1.4505491256713867 -47.17668914794922 0.954430754138245 -0.29843246397652656 0 0 0 1 0 0 0 0 0 0
-2.9769935607910156 1.0070295333862305 -46.69697952270508 0.8976218511751112 0.4407663919730794 0 0 0 1 0 0 0 0 0 0
-2.646881103515625 0.7088689804077148 -46.21726989746094 0.34743695149244286 0.9377033458069979 0 0 0 1 0 0 0 0 0 0
-2.202188491821289 0.7199544906616211 -45.73756408691406 -0.3937215906764911 0.9192297368096694 0 0 0 1 0 0 0 0 0 0
-1.8873424530029297 1.0341901779174805 -45.25785446166992 -0.9184632213566588 0.395506398197487 0 0 0 1 0 0 0 0 0 0
-1.8753948211669922 1.4788618087768555 -44.77814865112305 -0.9383738577363304 -0.3456219077504159 0 0 0 1 0 0 0 0 0 0
-2.1729164123535156 1.8095502853393555 -44.298439025878906 -0.44250863456890044 -0.8967642434508455 0 0 0 1 0 0 0 0 0 0
-2.6163711547851562 1.844496726989746 -43.818729400634766 0.29658095124274 -0.9550077169112046 0 0 0 1 0 0 0 0 0 0
-2.962017059326172 1.5644903182983398 -43.33902359008789 0.8726567355492115 -0.4883341293628711 0 0 0 1 0 0 0 0 0 0
-3.019866943359375 1.1234350204467773 -42.85931396484375 0.9690749813668661 0.2467664492770599 0 0 0 1 0 0 0 0 0 0
0.36403656005859375 2.6304731369018555 -42.85931396484375 -0.9901563252998342 -0.13996589394823555 0 0 0 -1 0 0 0 0 0 0
0.3028888702392578 2.2708654403686523 -43.24907684326172 -0.8882403768710151 0.45937896435953307 0 0 0 -1 0 0 0 0 0 0
0.044765472412109375 2.013129234313965 -43.63883972167969 -0.4580367904287749 0.8889332363083893 0 0 0 -1 0 0 0 0 0 0
-0.31493186950683594 1.9525251388549805 -44.028602600097656 0.14145748345093329 0.9899443319579787 0 0 0 -1 0 0 0 0 0 0
-0.6432609558105469 2.1114492416381836 -44.418365478515625 0.6886742672876616 0.7250708610720765 0 0 0 -1 0 0 0 0 0 0
-0.8188686370849609 2.4311628341674805 -44.808128356933594 0.9813526931633728 0.1922157423859845 0 0 0 -1 0 0 0 0 0 0
-0.7768516540527344 2.793501853942871 -45.19789123535156 0.9113263361838053 -0.4116847203598915 0 0 0 -1 0 0 0 0 0 0
-0.5327396392822266 3.064547538757324 -45.58765411376953 0.5044736301659583 -0.8634270996831057 0 0 0 -1 0 0 0 0 0 0
-0.1767559051513672 3.144118309020996 -45.9774169921875 -0.08883811888529405 -0.9960460775651507 0 0 0 -1 0 0 0 0 0 0
0.15952682495117188 3.0028066635131836 -46.36717987060547 -0.649306226779106 -0.7605270697785059 0 0 0 -1 0 0 0 0 0 0
0.3518218994140625 2.6928396224975586 -46.75694274902344 -0.9697963475314225 -0.2439160599770178 0 0 0 -1 0 0 0 0 0 0
0.3290538787841797 2.3287839889526367 -47.146705627441406 -0.9318498276643843 0.36284417961689464 0 0 0 -1 0 0 0 0 0 0
0.09963798522949219 2.045191764831543 -47.536468505859375 -0.549491619639216 0.835499227974671 0 0 0 -1 0 0 0 0 0 0
-0.2516307830810547 1.9468793869018555 -47.926231384277344 0.03595925932918717 0.9993532566957974 0 0 0 -1 0 0 0 0 0 0
-0.5949268341064453 2.0701818466186523 -48.31599426269531 0.6081170469308654 0.7938473765353662 0 0 0 -1 0 0 0 0 0 0
-0.8033676147460938 2.3695287704467773 -48.70575714111328 0.9555151758982372 0.2949419411141128 0 0 0 -1 0 0 0 0 0 0
-0.7999114990234375 2.7342824935913086 -49.09552001953125 0.9497582170547402 -0.3129845509557953 0 0 0 -1 0 0 0 0 0 0
2.5664100646972656 1.1525907516479492 -49.09552001953125 -0.9801694573494141 0.1981611336245204 0 0 0 1 0 0 0 0 0 0
2.551654815673828 1.4483327865600586 -48.77071762084961 -0.9555805974464633 -0.29472991328309434 0 0 0 1 0 0 0 0 0 0
2.3972549438476562 1.701003074645996 -48.44591522216797 -0.6982501009776215 -0.7158538932524856 0 0 0 1 0 0 0 0 0 0
2.140819549560547 1.8490629196166992 -48.12111282348633 -0.2708557215077253 -0.9626199551881988 0 0 0 1 0 0 0 0 0 0
1.8447990417480469 1.8564481735229492 -47.79631042480469 0.2225210569820128 -0.9749278841020027 0 0 0 1 0 0 0 0 0 0
1.581298828125 1.7213621139526367 -47.47150802612305 0.6616791522432623 -0.7497871027742726 0 0 0 1 0 0 0 0 0 0
1.4144935607910156 1.4767026901245117 -47.146705627441406 0.93969248736894 -0.3420205098855549 0 0 0 1 0 0 0 0 0 0
-2.8354320526123047 0.8216238021850586 -42.46955108642578 0.6616847185501903 0.7497821905307938 0 0 0 1 0 0 0 0 0 0
-2.4084339141845703 0.6722402572631836 -41.949867248535156 -0.04997790689885322 0.9987503235654092 0 0 0 1 0 0 0 0 0 0
-1.9984798431396484 0.8635053634643555 -41.43018341064453 -0.7332323041848855 0.6799782261953127 0 0 0 1 0 0 0 0 0 0
-1.838613510131836 1.2866926193237305 -40.910499572753906 -0.9996790418023892 -0.02533403601988535 0 0 0 1 0 0 0 0 0 0
-2.0197105407714844 1.7012357711791992 -40.39081573486328 -0.6978496000024168 -0.7162443268720995 0 0 0 1 0 0 0 0 0 0
-2.438823699951172 1.8714895248413086 -39.871131896972656 0.000673181415754714 -0.999999773413365 0 0 0 1 0 0 0 0 0 0
-2.8577098846435547 1.7006750106811523 -39.3514518737793 0.6988094235611786 -0.7153078984200393 0 0 0 1 0 0 0 0 0 0
-2.019132614135742 -1.7076921463012695 -39.3514518737793 -0.6988150318757597 0.7153024194174664 0 0 0 -1 0 0 0 0 0 0
-2.4229793548583984 -1.8783082962036133 -39.838653564453125 -0.025738112027067443 0.9996687199213958 0 0 0 -1 0 0 0 0 0 0
-2.8350677490234375 -1.7286996841430664 -40.32585525512695 0.661076717042734 0.7503183152396061 0 0 0 -1 0 0 0 0 0 0
-3.035390853881836 -1.3387346267700195 -40.81306076049805 0.9949489333528675 0.10038236906943138 0 0 0 -1 0 0 0 0 0 0
-2.9169960021972656 -0.9166154861450195 -41.300262451171875 0.7976221397074981 -0.6031574605759533 0 0 0 -1 0 0 0 0 0 0
-2.5430908203125 -0.6877107620239258 -41.78746795654297 0.1744499880867119 -0.9846660355961031 0 0 0 -1 0 0 0 0 0 0
-2.1133060455322266 -0.7742280960083008 -42.2746696472168 -0.5418572302196495 -0.8404705480019452 0 0 0 -1 0 0 0 0 0 0
-1.857095718383789 -1.129979133605957 -42.76187515258789 -0.968874896383352 -0.2475508738787827 0 0 0 -1 0 0 0 0 0 0
-1.9112529754638672 -1.5650300979614258 -43.24907684326172 -0.8786140714880298 0.4775325259950648 0 0 0 -1 0 0 0 0 0 0
-2.2468624114990234 -1.8471078872680664 -43.73628234863281 -0.3192638949874672 0.9476658511086233 0 0 0 -1 0 0 0 0 0 0
-2.684741973876953 -1.8256158828735352 -44.22348403930664 0.41053354857277086 0.9118454943115354 0 0 0 -1 0 0 0 0 0 0
-2.9911136627197266 -1.5120248794555664 -44.710689544677734 0.9211573771095626 0.38919029612341444 0 0 0 -1 0 0 0 0 0 0
-3.0024070739746094 -1.0737619400024414 -45.19789123535156 0.9399737900733004 -0.34124664683368666 0 0 0 -1 0 0 0 0 0 0
0.35422706604003906 -2.6899423599243164 -45.19789123535156 -0.9738040799653712 0.22738868450913993 0 0 0 1 0 0 0 0 0 0
0.3286247253417969 -2.3347063064575195 -44.808128356933594 -0.931135140593218 -0.36467430667987555 0 0 0 1 0 0 0 0 0 0
0.106170654296875 -2.056565284729004 -44.418365478515625 -0.5603781886917215 -0.8282368535863308 0 0 0 1 0 0 0 0 0 0
-0.2347564697265625 -1.953526496887207 -44.028602600097656 0.00783697853996456 -0.9999692904121426 0 0 0 1 0 0 0 0 0 0
-0.5740261077880859 -2.061894416809082 -43.63883972167969 0.5732846219937321 -0.8193562974588671 0 0 0 1 0 0 0 0 0 0
-0.7920970916748047 -2.3434839248657227 -43.24907684326172 0.9367333868697675 -0.35004365716792285 0 0 0 1 0 0 0 0 0 0
-0.8121299743652344 -2.6990747451782227 -42.85931396484375 0.9701253381272636 0.24260426278914052 0 0 0 1 0 0 0 0 0 0
-0.6270675659179688 -3.0033769607543945 -42.46955108642578 0.6616878722545786 0.7497794073667323 0 0 0 1 0 0 0 0 0 0
2.4376258850097656 -0.8924646377563477 -42.46955108642578 -0.7655282368839068 -0.6434022991359428 0 0 0 -1 0 0 0 0 0 0
2.5693283081054688 -1.1750917434692383 -42.79935073852539 -0.9850345152333406 -0.17235719828025037 0 0 0 -1 0 0 0 0 0 0
2.5414199829101562 -1.485642433166504 -43.129150390625 -0.9385215226671773 0.34522072865122566 0 0 0 -1 0 0 0 0 0 0
2.361438751220703 -1.7402582168579102 -43.45895004272461 -0.6385474459941132 0.7695824577096306 0 0 0 -1 0 0 0 0 0 0
2.0779876708984375 -1.8701715469360352 -43.78874969482422 -0.16612898244758054 0.9861040316269535 0 0 0 -1 0 0 0 0 0 0
1.7676162719726562 -1.8402986526489258 -44.11854934692383 0.3511541803041384 0.9363176499751185 0 0 0 -1 0 0 0 0 0 0
1.5141448974609375 -1.6587114334106445 -44.44834899902344 0.7736077607270279 0.6336647635326693 0 0 0 -1 0 0 0 0 0 0
1.3860282897949219 -1.3744440078735352 -44.77814865112305 0.9871344491964784 0.15989239884861692 0 0 0 -1 0 0 0 0 0 0
1.4178619384765625 -1.0642709732055664 -45.107948303222656 0.9340781415802004 -0.3570686564543005 0 0 0 -1 0 0 0 0 0 0
1.6010475158691406 -0.8119516372680664 -45.437744140625 0.6287720945137726 -0.7775896431671161 0 0 0 -1 0 0 0 0 0 0
1.8861198425292969 -0.6856317520141602 -45.76754379272461 0.15364200874515072 -0.9881265774933671 0 0 0 -1 0 0 0 0 0 0
2.196086883544922 -0.719426155090332 -46.09734344482422 -0.36296651915988093 -0.9318021817794588 0 0 0 -1 0 0 0 0 0 0
2.4472427368164062 -0.9042062759399414 -46.42714309692383 -0.7815579291190176 -0.6238326726223891 0 0 0 -1 0 0 0 0 0 0
2.5717544555664062 -1.1900720596313477 -46.75694274902344 -0.9890778615113481 -0.14739397500623425 0 0 0 -1 0 0 0 0 0 0
1.3926925659179688 1.1409025192260742 -46.75694274902344 0.976026549739675 0.21765149713077014 0 0 0 1 0 0 0 0 0 0
1.525970458984375 0.8772954940795898 -46.43678283691406 0.7538971181188443 0.6569924925690562 0 0 0 1 0 0 0 0 0 0
1.7688789367675781 0.7092275619506836 -46.11661911010742 0.34905570447001394 0.9371019769357775 0 0 0 1 0 0 0 0 0 0
2.062549591064453 0.6774358749389648 -45.79645538330078 -0.14040342954825244 0.9900943778100596 0 0 0 1 0 0 0 0 0 0
2.3358001708984375 0.7896184921264648 -45.476295471191406 -0.5958217134591386 0.8031167323438206 0 0 0 1 0 0 0 0 0 0
2.5224075317382812 1.0185956954956055 -45.156131744384766 -0.9068327284101364 0.4214906911003229 0 0 0 1 0 0 0 0 0 0
2.5771446228027344 1.308863639831543 -44.835968017578125 -0.9980579881117463 -0.062291671725307064 0 0 0 1 0 0 0 0 0 0
2.486743927001953 1.590071678161621 -44.51580810546875 -0.8473945352775923 -0.5309637478977953 0 0 0 1 0 0 0 0 0 0
2.273113250732422 1.7940702438354492 -44.19564437866211 -0.49134541127502496 -0.8709648022847862 0 0 0 1 0 0 0 0 0 0
1.988037109375 1.871413230895996 -43.87548065185547 -0.016212326196349203 -0.9998685716029398 0 0 0 1 0 0 0 0 0 0
1.7005996704101562 1.8033552169799805 -43.555320739746094 0.4628432071888111 -0.8864401646807163 0 0 0 1 0 0 0 0 0 0
1.48046875 1.6063909530639648 -43.23515701293945 0.8297283455686096 -0.5581674234134215 0 0 0 1 0 0 0 0 0 0
1.3810005187988281 1.3282575607299805 -42.91499328613281 0.9955149159454509 -0.09460471515797587 0 0 0 1 0 0 0 0 0 0
1.4262962341308594 1.0363683700561523 -42.59483337402344 0.9200196343325453 0.3918722654674733 0 0 0 1 0 0 0 0 0 0
1.6053810119628906 0.8014631271362305 -42.2746696472168 0.6215457469607303 0.7833778682315627 0 0 0 1 0 0 0 0 0 0
1.8748512268066406 0.680476188659668 -41.95450973510742 0.17242442114061945 0.9850227504958057 0 0 0 1 0 0 0 0 0 0
2.1693954467773438 0.7027349472045898 -41.63434600830078 -0.3184820295907159 0.9479288986141198 0 0 0 1 0 0 0 0 0 0
2.4176254272460938 0.8628377914428711 -41.31418228149414 -0.7321977983707464 0.6810920525604682 0 0 0 1 0 0 0 0 0 0
2.5593833923339844 1.1219816207885742 -40.994022369384766 -0.9684551905684001 0.2491877682815191 0 0 0 1 0 0 0 0 0 0
2.5603065490722656 1.4173650741577148 -40.673858642578125 -0.9699964690215381 -0.24311900395844901 0 0 0 1 0 0 0 0 0 0
2.4201736450195312 1.677393913269043 -40.353694915771484 -0.7364444426081066 -0.6764980287862153 0 0 0 1 0 0 0 0 0 0
2.1729469299316406 1.839045524597168 -40.03353500366211 -0.32439517389149614 -0.945921651700555 0 0 0 1 0 0 0 0 0 0
1.8785476684570312 1.8631391525268555 -39.71337127685547 0.1662654160578502 -0.9860810369452958 0 0 0 1 0 0 0 0 0 0
1.6083259582519531 1.7438383102416992 -39.393211364746094 0.6166385658655753 -0.7872463903297663 0 0 0 1 0 0 0 0 0 0
1.4277763366699219 1.5100584030151367 -39.07304763793945 0.9175533057992293 -0.3976127903084933 0 0 0 1 0 0 0 0 0 0
1.3806571960449219 1.2184553146362305 -38.75288391113281 0.9960850544657732 0.08840002415111317 0 0 0 1 0 0 0 0 0 0
1.4783859252929688 0.9397077560424805 -38.43272399902344 0.8332015269487333 0.5529694525833224 0 0 0 1 0 0 0 0 0 0
1.6972808837890625 0.7413740158081055 -38.1125602722168 0.46837737309679134 0.8835285147469487 0 0 0 1 0 0 0 0 0 0
1.9842872619628906 0.6715192794799805 -37.79240036010742 -0.00996303984859335 0.9999503676868045 0 0 0 1 0 0 0 0 0 0
-0.17006492614746094 3.1434850692749023 -37.79240036010742 -0.09998471208562766 -0.9949889734811909 0 0 0 -1 0 0 0 0 0 0
0.15096664428710938 3.0099782943725586 -38.18216323852539 -0.635041803044824 -0.772477772098058 0 0 0 -1 0 0 0 0 0 0
0.34405517578125 2.7208356857299805 -38.57192611694336 -0.9568544829607771 -0.29056754539670065 0 0 0 -1 0 0 0 0 0 0
0.3443584442138672 2.3731489181518555 -38.96168899536133 -0.9573573422375676 0.2889064195614569 0 0 0 -1 0 0 0 0 0 0
0.1517772674560547 2.0836706161499023 -39.3514518737793 -0.6363891300119653 0.7713681839450044 0 0 0 -1 0 0 0 0 0 0
-0.1690216064453125 1.9496030807495117 -39.7412109375 -0.10172296277557291 0.9948127657223541 0 0 0 -1 0 0 0 0 0 0
-0.51031494140625 2.01596736907959 -40.13097381591797 0.467099848809973 0.8842045754471646 0 0 0 -1 0 0 0 0 0 0
-0.7574996948242188 2.2604780197143555 -40.52073669433594 0.8790703460454143 0.4766920669610471 0 0 0 -1 0 0 0 0 0 0
-0.8275718688964844 2.6010313034057617 -40.910499572753906 0.995859847921958 -0.09090194330626075 0 0 0 -1 0 0 0 0 0 0
-0.6970024108886719 2.9232702255249023 -41.300262451171875 0.778241461171071 -0.627965148805502 0 0 0 -1 0 0 0 0 0 0
-0.4096355438232422 3.1189870834350586 -41.690025329589844 0.2992976144019292 -0.9541598073767905 0 0 0 -1 0 0 0 0 0 0
-0.0619659423828125 3.1224660873413086 -42.07978820800781 -0.2801499274813098 -0.9599562584473403 0 0 0 -1 0 0 0 0 0 0
0.22925949096679688 2.93253231048584 -42.46955108642578 -0.7655259168562005 -0.6434050595243044 0 0 0 -1 0 0 0 0 0 0
1.6132583618164062 -0.8023386001586914 -33.1152458190918 0.6084145843104833 -0.7936193631699656 0 0 0 -1 0 0 0 0 0 0
1.8996009826660156 -0.6836938858032227 -33.4562873840332 0.13118034192170966 -0.9913585213701972 0 0 0 -1 0 0 0 0 0 0
2.2069473266601562 -0.7237787246704102 -33.79732894897461 -0.38106579342404723 -0.924547922544906 0 0 0 -1 0 0 0 0 0 0
2.4532814025878906 -0.911900520324707 -34.138370513916016 -0.7916231672597637 -0.6110096243576041 0 0 0 -1 0 0 0 0 0 0
2.5728607177734375 -1.1978540420532227 -34.47941589355469 -0.990924009470888 -0.13442324000759406 0 0 0 -1 0 0 0 0 0 0
2.533782958984375 -1.5053300857543945 -34.820457458496094 -0.9257910743318821 0.3780355627284546 0 0 0 -1 0 0 0 0 0 0
2.3464698791503906 -1.7522783279418945 -35.1614990234375 -0.6136018966108564 0.7896155472605384 0 0 0 -1 0 0 0 0 0 0
2.0609092712402344 -1.8727960586547852 -35.502540588378906 -0.13766621421358993 0.9904786789548263 0 0 0 -1 0 0 0 0 0 0
1.7533073425292969 -1.834721565246582 -35.84358596801758 0.3749994825928656 0.9270250201882813 0 0 0 -1 0 0 0 0 0 0
1.5057487487792969 -1.6482210159301758 -36.184627532958984 0.7876006417848687 0.6161860344571781 0 0 0 -1 0 0 0 0 0 0
1.3842964172363281 -1.3630571365356445 -36.52566909790039 0.9900209489569728 0.14092026336313396 0 0 0 -1 0 0 0 0 0 0
1.4213600158691406 -1.0553293228149414 -36.8667106628418 0.9282467037056878 -0.37196512882194344 0 0 0 -1 0 0 0 0 0 0
1.6070518493652344 -0.8071603775024414 -37.20775604248047 0.6187566344831495 -0.7855827310239745 0 0 0 -1 0 0 0 0 0 0
1.891815185546875 -0.6847772598266602 -37.548797607421875 0.14415079763682132 -0.9895557324075627 0 0 0 -1 0 0 0 0 0 0
2.1996612548828125 -0.7208337783813477 -37.88983917236328 -0.36892491137566347 -0.9294592028520988 0 0 0 -1 0 0 0 0 0 0
2.448436737060547 -0.9057092666625977 -38.23088073730469 -0.7835466500160859 -0.6213329600532786 0 0 0 -1 0 0 0 0 0 0
2.5717544555664062 -1.1900720596313477 -38.57192611694336 -0.9890778615113481 -0.14739397500623425 0 0 0 -1 0 0 0 0 0 0
-0.8156719207763672 -2.684098243713379 -38.57192611694336 0.976026549739675 0.21765149713077014 0 0 0 1 0 0 0 0 0 0
-0.6394157409667969 -2.992173194885254 -38.18216323852539 0.682262483153746 0.7311073136557209 0 0 0 1 0 0 0 0 0 0
-0.31991004943847656 -3.1467409133911133 -37.79240036010742 0.14975635554199246 0.9887229308430044 0 0 0 1 0 0 0 0 0 0
0.031038282439112663 -3.0937204360961914 -37.40263748168945 -0.435159106252035 0.9003535706853892 0 0 0 1 0 0 0 0 0 0
0.2906208038330078 -2.8516626358032227 -37.012874603271484 -0.8677953815865629 0.4969216997646934 0 0 0 1 0 0 0 0 0 0
0.36800193786621094 -2.5052690505981445 -36.623111724853516 -0.996762657215068 -0.08040028097934193 0 0 0 1 0 0 0 0 0 0
0.2361011505126953 -2.175755500793457 -36.23334884643555 -0.7769270579113702 -0.6295906183268478 0 0 0 1 0 0 0 0 0 0
-0.05892181396484375 -1.9784326553344727 -35.84358596801758 -0.28522058855908866 -0.958461901100929 0 0 0 1 0 0 0 0 0 0
-0.4138298034667969 -1.982346534729004 -35.45382308959961 0.3062877282068517 -0.9519389831023236 0 0 0 1 0 0 0 0 0 0
-0.7044315338134766 -2.1861276626586914 -35.06406021118164 0.7906231358671042 -0.6123030761246155 0 0 0 1 0 0 0 0 0 0
-0.8290328979492188 -2.518467903137207 -34.67429733276367 0.9982933554942365 -0.05839842785604708 0 0 0 1 0 0 0 0 0 0
-0.7440319061279297 -2.863072395324707 -34.2845344543457 0.8566254821200237 0.5159387399513987 0 0 0 1 0 0 0 0 0 0
-0.4791755676269531 -3.0993471145629883 -33.894771575927734 0.41520273019049686 0.9097289117326971 0 0 0 1 0 0 0 0 0 0
-0.12714385986328125 -3.14461612701416 -33.505008697509766 -0.1715213357450928 0.9851804055015606 0 0 0 1 0 0 0 0 0 0
0.1888751983642578 -2.983036994934082 -33.1152458190918 -0.6982245103493471 0.7158788536808545 0 0 0 1 0 0 0 0 0 0
-2.8034725189208984 -0.8023386001586914 -33.1152458190918 0.6084216508062205 -0.7936139457130486 0 0 0 -1 0 0 0 0 0 0
-2.4220714569091797 -0.6787309646606445 -33.564971923828125 -0.027252601890892996 -0.9996285788682596 0 0 0 -1 0 0 0 0 0 0
-2.0479736328125 -0.8229303359985352 -34.01469802856445 -0.6507396295644676 -0.7593009512138779 0 0 0 -1 0 0 0 0 0 0
-1.8482131958007812 -1.1705522537231445 -34.46442413330078 -0.9836794288991585 -0.1799299340316261 0 0 0 -1 0 0 0 0 0 0
-1.9119873046875 -1.5663766860961914 -34.91415023803711 -0.877390843376902 0.47977631033468987 0 0 0 -1 0 0 0 0 0 0
-2.2108211517333984 -1.833664894104004 -35.36387634277344 -0.37933435894294304 0.9252596630813138 0 0 0 -1 0 0 0 0 0 0
-2.6112804412841797 -1.8530702590942383 -35.813602447509766 0.2880992075960833 0.9576005673465889 0 0 0 -1 0 0 0 0 0 0
-2.9345550537109375 -1.6159257888793945 -36.263328552246094 0.826888207005774 0.5623663335538288 0 0 0 -1 0 0 0 0 0 0
-3.0363025665283203 -1.228123664855957 -36.71305465698242 0.9964684572652684 -0.08396793242289569 0 0 0 -1 0 0 0 0 0 0
-2.8710880279541016 -0.8628168106079102 -37.16278076171875 0.721113283150359 -0.6928171713115302 0 0 0 -1 0 0 0 0 0 0
-2.5126819610595703 -0.6831216812133789 -37.61250686645508 0.1237640772370345 -0.9923116713944593 0 0 0 -1 0 0 0 0 0 0
-2.1211185455322266 -0.7692766189575195 -38.062232971191406 -0.5288436951062758 -0.8487192387040253 0 0 0 -1 0 0 0 0 0 0
-1.8712348937988281 -1.0828065872192383 -38.511959075927734 -0.9453116797476021 -0.3261684045593119 0 0 0 -1 0 0 0 0 0 0
-1.8746051788330078 -1.483719825744629 -38.96168899536133 -0.93969248736894 0.3420205098855549 0 0 0 -1 0 0 0 0 0 0
-3.002237319946289 1.4767026901245117 -38.96168899536133 0.93969248736894 -0.3420205098855549 0 0 0 1 0 0 0 0 0 0
-3.0005111694335938 1.0616025924682617 -38.50696563720703 0.9368209257680009 0.34980930954333644 0 0 0 1 0 0 0 0 0 0
-2.7297439575195312 0.7469625473022461 -38.052242279052734 0.4855376636859727 0.8742157497679662 0 0 0 1 0 0 0 0 0 0
-2.3195362091064453 0.6833868026733398 -37.59751892089844 -0.19813957535878352 0.9801738155432642 0 0 0 1 0 0 0 0 0 0
-1.9662303924560547 0.9013051986694336 -37.14279556274414 -0.7869793515328128 0.616979335359778 0 0 0 1 0 0 0 0 0 0
-1.8389396667480469 1.296412467956543 -36.688072204589844 -0.9991370353149441 -0.04153534232511256 0 0 0 1 0 0 0 0 0 0
-1.998586654663086 1.679591178894043 -36.23334884643555 -0.7330541799585256 -0.6801702501913279 0 0 0 1 0 0 0 0 0 0
-2.3687610626220703 1.8674345016479492 -35.77862548828125 -0.11610170896770662 -0.9932373297328175 0 0 0 1 0 0 0 0 0 0
-2.772275924682617 1.7700300216674805 -35.32390213012695 0.556424680883476 -0.8308980530147617 0 0 0 1 0 0 0 0 0 0
-3.015993118286133 1.4340009689331055 -34.869178771972656 0.9626228804761131 -0.27084532483295887 0 0 0 1 0 0 0 0 0 0
-2.983257293701172 1.0201902389526367 -34.41445541381836 0.9080634537140416 0.4188326205406245 0 0 0 1 0 0 0 0 0 0
-2.689737319946289 0.7266607284545898 -33.95973205566406 0.4188578826882919 0.9080518014463059 0 0 0 1 0 0 0 0 0 0
-2.2759246826171875 0.6939153671264648 -33.505008697509766 -0.2708268045745457 0.96262809117745 0 0 0 1 0 0 0 0 0 0
-0.3170032501220703 3.1401586532592773 -33.505008697509766 0.14491384633696805 -0.9894442769250958 0 0 0 -1 0 0 0 0 0 0
0.02280235104262829 3.0906057357788086 -33.894771575927734 -0.42143597644212133 -0.906858157464703 0 0 0 -1 0 0 0 0 0 0
0.27977943420410156 2.862826347351074 -34.2845344543457 -0.8497252716521909 -0.5272257227370553 0 0 0 -1 0 0 0 0 0 0
0.3697547912597656 2.5314245223999023 -34.67429733276367 -0.9996847031933608 0.02510964358970352 0 0 0 -1 0 0 0 0 0 0
0.26325416564941406 2.204958915710449 -35.06406021118164 -0.8221851249453233 0.5692201861482453 0 0 0 -1 0 0 0 0 0 0
-0.004837037064135075 1.9903631210327148 -35.45382308959961 -0.37536443738269243 0.9268773053367824 0 0 0 -1 0 0 0 0 0 0
-0.34670066833496094 1.9579381942749023 -35.84358596801758 0.19440808108297009 0.9809207399222617 0 0 0 -1 0 0 0 0 0 0
-0.6503562927246094 2.118300437927246 -36.23334884643555 0.7005014747233129 0.7136509538356014 0 0 0 -1 0 0 0 0 0 0
-0.8163375854492188 2.41892147064209 -36.623111724853516 0.9771363485135041 0.21261363176827575 0 0 0 -1 0 0 0 0 0 0
-0.7902755737304688 2.76132869720459 -37.012874603271484 0.9336966414996523 -0.35806505226323043 0 0 0 -1 0 0 0 0 0 0
-0.5807056427001953 3.03336238861084 -37.40263748168945 0.5844171832133171 -0.8114533603140799 0 0 0 -1 0 0 0 0 0 0
2.3842086791992188 0.8296270370483398 -37.40263748168945 -0.6765036184621784 0.7364393078914102 0 0 0 1 0 0 0 0 0 0
2.55120849609375 1.0932035446166992 -37.045352935791016 -0.9548328687941882 0.2971433873911058 0 0 0 1 0 0 0 0 0 0
2.5632667541503906 1.4049978256225586 -36.688072204589844 -0.9749308735731934 -0.22250795885498098 0 0 0 1 0 0 0 0 0 0
2.417125701904297 1.6806859970092773 -36.330787658691406 -0.7313644931956088 -0.6819867873300262 0 0 0 1 0 0 0 0 0 0
2.1523056030273438 1.8457059860229492 -35.973506927490234 -0.28999836469318385 -0.9570271409292838 0 0 0 1 0 0 0 0 0 0
1.8404312133789062 1.855433464050293 -35.6162223815918 0.22979283135799705 -0.9732395669394432 0 0 0 1 0 0 0 0 0 0
1.5658454895019531 1.7072362899780273 -35.258941650390625 0.6874417874159621 -0.7262394845464871 0 0 0 1 0 0 0 0 0 0
1.4028053283691406 1.4411916732788086 -34.90165710449219 0.9591682090448316 -0.282836254319934 0 0 0 1 0 0 0 0 0 0
1.3954124450683594 1.1292524337768555 -34.544376373291016 0.9714945673331576 0.23706181818707311 0 0 0 1 0 0 0 0 0 0
1.5456581115722656 0.8557806015014648 -34.18709182739258 0.7210856958588288 0.6928458841818927 0 0 0 1 0 0 0 0 0 0
1.8129158020019531 0.6947355270385742 -33.829811096191406 0.2756560409564747 0.9612563378642568 0 0 0 1 0 0 0 0 0 0
2.1249008178710938 0.6896734237670898 -33.47252655029297 -0.24431980417370736 0.9696947113852489 0 0 0 1 0 0 0 0 0 0
2.3972396850585938 0.8419599533081055 -33.1152458190918 -0.6982160272136922 0.7158871275151749 0 0 0 1 0 0 0 0 0 0
-2.019489288330078 0.8419599533081055 -33.1152458190918 -0.6982189022252391 0.7158843234597206 0 0 0 1 0 0 0 0 0 0
-1.8384475708007812 1.2659215927124023 -32.61412048339844 -0.9999569519093376 0.00927870293665102 0 0 0 1 0 0 0 0 0 0
-2.0115890502929688 1.693171501159668 -32.11299514770508 -0.7113852946326567 -0.7028022215249524 0 0 0 1 0 0 0 0 0 0
-2.4367027282714844 1.8714895248413086 -31.611873626708984 -0.002861009955930992 -0.9999959073026409 0 0 0 1 0 0 0 0 0 0
-2.8628311157226562 1.6956090927124023 -31.110748291015625 0.7073507672674849 -0.7068627108895335 0 0 0 1 0 0 0 0 0 0
-3.0384178161621094 1.269362449645996 -30.60962677001953 0.9999937149768731 0.00354542053251981 0 0 0 1 0 0 0 0 0 0
-2.8598079681396484 0.8443708419799805 -30.108501434326172 0.702311016966893 0.711870237787006 0 0 0 1 0 0 0 0 0 0
-2.4324417114257812 0.6715192794799805 -29.607379913330078 -0.00996864911101473 0.9999503117829912 0 0 0 1 0 0 0 0 0 0
-2.3784313201904297 -0.6815156936645508 -29.607379913330078 -0.09998471208562766 -0.9949889734811909 0 0 0 -1 0 0 0 0 0 0
-1.9603652954101562 -0.9159326553344727 -30.127063751220703 -0.7967618691760338 -0.6042934087238688 0 0 0 -1 0 0 0 0 0 0
-1.8473644256591797 -1.381718635559082 -30.646747589111328 -0.985095337483365 0.17200923250958103 0 0 0 -1 0 0 0 0 0 0
-2.1115379333496094 -1.7816476821899414 -31.166431427001953 -0.5448069294391188 0.8385615121355852 0 0 0 -1 0 0 0 0 0 0
-2.584308624267578 -1.8605012893676758 -31.686115264892578 0.2431480411150168 0.9699891907139636 0 0 0 -1 0 0 0 0 0 0
-2.9639816284179688 -1.567967414855957 -32.2057991027832 0.8759364739465417 0.48242646445867743 0 0 0 -1 0 0 0 0 0 0
-3.0082759857177734 -1.0907182693481445 -32.72548294067383 0.9497582170547402 -0.3129845509557953 0 0 0 -1 0 0 0 0 0 0
0.3580436706542969 -2.672410011291504 -32.72548294067383 -0.9801668376795053 0.19817409092350602 0 0 0 1 0 0 0 0 0 0
0.32160377502441406 -2.317563056945801 -32.33572006225586 -0.9194355261873455 -0.3932407827077442 0 0 0 1 0 0 0 0 0 0
0.09017372131347656 -2.046109199523926 -31.94595718383789 -0.5337111940275524 -0.8456668146319118 0 0 0 1 0 0 0 0 0 0
-0.25444602966308594 -1.9540033340454102 -31.556194305419922 0.04064864353864956 -0.9991735023400429 0 0 0 1 0 0 0 0 0 0
-0.5904426574707031 -2.0738000869750977 -31.166431427001953 0.6006424723567061 -0.7995177423930152 0 0 0 1 0 0 0 0 0 0
-0.7990589141845703 -2.363152503967285 -30.776668548583984 0.9483388535546038 -0.31725922971403003 0 0 0 1 0 0 0 0 0 0
-0.8065547943115234 -2.7197885513305664 -30.386905670166016 0.9608299400952333 0.27713864078578143 0 0 0 1 0 0 0 0 0 0
-0.6102828979492188 -3.0176515579223633 -29.997142791748047 0.6337081208623745 0.7735722445596649 0 0 0 1 0 0 0 0 0 0
-0.2796154022216797 -3.1514596939086914 -29.607379913330078 0.08259885320288275 0.9965828763577913 0 0 0 1 0 0 0 0 0 0
0.06856918334960938 -3.0739145278930664 -29.21761703491211 -0.49771311412661684 0.867341718140195 0 0 0 1 0 0 0 0 0 0
0.3112010955810547 -2.8124284744262695 -28.82785415649414 -0.9020975736241426 0.4315321166048188 0 0 0 1 0 0 0 0 0 0
0.3625221252441406 -2.4594240188598633 -28.438091278076172 -0.9876293789350767 -0.1568062813292709 0 0 0 1 0 0 0 0 0 0
0.2043895721435547 -2.139676094055176 -28.048328399658203 -0.7240781612324346 -0.6897179252609407 0 0 0 1 0 0 0 0 0 0
-0.10730171203613281 -1.9661989212036133 -27.658565521240234 -0.20459042714364895 -0.9788476679857695 0 0 0 1 0 0 0 0 0 0
-0.46238136291503906 -2.0003137588500977 -27.268802642822266 0.3872094038826855 -0.9219917990659219 0 0 0 1 0 0 0 0 0 0
-0.7353439331054688 -2.2299585342407227 -26.879039764404297 0.842144433055743 -0.5392520318674943 0 0 0 1 0 0 0 0 0 0
-0.8297080993652344 -2.573967933654785 -26.489276885986328 0.9994185445414813 0.034096522206635366 0 0 0 1 0 0 0 0 0 0
-0.7121181488037109 -2.9107446670532227 -26.09951400756836 0.803434147504929 0.5953936266227814 0 0 0 1 0 0 0 0 0 0
-0.42414093017578125 -3.121251106262207 -25.70975112915039 0.32347542157498943 0.9462365727643816 0 0 0 1 0 0 0 0 0 0
-0.06756019592285156 -3.1310853958129883 -25.319988250732422 -0.2708268045745457 0.96262809117745 0 0 0 1 0 0 0 0 0 0
1.8913612365722656 -0.6848421096801758 -25.319988250732422 0.14491384633696805 -0.9894442769250958 0 0 0 -1 0 0 0 0 0 0
2.1856307983398438 -0.7154664993286133 -25.641963958740234 -0.3455436535008909 -0.9384026766400746 0 0 0 -1 0 0 0 0 0 0
2.4294891357421875 -0.8829889297485352 -25.963943481445312 -0.7519661395141967 -0.659201733177421 0 0 0 -1 0 0 0 0 0 0
2.563648223876953 -1.1466798782348633 -26.28592300415039 -0.9755640218454917 -0.2197153596830429 0 0 0 -1 0 0 0 0 0 0
2.5554847717285156 -1.4424219131469727 -26.607898712158203 -0.9619609255830752 0.2731870744587912 0 0 0 -1 0 0 0 0 0 0
2.4069862365722656 -1.6983118057250977 -26.92987823486328 -0.7144619335159291 0.6996743139180398 0 0 0 -1 0 0 0 0 0 0
2.1542587280273438 -1.8521318435668945 -27.251853942871094 -0.2932476592003677 0.9560365110044202 0 0 0 -1 0 0 0 0 0 0
1.8587493896484375 -1.8664751052856445 -27.573833465576172 0.19926313334492132 0.9799460208039851 0 0 0 -1 0 0 0 0 0 0
1.5923118591308594 -1.7378625869750977 -27.89581298828125 0.643328639157297 0.7655901397223063 0 0 0 -1 0 0 0 0 0 0
1.4197235107421875 -1.4975595474243164 -28.217788696289062 0.9309770118629915 0.36507780456041894 0 0 0 -1 0 0 0 0 0 0
1.3829536437988281 -1.2039995193481445 -28.53976821899414 0.9922597419769188 -0.12417972641256163 0 0 0 -1 0 0 0 0 0 0
1.490936279296875 -0.9285516738891602 -28.861743927001953 0.8122814812590373 -0.583265630055144 0 0 0 -1 0 0 0 0 0 0
1.7174224853515625 -0.738194465637207 -29.18372344970703 0.4348067969711944 -0.9005237638772509 0 0 0 -1 0 0 0 0 0 0
2.0073394775390625 -0.6792116165161133 -29.50570297241211 -0.048390309827354046 -0.9988285027545082 0 0 0 -1 0 0 0 0 0 0
2.2901992797851562 -0.7659425735473633 -29.827678680419922 -0.5198184487300145 -0.854276758644364 0 0 0 -1 0 0 0 0 0 0
2.497222900390625 -0.977299690246582 -30.149658203125 -0.8648593471825227 -0.5020142523783768 0 0 0 -1 0 0 0 0 0 0
2.5780792236328125 -1.2618913650512695 -30.471633911132812 -0.9996162437434465 -0.02770135816603142 0 0 0 -1 0 0 0 0 0 0
2.513103485107422 -1.5505266189575195 -30.79361343383789 -0.8913250416418769 0.45336483117033544 0 0 0 -1 0 0 0 0 0 0
2.318096160888672 -1.7730226516723633 -31.11559295654297 -0.5663150043047778 0.8241888836300083 0 0 0 -1 0 0 0 0 0 0
2.0404739379882812 -1.875279426574707 -31.43756866455078 -0.1036030781972847 0.9946187220176621 0 0 0 -1 0 0 0 0 0 0
1.7477378845214844 -1.8324365615844727 -31.75954818725586 0.3842863371648908 0.9232139573622096 0 0 0 -1 0 0 0 0 0 0
1.5110588073730469 -1.654911994934082 -32.08152389526367 0.7787473620349715 0.6273376651561526 0 0 0 -1 0 0 0 0 0 0
1.3879928588867188 -1.3858652114868164 -32.40350341796875 0.9838632673068027 0.17892196970853672 0 0 0 -1 0 0 0 0 0 0
1.4084548950195312 -1.0907182693481445 -32.72548294067383 0.9497582170547402 -0.3129845509557953 0 0 0 -1 0 0 0 0 0 0
2.5664100646972656 1.1525907516479492 -32.72548294067383 -0.9801694573494141 0.1981611336245204 0 0 0 1 0 0 0 0 0 0
2.553813934326172 1.4411725997924805 -32.40879821777344 -0.9591773398888882 -0.2828052875101101 0 0 0 1 0 0 0 0 0 0
2.4078369140625 1.690424919128418 -32.09211730957031 -0.7158815194146867 -0.6982217772030026 0 0 0 1 0 0 0 0 0 0
2.162303924560547 1.8425817489624023 -31.775436401367188 -0.30665920815001657 -0.9518193789037943 0 0 0 1 0 0 0 0 0 0
1.8741302490234375 1.8623762130737305 -31.458751678466797 0.173625318689919 -0.9848117833930623 0 0 0 1 0 0 0 0 0 0
1.6100997924804688 1.745223045349121 -31.142070770263672 0.6136834773976634 -0.7895521449335131 0 0 0 1 0 0 0 0 0 0
1.4314079284667969 1.5182714462280273 -30.82538604736328 0.9114988496803271 -0.4113026222034578 0 0 0 1 0 0 0 0 0 0
1.3794746398925781 1.2341222763061523 -30.508705139160156 0.9980586855851183 0.06228049556728036 0 0 0 1 0 0 0 0 0 0
1.4663314819335938 0.9586362838745117 -30.19202423095703 0.8532959777924097 0.5214268637913619 0 0 0 1 0 0 0 0 0 0
1.6718482971191406 0.7556600570678711 -29.87533950805664 0.5107653013221792 0.8597201910885095 0 0 0 1 0 0 0 0 0 0
1.948394775390625 0.672236442565918 -29.558658599853516 0.049860393848934856 0.9987561970397125 0 0 0 1 0 0 0 0 0 0
2.2318763732910156 0.7277059555053711 -29.24197769165039 -0.42261457530549346 0.9063095060404903 0 0 0 1 0 0 0 0 0 0
2.456584930419922 0.909205436706543 -28.92529296875 -0.7971271675142149 0.6038114596550523 0 0 0 1 0 0 0 0 0 0
2.570446014404297 1.1746740341186523 -28.608612060546875 -0.9868953488627689 0.16136161375318997 0 0 0 1 0 0 0 0 0 0
2.5470657348632812 1.462580680847168 -28.291927337646484 -0.9479288986141198 -0.3184820295907159 0 0 0 1 0 0 0 0 0 0
2.391864776611328 1.7061986923217773 -27.97524642944336 -0.6892608859505912 -0.7245132373522281 0 0 0 1 0 0 0 0 0 0
2.1408119201660156 1.8490667343139648 -27.658565521240234 -0.2708423996226421 -0.962623703513813 0 0 0 1 0 0 0 0 0 0
-0.47638893127441406 1.9993886947631836 -27.658565521240234 0.41055640594886594 0.9118352030571917 0 0 0 -1 0 0 0 0 0 0
-0.7411079406738281 2.232123374938965 -28.048328399658203 0.8517511423558223 0.5239465540449253 0 0 0 -1 0 0 0 0 0 0
-0.8294544219970703 2.5733518600463867 -28.438091278076172 0.9989974711038985 -0.044766647495825505 0 0 0 -1 0 0 0 0 0 0
-0.7109394073486328 2.90531063079834 -28.82785415649414 0.8014725225023053 -0.5980316008989757 0 0 0 -1 0 0 0 0 0 0
-0.42646217346191406 3.1134328842163086 -29.21761703491211 0.3273471612176976 -0.9449041411924888 0 0 0 -1 0 0 0 0 0 0
-0.07420158386230469 3.1258955001831055 -29.607379913330078 -0.2597569975922044 -0.9656740144592704 0 0 0 -1 0 0 0 0 0 0
0.22426986694335938 2.93839168548584 -29.997142791748047 -0.7572135247759011 -0.6531674195001276 0 0 0 -1 0 0 0 0 0 0
0.36594581604003906 2.61563777923584 -30.386905670166016 -0.993336654941035 -0.11524881756684333 0 0 0 -1 0 0 0 0 0 0
0.3019294738769531 2.26901912689209 -30.776668548583984 -0.8866432556589979 0.46245403792637885 0 0 0 -1 0 0 0 0 0 0
0.05431556701660156 2.018160820007324 -31.166431427001953 -0.47395128471451164 0.8805510659339776 0 0 0 -1 0 0 0 0 0 0
-0.2914390563964844 1.9496374130249023 -31.556194305419922 0.10230045376684321 0.9947535459394442 0 0 0 -1 0 0 0 0 0 0
-0.6160106658935547 2.087100028991699 -31.94595718383789 0.6432560235389256 0.7656511530592045 0 0 0 -1 0 0 0 0 0 0
-0.8073825836181641 2.3831052780151367 -32.33572006225586 0.9622089301908893 0.2723122741649826 0 0 0 -1 0 0 0 0 0 0
-0.7995090484619141 2.735499382019043 -32.72548294067383 0.9490864337320559 -0.31501577945520126 0 0 0 -1 0 0 0 0 0 0
-0.5951061248779297 3.0226621627807617 -33.1152458190918 0.6084181175764412 -0.793616654440127 0 0 0 -1 0 0 0 0 0 0
2.397594451904297 -1.7076921463012695 -22.98141098022461 -0.6988121615300836 0.7153052235917564 0 0 0 -1 0 0 0 0 0 0
2.1152076721191406 -1.8626832962036133 -23.30621337890625 -0.22816373694216313 0.9736227755884654 0 0 0 -1 0 0 0 0 0 0
1.7933578491210938 -1.8492937088012695 -23.63101577758789 0.30824951890902397 0.9513055419224442 0 0 0 -1 0 0 0 0 0 0
1.5248184204101562 -1.6713800430297852 -23.95581817626953 0.7558167853432278 0.6547831602854713 0 0 0 -1 0 0 0 0 0 0
1.386993408203125 -1.3802309036254883 -24.280620574951172 0.9855232714400393 0.16954020599882094 0 0 0 -1 0 0 0 0 0 0
1.4196052551269531 -1.059758186340332 -24.605422973632812 0.9311700904587769 -0.3645850554191623 0 0 0 -1 0 0 0 0 0 0
1.6132583618164062 -0.8023386001586914 -24.930225372314453 0.6084145843104833 -0.7936193631699656 0 0 0 -1 0 0 0 0 0 0
0.1888751983642578 -2.983036994934082 -24.930225372314453 -0.6982245103493471 0.7158788536808545 0 0 0 1 0 0 0 0 0 0
0.36103248596191406 -2.6565332412719727 -24.540462493896484 -0.9851481155799735 0.17170669867313654 0 0 0 1 0 0 0 0 0 0
0.30948638916015625 -2.2910356521606445 -24.150699615478516 -0.8992391451665737 -0.4374573805527688 0 0 0 1 0 0 0 0 0 0
0.05374717712402344 -2.0248727798461914 -23.760936737060547 -0.4730052028157094 -0.8810596336850701 0 0 0 1 0 0 0 0 0 0
-0.3094005584716797 -1.9587793350219727 -23.371173858642578 0.132241253355114 -0.9912175598278455 0 0 0 1 0 0 0 0 0 0
-0.6425189971923828 -2.117764472961426 -22.98141098022461 0.6874388286324467 -0.7262422852522771 0 0 0 1 0 0 0 0 0 0
-0.8195400238037109 -2.4416589736938477 -22.59164810180664 0.9824711869204199 -0.18641450284562422 0 0 0 1 0 0 0 0 0 0
-0.7734642028808594 -2.80788516998291 -22.201885223388672 0.9056816105809626 0.42395851242247 0 0 0 1 0 0 0 0 0 0
-0.5217323303222656 -3.07784366607666 -21.812122344970703 0.48612583206511484 0.8738888232487013 0 0 0 1 0 0 0 0 0 0
-0.15961456298828125 -3.149357795715332 -21.422359466552734 -0.11740367245043898 0.9930842752229794 0 0 0 1 0 0 0 0 0 0
0.17584609985351562 -2.9953737258911133 -21.032596588134766 -0.6765036184621784 0.7364393078914102 0 0 0 1 0 0 0 0 0 0
-2.7890701293945312 -0.7916345596313477 -21.032596588134766 0.5844081687018399 -0.8114598525833314 0 0 0 -1 0 0 0 0 0 0
-2.3695507049560547 -0.6824731826782227 -21.514068603515625 -0.1147829510024825 -0.9933905949621035 0 0 0 -1 0 0 0 0 0 0
-1.9859790802001953 -0.8844308853149414 -21.995540618896484 -0.7540666284205417 -0.6567979292769403 0 0 0 -1 0 0 0 0 0 0
-1.8385753631591797 -1.2920923233032227 -22.477012634277344 -0.999743651128536 0.022641378672338404 0 0 0 -1 0 0 0 0 0 0
-2.0042800903320312 -1.6926584243774414 -22.958484649658203 -0.7235717644596046 0.69024915912793 0 0 0 -1 0 0 0 0 0 0
-2.3965988159179688 -1.877049446105957 -23.439952850341797 -0.06970251589789761 0.9975678218935811 0 0 0 -1 0 0 0 0 0 0
-2.810749053955078 -1.7490129470825195 -23.921424865722656 0.6205445881361171 0.7841711637997005 0 0 0 -1 0 0 0 0 0 0
-3.030550003051758 -1.3753786087036133 -24.402896881103516 0.9868806128972788 0.16145171379546086 0 0 0 -1 0 0 0 0 0 0
-2.9412708282470703 -0.9511842727661133 -24.884368896484375 0.8380864850843652 -0.5455373896617302 0 0 0 -1 0 0 0 0 0 0
-2.5895137786865234 -0.6978464126586914 -25.365840911865234 0.2518223847189946 -0.9677734686146539 0 0 0 -1 0 0 0 0 0 0
-2.1588878631591797 -0.7476015090942383 -25.847312927246094 -0.46588769389633705 -0.8848438600543901 0 0 0 -1 0 0 0 0 0 0
-1.8741741180419922 -1.0744829177856445 -26.328784942626953 -0.9404090539071244 -0.340045307759874 0 0 0 -1 0 0 0 0 0 0
-1.8839874267578125 -1.5078630447387695 -26.810256958007812 -0.9240564666841202 0.3822559958709079 0 0 0 -1 0 0 0 0 0 0
-2.1832046508789062 -1.8215227127075195 -27.291728973388672 -0.42536040464808045 0.9050240472814085 0 0 0 -1 0 0 0 0 0 0
-2.615640640258789 -1.8517389297485352 -27.77320098876953 0.295365576859283 0.9553843080177647 0 0 0 -1 0 0 0 0 0 0
-2.9555702209472656 -1.582737922668457 -28.25467300415039 0.8619151785334366 0.5070524874346583 0 0 0 -1 0 0 0 0 0 0
-3.0255584716796875 -1.1549348831176758 -28.73614501953125 0.9785603784289831 -0.2059601557800092 0 0 0 -1 0 0 0 0 0 0
-2.7890701293945312 -0.7916345596313477 -29.21761703491211 0.5844081687018399 -0.8114598525833314 0 0 0 -1 0 0 0 0 0 0
-2.0325183868408203 0.8296270370483398 -29.21761703491211 -0.6765066609095607 0.7364365130444013 0 0 0 1 0 0 0 0 0 0
-1.842763900756836 1.199427604675293 -28.74433135986328 -0.9927610086885293 0.12010653449223256 0 0 0 1 0 0 0 0 0 0
-1.9388561248779297 1.6038084030151367 -28.27104949951172 -0.8326091308777975 -0.5538610251488351 0 0 0 1 0 0 0 0 0 0
-2.274679183959961 1.8487157821655273 -27.79776382446289 -0.2729016735828349 -0.9620419307679307 0 0 0 1 0 0 0 0 0 0
-2.6890811920166016 1.8166227340698242 -27.324481964111328 0.41776781038508626 -0.9085538270273537 0 0 0 1 0 0 0 0 0 0
-2.983194351196289 1.522933006286621 -26.851200103759766 0.9079551154901165 -0.4190674268603194 0 0 0 1 0 0 0 0 0 0
-3.015880584716797 1.108576774597168 -26.377914428710938 0.9624306199581093 0.27152771822973987 0 0 0 1 0 0 0 0 0 0
-2.771453857421875 0.7724027633666992 -25.904632568359375 0.5550535655753353 0.8318146063529462 0 0 0 1 0 0 0 0 0 0
-2.3672103881835938 0.6757307052612305 -25.431346893310547 -0.11868752763976205 0.9929316546383044 0 0 0 1 0 0 0 0 0 0
-1.997140884399414 0.864954948425293 -24.958065032958984 -0.7354689607474778 0.6775584165051934 0 0 0 1 0 0 0 0 0 0
-1.8388328552246094 1.2492704391479492 -24.484779357910156 -0.9993139266712687 0.03703614397922776 0 0 0 1 0 0 0 0 0 0
-1.9682579040527344 1.6442441940307617 -24.011497497558594 -0.7836065391367516 -0.6212574279814468 0 0 0 1 0 0 0 0 0 0
-2.323305130004883 1.8603429794311523 -23.53821563720703 -0.1918626685111235 -0.9814217831451424 0 0 0 1 0 0 0 0 0 0
-2.7335968017578125 1.7938642501831055 -23.064929962158203 0.49195743427209854 -0.8706192525234059 0 0 0 1 0 0 0 0 0 0
-3.002237319946289 1.4767026901245117 -22.59164810180664 0.93969248736894 -0.3420205098855549 0 0 0 1 0 0 0 0 0 0
0.3337593078613281 2.3412771224975586 -22.59164810180664 -0.9396924876893634 0.3420205090051992 0 0 0 -1 0 0 0 0 0 0
0.11412239074707031 2.0550222396850586 -22.98141098022461 -0.573628745283467 0.8191154146910649 0 0 0 -1 0 0 0 0 0 0
-0.22997665405273438 1.9464902877807617 -23.371173858642578 -0.0001346363124374601 0.9999999909365317 0 0 0 -1 0 0 0 0 0 0
-0.5741043090820312 2.0549306869506836 -23.760936737060547 0.5734171634332745 0.8192635453138003 0 0 0 -1 0 0 0 0 0 0
-0.7938175201416016 2.341128349304199 -24.150699615478516 0.9396026247178545 0.3422673043446 0 0 0 -1 0 0 0 0 0 0
-0.8096637725830078 2.7015867233276367 -24.540462493896484 0.9660135413112719 -0.2584914660162997 0 0 0 -1 0 0 0 0 0 0
-0.6159133911132812 3.0059614181518555 -24.930225372314453 0.6430998555350717 -0.765782329262546 0 0 0 -1 0 0 0 0 0 0
-0.28263092041015625 3.1441831588745117 -25.319988250732422 0.087625959341403 -0.9961534476422289 0 0 0 -1 0 0 0 0 0 0
0.06966400146484375 3.066267967224121 -25.70975112915039 -0.4995340107382715 -0.8662942757029718 0 0 0 -1 0 0 0 0 0 0
0.31357574462890625 2.80039119720459 -26.09951400756836 -0.906049380569488 -0.42317197446150306 0 0 0 -1 0 0 0 0 0 0
0.3608970642089844 2.4426984786987305 -26.489276885986328 -0.9849243094761883 0.1729858508747294 0 0 0 -1 0 0 0 0 0 0
0.1945209503173828 2.1225385665893555 -26.879039764404297 -0.7076254970795188 0.7065876844970935 0 0 0 -1 0 0 0 0 0 0
-0.12539100646972656 1.9556913375854492 -27.268802642822266 -0.17444454893711325 0.9846669992165509 0 0 0 -1 0 0 0 0 0 0
1.8100509643554688 1.8474149703979492 -27.268802642822266 0.2804273653675148 -0.9598752485365138 0 0 0 1 0 0 0 0 0 0
1.5457191467285156 1.6872663497924805 -26.939002990722656 0.7209811623670264 -0.6929546619454202 0 0 0 1 0 0 0 0 0 0
1.3961677551269531 1.4167966842651367 -26.609203338623047 0.9702321910714409 -0.24217657898465528 0 0 0 1 0 0 0 0 0 0
1.4010772705078125 1.107771873474121 -26.279403686523438 0.9620530753091473 0.27286238342470825 0 0 0 1 0 0 0 0 0 0
1.55914306640625 0.842188835144043 -25.949604034423828 0.6986078502062112 0.7155047670213359 0 0 0 1 0 0 0 0 0 0
1.8284263610839844 0.6905126571655273 -25.61980438232422 0.24980709876570167 0.9682956229407748 0 0 0 1 0 0 0 0 0 0
2.1374778747558594 0.692988395690918 -25.29000473022461 -0.2652774784707258 0.9641721108890329 0 0 0 1 0 0 0 0 0 0
2.4043006896972656 0.8489599227905273 -24.960205078125 -0.7099899360711552 0.7042118223075193 0 0 0 1 0 0 0 0 0 0
2.5580902099609375 1.1170415878295898 -24.63040542602539 -0.9663017593075994 0.25741194603016804 0 0 0 1 0 0 0 0 0 0
2.55804443359375 1.4261045455932617 -24.30060577392578 -0.966226745494909 -0.25769337649679014 0 0 0 1 0 0 0 0 0 0
2.4041786193847656 1.6941442489624023 -23.970809936523438 -0.7097776049487086 -0.7044258310945697 0 0 0 1 0 0 0 0 0 0
2.1373138427734375 1.8500394821166992 -23.641010284423828 -0.2650099259556044 -0.9642456840167889 0 0 0 1 0 0 0 0 0 0
1.8282623291015625 1.8524274826049805 -23.31121063232422 0.25007584170533254 -0.968226251139355 0 0 0 1 0 0 0 0 0 0
1.55902099609375 1.7006750106811523 -22.98141098022461 0.6988065531945667 -0.7153107025707983 0 0 0 1 0 0 0 0 0 0
1.3850822448730469 -1.3684206008911133 -12.068049430847168 0.9887088056925111 0.1498495830694504 0 0 0 -1 0 0 0 0 0 0
1.4193458557128906 -1.0604257583618164 -12.402132987976074 0.9316046785460972 -0.3634731391877852 0 0 0 -1 0 0 0 0 0 0
1.6027183532714844 -0.8106088638305664 -12.736212730407715 0.6259817294382818 -0.7798377231254319 0 0 0 -1 0 0 0 0 0 0
1.8862838745117188 -0.6856088638305664 -13.070296287536621 0.15337397547977863 -0.9881682162696432 0 0 0 -1 0 0 0 0 0 0
2.1944007873535156 -0.7187738418579102 -13.404379844665527 -0.3601516570404661 -0.932893768834912 0 0 0 -1 0 0 0 0 0 0
2.4448699951171875 -0.9012575149536133 -13.738459587097168 -0.7776050499377296 -0.6287530407968945 0 0 0 -1 0 0 0 0 0 0
2.5708770751953125 -1.1843767166137695 -14.072543144226074 -0.9876167988917349 -0.15688549501736018 0 0 0 -1 0 0 0 0 0 0
2.5388107299804688 -1.4926080703735352 -14.40662670135498 -0.9341695690913291 0.3568293936655452 0 0 0 -1 0 0 0 0 0 0
2.357219696044922 -1.7437257766723633 -14.740710258483887 -0.6315218481581909 0.7753580819846163 0 0 0 -1 0 0 0 0 0 0
2.0745506286621094 -1.8707399368286133 -15.074790000915527 -0.16040768358134658 0.9870508472455035 0 0 0 -1 0 0 0 0 0 0
1.766204833984375 -1.839768409729004 -15.408873558044434 0.3535100964913699 0.9354307091808897 0 0 0 -1 0 0 0 0 0 0
1.5144424438476562 -1.659073829650879 -15.74295711517334 0.7731123049530024 0.6342691573222332 0 0 0 -1 0 0 0 0 0 0
1.3864250183105469 -1.3768587112426758 -16.077037811279297 0.9864735589224091 0.16392046103814012 0 0 0 -1 0 0 0 0 0 0
1.4162979125976562 -1.068406105041504 -16.411121368408203 0.9366874117538392 -0.3501666641213774 0 0 0 -1 0 0 0 0 0 0
1.5960922241210938 -0.8160028457641602 -16.74520492553711 0.6370316274963947 -0.7708376648616067 0 0 0 -1 0 0 0 0 0 0
1.8778533935546875 -0.6869783401489258 -17.079288482666016 0.167420255148235 -0.9858856212391475 0 0 0 -1 0 0 0 0 0 0
2.1864089965820312 -0.7157526016235352 -17.413368225097656 -0.34683232614486226 -0.9379271493783216 0 0 0 -1 0 0 0 0 0 0
2.439453125 -0.8946504592895508 -17.747451782226562 -0.7685687917087141 -0.6397671548394834 0 0 0 -1 0 0 0 0 0 0
2.569477081298828 -1.1759462356567383 -18.08153533935547 -0.9852808455626291 -0.17094342738868573 0 0 0 -1 0 0 0 0 0 0
2.5418014526367188 -1.484604835510254 -18.41561508178711 -0.9391559594044542 0.3434910245044246 0 0 0 -1 0 0 0 0 0 0
2.3638038635253906 -1.7382822036743164 -18.749698638916016 -0.642492420561113 0.7662920393175973 0 0 0 -1 0 0 0 0 0 0
2.0829734802246094 -1.869309425354004 -19.083782196044922 -0.17444454893711325 0.9846669992165509 0 0 0 -1 0 0 0 0 0 0
1.8100509643554688 1.8474149703979492 -19.083782196044922 0.2804273653675148 -0.9598752485365138 0 0 0 1 0 0 0 0 0 0
1.5123367309570312 1.6494741439819336 -18.694019317626953 0.7766158419085408 -0.6299744709880618 0 0 0 1 0 0 0 0 0 0
1.3800621032714844 1.3173284530639648 -18.304256439208984 0.9970776055253531 -0.07639534383605043 0 0 0 1 0 0 0 0 0 0
1.4601936340332031 0.9689092636108398 -17.914493560791016 0.8635260868668242 0.5043041714089523 0 0 0 1 0 0 0 0 0 0
1.7242774963378906 0.7279195785522461 -17.524730682373047 0.42338352793791806 0.9059505440535052 0 0 0 1 0 0 0 0 0 0
2.0785560607910156 0.6799230575561523 -17.134967803955078 -0.1670819810567409 0.985943006266668 0 0 0 1 0 0 0 0 0 0
2.3972396850585938 0.8419599533081055 -16.74520492553711 -0.6982160272136922 0.7158871275151749 0 0 0 1 0 0 0 0 0 0
-0.5951061248779297 3.0226621627807617 -16.74520492553711 0.6084181175764412 -0.793616654440127 0 0 0 -1 0 0 0 0 0 0
-0.2641868591308594 3.1455183029174805 -17.134967803955078 0.056884277479571733 -0.9983807785487595 0 0 0 -1 0 0 0 0 0 0
0.07854652404785156 3.061041831970215 -17.524730682373047 -0.5143431251637974 -0.8575844853988079 0 0 0 -1 0 0 0 0 0 0
0.3144664764404297 2.7984724044799805 -17.914493560791016 -0.9075359686555925 -0.41997436302273927 0 0 0 -1 0 0 0 0 0 0
0.36191749572753906 2.448683738708496 -18.304256439208984 -0.9866241658933517 0.16301151884222181 0 0 0 -1 0 0 0 0 0 0
0.20447540283203125 2.1327505111694336 -18.694019317626953 -0.7242233076094677 0.6895655158976574 0 0 0 -1 0 0 0 0 0 0
-0.10336685180664062 1.960017204284668 -19.083782196044922 -0.21114782144245123 0.9774541408680545 0 0 0 -1 0 0 0 0 0 0
-0.45505714416503906 1.9902753829956055 -19.47354507446289 0.37500040320855715 0.9270246477809635 0 0 0 -1 0 0 0 0 0 0
-0.7288722991943359 2.21304988861084 -19.86330795288086 0.8313592051478491 0.5557354334716627 0 0 0 -1 0 0 0 0 0 0
-0.8300380706787109 2.551234245300293 -20.253070831298828 0.9999687165851125 -0.007909857844664655 0 0 0 -1 0 0 0 0 0 0
-0.7235393524169922 2.8877744674682617 -20.642833709716797 0.8224720015378548 -0.5688055965673291 0 0 0 -1 0 0 0 0 0 0
-0.44623756408691406 3.1061925888061523 -21.032596588134766 0.3603023192851435 -0.932835590400445 0 0 0 -1 0 0 0 0 0 0
-0.09411048889160156 3.1308889389038086 -21.422359466552734 -0.22657624449639963 -0.9739934319233924 0 0 0 -1 0 0 0 0 0 0
0.21096229553222656 2.953310966491699 -21.812122344970703 -0.7350331024371625 -0.6780312222321329 0 0 0 -1 0 0 0 0 0 0
0.3633899688720703 2.6349287033081055 -22.201885223388672 -0.9890779835038923 -0.14739315638072858 0 0 0 -1 0 0 0 0 0 0
-3.024038314819336 1.1409025192260742 -22.201885223388672 0.9760268154889394 0.2176503054133395 0 0 0 1 0 0 0 0 0 0
-2.7862377166748047 0.7825918197631836 -21.725505828857422 0.5796955745001618 0.8148331368476172 0 0 0 1 0 0 0 0 0 0
-2.369760513305664 0.6754331588745117 -21.249130249023438 -0.11443587613542541 0.9934306368605297 0 0 0 1 0 0 0 0 0 0
-1.988555908203125 0.874476432800293 -20.772754669189453 -0.7497741680132483 0.6616938090839611 0 0 0 1 0 0 0 0 0 0
-1.8384513854980469 1.2774686813354492 -20.296375274658203 -0.999950367129957 -0.009963095736990411 0 0 0 1 0 0 0 0 0 0
-1.9965572357177734 1.677393913269043 -19.81999969482422 -0.7364393078914102 -0.6765036184621784 0 0 0 1 0 0 0 0 0 0
-2.381654739379883 1.868800163269043 -19.343624114990234 -0.094610274807133 -0.995514387591118 0 0 0 1 0 0 0 0 0 0
-2.7959117889404297 1.7533636093139648 -18.867244720458984 0.5958180951102251 -0.8031194167365293 0 0 0 1 0 0 0 0 0 0
-3.0265235900878906 1.3903837203979492 -18.390869140625 0.9801714162371018 -0.19815144408192917 0 0 0 1 0 0 0 0 0 0
-2.9550209045410156 0.9663267135620117 -17.914493560791016 0.8609971024462711 0.5086098598917692 0 0 0 1 0 0 0 0 0 0
-2.618135452270508 0.6990385055541992 -17.43811798095703 0.2995211237755411 0.954089668957922 0 0 0 1 0 0 0 0 0 0
-2.1889286041259766 0.7258214950561523 -16.96173858642578 -0.4158192859620824 0.9094472614846801 0 0 0 1 0 0 0 0 0 0
-1.8878898620605469 1.032923698425293 -16.485363006591797 -0.9175524189027364 0.3976148369537246 0 0 0 1 0 0 0 0 0 0
-1.8696632385253906 1.462580680847168 -16.008987426757812 -0.9479288986141198 -0.3184820295907159 0 0 0 1 0 0 0 0 0 0
-2.143613815307617 1.7940702438354492 -15.532607078552246 -0.49134541127502496 -0.8709648022847862 0 0 0 1 0 0 0 0 0 0
-2.569011688232422 1.8571081161499023 -15.056231498718262 0.21765149713077014 -0.976026549739675 0 0 0 1 0 0 0 0 0 0
-2.9273223876953125 1.619307518005371 -14.579855918884277 0.8148323721820353 -0.5796966493298001 0 0 0 1 0 0 0 0 0 0
-3.0344791412353516 1.2028303146362305 -14.103476524353027 0.9934313480561899 0.11442970199760662 0 0 0 1 0 0 0 0 0 0
-2.8354358673095703 0.8216238021850586 -13.627100944519043 0.6616910259238478 0.7497766242100681 0 0 0 1 0 0 0 0 0 0
0.21045303344726562 2.953860282897949 -13.627100944519043 -0.734184585000388 -0.6789499209424862 0 0 0 -1 0 0 0 0 0 0
0.36360931396484375 2.633448600769043 -14.016863822937012 -0.9894410593474233 -0.14493581364676114 0 0 0 -1 0 0 0 0 0 0
0.3087806701660156 2.28256893157959 -14.40662670135498 -0.8980626181987638 0.4398676321281002 0 0 0 -1 0 0 0 0 0 0
0.06517601013183594 2.024153709411621 -14.79638957977295 -0.49205855063456877 0.8705621073464015 0 0 0 -1 0 0 0 0 0 0
-0.2818603515625 1.9487333297729492 -15.186152458190918 0.08634129979851002 0.9962656171669803 0 0 0 -1 0 0 0 0 0 0
-0.6107463836669922 2.082728385925293 -15.575915336608887 0.6344812231068234 0.7729382753654197 0 0 0 -1 0 0 0 0 0 0
-0.8062629699707031 2.3792028427124023 -15.965678215026855 0.9603462752072924 0.27881002796793264 0 0 0 -1 0 0 0 0 0 0
-0.7999114990234375 2.7342824935913086 -16.35544204711914 0.9497582170547402 -0.3129845509557953 0 0 0 -1 0 0 0 0 0 0
2.5664100646972656 1.1525907516479492 -16.35544204711914 -0.9801694573494141 0.1981611336245204 0 0 0 1 0 0 0 0 0 0
2.5543556213378906 1.439326286315918 -16.049198150634766 -0.9600790021330265 -0.2797289932474859 0 0 0 1 0 0 0 0 0 0
2.4105148315429688 1.6876630783081055 -15.74295711517334 -0.7203430515704026 -0.693617969817853 0 0 0 1 0 0 0 0 0 0
2.1677894592285156 1.840785026550293 -15.436713218688965 -0.31580026419945967 -0.9488256916481297 0 0 0 1 0 0 0 0 0 0
1.8817138671875 1.8636655807495117 -15.130473136901855 0.16099027518917697 -0.9869559925825026 0 0 0 1 0 0 0 0 0 0
1.6177406311035156 1.751063346862793 -14.82422924041748 0.6009474157333354 -0.7992885608611109 0 0 0 1 0 0 0 0 0 0
1.4362564086914062 1.528742790222168 -14.517985343933105 0.9034230112096098 -0.4287503502237184 0 0 0 1 0 0 0 0 0 0
1.3787841796875 1.2475690841674805 -14.211745262145996 0.9992046823291284 0.03987483932940019 0 0 0 1 0 0 0 0 0 0
1.4584770202636719 0.9718694686889648 -13.905501365661621 0.8663894867990856 0.49936885882483417 0 0 0 1 0 0 0 0 0 0
1.6570968627929688 0.7647161483764648 -13.599261283874512 0.5353536742605444 0.8446279911628165 0 0 0 1 0 0 0 0 0 0
1.9292030334472656 0.6735029220581055 -13.293017387390137 0.08184762148720773 0.9966448549292203 0 0 0 1 0 0 0 0 0 0
2.2125473022460938 0.7191038131713867 -12.986777305603027 -0.3904011652736898 0.9206448447435881 0 0 0 1 0 0 0 0 0 0
2.4422988891601562 0.891077995300293 -12.680533409118652 -0.7733145481270459 0.6340225624179814 0 0 0 1 0 0 0 0 0 0
2.565898895263672 1.1500883102416992 -12.374293327331543 -0.9793164162275675 0.2023347644553302 0 0 0 1 0 0 0 0 0 0
2.555065155029297 1.4368696212768555 -12.068049430847168 -0.961262283565907 -0.275635306507816 0 0 0 1 0 0 0 0 0 0
2.555065155029297 1.4368696212768555 4.301987648010254 -0.961262283565907 -0.275635306507816 0 0 0 1 0 0 0 0 0 0
2.3963966369628906 1.7018423080444336 4.652779579162598 -0.6968117421968979 -0.7172540665179418 0 0 0 1 0 0 0 0 0 0
2.1269493103027344 1.8527898788452148 5.00356388092041 -0.24774067835031688 -0.9688263808807669 0 0 0 1 0 0 0 0 0 0
1.818115234375 1.8497114181518555 5.354348182678223 0.266982966233498 -0.9637012481786889 0 0 0 1 0 0 0 0 0 0
1.551727294921875 1.6934270858764648 5.705140113830566 0.7109669668294633 -0.7032254063081855 0 0 0 1 0 0 0 0 0 0
1.3983688354492188 1.4253454208374023 6.055924415588379 0.9665639414556488 -0.2564257145407242 0 0 0 1 0 0 0 0 0 0
1.3986740112304688 1.1164960861206055 6.406708717346191 0.9660589242950226 0.2583218047125406 0 0 0 1 0 0 0 0 0 0
1.5525588989257812 0.848719596862793 6.757493019104004 0.7095819989124066 0.7046228685044741 0 0 0 1 0 0 0 0 0 0
1.8192520141601562 0.692957878112793 7.108284950256348 0.2650991127810112 0.9642211677839895 0 0 0 1 0 0 0 0 0 0
2.1280899047851562 0.690485954284668 7.45906925201416 -0.24963844603403385 0.9683391173869375 0 0 0 1 0 0 0 0 0 0
2.3972396850585938 0.8419599533081055 7.809853553771973 -0.6982160272136922 0.7158871275151749 0 0 0 1 0 0 0 0 0 0
-0.5951061248779297 3.0226621627807617 7.809853553771973 0.6084181175764412 -0.793616654440127 0 0 0 -1 0 0 0 0 0 0
-0.27471923828125 3.1448278427124023 7.420090675354004 0.07443682762241399 -0.9972257310626873 0 0 0 -1 0 0 0 0 0 0
0.0602569580078125 3.0715818405151367 7.030327796936035 -0.4838505341680965 -0.8751506502227189 0 0 0 -1 0 0 0 0 0 0
0.3004169464111328 2.8268423080444336 6.640564918518066 -0.8841225529128538 -0.4672550817603357 0 0 0 -1 0 0 0 0 0 0
0.36733055114746094 2.490546226501465 6.250802040100098 -0.99564305183206 0.09324651917654438 0 0 0 -1 0 0 0 0 0 0
0.23914146423339844 2.172518730163574 5.861039161682129 -0.7819938872961704 0.6232860982176839 0 0 0 -1 0 0 0 0 0 0
-0.04228401184082031 1.9766302108764648 5.47127628326416 -0.31295591415724006 0.9497676535837626 0 0 0 -1 0 0 0 0 0 0
-0.38503456115722656 1.966853141784668 5.081513404846191 0.2583008625611465 0.9660645239321066 0 0 0 -1 0 0 0 0 0 0
-0.6771697998046875 2.1463804244995117 4.691750526428223 0.7451890792868757 0.6668532343114028 0 0 0 -1 0 0 0 0 0 0
-0.8232822418212891 2.45658016204834 4.301987648010254 0.9887088056925111 0.1498495830694504 0 0 0 -1 0 0 0 0 0 0
2.4975547790527344 1.572127342224121 24.95941925048828 -0.8654114340890511 -0.5010619220694507 0 0 0 1 0 0 0 0 0 0
2.2934112548828125 1.782088279724121 25.27123260498047 -0.5251737168967447 -0.8509950452739766 0 0 0 1 0 0 0 0 0 0
2.014202117919922 1.870417594909668 25.583038330078125 -0.059822978504136745 -0.9982090017841422 0 0 0 1 0 0 0 0 0 0
1.7264442443847656 1.8160696029663086 25.894851684570312 0.4197738093008536 -0.9076287506602303 0 0 0 1 0 0 0 0 0 0
1.4986839294433594 1.6319913864135742 26.2066650390625 0.7993708080940043 -0.6008380074255776 0 0 0 1 0 0 0 0 0 0
1.3851776123046875 1.3620328903198242 26.518470764160156 0.9885484631461678 -0.15090373093913173 0 0 0 1 0 0 0 0 0 0
1.4129714965820312 1.070509910583496 26.830284118652344 0.9422308227386026 0.33496429165111913 0 0 0 1 0 0 0 0 0 0
1.5754356384277344 0.8268613815307617 27.14208984375 0.6714522363219846 0.7410478353913504 0 0 0 1 0 0 0 0 0 0
1.8338737487792969 0.6891355514526367 27.453903198242188 0.2407294961052411 0.9705922468806953 0 0 0 1 0 0 0 0 0 0
2.126720428466797 0.6901350021362305 27.765716552734375 -0.24734783629072357 0.9689267505246705 0 0 0 1 0 0 0 0 0 0
2.3842086791992188 0.8296270370483398 28.07752227783203 -0.6765036184621784 0.7364393078914102 0 0 0 1 0 0 0 0 0 0
-0.5807056427001953 3.03336238861084 28.07752227783203 0.5844171832133171 -0.8114533603140799 0 0 0 -1 0 0 0 0 0 0
-0.2354145050048828 3.146468162536621 27.687759399414062 0.008930819907416444 -0.9999601194326607 0 0 0 -1 0 0 0 0 0 0
0.11184310913085938 3.039546012878418 27.297996520996094 -0.5698355408390557 -0.8217587580285719 0 0 0 -1 0 0 0 0 0 0
0.33371734619140625 2.751814842224121 26.908233642578125 -0.9396262436557173 -0.34220245795938814 0 0 0 -1 0 0 0 0 0 0
0.348846435546875 2.3887853622436523 26.518470764160156 -0.9648383507445691 0.2628439783074741 0 0 0 -1 0 0 0 0 0 0
0.15167999267578125 2.083590507507324 26.128707885742188 -0.6362262242198158 0.7715025545097025 0 0 0 -1 0 0 0 0 0 0
-0.18547630310058594 1.9481496810913086 25.73894500732422 -0.07429652549521704 0.9972361938374169 0 0 0 -1 0 0 0 0 0 0
-0.5389804840087891 2.032130241394043 25.34918212890625 0.5148685943205895 0.8572691121126086 0 0 0 -1 0 0 0 0 0 0
-0.7791976928710938 2.3047399520874023 24.95941925048828 0.91523461145068 0.4029213397211957 0 0 0 -1 0 0 0 0 0 0
2.5664100646972656 1.1525907516479492 49.124717712402344 -0.9801694573494141 0.1981611336245204 0 0 0 1 0 0 0 0 0 0
2.5488624572753906 1.457148551940918 49.44361877441406 -0.9509231110082335 -0.309427272473554 0 0 0 1 0 0 0 0 0 0
2.3838233947753906 1.713709831237793 49.76251220703125 -0.6758602689496671 -0.7370297801685383 0 0 0 1 0 0 0 0 0 0
2.11395263671875 1.8559560775756836 50.08140563964844 -0.2260778075076189 -0.9741092469289817 0 0 0 1 0 0 0 0 0 0
1.8090171813964844 1.8471136093139648 50.400306701660156 0.28215174556089895 -0.959369789224644 0 0 0 1 0 0 0 0 0 0
1.5478477478027344 1.6894636154174805 50.719200134277344 0.7174365335396212 -0.6966238729347796 0 0 0 1 0 0 0 0 0 0
1.3979530334472656 1.4237661361694336 51.03810119628906 0.9672595799890739 -0.25378909535155436 0 0 0 1 0 0 0 0 0 0
1.3980865478515625 1.1187047958374023 51.35699462890625 0.9670354313715297 0.25464185530285344 0 0 0 1 0 0 0 0 0 0
1.5482139587402344 0.8531370162963867 51.67589569091797 0.716822619188495 0.6972555719531727 0 0 0 1 0 0 0 0 0 0
1.8095245361328125 0.6957197189331055 51.994789123535156 0.2813000062221935 0.9596198760443606 0 0 0 1 0 0 0 0 0 0
2.1144676208496094 0.6871442794799805 52.313690185546875 -0.22692883749488862 0.9739113423270203 0 0 0 1 0 0 0 0 0 0
2.3842086791992188 0.8296270370483398 52.63258361816406 -0.6765036184621784 0.7364393078914102 0 0 0 1 0 0 0 0 0 0
-0.5807056427001953 3.03336238861084 52.63258361816406 0.5844171832133171 -0.8114533603140799 0 0 0 -1 0 0 0 0 0 0
-0.22756004333496094 3.146487236022949 52.242820739746094 -0.0041624699703137385 -0.9999913368843483 0 0 0 -1 0 0 0 0 0 0
0.12463188171386719 3.030428886413574 51.853057861328125 -0.5911493820739641 -0.8065620918897507 0 0 0 -1 0 0 0 0 0 0
0.34134483337402344 2.7295217514038086 51.463294982910156 -0.9523353917844599 -0.30505294877240413 0 0 0 -1 0 0 0 0 0 0
0.3397998809814453 2.358706474304199 51.07353210449219 -0.9497615527111039 0.3129744286547908 0 0 0 -1 0 0 0 0 0 0
0.12058830261230469 2.059615135192871 50.68376922607422 -0.5844044748045893 0.8114625128916135 0 0 0 -1 0 0 0 0 0 0
-0.2325572967529297 1.946497917175293 50.29400634765625 0.004168126435010313 0.9999913133232817 0 0 0 -1 0 0 0 0 0 0
-0.5847492218017578 2.062556266784668 49.90424346923828 0.5911530315024879 0.8065594171202879 0 0 0 -1 0 0 0 0 0 0
-0.8014583587646484 2.3634634017944336 49.51448059082031 0.9523386507026548 0.30504277466913815 0 0 0 -1 0 0 0 0 0 0
-0.7999114990234375 2.7342824935913086 49.124717712402344 0.9497582170547402 -0.3129845509557953 0 0 0 -1 0 0 0 0 0 0
1.5003242492675781 -1.641179084777832 61.98689270019531 0.7966432057513108 0.6044498347508044 0 0 0 -1 0 0 0 0 0 0
1.3787918090820312 -1.302628517150879 61.59712219238281 0.9991916477429285 0.04020013782030512 0 0 0 -1 0 0 0 0 0 0
1.4727325439453125 -0.9554071426391602 61.207366943359375 0.8426273920952381 -0.5384970548580356 0 0 0 -1 0 0 0 0 0 0
1.748382568359375 -0.7243127822875977 60.817596435546875 0.38320882460637506 -0.9236617328566776 0 0 0 -1 0 0 0 0 0 0
2.1066665649414062 -0.6923990249633789 60.42784118652344 -0.21392507208777642 -0.9768500721872523 0 0 0 -1 0 0 0 0 0 0
2.4188194274902344 -0.8711366653442383 60.03807067871094 -0.7341789922747981 -0.6789559686035332 0 0 0 -1 0 0 0 0 0 0
-0.6270713806152344 -3.003373146057129 60.03807067871094 0.6616965922583695 0.7497717117854348 0 0 0 1 0 0 0 0 0 0
-0.3080577850341797 -3.1484155654907227 60.42784118652344 0.13000347805635076 0.991513537826515 0 0 0 1 0 0 0 0 0 0
0.037563323974609375 -3.090519905090332 60.817596435546875 -0.44603289543545527 0.8950165675502684 0 0 0 1 0 0 0 0 0 0
0.29189300537109375 -2.849431037902832 61.207366943359375 -0.8699138854324915 0.4932036414420982 0 0 0 1 0 0 0 0 0 0
0.3681678771972656 -2.5073938369750977 61.59712219238281 -0.9970422631818099 -0.07685522382567302 0 0 0 1 0 0 0 0 0 0
0.2403736114501953 -2.181088447570801 61.98689270019531 -0.7840450303008806 -0.6207039475148289 0 0 0 1 0 0 0 0 0 0
-0.047901153564453125 -1.981827735900879 62.37664794921875 -0.30359449072277606 -0.9528013356428393 0 0 0 1 0 0 0 0 0 0
-0.3983135223388672 -1.9775819778442383 62.76641845703125 0.2804295139852153 -0.9598746208156644 0 0 0 1 0 0 0 0 0 0
-2.3337574005126953 -1.869309425354004 62.76641845703125 -0.17443910977154617 0.9846679628088397 0 0 0 -1 0 0 0 0 0 0
-2.7431716918945312 -1.795353889465332 62.2987060546875 0.5079122328932663 0.8614088249358582 0 0 0 -1 0 0 0 0 0 0
-3.006061553955078 -1.4728937149047852 61.83099365234375 0.9460642917172319 0.32397894366389307 0 0 0 -1 0 0 0 0 0 0
-2.9960250854492188 -1.0569734573364258 61.36326599121094 0.9293384799446883 -0.36922891232147076 0 0 0 -1 0 0 0 0 0 0
-2.7178878784179688 -0.7475671768188477 60.89555358886719 0.46577232786510575 -0.8849045929336793 0 0 0 -1 0 0 0 0 0 0
-2.3053817749023438 -0.6934442520141602 60.42784118652344 -0.22173554772941578 -0.9751068386967326 0 0 0 -1 0 0 0 0 0 0
-1.9568424224853516 -0.9206247329711914 59.96012878417969 -0.802631813498381 -0.5964747873634727 0 0 0 -1 0 0 0 0 0 0
-1.8398494720458984 -1.3198785781860352 59.49241638183594 -0.9976204661191476 0.06894494600922389 0 0 0 -1 0 0 0 0 0 0
-2.0106544494628906 -1.6992425918579102 59.024688720703125 -0.712944774532621 0.701220185438661 0 0 0 -1 0 0 0 0 0 0
-2.3871326446533203 -1.8763132095336914 58.556976318359375 -0.08548260635543668 0.9963396629717607 0 0 0 -1 0 0 0 0 0 0
-2.788270950317383 -1.7659578323364258 58.089263916015625 0.5830796823687743 0.8124149703253437 0 0 0 -1 0 0 0 0 0 0
-3.021200180053711 -1.4212312698364258 57.621551513671875 0.9712974703381917 0.23786808132792742 0 0 0 -1 0 0 0 0 0 0
-2.9739227294921875 -1.0078859329223633 57.153839111328125 0.8925071756273201 -0.4510331932948442 0 0 0 -1 0 0 0 0 0 0
-2.6691741943359375 -0.7246561050415039 56.68611145019531 0.3845882978775383 -0.923088208751286 0 0 0 -1 0 0 0 0 0 0
-2.253477096557617 -0.7077226638793945 56.21839904785156 -0.3082393652442707 -0.9513088319330422 0 0 0 -1 0 0 0 0 0 0
-1.9267024993896484 -0.9652299880981445 55.75068664550781 -0.8528652731606261 -0.5221310427820306 0 0 0 -1 0 0 0 0 0 0
-1.8459663391113281 -1.3733644485473633 55.28297424316406 -0.9874236128509702 0.1580968335683463 0 0 0 -1 0 0 0 0 0 0
-2.0500869750976562 -1.7358903884887695 54.81525421142578 -0.6472246097716025 0.7622993536046039 0 0 0 -1 0 0 0 0 0 0
-2.4409217834472656 -1.8785028457641602 54.34754180908203 0.004168126435010313 0.9999913133232817 0 0 0 -1 0 0 0 0 0 0
-2.830554962158203 -1.7326364517211914 53.87982177734375 0.6535561881853749 0.756878001321615 0 0 0 -1 0 0 0 0 0 0
-3.031646728515625 -1.3684206008911133 53.412109375 0.9887086797234701 0.14985041421188308 0 0 0 -1 0 0 0 0 0 0
0.34670066833496094 -2.3881311416625977 53.412109375 -0.9612652566927843 -0.27562493768771246 0 0 0 1 0 0 0 0 0 0
0.15200424194335938 -2.090874671936035 53.80187225341797 -0.6367647365930398 -0.7710581497083062 0 0 0 1 0 0 0 0 0 0
-0.1766948699951172 -1.955887794494629 54.19163513183594 -0.08893929241983423 -0.9960370486401896 0 0 0 1 0 0 0 0 0 0
-0.5241107940673828 -2.0305070877075195 54.581398010253906 0.49008917197308943 -0.87167230282643 0 0 0 1 0 0 0 0 0 0
-0.7683906555175781 -2.2885637283325195 54.971160888671875 0.8972245001126609 -0.4415746781662028 0 0 0 1 0 0 0 0 0 0
-0.8238563537597656 -2.6395463943481445 55.360923767089844 0.9896650070038541 0.14339865380142683 0 0 0 1 0 0 0 0 0 0
-0.671051025390625 -2.960354804992676 55.75068664550781 0.7349926815964616 0.6780750386200942 0 0 0 1 0 0 0 0 0 0
-0.3635730743408203 -3.138463020324707 56.14044952392578 0.22252638906472008 0.974926667072871 0 0 0 1 0 0 0 0 0 0
2.191478729248047 -0.7176523208618164 56.14044952392578 -0.35528325052826726 -0.9347586917991555 0 0 0 -1 0 0 0 0 0 0
2.443592071533203 -0.8996820449829102 55.80152893066406 -0.7754742348428313 -0.631379213385209 0 0 0 -1 0 0 0 0 0 0
2.5707321166992188 -1.1834611892700195 55.46260070800781 -0.9873733999265089 -0.15841012946641492 0 0 0 -1 0 0 0 0 0 0
2.538745880126953 -1.492772102355957 55.123680114746094 -0.9340654841423383 0.3571017660750774 0 0 0 -1 0 0 0 0 0 0
2.3562278747558594 -1.7445306777954102 54.784751892089844 -0.6298628811005361 0.7767063479924262 0 0 0 -1 0 0 0 0 0 0
2.0721969604492188 -1.8711175918579102 54.445831298828125 -0.1564810838252877 0.9876809557771493 0 0 0 -1 0 0 0 0 0 0
1.7629508972167969 -1.8385286331176758 54.106903076171875 0.3589287059036615 0.9333649790292771 0 0 0 -1 0 0 0 0 0 0
1.5115470886230469 -1.6555185317993164 53.767982482910156 0.7779354849791005 0.6283441582527302 0 0 0 -1 0 0 0 0 0 0
1.3855171203613281 -1.3712434768676758 53.429054260253906 0.987983031258545 0.15456238205066794 0 0 0 -1 0 0 0 0 0 0
1.4187088012695312 -1.062058448791504 53.09013366699219 0.9326646856100248 -0.36074448605065834 0 0 0 -1 0 0 0 0 0 0
1.6022109985351562 -0.8110132217407227 52.75120544433594 0.6268285419305769 -0.779157223557086 0 0 0 -1 0 0 0 0 0 0
1.8867301940917969 -0.6855401992797852 52.41228485107422 0.1526338419215124 -0.9882828088661053 0 0 0 -1 0 0 0 0 0 0
2.195850372314453 -0.719334602355957 52.07335662841797 -0.36257620174562954 -0.9319541286606935 0 0 0 -1 0 0 0 0 0 0
2.4465370178222656 -0.903325080871582 51.73443603515625 -0.7803814758633384 -0.6253037279029752 0 0 0 -1 0 0 0 0 0 0
2.5714569091796875 -1.1880884170532227 51.3955078125 -0.9885790804724534 -0.15070302469505503 0 0 0 -1 0 0 0 0 0 0
2.5370559692382812 -1.4971399307250977 51.05658721923828 -0.9312490699747606 0.36438327303972606 0 0 0 -1 0 0 0 0 0 0
2.3525772094726562 -1.7474679946899414 50.71765899658203 -0.6237819936033098 0.7815983779770018 0 0 0 -1 0 0 0 0 0 0
2.0675697326660156 -1.871830940246582 50.37873840332031 -0.14877331641698927 0.9888713264739202 0 0 0 -1 0 0 0 0 0 0
1.7585868835449219 -1.8368310928344727 50.03981018066406 0.3661986885732764 0.9305366841168664 0 0 0 -1 0 0 0 0 0 0
1.5086212158203125 -1.6518640518188477 49.700889587402344 0.7828123242058632 0.6222578766648232 0 0 0 -1 0 0 0 0 0 0
1.3848114013671875 -1.366612434387207 49.361961364746094 0.9891614345152753 0.1468320689348299 0 0 0 -1 0 0 0 0 0 0
1.4204177856445312 -1.0576982498168945 49.023040771484375 0.9298192509699408 -0.3680165220824991 0 0 0 -1 0 0 0 0 0 0
1.6058692932128906 -0.8080949783325195 48.684120178222656 0.6207313944065096 -0.7840233006729775 0 0 0 -1 0 0 0 0 0 0
1.8913612365722656 -0.6848421096801758 48.345191955566406 0.14491384633696805 -0.9894442769250958 0 0 0 -1 0 0 0 0 0 0
2.200206756591797 -0.7210474014282227 48.00627136230469 -0.36983294556060703 -0.929098268418344 0 0 0 -1 0 0 0 0 0 0
2.4494476318359375 -0.9069910049438477 47.66734313964844 -0.7852367488088278 -0.6191956462380384 0 0 0 -1 0 0 0 0 0 0
2.5721435546875 -1.1927194595336914 47.32842254638672 -0.9897249875329778 -0.14298408671193893 0 0 0 -1 0 0 0 0 0 0
2.5353355407714844 -1.5014925003051758 46.98949432373047 -0.9283776158201301 0.37163826827189217 0 0 0 -1 0 0 0 0 0 0
2.348907470703125 -1.7503747940063477 46.65057373046875 -0.6176644644306575 0.7864417393422025 0 0 0 -1 0 0 0 0 0 0
2.062938690185547 -1.8725099563598633 46.3116455078125 -0.14105378984334982 0.9900019335187322 0 0 0 -1 0 0 0 0 0 0
1.7542381286621094 -1.835099220275879 45.97272491455078 0.37344605660304364 0.9276518974311628 0 0 0 -1 0 0 0 0 0 0
1.5057220458984375 -1.6481866836547852 45.63379669189453 0.7876449046232206 0.6161294541093438 0 0 0 -1 0 0 0 0 0 0
1.3841438293457031 -1.3619813919067383 45.29487609863281 0.9902748946426937 0.13912452350467247 0 0 0 -1 0 0 0 0 0 0
1.4221572875976562 -1.0533533096313477 44.95594787597656 0.9269210760770853 -0.375256337353679 0 0 0 -1 0 0 0 0 0 0
1.6095542907714844 -0.8052034378051758 44.617027282714844 0.6145920955679678 -0.7888450773538326 0 0 0 -1 0 0 0 0 0 0
1.89599609375 -0.6841821670532227 44.278099060058594 0.13718371335515273 -0.9905456217611036 0 0 0 -1 0 0 0 0 0 0
2.204547882080078 -0.7227983474731445 43.939178466796875 -0.3770613004792516 -0.9261883046556437 0 0 0 -1 0 0 0 0 0 0
2.4523353576660156 -0.910679817199707 43.600250244140625 -0.7900476779427613 -0.6130454033570848 0 0 0 -1 0 0 0 0 0 0
2.572795867919922 -1.1973581314086914 43.261329650878906 -0.990811041409462 -0.13525339264172873 0 0 0 -1 0 0 0 0 0 0
2.5335769653320312 -1.505833625793457 42.922401428222656 -0.9254464824218332 0.3788783553768354 0 0 0 -1 0 0 0 0 0 0
2.34521484375 -1.753251075744629 42.58348083496094 -0.6115088085923147 0.7912376236087412 0 0 0 -1 0 0 0 0 0 0
2.058300018310547 -1.873154640197754 42.24455261230469 -0.1333225807814313 0.9910726963516747 0 0 0 -1 0 0 0 0 0 0
1.7499008178710938 -1.8333330154418945 41.90563201904297 0.3806747512042963 0.9247089995212263 0 0 0 -1 0 0 0 0 0 0
1.5028495788574219 -1.644486427307129 41.56671142578125 0.7924341755981205 0.6099574389612173 0 0 0 -1 0 0 0 0 0 0
1.3835105895996094 -1.3573389053344727 41.227783203125 0.9913316577565645 0.13138319652688407 0 0 0 -1 0 0 0 0 0 0
1.4239311218261719 -1.0490198135375977 40.88886260986328 0.9239640625965422 -0.3824792949037804 0 0 0 -1 0 0 0 0 0 0
1.6132583618164062 -0.8023386001586914 40.54993438720703 0.6084145843104833 -0.7936193631699656 0 0 0 -1 0 0 0 0 0 0
2.3972396850585938 0.8419599533081055 40.54993438720703 -0.6982160272136922 0.7158871275151749 0 0 0 1 0 0 0 0 0 0
2.552349090576172 1.0969152450561523 40.87733459472656 -0.9567352761853032 0.29095981045950614 0 0 0 1 0 0 0 0 0 0
2.565448760986328 1.3950529098510742 41.204734802246094 -0.9785653765835205 -0.20593640705798644 0 0 0 1 0 0 0 0 0 0
2.4332962036132812 1.6626272201538086 41.532135009765625 -0.7583109790758497 -0.6518929812576804 0 0 0 1 0 0 0 0 0 0
2.188587188720703 1.8334379196166992 41.859535217285156 -0.3504692330267389 -0.9365742451624693 0 0 0 1 0 0 0 0 0 0
1.8918571472167969 1.865229606628418 42.18694305419922 0.14408327755118586 -0.9895655658571127 0 0 0 1 0 0 0 0 0 0
1.6165122985839844 1.7501401901245117 42.51434326171875 0.6029883045401325 -0.7977500263790758 0 0 0 1 0 0 0 0 0 0
1.4306755065917969 1.5166387557983398 42.84174346923828 0.9127237954293825 -0.40857713256738043 0 0 0 1 0 0 0 0 0 0
1.3803138732910156 1.2224912643432617 43.16914367675781 0.9966595576055115 0.08166839188808545 0 0 0 1 0 0 0 0 0 0
1.4778861999511719 0.9404630661010742 43.496543884277344 0.834033411330388 0.5517139374572623 0 0 0 1 0 0 0 0 0 0
1.6992568969726562 0.7403287887573242 43.823944091796875 0.4650882872255955 0.8852643023897224 0 0 0 1 0 0 0 0 0 0
1.9896621704101562 0.6715993881225586 44.151344299316406 -0.01891641311304347 0.9998210686492544 0 0 0 1 0 0 0 0 0 0
2.2772598266601562 0.7512731552124023 44.47874450683594 -0.4982579918661453 0.8670288193258148 0 0 0 1 0 0 0 0 0 0
2.4908981323242188 0.9596395492553711 44.80614471435547 -0.8543157453541799 0.5197543720257983 0 0 0 1 0 0 0 0 0 0
2.577728271484375 1.2451581954956055 45.133544921875 -0.9990363041596029 0.043891490873761735 0 0 0 1 0 0 0 0 0 0
2.5162734985351562 1.5371885299682617 45.46094512939453 -0.8966065400900802 -0.4428280843258425 0 0 0 1 0 0 0 0 0 0
2.321727752685547 1.7634878158569336 45.78834533691406 -0.5723662080366058 -0.8199981243257798 0 0 0 1 0 0 0 0 0 0
2.0422286987304688 1.8680753707885742 46.115745544433594 -0.1065319351567396 -0.9943092812559683 0 0 0 1 0 0 0 0 0 0
1.7469139099121094 1.8250761032104492 46.443153381347656 0.3856555871639692 -0.9226428171774894 0 0 0 1 0 0 0 0 0 0
1.5088462829589844 1.6451292037963867 46.77055358886719 0.7824338142177226 -0.6227337523923897 0 0 0 1 0 0 0 0 0 0
1.3869132995605469 1.3727445602416992 47.09795379638672 0.985658053708324 -0.16875485521880118 0 0 0 1 0 0 0 0 0 0
1.411285400390625 1.075312614440918 47.42535400390625 0.945036484229522 0.32696489639578213 0 0 0 1 0 0 0 0 0 0
1.5759315490722656 0.8264150619506836 47.75275421142578 0.670627422086339 0.7417943520584606 0 0 0 1 0 0 0 0 0 0
1.840118408203125 0.6876211166381836 48.08015441894531 0.2303173692557397 0.9731155683777315 0 0 0 1 0 0 0 0 0 0
2.1384925842285156 0.6932706832885742 48.407554626464844 -0.2669754329261107 0.9637033351679944 0 0 0 1 0 0 0 0 0 0
2.3972396850585938 0.8419599533081055 48.734954833984375 -0.6982160272136922 0.7158871275151749 0 0 0 1 0 0 0 0 0 0
-0.5951061248779297 3.0226621627807617 48.734954833984375 0.6084181175764412 -0.793616654440127 0 0 0 -1 0 0 0 0 0 0
-0.2637462615966797 3.14554500579834 48.345191955566406 0.056149198178108116 -0.9984223893442872 0 0 0 -1 0 0 0 0 0 0
0.07930183410644531 3.0605878829956055 47.95542907714844 -0.5155983309149339 -0.8568304156352844 0 0 0 -1 0 0 0 0 0 0
0.3150215148925781 2.7972707748413086 47.56566619873047 -0.9084624649089956 -0.4179664458440077 0 0 0 -1 0 0 0 0 0 0
0.36162757873535156 2.4469480514526367 47.1759033203125 -0.9861415411717689 0.16590618064246013 0 0 0 -1 0 0 0 0 0 0
0.2029552459716797 2.131159782409668 46.78614044189453 -0.7216847773658133 0.6922218445834084 0 0 0 -1 0 0 0 0 0 0
-0.10594940185546875 1.959467887878418 46.39637756347656 -0.20684727391836427 0.9783732443564376 0 0 0 -1 0 0 0 0 0 0
-0.4579124450683594 1.991438865661621 46.006614685058594 0.3797583868250329 0.9250857082649416 0 0 0 -1 0 0 0 0 0 0
-0.7308216094970703 2.2159833908081055 45.616851806640625 0.8346098192107604 0.5508415831044187 0 0 0 -1 0 0 0 0 0 0
-0.8299942016601562 2.5551977157592773 45.227088928222656 0.9998947679231531 -0.014507001065132821 0 0 0 -1 0 0 0 0 0 0
-0.7210216522216797 2.8913869857788086 44.83732604980469 0.8182735675255424 -0.5748289908216371 0 0 0 -1 0 0 0 0 0 0
-0.44171142578125 3.1079206466674805 44.44756317138672 0.35275944851174285 -0.9357140436509922 0 0 0 -1 0 0 0 0 0 0
-0.08897018432617188 3.1296682357788086 44.05780029296875 -0.235142084662629 -0.9719610074588965 0 0 0 -1 0 0 0 0 0 0
0.21482276916503906 2.9490842819213867 43.66803741455078 -0.7414693242657553 -0.670986766764356 0 0 0 -1 0 0 0 0 0 0
0.36426734924316406 2.6288251876831055 43.27827453613281 -0.990539522470215 -0.13722774655469117 0 0 0 -1 0 0 0 0 0 0
0.3075141906738281 2.280001640319824 42.888511657714844 -0.895954559587712 0.4441457273845927 0 0 0 -1 0 0 0 0 0 0
0.0642547607421875 2.0236310958862305 42.498748779296875 -0.4905179721467856 0.8714310753014293 0 0 0 -1 0 0 0 0 0 0
-0.2811145782470703 1.9486684799194336 42.108985900878906 0.08509643481112789 0.9963727198104309 0 0 0 -1 0 0 0 0 0 0
-0.6087703704833984 2.0811147689819336 41.71922302246094 0.6311909611343877 0.7756274689451425 0 0 0 -1 0 0 0 0 0 0
-0.8050327301025391 2.3750181198120117 41.32946014404297 0.9582931516182881 0.28578704582518893 0 0 0 -1 0 0 0 0 0 0
-0.8018112182617188 2.7284154891967773 40.939697265625 0.9529262220658159 -0.30320226796541516 0 0 0 -1 0 0 0 0 0 0
-0.6002235412597656 3.0186948776245117 40.54993438720703 0.6169441185480341 -0.7870069596826889 0 0 0 -1 0 0 0 0 0 0
-0.27020835876464844 3.145144462585449 40.16017150878906 0.06692001079734798 -0.9977583435656566 0 0 0 -1 0 0 0 0 0 0
0.07373809814453125 3.063899040222168 39.770408630371094 -0.5063217442043713 -0.8623446476588366 0 0 0 -1 0 0 0 0 0 0
0.3122825622558594 2.80313777923584 39.380645751953125 -0.9039012339018597 -0.4277412294258006 0 0 0 -1 0 0 0 0 0 0
0.3626670837402344 2.4533376693725586 38.990882873535156 -0.9878738807414027 0.1552584804412335 0 0 0 -1 0 0 0 0 0 0
0.2074108123779297 2.1358556747436523 38.60111999511719 -0.7291140505184532 0.6843922130887917 0 0 0 -1 0 0 0 0 0 0
-0.0996246337890625 1.960841178894043 38.21135711669922 -0.21738839802018656 0.976085182966229 0 0 0 -1 0 0 0 0 0 0
-0.45191001892089844 1.9890127182006836 37.82159423828125 0.36975358341288656 0.9291298550543565 0 0 0 -1 0 0 0 0 0 0
-0.7272262573242188 2.2106008529663086 37.43183135986328 0.8286150617825423 0.5598187915630503 0 0 0 -1 0 0 0 0 0 0
-0.8300514221191406 2.5487241744995117 37.04206848144531 0.9999930623349262 -0.003724953961664073 0 0 0 -1 0 0 0 0 0 0
-0.7247123718261719 2.8860692977905273 36.652305603027344 0.824426716946965 -0.5659687167892311 0 0 0 -1 0 0 0 0 0 0
-0.4477558135986328 3.105605125427246 36.262542724609375 0.3628306445018058 -0.9318550978614669 0 0 0 -1 0 0 0 0 0 0
-0.09527015686035156 3.1311559677124023 35.872779846191406 -0.22464071699392105 -0.97444165975622 0 0 0 -1 0 0 0 0 0 0
0.21045303344726562 2.953860282897949 35.48301696777344 -0.734184585000388 -0.6789499209424862 0 0 0 -1 0 0 0 0 0 0
-2.8354358673095703 0.8216238021850586 35.48301696777344 0.6616910259238478 0.7497766242100681 0 0 0 1 0 0 0 0 0 0
-2.3806686401367188 0.6742773056030273 36.00270080566406 -0.09625391526505661 0.9953568123020745 0 0 0 1 0 0 0 0 0 0
-1.9625625610351562 0.9060354232788086 36.52238464355469 -0.7930975627712782 0.6090946198467513 0 0 0 1 0 0 0 0 0 0
-1.846527099609375 1.3697805404663086 37.04206848144531 -0.9864904849295171 -0.1638185677617956 0 0 0 1 0 0 0 0 0 0
-2.1062183380126953 1.771132469177246 37.56175231933594 -0.5536692853928376 -0.8327366464931061 0 0 0 1 0 0 0 0 0 0
-2.5767898559570312 1.8553190231323242 38.08143615722656 0.23061399484300252 -0.9730453151742479 0 0 0 1 0 0 0 0 0 0
-2.9595260620117188 1.5688962936401367 38.60111999511719 0.868507459013595 -0.4956760975049621 0 0 0 1 0 0 0 0 0 0
-1.9527263641357422 -1.6307878494262695 38.60111999511719 -0.80949326115379 0.5871291681960641 0 0 0 -1 0 0 0 0 0 0
-2.294647216796875 -1.861027717590332 38.14049530029297 -0.23962532525330155 0.9708654404690946 0 0 0 -1 0 0 0 0 0 0
-2.704427719116211 -1.816319465637207 37.67986297607422 0.44334536688147147 0.8963508719607146 0 0 0 -1 0 0 0 0 0 0
-2.9886531829833984 -1.517765998840332 37.21923828125 0.9170552505816248 0.3987601627302722 0 0 0 -1 0 0 0 0 0 0
-3.013172149658203 -1.1062860488891602 36.75860595703125 0.9579201094749165 -0.2870349523378012 0 0 0 -1 0 0 0 0 0 0
-2.7664108276367188 -0.7760896682739258 36.2979736328125 0.546646757978631 -0.8373633154082233 0 0 0 -1 0 0 0 0 0 0
-2.364837646484375 -0.6830377578735352 35.83734893798828 -0.12264267775553306 -0.9924508922828134 0 0 0 -1 0 0 0 0 0 0
-1.9979972839355469 -0.8710451126098633 35.37671661376953 -0.7340390338453596 -0.6791072792949365 0 0 0 -1 0 0 0 0 0 0
-1.8390350341796875 -1.2513742446899414 34.91609191894531 -0.9989767592475199 -0.04522647989090897 0 0 0 -1 0 0 0 0 0 0
-1.962982177734375 -1.6445093154907227 34.45545959472656 -0.7923978719955501 0.6100046003571807 0 0 0 -1 0 0 0 0 0 0
-2.3113346099853516 -1.8648958206176758 33.994834899902344 -0.21181032310226341 0.9773107934671114 0 0 0 -1 0 0 0 0 0 0
-2.7196712493896484 -1.808506965637207 33.534202575683594 0.46874993252931185 0.8833309123730276 0 0 0 -1 0 0 0 0 0 0
-2.995260238647461 -1.5019617080688477 33.073577880859375 0.9280621473750519 0.37242536246825003 0 0 0 -1 0 0 0 0 0 0
-3.0080223083496094 -1.0899477005004883 32.612945556640625 0.9493359330768604 -0.3142630843244028 0 0 0 -1 0 0 0 0 0 0
-2.751934051513672 -0.7669343948364258 32.152320861816406 0.5225265395601739 -0.8526230207162309 0 0 0 -1 0 0 0 0 0 0
-2.347869873046875 -0.6853799819946289 31.691688537597656 -0.15091636885398568 -0.9885465338626847 0 0 0 -1 0 0 0 0 0 0
-1.9865455627441406 -0.8837823867797852 31.231056213378906 -0.7531258490023989 -0.6578764743965357 0 0 0 -1 0 0 0 0 0 0
-1.8385047912597656 -1.2684946060180664 30.770431518554688 -0.9998606301524302 -0.016694917525562788 0 0 0 -1 0 0 0 0 0 0
-1.973623275756836 -1.657933235168457 30.309799194335938 -0.7746626583340341 0.6323747036234508 0 0 0 -1 0 0 0 0 0 0
-2.328125 -1.8682832717895508 29.84917449951172 -0.18382922685332767 0.9829581961378155 0 0 0 -1 0 0 0 0 0 0
-2.7346858978271484 -1.8002634048461914 29.38854217529297 0.4937719055140215 0.8695914588616037 0 0 0 -1 0 0 0 0 0 0
-3.0014114379882812 -1.4859743118286133 28.92791748046875 0.9383155297636873 0.3457802287642988 0 0 0 -1 0 0 0 0 0 0
-3.0024070739746094 -1.0737619400024414 28.46728515625 0.9399737900733004 -0.34124664683368666 0 0 0 -1 0 0 0 0 0 0
0.35422706604003906 -2.6899423599243164 28.46728515625 -0.9738040799653712 0.22738868450913993 0 0 0 1 0 0 0 0 0 0
0.3286247253417969 -2.3347063064575195 28.85704803466797 -0.931135140593218 -0.36467430667987555 0 0 0 1 0 0 0 0 0 0
0.106170654296875 -2.056565284729004 29.246810913085938 -0.5603781886917215 -0.8282368535863308 0 0 0 1 0 0 0 0 0 0
-0.2347564697265625 -1.953526496887207 29.636573791503906 0.00783697853996456 -0.9999692904121426 0 0 0 1 0 0 0 0 0 0
-0.5740261077880859 -2.061894416809082 30.026336669921875 0.5732846219937321 -0.8193562974588671 0 0 0 1 0 0 0 0 0 0
-0.7920970916748047 -2.3434839248657227 30.416099548339844 0.9367333868697675 -0.35004365716792285 0 0 0 1 0 0 0 0 0 0
-0.8121299743652344 -2.6990747451782227 30.805862426757812 0.9701253381272636 0.24260426278914052 0 0 0 1 0 0 0 0 0 0
-0.6270675659179688 -3.0033769607543945 31.19562530517578 0.6616878722545786 0.7497794073667323 0 0 0 1 0 0 0 0 0 0
2.4376258850097656 -0.8924646377563477 31.19562530517578 -0.7655282368839068 -0.6434022991359428 0 0 0 -1 0 0 0 0 0 0
2.5692138671875 -1.1744318008422852 30.857833862304688 -0.9848396434097005 -0.17346722102072706 0 0 0 -1 0 0 0 0 0 0
2.5418777465820312 -1.484391212463379 30.520034790039062 -0.939286274329563 0.34313451423033586 0 0 0 -1 0 0 0 0 0 0
2.36297607421875 -1.7389764785766602 30.18224334716797 -0.6411131389477812 0.7674463779760269 0 0 0 -1 0 0 0 0 0 0
2.080615997314453 -1.8697214126586914 29.844451904296875 -0.17051818031663157 0.9853545301978901 0 0 0 -1 0 0 0 0 0 0
1.7707405090332031 -1.8414621353149414 29.50665283203125 0.34594659717815096 0.9382542043075843 0 0 0 -1 0 0 0 0 0 0
1.5166893005371094 -1.6617975234985352 29.168861389160156 0.7693631688992314 0.6388116423025905 0 0 0 -1 0 0 0 0 0 0
1.3867912292480469 -1.3790483474731445 28.83106231689453 0.9858609070108942 0.1675657245013339 0 0 0 -1 0 0 0 0 0 0
1.4159774780273438 -1.0692567825317383 28.493270874023438 0.9372146873118234 -0.3487529639831051 0 0 0 -1 0 0 0 0 0 0
1.596405029296875 -0.8157472610473633 28.155479431152344 0.6365087880048919 -0.7712694488909462 0 0 0 -1 0 0 0 0 0 0
1.8795394897460938 -0.6866922378540039 27.81768035888672 0.16461367158286225 -0.9863581191068532 0 0 0 -1 0 0 0 0 0 0
2.189239501953125 -0.7168092727661133 27.479888916015625 -0.3515500650138289 -0.9361690829058459 0 0 0 -1 0 0 0 0 0 0
2.442211151123047 -0.8979883193969727 27.14208984375 -0.7731678802092723 -0.634201410446792 0 0 0 -1 0 0 0 0 0 0
2.570415496826172 -1.1815118789672852 26.804298400878906 -0.9868456000892474 -0.16166558565289424 0 0 0 -1 0 0 0 0 0 0
2.5393753051757812 -1.4911203384399414 26.466506958007812 -0.9351114018571169 0.3543538713162556 0 0 0 -1 0 0 0 0 0 0
2.3574371337890625 -1.743546485900879 26.128707885742188 -0.6318859548581142 0.7750613782488774 0 0 0 -1 0 0 0 0 0 0
2.073535919189453 -1.8709039688110352 25.790916442871094 -0.1587142271858164 0.9873245637017289 0 0 0 -1 0 0 0 0 0 0
1.7640190124511719 -1.8389368057250977 25.45311737060547 0.35714840659738645 0.9340476517099906 0 0 0 -1 0 0 0 0 0 0
1.5121383666992188 -1.6562471389770508 25.115325927734375 0.776946925966865 0.629566099969367 0 0 0 -1 0 0 0 0 0 0
1.3856315612792969 -1.3719606399536133 24.77753448486328 0.987796147275992 0.15575227583154805 0 0 0 -1 0 0 0 0 0 0
1.4185218811035156 -1.062546730041504 24.439735412597656 0.9329755549701871 -0.3599397363838443 0 0 0 -1 0 0 0 0 0 0
1.6019668579101562 -0.8112115859985352 24.101943969726562 0.6272380537695177 -0.7788275957510928 0 0 0 -1 0 0 0 0 0 0
1.886627197265625 -0.6855554580688477 23.764144897460938 0.15280159986246739 -0.9882568851667415 0 0 0 -1 0 0 0 0 0 0
2.1959457397460938 -0.7193727493286133 23.426353454589844 -0.3627315784483906 -0.9318936645327831 0 0 0 -1 0 0 0 0 0 0
2.4467315673828125 -0.903569221496582 23.08856201171875 -0.7807056879393458 -0.6248988948775256 0 0 0 -1 0 0 0 0 0 0
2.571533203125 -1.188603401184082 22.750762939453125 -0.988710216006501 -0.14984027751034726 0 0 0 -1 0 0 0 0 0 0
2.536792755126953 -1.497818946838379 22.41297149658203 -0.9308057590857449 0.3655142115606591 0 0 0 -1 0 0 0 0 0 0
2.3518447875976562 -1.748051643371582 22.075172424316406 -0.6225582358672364 0.7825734744762783 0 0 0 -1 0 0 0 0 0 0
2.0664405822753906 -1.8720026016235352 21.737380981445312 -0.1468869572379884 0.9891532852866461 0 0 0 -1 0 0 0 0 0 0
1.7573280334472656 -1.8363351821899414 21.39958953857422 0.3682974011649421 0.9297080317471444 0 0 0 -1 0 0 0 0 0 0
1.5076522827148438 -1.650639533996582 21.061790466308594 0.7844299362332258 0.6202174418227345 0 0 0 -1 0 0 0 0 0 0
1.3845558166503906 -1.3648653030395508 20.7239990234375 0.9895884150781881 0.14392626147802176 0 0 0 -1 0 0 0 0 0 0
1.4211463928222656 -1.055863380432129 20.386199951171875 0.9286058541447466 -0.3710676052259285 0 0 0 -1 0 0 0 0 0 0
1.6075859069824219 -0.8067407608032227 20.04840850830078 0.6178711016089973 -0.7862794044081811 0 0 0 -1 0 0 0 0 0 0
1.8937301635742188 -0.6844987869262695 19.710617065429688 0.14096425077873312 -0.9900146867609543 0 0 0 -1 0 0 0 0 0 0
2.2026214599609375 -0.7220163345336914 19.372817993164062 -0.3738519026562586 -0.9274884122620052 0 0 0 -1 0 0 0 0 0 0
2.451183319091797 -0.9091997146606445 19.03502655029297 -0.7881272722623114 -0.6155123091509773 0 0 0 -1 0 0 0 0 0 0
2.5725669860839844 -1.1957063674926758 18.697227478027344 -0.9904318752145406 -0.13800253823393505 0 0 0 -1 0 0 0 0 0 0
2.5341262817382812 -1.5044870376586914 18.35943603515625 -0.9263626212155235 0.37663283714342355 0 0 0 -1 0 0 0 0 0 0
2.346202850341797 -1.752488136291504 18.021644592285156 -0.6131534663299243 0.7899638135557848 0 0 0 -1 0 0 0 0 0 0
2.0593299865722656 -1.8730134963989258 17.68384552001953 -0.13503960533282838 0.9908402015418802 0 0 0 -1 0 0 0 0 0 0
1.75067138671875 -1.8336496353149414 17.346054077148438 0.3793950629691282 0.9252347735546105 0 0 0 -1 0 0 0 0 0 0
1.5032310485839844 -1.6449823379516602 17.008262634277344 0.791794502873414 0.6107875778201806 0 0 0 -1 0 0 0 0 0 0
1.3835639953613281 -1.3577547073364258 16.67046356201172 0.991239263713499 0.13207846937605053 0 0 0 -1 0 0 0 0 0 0
1.4238510131835938 -1.049210548400879 16.332672119140625 0.9240947242662085 -0.38216349980520126 0 0 0 -1 0 0 0 0 0 0
1.6132583618164062 -0.8023386001586914 15.994874000549316 0.6084145843104833 -0.7936193631699656 0 0 0 -1 0 0 0 0 0 0
2.3972396850585938 0.8419599533081055 15.994874000549316 -0.6982160272136922 0.7158871275151749 0 0 0 1 0 0 0 0 0 0
2.5529861450195312 1.0990285873413086 16.324676513671875 -0.9577987975304241 0.287439495284266 0 0 0 1 0 0 0 0 0 0
2.5645217895507812 1.3993749618530273 16.65447235107422 -0.9770215815461816 -0.21314039784376396 0 0 0 1 0 0 0 0 0 0
2.4289474487304688 1.667628288269043 16.984275817871094 -0.7510693021999619 -0.6602233737856169 0 0 0 1 0 0 0 0 0 0
2.180286407470703 1.8364744186401367 17.314071655273438 -0.3366356056229356 -0.9416349977708345 0 0 0 1 0 0 0 0 0 0
1.8809394836425781 1.8635358810424805 17.643875122070312 0.16228262276887875 -0.9867443186293265 0 0 0 1 0 0 0 0 0 0
1.6060256958007812 1.742030143737793 17.973670959472656 0.6204689924597677 -0.7842309796201375 0 0 0 1 0 0 0 0 0 0
1.4245376586914062 1.5024404525756836 18.30347442626953 0.9229527283142845 -0.3849133166015677 0 0 0 1 0 0 0 0 0 0
1.3820152282714844 1.2048978805541992 18.633270263671875 0.9938220084536669 0.11098565453751126 0 0 0 1 0 0 0 0 0 0
1.4891319274902344 0.9240636825561523 18.96306610107422 0.8152921978762235 0.5790497664986637 0 0 0 1 0 0 0 0 0 0
1.7190017700195312 0.7304182052612305 19.292869567871094 0.43218386209263815 0.9017855118301089 0 0 0 1 0 0 0 0 0 0
2.013946533203125 0.6725492477416992 19.622665405273438 -0.05939681228185312 0.9982344507633236 0 0 0 1 0 0 0 0 0 0
2.2999496459960938 0.7649869918823242 19.952468872070312 -0.5360686784472862 0.8441743729750271 0 0 0 1 0 0 0 0 0 0
2.5052337646484375 0.9845266342163086 20.282264709472656 -0.8782109631872757 0.4782734616698672 0 0 0 1 0 0 0 0 0 0
2.578289031982422 1.2760801315307617 20.61206817626953 -0.9999707240598695 -0.007651864033041212 0 0 0 1 0 0 0 0 0 0
2.500782012939453 1.566481590270996 20.941864013671875 -0.8707917699658577 -0.49165200432798906 0 0 0 1 0 0 0 0 0 0
2.292163848876953 1.7828588485717773 21.27166748046875 -0.5230923512036285 -0.8522760070025789 0 0 0 1 0 0 0 0 0 0
2.004779815673828 1.870905876159668 21.601463317871094 -0.04411594387879086 -0.9990264178167079 0 0 0 1 0 0 0 0 0 0
1.71075439453125 1.8085355758666992 21.93126678466797 0.44592511561412773 -0.8950702716907352 0 0 0 1 0 0 0 0 0 0
1.4838714599609375 1.6113920211791992 22.261062622070312 0.824060256127067 -0.5665021573408108 0 0 0 1 0 0 0 0 0 0
1.3810653686523438 1.3289556503295898 22.590858459472656 0.9954034360994778 -0.0957705560250805 0 0 0 1 0 0 0 0 0 0
1.4281349182128906 1.0320959091186523 22.92066192626953 0.9169530036010661 0.39899522451651365 0 0 0 1 0 0 0 0 0 0
1.6132698059082031 0.795313835144043 23.250457763671875 0.608402100230619 0.7936289337183793 0 0 0 1 0 0 0 0 0 0
1.8900070190429688 0.6780233383178711 23.58026123046875 0.14716791086950878 0.989111523545401 0 0 0 1 0 0 0 0 0 0
2.18890380859375 0.7096662521362305 23.910057067871094 -0.35098818585666824 0.9363798873262097 0 0 0 1 0 0 0 0 0 0
2.434955596923828 0.8822927474975586 24.23986053466797 -0.7610743835965698 0.6486646149075047 0 0 0 1 0 0 0 0 0 0
2.5664100646972656 1.1525907516479492 24.569656372070312 -0.9801694573494141 0.1981611336245204 0 0 0 1 0 0 0 0 0 0
-0.7999114990234375 2.7342824935913086 24.569656372070312 0.9497582170547402 -0.3129845509557953 0 0 0 -1 0 0 0 0 0 0
-0.5953445434570312 3.0224790573120117 24.179893493652344 0.608815172523306 -0.7933120985497557 0 0 0 -1 0 0 0 0 0 0
-0.2640361785888672 3.1455297470092773 23.790130615234375 0.05663137515412339 -0.9983951559118027 0 0 0 -1 0 0 0 0 0 0
0.07906150817871094 3.060736656188965 23.400367736816406 -0.5151918597066246 -0.8570748786961555 0 0 0 -1 0 0 0 0 0 0
0.3149070739746094 2.797518730163574 23.010604858398438 -0.9082714227529444 -0.4183814319617236 0 0 0 -1 0 0 0 0 0 0
0.36167144775390625 2.447207450866699 22.62084197998047 -0.9862150409578344 0.165468706976688 0 0 0 -1 0 0 0 0 0 0
0.20313072204589844 2.131342887878418 22.2310791015625 -0.7219814326000379 0.6919124301389569 0 0 0 -1 0 0 0 0 0 0
-0.10570907592773438 1.959517478942871 21.84131622314453 -0.20724440815100245 0.9782891981873972 0 0 0 -1 0 0 0 0 0 0
-0.45769309997558594 1.9913511276245117 21.451553344726562 0.3793950629691282 0.9252347735546105 0 0 0 -1 0 0 0 0 0 0
-0.7306957244873047 2.215792655944824 21.061790466308594 0.834395488476175 0.5511661898289892 0 0 0 -1 0 0 0 0 0 0
-0.8299961090087891 2.554976463317871 20.672027587890625 0.9999000700577148 -0.014136827740941658 0 0 0 -1 0 0 0 0 0 0
-0.7211418151855469 2.8912153244018555 20.282264709472656 0.8184774595400011 -0.5745386394533841 0 0 0 -1 0 0 0 0 0 0
-0.44190025329589844 3.1078481674194336 19.892501831054688 0.3530715208374628 -0.9355963345233462 0 0 0 -1 0 0 0 0 0 0
-0.0891571044921875 3.129714012145996 19.50273895263672 -0.23483264276909446 -0.9720358171847799 0 0 0 -1 0 0 0 0 0 0
0.21469879150390625 2.949221611022949 19.11297607421875 -0.7412586154607005 -0.6712195356254802 0 0 0 -1 0 0 0 0 0 0
0.3642425537109375 2.629000663757324 18.72321319580078 -0.9904989818502016 -0.13752006018655508 0 0 0 -1 0 0 0 0 0 0
0.3075885772705078 2.2801504135131836 18.333450317382812 -0.8960770954368127 0.44389845576834946 0 0 0 -1 0 0 0 0 0 0
0.06439399719238281 2.0237112045288086 17.943687438964844 -0.4907501687543028 0.8713003339076737 0 0 0 -1 0 0 0 0 0 0
-0.28096580505371094 1.948653221130371 17.553924560546875 0.0848485336253928 0.9963938610517532 0 0 0 -1 0 0 0 0 0 0
-0.6086597442626953 2.0810232162475586 17.164161682128906 0.6310026735707295 0.7757806558213419 0 0 0 -1 0 0 0 0 0 0
-0.8049945831298828 2.374892234802246 16.774398803710938 0.9582292479766937 0.2860012383225289 0 0 0 -1 0 0 0 0 0 0
-0.801849365234375 2.728297233581543 16.38463592529297 0.9529875000144796 -0.30300961175538976 0 0 0 -1 0 0 0 0 0 0
-0.6003131866455078 3.0186262130737305 15.994874000549316 0.6170923980661034 -0.786890699048493 0 0 0 -1 0 0 0 0 0 0
-0.2703132629394531 3.1451406478881836 15.605111122131348 0.06709313460931801 -0.9977467170020136 0 0 0 -1 0 0 0 0 0 0
0.0736541748046875 3.0639448165893555 15.215348243713379 -0.5061831534513969 -0.8624260056155539 0 0 0 -1 0 0 0 0 0 0
0.31224632263183594 2.803217887878418 14.82558536529541 -0.9038378783266654 -0.427875086563768 0 0 0 -1 0 0 0 0 0 0
0.36268043518066406 2.453413963317871 14.435822486877441 -0.987895062421385 0.15512364630657696 0 0 0 -1 0 0 0 0 0 0
0.20745849609375 2.1359052658081055 14.046059608459473 -0.7291900229402338 0.6843112672201308 0 0 0 -1 0 0 0 0 0 0
-0.0995635986328125 1.9608526229858398 13.656296730041504 -0.21748698237266256 0.9760632215683743 0 0 0 -1 0 0 0 0 0 0
-0.4518623352050781 1.9889936447143555 13.266533851623535 0.3696780727420991 0.9291599014882677 0 0 0 -1 0 0 0 0 0 0
-0.7272014617919922 2.210566520690918 12.876770973205566 0.8285767303274448 0.5598755236299232 0 0 0 -1 0 0 0 0 0 0
-0.8300533294677734 2.548689842224121 12.487008094787598 0.9999932698006211 -0.003668835436754833 0 0 0 -1 0 0 0 0 0 0
-0.7247276306152344 2.886050224304199 12.097245216369629 0.8244514062357969 -0.565932751089577 0 0 0 -1 0 0 0 0 0 0
-0.4477729797363281 3.105597496032715 11.70748233795166 0.3628625879095261 -0.9318426596242531 0 0 0 -1 0 0 0 0 0 0
-0.09527778625488281 3.1311559677124023 11.317719459533691 -0.22463006344395484 -0.9744441156870747 0 0 0 -1 0 0 0 0 0 0
0.21045303344726562 2.953860282897949 10.927956581115723 -0.734184585000388 -0.6789499209424862 0 0 0 -1 0 0 0 0 0 0
-2.8354358673095703 0.8216238021850586 10.927956581115723 0.6616910259238478 0.7497766242100681 0 0 0 1 0 0 0 0 0 0
-2.4533843994140625 0.6716794967651367 11.382683753967285 0.02494145357339006 0.9996889135594366 0 0 0 1 0 0 0 0 0 0
-2.0643310546875 0.8023900985717773 11.837403297424316 -0.6234854425836356 0.7818349588540333 0 0 0 1 0 0 0 0 0 0
-1.8503189086914062 1.1525983810424805 12.292130470275879 -0.9801714162371018 0.19815144408192917 0 0 0 1 0 0 0 0 0 0
-1.9114856719970703 1.5584402084350586 12.74685001373291 -0.8782242375905907 -0.47824908625989637 0 0 0 1 0 0 0 0 0 0
-2.2192115783691406 1.830012321472168 13.201577186584473 -0.36535416878692173 -0.9308685897322013 0 0 0 1 0 0 0 0 0 0
-2.6295089721679688 1.8402471542358398 13.656296730041504 0.3184769887447272 -0.9479305922060385 0 0 0 1 0 0 0 0 0 0
-2.9503936767578125 1.5843572616577148 14.111023902893066 0.8532844683741535 -0.521445698065904 0 0 0 1 0 0 0 0 0 0
-3.0317211151123047 1.1820707321166992 14.565743446350098 0.9888324594166458 0.14903143025559298 0 0 0 1 0 0 0 0 0 0
-2.8354358673095703 0.8216238021850586 15.02047061920166 0.6616910259238478 0.7497766242100681 0 0 0 1 0 0 0 0 0 0
-2.4533843994140625 0.6716794967651367 15.475190162658691 0.02494145357339006 0.9996889135594366 0 0 0 1 0 0 0 0 0 0
-2.0643310546875 0.8023900985717773 15.929917335510254 -0.6234854425836356 0.7818349588540333 0 0 0 1 0 0 0 0 0 0
-1.8503189086914062 1.1525983810424805 16.38463592529297 -0.9801714162371018 0.19815144408192917 0 0 0 1 0 0 0 0 0 0
-1.9114856719970703 1.5584402084350586 16.83936309814453 -0.8782242375905907 -0.47824908625989637 0 0 0 1 0 0 0 0 0 0
-2.2192115783691406 1.830012321472168 17.294082641601562 -0.36535416878692173 -0.9308685897322013 0 0 0 1 0 0 0 0 0 0
-2.6295089721679688 1.8402471542358398 17.748809814453125 0.3184769887447272 -0.9479305922060385 0 0 0 1 0 0 0 0 0 0
-2.9503936767578125 1.5843572616577148 18.203529357910156 0.8532844683741535 -0.521445698065904 0 0 0 1 0 0 0 0 0 0
-3.0317211151123047 1.1820707321166992 18.65825653076172 0.9888324594166458 0.14903143025559298 0 0 0 1 0 0 0 0 0 0
-2.8354358673095703 0.8216238021850586 19.11297607421875 0.6616910259238478 0.7497766242100681 0 0 0 1 0 0 0 0 0 0
-1.9979114532470703 -0.8711366653442383 19.11297607421875 -0.7341789922747981 -0.6789559686035332 0 0 0 -1 0 0 0 0 0 0
-1.8386077880859375 -1.2635698318481445 18.637954711914062 -0.9996900315515744 -0.024896602507412303 0 0 0 -1 0 0 0 0 0 0
-1.9781761169433594 -1.6634416580200195 18.162933349609375 -0.7670764685900566 0.641555680619701 0 0 0 -1 0 0 0 0 0 0
-2.3470726013183594 -1.8715143203735352 17.687904357910156 -0.1522456139519316 0.9883426900789014 0 0 0 -1 0 0 0 0 0 0
-2.761486053466797 -1.7841081619262695 17.21288299560547 0.5384379665330035 0.8426651506949866 0 0 0 -1 0 0 0 0 0 0
-3.014925003051758 -1.4447717666625977 16.73786163330078 0.9608397640946222 0.27710457905742136 0 0 0 -1 0 0 0 0 0 0
-2.981107711791992 -1.0225954055786133 16.262840270996094 0.9044789620549238 -0.4265182378281701 0 0 0 -1 0 0 0 0 0 0
-2.676881790161133 -0.7279291152954102 15.787812232971191 0.3974329961456938 -0.917631196927533 0 0 0 -1 0 0 0 0 0 0
-2.2538394927978516 -0.7076082229614258 15.312790870666504 -0.30764014875136214 -0.9515027792267553 0 0 0 -1 0 0 0 0 0 0
-1.9227676391601562 -0.9717493057250977 14.837769508361816 -0.8594257051994982 -0.51126065489371 0 0 0 -1 0 0 0 0 0 0
-1.8486347198486328 -1.3887414932250977 14.362748146057129 -0.98297801912876 0.1837231991603094 0 0 0 -1 0 0 0 0 0 0
-2.0683746337890625 -1.7508058547973633 13.88771915435791 -0.6167462207892533 0.787162053926746 0 0 0 -1 0 0 0 0 0 0
-2.472501754760742 -1.8775415420532227 13.412697792053223 0.056799764572144404 0.9983855902127939 0 0 0 -1 0 0 0 0 0 0
-2.8596458435058594 -1.7057924270629883 12.937676429748535 0.7020398851553125 0.7121376269030556 0 0 0 -1 0 0 0 0 0 0
-3.036905288696289 -1.3211374282836914 12.462647438049316 0.9974732588171403 0.07104293029368906 0 0 0 -1 0 0 0 0 0 0
-2.91595458984375 -0.9152460098266602 11.987626075744629 0.7958904557462473 -0.6054406514696805 0 0 0 -1 0 0 0 0 0 0
-2.5570621490478516 -0.6903543472290039 11.512604713439941 0.19773407838610224 -0.9802556983995547 0 0 0 -1 0 0 0 0 0 0
-2.1390533447265625 -0.7585306167602539 11.037583351135254 -0.49894618757713594 -0.8666329683910262 0 0 0 -1 0 0 0 0 0 0
-1.8702125549316406 -1.0857934951782227 10.562554359436035 -0.9470125577785795 -0.32119653704495715 0 0 0 -1 0 0 0 0 0 0
-1.8844947814941406 -1.5090837478637695 10.087532997131348 -0.9232139573622096 0.3842863371648908 0 0 0 -1 0 0 0 0 0 0
-2.174783706665039 -1.8174867630004883 9.61251163482666 -0.43939666271536026 0.8982931441320279 0 0 0 -1 0 0 0 0 0 0
-2.596437454223633 -1.8573274612426758 9.137482643127441 0.263361383965664 0.9646972485892609 0 0 0 -1 0 0 0 0 0 0
-2.9393558502197266 -1.6087579727172852 8.662461280822754 0.8348908276942383 0.5504155755717944 0 0 0 -1 0 0 0 0 0 0
-3.0326709747314453 -1.1956377029418945 8.187439918518066 0.9904163199713584 -0.1381141308280648 0 0 0 -1 0 0 0 0 0 0
-2.8298873901367188 -0.8238077163696289 7.712418556213379 0.6524442109277688 -0.7578367579016216 0 0 0 -1 0 0 0 0 0 0
-2.4320449829101562 -0.6785440444946289 7.23738956451416 -0.0106306545892548 -0.9999434929949813 0 0 0 -1 0 0 0 0 0 0
-2.037382125854492 -0.8322267532348633 6.762368202209473 -0.6683942538065444 -0.7438071803084402 0 0 0 -1 0 0 0 0 0 0
-1.8425445556640625 -1.2082834243774414 6.287346839904785 -0.9931267658018252 -0.11704369717334781 0 0 0 -1 0 0 0 0 0 0
-1.9446182250976562 -1.619328498840332 5.812325477600098 -0.8230062378601072 0.5680323339769952 0 0 0 -1 0 0 0 0 0 0
-2.2927417755126953 -1.8605546951293945 5.337296485900879 -0.2427996086617122 0.9700764660755972 0 0 0 -1 0 0 0 0 0 0
-2.713451385498047 -1.8117609024047852 4.862275123596191 0.45838025583951786 0.8887561763816317 0 0 0 -1 0 0 0 0 0 0
-2.997121810913086 -1.4972620010375977 4.387253761291504 0.9311700904587769 0.3645850554191623 0 0 0 -1 0 0 0 0 0 0
-3.0024070739746094 -1.0737619400024414 3.912224531173706 0.9399737900733004 -0.34124664683368666 0 0 0 -1 0 0 0 0 0 0
0.35422706604003906 -2.6899423599243164 3.912224531173706 -0.9738040799653712 0.22738868450913993 0 0 0 1 0 0 0 0 0 0
0.3286247253417969 -2.3347063064575195 4.301987648010254 -0.931135140593218 -0.36467430667987555 0 0 0 1 0 0 0 0 0 0
0.106170654296875 -2.056565284729004 4.691750526428223 -0.5603781886917215 -0.8282368535863308 0 0 0 1 0 0 0 0 0 0
-0.2347564697265625 -1.953526496887207 5.081513404846191 0.00783697853996456 -0.9999692904121426 0 0 0 1 0 0 0 0 0 0
-0.5740261077880859 -2.061894416809082 5.47127628326416 0.5732846219937321 -0.8193562974588671 0 0 0 1 0 0 0 0 0 0
-0.7920970916748047 -2.3434839248657227 5.861039161682129 0.9367333868697675 -0.35004365716792285 0 0 0 1 0 0 0 0 0 0
-0.8121299743652344 -2.6990747451782227 6.250802040100098 0.9701253381272636 0.24260426278914052 0 0 0 1 0 0 0 0 0 0
-0.6270675659179688 -3.0033769607543945 6.640564918518066 0.6616878722545786 0.7497794073667323 0 0 0 1 0 0 0 0 0 0
2.4376258850097656 -0.8924646377563477 6.640564918518066 -0.7655282368839068 -0.6434022991359428 0 0 0 -1 0 0 0 0 0 0
2.5693283081054688 -1.1750917434692383 6.310769081115723 -0.9850345152333406 -0.17235719828025037 0 0 0 -1 0 0 0 0 0 0
2.5414199829101562 -1.485642433166504 5.980965614318848 -0.9385215226671773 0.34522072865122566 0 0 0 -1 0 0 0 0 0 0
2.361438751220703 -1.7402582168579102 5.651169776916504 -0.6385474459941132 0.7695824577096306 0 0 0 -1 0 0 0 0 0 0
2.0779876708984375 -1.8701715469360352 5.32137393951416 -0.16612898244758054 0.9861040316269535 0 0 0 -1 0 0 0 0 0 0
1.7676162719726562 -1.8402986526489258 4.991570472717285 0.3511541803041384 0.9363176499751185 0 0 0 -1 0 0 0 0 0 0
1.5141448974609375 -1.6587114334106445 4.661774635314941 0.7736077607270279 0.6336647635326693 0 0 0 -1 0 0 0 0 0 0
1.3860282897949219 -1.3744440078735352 4.331971168518066 0.9871344491964784 0.15989239884861692 0 0 0 -1 0 0 0 0 0 0
1.4178619384765625 -1.0642709732055664 4.002175331115723 0.9340781415802004 -0.3570686564543005 0 0 0 -1 0 0 0 0 0 0
1.6010475158691406 -0.8119516372680664 3.6723716259002686 0.6287720945137726 -0.7775896431671161 0 0 0 -1 0 0 0 0 0 0
1.8861198425292969 -0.6856317520141602 3.342575788497925 0.15364200874515072 -0.9881265774933671 0 0 0 -1 0 0 0 0 0 0
2.196086883544922 -0.719426155090332 3.01277232170105 -0.36296651915988093 -0.9318021817794588 0 0 0 -1 0 0 0 0 0 0
2.4472427368164062 -0.9042062759399414 2.682976484298706 -0.7815579291190176 -0.6238326726223891 0 0 0 -1 0 0 0 0 0 0
2.5717544555664062 -1.1900720596313477 2.353173017501831 -0.9890778615113481 -0.14739397500623425 0 0 0 -1 0 0 0 0 0 0
1.3926925659179688 1.1409025192260742 2.353173017501831 0.976026549739675 0.21765149713077014 0 0 0 1 0 0 0 0 0 0
1.5425643920898438 0.8590230941772461 2.6649863719940186 0.726233883163549 0.6874477048803005 0 0 0 1 0 0 0 0 0 0
1.8157997131347656 0.6939191818237305 2.976799726486206 0.27084532483295887 0.9626228804761131 0 0 0 1 0 0 0 0 0 0
2.135040283203125 0.6923246383666992 3.2886054515838623 -0.2612181696624787 0.9652797873353532 0 0 0 1 0 0 0 0 0 0
2.4099082946777344 0.8546934127807617 3.60041880607605 -0.7193353399120672 0.6946629893362614 0 0 0 1 0 0 0 0 0 0
2.562591552734375 1.1350584030151367 3.912224531173706 -0.9738037896202347 0.22738992792397283 0 0 0 1 0 0 0 0 0 0
-0.7940425872802734 2.751235008239746 3.912224531173706 0.9399780421141116 -0.34123493423640144 0 0 0 -1 0 0 0 0 0 0
-0.5793113708496094 3.034365653991699 3.5224616527557373 0.5820890564694006 -0.8131250397931201 0 0 0 -1 0 0 0 0 0 0
-0.2420787811279297 3.146368980407715 3.1326987743377686 0.020038394712461313 -0.9997992112106048 0 0 0 -1 0 0 0 0 0 0
0.09937095642089844 3.0479650497436523 2.7429358959198 -0.549048251981366 -0.8357906538100354 0 0 0 -1 0 0 0 0 0 0
0.3252735137939453 2.7736692428588867 2.353173017501831 -0.9255482969933734 -0.37862956822290866 0 0 0 -1 0 0 0 0 0 0
0.35639190673828125 2.4196882247924805 1.9634101390838623 -0.9774139151396404 0.21133395016276987 0 0 0 -1 0 0 0 0 0 0
0.1818103790283203 2.110182762145996 1.5736472606658936 -0.6864439601456229 0.7271827071510943 0 0 0 -1 0 0 0 0 0 0
-0.13723373413085938 1.9537153244018555 1.1838843822479248 -0.15470270281506873 0.9879610689403264 0 0 0 -1 0 0 0 0 0 0
-0.48883628845214844 2.00516414642334 0.794121503829956 0.43130125494674715 0.9022079735190557 0 0 0 -1 0 0 0 0 0 0
-0.7496700286865234 2.2464895248413086 0.4043586254119873 0.8660216332648507 0.5000065306746309 0 0 0 -1 0 0 0 0 0 0
-0.8282489776611328 2.5930356979370117 0.014595753513276577 0.9969866832108728 -0.0775728915290818 0 0 0 -1 0 0 0 0 0 0
-0.6970081329345703 2.923262596130371 -0.3751671314239502 0.7782513685764509 -0.6279528702927324 0 0 0 -1 0 0 0 0 0 0
-0.40198516845703125 3.1213293075561523 -0.764930009841919 0.2865521114145069 -0.9580646572355583 0 0 0 -1 0 0 0 0 0 0
-0.04665565490722656 3.11777400970459 -1.1546928882598877 -0.30566958658576093 -0.9521376496266125 0 0 0 -1 0 0 0 0 0 0
0.24434471130371094 2.9138364791870117 -1.5444557666778564 -0.7906725501064847 -0.6122392657353074 0 0 0 -1 0 0 0 0 0 0
0.36894798278808594 2.5810537338256836 -1.9342186450958252 -0.9983396315145172 -0.05760191097053976 0 0 0 -1 0 0 0 0 0 0
0.283447265625 2.236147880554199 -2.323981523513794 -0.855840216995623 0.517240295194492 0 0 0 -1 0 0 0 0 0 0
0.017833707854151726 2.000094413757324 -2.7137444019317627 -0.41315066606967604 0.9106626856999156 0 0 0 -1 0 0 0 0 0 0
-0.33472633361816406 1.9556913375854492 -3.1035072803497314 0.1744499880867119 0.9846660355961031 0 0 0 -1 0 0 0 0 0 0
-0.6505756378173828 2.118514060974121 -3.4932701587677 0.7008665775832731 0.7132923947629822 0 0 0 -1 0 0 0 0 0 0
-0.8189239501953125 2.431452751159668 -3.883033037185669 0.9814468963160419 0.19173416417427652 0 0 0 -1 0 0 0 0 0 0
-0.7807273864746094 2.7847394943237305 -4.272795677185059 0.9177859886559365 -0.39707540722996826 0 0 0 -1 0 0 0 0 0 0
-0.5493793487548828 3.0544614791870117 -4.662558555603027 0.5322057815648881 -0.8466150282559994 0 0 0 -1 0 0 0 0 0 0
-0.20602798461914062 3.146010398864746 -5.052321434020996 -0.040048466471931526 -0.9991977383547495 0 0 0 -1 0 0 0 0 0 0
0.12889480590820312 3.027277946472168 -5.442084312438965 -0.5982500922403949 -0.8013094453045958 0 0 0 -1 0 0 0 0 0 0
0.33791351318359375 2.73990535736084 -5.831847190856934 -0.9466192426785852 -0.3223538574154519 0 0 0 -1 0 0 0 0 0 0
0.34771728515625 2.3846960067749023 -6.221610069274902 -0.9629573196337654 0.2696538532336488 0 0 0 -1 0 0 0 0 0 0
0.1548633575439453 2.0862340927124023 -6.611372947692871 -0.641534194587818 0.7670944382372744 0 0 0 -1 0 0 0 0 0 0
-0.1730022430419922 1.9492101669311523 -7.00113582611084 -0.09509261958181099 0.9954684292839573 0 0 0 -1 0 0 0 0 0 0
-0.5208797454833984 2.0216856002807617 -7.390898704528809 0.4847076611448382 0.8746762162237525 0 0 0 -1 0 0 0 0 0 0
-0.7667503356933594 2.27823543548584 -7.780657768249512 0.894487768981444 0.4470924190171409 0 0 0 -1 0 0 0 0 0 0
-0.8243732452392578 2.628878593444824 -8.17042064666748 0.9905286323769122 -0.1373063306680484 0 0 0 -1 0 0 0 0 0 0
-0.6735382080078125 2.950625419616699 -8.56018352508545 0.7391384300620552 -0.6735535473927815 0 0 0 -1 0 0 0 0 0 0
-0.36714935302734375 3.130618095397949 -8.949946403503418 0.22848960448213632 -0.9735463525911835 0 0 0 -1 0 0 0 0 0 0
-0.01267623994499445 3.105727195739746 -9.339709281921387 -0.3623033151992161 -0.9320602490159408 0 0 0 -1 0 0 0 0 0 0
0.2655506134033203 2.8846845626831055 -9.729472160339355 -0.8260104449402355 -0.5636548100119736 0 0 0 -1 0 0 0 0 0 0
0.36994171142578125 2.545016288757324 -10.119235038757324 -0.9999969812783631 0.0024571190775138857 0 0 0 -1 0 0 0 0 0 0
0.2638816833496094 2.205866813659668 -10.508997917175293 -0.8232306882070577 0.5677069966048809 0 0 0 -1 0 0 0 0 0 0
-0.015428544022142887 1.9861936569213867 -10.898760795593262 -0.35771377788810393 0.9338312765746392 0 0 0 -1 0 0 0 0 0 0
-0.3700218200683594 1.9630460739135742 -11.28852367401123 0.2332742909445228 0.9724109754544785 0 0 0 -1 0 0 0 0 0 0
-0.6755199432373047 2.1445417404174805 -11.6782865524292 0.7424383034847908 0.6699144464173209 0 0 0 -1 0 0 0 0 0 0
-0.8247699737548828 2.467024803161621 -12.068049430847168 0.9911898399863227 0.13244886223704674 0 0 0 -1 0 0 0 0 0 0
-0.7654247283935547 2.8173818588256836 -12.457812309265137 0.8922807547097418 -0.4514809572668747 0 0 0 -1 0 0 0 0 0 0
-0.5182952880859375 3.0727224349975586 -12.847575187683105 0.4803972341320342 -0.877051023281024 0 0 0 -1 0 0 0 0 0 0
-0.17006492614746094 3.1434850692749023 -13.237338066101074 -0.09998471208562766 -0.9949889734811909 0 0 0 -1 0 0 0 0 0 0
-2.4324417114257812 0.6715192794799805 -13.237338066101074 -0.00996864911101473 0.9999503117829912 0 0 0 1 0 0 0 0 0 0
-2.0439834594726562 0.8193655014038086 -12.791895866394043 -0.6573997947095371 0.7535419762135739 0 0 0 1 0 0 0 0 0 0
-1.844808578491211 1.1841764450073242 -12.346449851989746 -0.9893553349512494 0.1455198309630041 0 0 0 1 0 0 0 0 0 0
-1.9305000305175781 1.5908880233764648 -11.901007652282715 -0.8465355759416331 -0.532332150696506 0 0 0 1 0 0 0 0 0 0
-2.2599334716796875 1.8443288803100586 -11.455565452575684 -0.29747889025876517 -0.9547283958542417 0 0 0 1 0 0 0 0 0 0
-2.675020217895508 1.822871208190918 -11.010123252868652 0.39433158124077883 -0.9189682279796986 0 0 0 1 0 0 0 0 0 0
-2.9765682220458984 1.536818504333496 -10.564677238464355 0.8969107394833971 -0.4422116296518509 0 0 0 1 0 0 0 0 0 0
-3.019866943359375 1.1234350204467773 -10.119235038757324 0.9690749813668661 0.2467664492770599 0 0 0 1 0 0 0 0 0 0
-1.8443279266357422 -1.1945276260375977 -10.119235038757324 -0.9901563251925106 -0.1399658947074732 0 0 0 -1 0 0 0 0 0 0
-1.9730854034423828 -1.657273292541504 -10.63891887664795 -0.7755594488035495 0.6312745372431351 0 0 0 -1 0 0 0 0 0 0
-2.400064468383789 -1.8772821426391602 -11.158602714538574 -0.06392957875016209 0.9979544122658244 0 0 0 -1 0 0 0 0 0 0
-2.851625442504883 -1.7135515213012695 -11.6782865524292 0.6886742672876616 0.7250708610720765 0 0 0 -1 0 0 0 0 0 0
-3.0383739471435547 -1.2710161209106445 -12.197970390319824 0.9999220278179075 -0.012487525156093119 0 0 0 -1 0 0 0 0 0 0
-2.8406295776367188 -0.8332796096801758 -12.71765422821045 0.670347745293037 -0.7420471011873447 0 0 0 -1 0 0 0 0 0 0
-2.385120391845703 -0.680882453918457 -13.237338066101074 -0.08883811888529405 -0.9960460775651507 0 0 0 -1 0 0 0 0 0 0
-1.9637699127197266 -0.9114847183227539 -13.7570219039917 -0.7910832434709374 -0.611708510566513 0 0 0 -1 0 0 0 0 0 0
-1.8466110229492188 -1.377305030822754 -14.276705741882324 -0.9863503751036452 0.16466006660055277 0 0 0 -1 0 0 0 0 0 0
-2.1087265014648438 -1.7798089981079102 -14.79638957977295 -0.549491619639216 0.835499227974671 0 0 0 -1 0 0 0 0 0 0
-2.582134246826172 -1.8610429763793945 -15.316073417663574 0.23952492394232272 0.9708902156322435 0 0 0 -1 0 0 0 0 0 0
-2.96343994140625 -1.5689477920532227 -15.8357572555542 0.8750325257078856 0.4840641269018793 0 0 0 -1 0 0 0 0 0 0
-3.0082759857177734 -1.0907182693481445 -16.35544204711914 0.9497582170547402 -0.3129845509557953 0 0 0 -1 0 0 0 0 0 0
0.3580436706542969 -2.672410011291504 -16.35544204711914 -0.9801668376795053 0.19817409092350602 0 0 0 1 0 0 0 0 0 0
0.3215961456298828 -2.3175439834594727 -15.965678215026855 -0.919421620835129 -0.39327329319558924 0 0 0 1 0 0 0 0 0 0
0.09014129638671875 -2.0460901260375977 -15.575915336608887 -0.5336649583186707 -0.8456959928146351 0 0 0 1 0 0 0 0 0 0
-0.2545013427734375 -1.9540071487426758 -15.186152458190918 0.0407443088397274 -0.999169605871382 0 0 0 1 0 0 0 0 0 0
-0.5905017852783203 -2.0738420486450195 -14.79638957977295 0.6007393429345262 -0.7994449586122823 0 0 0 1 0 0 0 0 0 0
-0.7990894317626953 -2.3632402420043945 -14.40662670135498 0.9483878076166594 -0.3171128606096992 0 0 0 1 0 0 0 0 0 0
-0.8065242767333984 -2.719895362854004 -14.016863822937012 0.9607782436124745 0.2773178079405082 0 0 0 1 0 0 0 0 0 0
-0.6101837158203125 -3.0177316665649414 -13.627100944519043 0.6335502526229345 0.773701542845441 0 0 0 1 0 0 0 0 0 0
-0.2794685363769531 -3.1514711380004883 -13.237338066101074 0.08235277722011601 0.9966032410564065 0 0 0 1 0 0 0 0 0 0
0.06871223449707031 -3.0738344192504883 -12.847575187683105 -0.4979436202215108 0.8672094044005151 0 0 0 1 0 0 0 0 0 0
0.3112812042236328 -2.8122644424438477 -12.457812309265137 -0.90222742767138 0.43126055785045425 0 0 0 1 0 0 0 0 0 0
0.3624897003173828 -2.459225654602051 -12.068049430847168 -0.9875758153563655 -0.15714327514472193 0 0 0 1 0 0 0 0 0 0
0.20423507690429688 -2.1395158767700195 -11.6782865524292 -0.7238182044511526 -0.6899907295791079 0 0 0 1 0 0 0 0 0 0
-0.10753822326660156 -1.9661531448364258 -11.28852367401123 -0.20420067292009417 -0.9789290501251766 0 0 0 1 0 0 0 0 0 0
-0.4626197814941406 -2.000412940979004 -10.898760795593262 0.38760402395779053 -0.9218259708924069 0 0 0 1 0 0 0 0 0 0
-0.7354927062988281 -2.230191230773926 -10.508997917175293 0.8423944519309203 -0.5388613804644051 0 0 0 1 0 0 0 0 0 0
-0.8296966552734375 -2.5742616653442383 -10.119235038757324 0.9994015738813982 0.03459037616714305 0 0 0 1 0 0 0 0 0 0
-0.7119312286376953 -2.910996437072754 -9.729472160339355 0.8031240925973014 0.5958117923386222 0 0 0 1 0 0 0 0 0 0
-0.4238262176513672 -3.1213579177856445 -9.339709281921387 0.3229482754619542 0.94641661617712 0 0 0 1 0 0 0 0 0 0
-0.06722259521484375 -3.1309900283813477 -8.949946403503418 -0.27139274380550565 0.9624686896776014 0 0 0 1 0 0 0 0 0 0
0.23181915283203125 -2.93648624420166 -8.56018352508545 -0.7697906357993186 0.6382964648466111 0 0 0 1 0 0 0 0 0 0
0.36758995056152344 -2.606602668762207 -8.17042064666748 -0.9960771031521755 0.08848957326132055 0 0 0 1 0 0 0 0 0 0
0.2920970916748047 -2.2579469680786133 -7.780657768249512 -0.8702554946528562 -0.4926006232502272 0 0 0 1 0 0 0 0 0 0
0.032024383544921875 -2.0137758255004883 -7.390898704528809 -0.4368029337759722 -0.8995572227739065 0 0 0 1 0 0 0 0 0 0
-0.3206901550292969 -1.960392951965332 -7.00113582611084 0.15105676736689053 -0.9885250897335207 0 0 0 1 0 0 0 0 0 0
-0.6413688659667969 -2.1166772842407227 -6.611372947692871 0.6855256699812089 -0.728048457038963 0 0 0 1 0 0 0 0 0 0
-0.8166484832763672 -2.4273767471313477 -6.221610069274902 0.9776532457702667 -0.21022400204273142 0 0 0 1 0 0 0 0 0 0
-0.7845726013183594 -2.7826623916625977 -5.831847190856934 0.9241957908777669 0.38191902299285785 0 0 0 1 0 0 0 0 0 0
-0.5564785003662109 -3.0569467544555664 -5.442084312438965 0.5440356097514361 0.8390621284043173 0 0 0 1 0 0 0 0 0 0
-0.2129955291748047 -3.1532678604125977 -5.052321434020996 -0.028436297635453626 0.9995956067214321 0 0 0 1 0 0 0 0 0 0
0.12445640563964844 -3.0375757217407227 -4.662558555603027 -0.590857930870939 0.8067756227892069 0 0 0 1 0 0 0 0 0 0
0.3365898132324219 -2.7507715225219727 -4.272795677185059 -0.9444100339648075 0.3287699617461898 0 0 0 1 0 0 0 0 0 0
0.3484172821044922 -2.3942346572875977 -3.883033037185669 -0.9641226265045486 -0.26545726786428503 0 0 0 1 0 0 0 0 0 0
0.15575599670410156 -2.093998908996582 -3.4932701587677 -0.6430151176454052 -0.76585348368958 0 0 0 1 0 0 0 0 0 0
-0.17328643798828125 -1.9562005996704102 -3.1035072803497314 -0.09461583444743775 -0.9955138592062971 0 0 0 1 0 0 0 0 0 0
-0.5223979949951172 -2.029545783996582 -2.7137444019317627 0.48723584393645375 -0.8732704233990362 0 0 0 1 0 0 0 0 0 0
-0.7681674957275391 -2.28810977935791 -2.323981523513794 0.8968497139163316 -0.4423353825415663 0 0 0 1 0 0 0 0 0 0
-0.8237190246582031 -2.640488624572754 -1.9342186450958252 0.9894377231939758 0.14495858691612948 0 0 0 1 0 0 0 0 0 0
-0.6694126129150391 -2.962124824523926 -1.5444557666778564 0.7322599922265849 0.6810251858663685 0 0 0 1 0 0 0 0 0 0
-0.3597984313964844 -3.1393136978149414 -1.1546928882598877 0.2162378160170035 0.9763407227623954 0 0 0 1 0 0 0 0 0 0
-0.004320145584642887 -3.1094255447387695 -0.764930009841919 -0.3762265650857316 0.9265276961450165 0 0 0 1 0 0 0 0 0 0
0.2713623046875 -2.883023262023926 -0.3751671314239502 -0.8356966530899861 0.5491913182254389 0 0 0 1 0 0 0 0 0 0
0.3697948455810547 -2.5401391983032227 0.014595753513276577 -0.9997517192324559 -0.022282277526071342 0 0 0 1 0 0 0 0 0 0
0.2561836242675781 -2.201981544494629 0.4043586254119873 -0.810397483824461 -0.5858804640973984 0 0 0 1 0 0 0 0 0 0
-0.029310228303074837 -1.9880876541137695 0.794121503829956 -0.3345781154517501 -0.9423680197570138 0 0 0 1 0 0 0 0 0 0
-0.38576698303222656 -1.974064826965332 1.1838843822479248 0.2595151579743085 -0.9657390345127248 0 0 0 1 0 0 0 0 0 0
-0.6871814727783203 -2.1648759841918945 1.5736472606658936 0.7618742591511085 -0.6477249518452639 0 0 0 1 0 0 0 0 0 0
-0.8270034790039062 -2.4930620193481445 1.9634101390838623 0.9949126144821804 -0.10074169714786493 0 0 0 1 0 0 0 0 0 0
-0.7558097839355469 -2.842617988586426 2.353173017501831 0.8762538072425812 0.4818498368712822 0 0 0 1 0 0 0 0 0 0
-0.4987640380859375 -3.0899744033813477 2.7429358959198 0.44784627568967234 0.8941105710989498 0 0 0 1 0 0 0 0 0 0
-0.14673233032226562 -3.1476945877075195 3.1326987743377686 -0.13887232379198491 0.9903102936376124 0 0 0 1 0 0 0 0 0 0
0.17584609985351562 -2.9953737258911133 3.5224616527557373 -0.6765036184621784 0.7364393078914102 0 0 0 1 0 0 0 0 0 0
-2.7890701293945312 -0.7916345596313477 3.5224616527557373 0.5844081687018399 -0.8114598525833314 0 0 0 -1 0 0 0 0 0 0
-2.388856887817383 -0.6805582046508789 3.0839850902557373 -0.08260999626219513 -0.9965819527352278 0 0 0 -1 0 0 0 0 0 0
-2.0123939514160156 -0.8560152053833008 2.645500898361206 -0.7100430203128986 -0.7041582984705475 0 0 0 -1 0 0 0 0 0 0
-1.8400802612304688 -1.2339258193969727 2.207016706466675 -0.9972353315228754 -0.07430809890221364 0 0 0 -1 0 0 0 0 0 0
-1.9544849395751953 -1.6331987380981445 1.7685325145721436 -0.8065647666604412 0.5911457326091325 0 0 0 -1 0 0 0 0 0 0
-2.3007869720458984 -1.8625078201293945 1.3300483226776123 -0.22939296077686466 0.9733338941730241 0 0 0 -1 0 0 0 0 0 0
-2.713043212890625 -1.8119707107543945 0.891564130783081 0.4577022589769953 0.8891055292412455 0 0 0 -1 0 0 0 0 0 0
-2.993701934814453 -1.505803108215332 0.4530799388885498 0.9254693718206115 0.37882244102212653 0 0 0 -1 0 0 0 0 0 0
-3.0082759857177734 -1.0907182693481445 0.014595753513276577 0.9497582170547402 -0.3129845509557953 0 0 0 -1 0 0 0 0 0 0
-1.850320816040039 1.1525907516479492 0.014595753513276577 -0.9801692370622764 0.19816222323327695 0 0 0 1 0 0 0 0 0 0
-1.9123554229736328 1.5600309371948242 0.47214579582214355 -0.8767757849811699 -0.48089938955113387 0 0 0 1 0 0 0 0 0 0
-2.2225990295410156 1.8313322067260742 0.9296958446502686 -0.35970072839374156 -0.9330677285133226 0 0 0 1 0 0 0 0 0 0
-2.634672164916992 1.8384885787963867 1.3872458934783936 0.3270805063510811 -0.9449964774352974 0 0 0 1 0 0 0 0 0 0
-2.954151153564453 1.5781240463256836 1.8447883129119873 0.8595481427974889 -0.5110547820081401 0 0 0 1 0 0 0 0 0 0
-3.0302963256835938 1.1730833053588867 2.3023383617401123 0.9864587393253906 0.1640096204756325 0 0 0 1 0 0 0 0 0 0
-2.8271827697753906 0.8144750595092773 2.7598884105682373 0.647937252137137 0.7616937161963306 0 0 0 1 0 0 0 0 0 0
-2.440643310546875 0.6714963912963867 3.217430830001831 0.003702514788513685 0.9999931456686294 0 0 0 1 0 0 0 0 0 0
-2.0530548095703125 0.8116064071655273 3.674980878829956 -0.6422766069468971 0.7664729350530135 0 0 0 1 0 0 0 0 0 0
-1.8472919464111328 1.1687002182006836 4.13253116607666 -0.9852145544706927 0.1713250759787211 0 0 0 1 0 0 0 0 0 0
-1.9204349517822266 1.574294090270996 4.590073585510254 -0.8633105566752273 -0.5046730453799859 0 0 0 1 0 0 0 0 0 0
-2.23797607421875 1.837019920349121 5.047623634338379 -0.33407310227596837 -0.9425471671676227 0 0 0 1 0 0 0 0 0 0
-2.6500911712646484 1.8329153060913086 5.505173683166504 0.35278400703013524 -0.9357047848460333 0 0 0 1 0 0 0 0 0 0
-2.9623355865478516 1.563918113708496 5.962716102600098 0.8731931493067749 -0.4873743161100268 0 0 0 1 0 0 0 0 0 0
-3.0273876190185547 1.1569509506225586 6.420266151428223 0.9816089659557112 0.19090269237325894 0 0 0 1 0 0 0 0 0 0
-2.8145523071289062 0.8040227890014648 6.877816200256348 0.6268811099362968 0.7791149299076721 0 0 0 1 0 0 0 0 0 0
-2.4242496490478516 0.671656608581543 7.335366249084473 -0.023617225314904598 0.999721074434477 0 0 0 1 0 0 0 0 0 0
-2.0406360626220703 0.8223066329956055 7.792908668518066 -0.6629712916886445 0.7486448199224319 0 0 0 1 0 0 0 0 0 0
-1.8447036743164062 1.184889793395996 8.250458717346191 -0.9895279237186767 0.14434156775165144 0 0 0 1 0 0 0 0 0 0
-1.9289016723632812 1.588332176208496 8.708008766174316 -0.8492012904616171 -0.5280692835966926 0 0 0 1 0 0 0 0 0 0
-2.253499984741211 1.8422842025756836 9.16555118560791 -0.30820561394029783 -0.9513197672369077 0 0 0 1 0 0 0 0 0 0
-2.6653499603271484 1.8269224166870117 9.623101234436035 0.37821690323806795 -0.9257170054098638 0 0 0 1 0 0 0 0 0 0
-2.9701290130615234 1.549494743347168 10.08065128326416 0.886181000383704 -0.4633392219086761 0 0 0 1 0 0 0 0 0 0
-3.024038314819336 1.1409025192260742 10.538193702697754 0.9760268154889394 0.2176503054133395 0 0 0 1 0 0 0 0 0 0
0.3633899688720703 2.6349287033081055 10.538193702697754 -0.9890779835038923 -0.14739315638072858 0 0 0 -1 0 0 0 0 0 0
0.3093280792236328 2.2836904525756836 10.148430824279785 -0.8989766730650983 0.4379965083020722 0 0 0 -1 0 0 0 0 0 0
0.06604385375976562 2.0246458053588867 9.758667945861816 -0.49350138905733437 0.8697450080330908 0 0 0 -1 0 0 0 0 0 0
-0.2811145782470703 1.9486684799194336 9.368905067443848 0.08509643481112789 0.9963727198104309 0 0 0 -1 0 0 0 0 0 0
-0.6103610992431641 2.082411766052246 8.979142189025879 0.63384032404779 0.7734639252162913 0 0 0 -1 0 0 0 0 0 0
-0.8061943054199219 2.378962516784668 8.58937931060791 0.9602293212037921 0.27921255469714223 0 0 0 -1 0 0 0 0 0 0
-0.7999114990234375 2.7342824935913086 8.199616432189941 0.9497582170547402 -0.3129845509557953 0 0 0 -1 0 0 0 0 0 0
2.5664100646972656 1.1525907516479492 8.199616432189941 -0.9801694573494141 0.1981611336245204 0 0 0 1 0 0 0 0 0 0
2.551654815673828 1.4483327865600586 8.521599769592285 -0.9555774375101688 -0.29474015831151973 0 0 0 1 0 0 0 0 0 0
2.397258758544922 1.701003074645996 8.843575477600098 -0.6982501009776215 -0.7158538932524856 0 0 0 1 0 0 0 0 0 0
2.1408233642578125 1.8490629196166992 9.16555118560791 -0.2708557215077253 -0.9626199551881988 0 0 0 1 0 0 0 0 0 0
1.8448066711425781 1.8564519882202148 9.487534523010254 0.22250795885498098 -0.9749308735731934 0 0 0 1 0 0 0 0 0 0
1.5813064575195312 1.721369743347168 9.809510231018066 0.6616672784202134 -0.7497975811297257 0 0 0 1 0 0 0 0 0 0
1.4144973754882812 1.4767141342163086 10.131485939025879 0.9396875688468389 -0.342034023095243 0 0 0 1 0 0 0 0 0 0
1.385009765625 1.1820783615112305 10.453461647033691 0.9888339881952438 0.14902128636503045 0 0 0 1 0 0 0 0 0 0
1.5000228881835938 0.9092168807983398 10.775444984436035 0.797142058341831 0.6037918008904634 0 0 0 1 0 0 0 0 0 0
1.7315254211425781 0.7245931625366211 11.097420692443848 0.4113026222034578 0.9114988496803271 0 0 0 1 0 0 0 0 0 0
2.0231361389160156 0.6731672286987305 11.41939640045166 -0.07471184955562617 0.9972051642144547 0 0 0 1 0 0 0 0 0 0
2.3038253784179688 0.7674703598022461 11.741379737854004 -0.5425318643556305 0.840035223165555 0 0 0 1 0 0 0 0 0 0
2.505237579345703 0.9845304489135742 12.063355445861816 -0.8782182420646714 0.4782600958734046 0 0 0 1 0 0 0 0 0 0
2.57830810546875 1.271479606628418 12.385331153869629 -0.9999999997482371 0.000022439385603972604 0 0 0 1 0 0 0 0 0 0
2.5052452087402344 1.5584325790405273 12.707314491271973 -0.8782276668784177 -0.4782427888941879 0 0 0 1 0 0 0 0 0 0
2.303844451904297 1.7755002975463867 13.029290199279785 -0.5425607291390661 -0.8400165803102253 0 0 0 1 0 0 0 0 0 0
2.0231552124023438 1.8698110580444336 13.351265907287598 -0.07474615686938738 -0.9972025932744342 0 0 0 1 0 0 0 0 0 0
1.7315444946289062 1.8184003829956055 13.673249244689941 0.41126624458005956 -0.9115152637608516 0 0 0 1 0 0 0 0 0 0
1.5000343322753906 1.6337804794311523 13.995224952697754 0.7971271675142149 -0.6038114596550523 0 0 0 1 0 0 0 0 0 0
1.385009765625 1.360926628112793 14.317200660705566 0.988827623294518 -0.14906351468322063 0 0 0 1 0 0 0 0 0 0
1.41448974609375 1.0662870407104492 14.639176368713379 0.9396960932672782 0.3420106026108179 0 0 0 1 0 0 0 0 0 0
1.5812911987304688 0.8216276168823242 14.961159706115723 0.6616910259238478 0.7497766242100681 0 0 0 1 0 0 0 0 0 0
1.84478759765625 0.6865377426147461 15.283135414123535 0.2225317211274587 0.9749254500176159 0 0 0 1 0 0 0 0 0 0
2.1408042907714844 0.6939153671264648 15.605111122131348 -0.27083200294760534 0.9626266286465321 0 0 0 1 0 0 0 0 0 0
1.8913612365722656 -0.6848421096801758 15.605111122131348 0.14491384633696805 -0.9894442769250958 0 0 0 -1 0 0 0 0 0 0
2.1773338317871094 -0.7124795913696289 15.293305397033691 -0.3317089343427986 -0.9433817800218344 0 0 0 -1 0 0 0 0 0 0
2.4176712036132812 -0.8699007034301758 14.981492042541504 -0.7322733926245524 -0.6810107770469774 0 0 0 -1 0 0 0 0 0 0
2.557270050048828 -1.1210145950317383 14.669686317443848 -0.9649363100101946 -0.2624841283276185 0 0 0 -1 0 0 0 0 0 0
2.564117431640625 -1.4082345962524414 14.35787296295166 -0.9763483529343274 0.21620336195911893 0 0 0 -1 0 0 0 0 0 0
2.4366455078125 -1.665715217590332 14.046059608459473 -0.7638916333428635 0.6453445378313604 0 0 0 -1 0 0 0 0 0 0
2.204082489013672 -1.8344087600708008 13.734253883361816 -0.3762873625758395 0.9265030063446739 0 0 0 -1 0 0 0 0 0 0
1.9197502136230469 -1.875645637512207 13.422440528869629 0.09759953287448718 0.9952257689502829 0 0 0 -1 0 0 0 0 0 0
1.6488456726074219 -1.7799615859985352 13.110634803771973 0.5491028839510743 0.8357547623774652 0 0 0 -1 0 0 0 0 0 0
1.4534835815429688 -1.5693025588989258 12.798821449279785 0.8747055276682874 0.48465476358593945 0 0 0 -1 0 0 0 0 0 0
1.3784599304199219 -1.291966438293457 12.487008094787598 0.9997484537751745 0.022428311888049897 0 0 0 -1 0 0 0 0 0 0
1.4409713745117188 -1.0115442276000977 12.175202369689941 0.8955619671971426 -0.4449368077716025 0 0 0 -1 0 0 0 0 0 0
1.6266899108886719 -0.7923364639282227 11.863389015197754 0.5860295181569001 -0.8102897036546814 0 0 0 -1 0 0 0 0 0 0
1.8930320739746094 -0.6846017837524414 11.551583290100098 0.14212031011483003 -0.9898493912979208 0 0 0 -1 0 0 0 0 0 0
2.178924560546875 -0.7130403518676758 11.23976993560791 -0.33435551973246347 -0.9424470204867934 0 0 0 -1 0 0 0 0 0 0
2.4188194274902344 -0.8711366653442383 10.927956581115723 -0.7341789922747981 -0.6789559686035332 0 0 0 -1 0 0 0 0 0 0
-0.6270713806152344 -3.003373146057129 10.927956581115723 0.6616965922583695 0.7497717117854348 0 0 0 1 0 0 0 0 0 0
-0.3010215759277344 -3.149296760559082 11.317719459533691 0.11827294562340226 0.9929811228485482 0 0 0 1 0 0 0 0 0 0
0.05018043518066406 -3.084042549133301 11.70748233795166 -0.4670598793826737 0.8842256889906797 0 0 0 1 0 0 0 0 0 0
0.30205345153808594 -2.830742835998535 12.097245216369629 -0.8868485735680097 0.4620601774232297 0 0 0 1 0 0 0 0 0 0
0.3653221130371094 -2.4791765213012695 12.487008094787598 -0.9922962489082778 -0.12388766848464457 0 0 0 1 0 0 0 0 0 0
0.2175579071044922 -2.153958320617676 12.876770973205566 -0.7460229575388433 -0.6659202255713497 0 0 0 1 0 0 0 0 0 0
-0.08886146545410156 -1.9703607559204102 13.266533851623535 -0.2353244931976651 -0.9719168600766539 0 0 0 1 0 0 0 0 0 0
-0.4453277587890625 -1.993454933166504 13.656296730041504 0.3587877303847669 -0.9334191794287 0 0 0 1 0 0 0 0 0 0
-0.7254905700683594 -2.215062141418457 14.046059608459473 0.8257209385781491 -0.5640788345556147 0 0 0 1 0 0 0 0 0 0
-0.830047607421875 -2.556633949279785 14.435822486877441 0.999986448926904 0.005205954529209093 0 0 0 1 0 0 0 0 0 0
-0.7219390869140625 -2.8970956802368164 14.82558536529541 0.8198039450013928 0.5726442977627154 0 0 0 1 0 0 0 0 0 0
-0.439483642578125 -3.1157732009887695 15.215348243713379 0.34904585172987995 0.937105646867077 0 0 0 1 0 0 0 0 0 0
-0.08279800415039062 -3.13515567779541 15.605111122131348 -0.24543321177870478 0.969413502359024 0 0 0 1 0 0 0 0 0 0
0.2216930389404297 -2.9483766555786133 15.994874000549316 -0.7529168102371483 0.6581157017290488 0 0 0 1 0 0 0 0 0 0
0.3660621643066406 -2.621636390686035 16.38463592529297 -0.9935330343563591 0.11354342624144129 0 0 0 1 0 0 0 0 0 0
0.29913902282714844 -2.270749092102051 16.774398803710938 -0.8819886796067209 -0.4712705900494884 0 0 0 1 0 0 0 0 0 0
0.04464149475097656 -2.020085334777832 17.164161682128906 -0.4578316457393008 -0.8890389103743679 0 0 0 1 0 0 0 0 0 0
-0.3072223663330078 -1.9584932327270508 17.553924560546875 0.12861246971989385 -0.9916949292159102 0 0 0 1 0 0 0 0 0 0
-0.6317329406738281 -2.1078004837036133 17.943687438964844 0.6694629592995504 -0.7428454389211047 0 0 0 1 0 0 0 0 0 0
-0.8138713836669922 -2.4150896072387695 18.333450317382812 0.9730249370198055 -0.23069996085306044 0 0 0 1 0 0 0 0 0 0
-0.7890777587890625 -2.7714433670043945 18.72321319580078 0.9317008262613466 0.36322661018147356 0 0 0 1 0 0 0 0 0 0
-0.5661392211914062 -3.0505495071411133 19.11297607421875 0.5601345819757776 0.8284016236553503 0 0 0 1 0 0 0 0 0 0
-0.2240772247314453 -3.153477668762207 19.50273895263672 -0.00996315162601446 0.9999503665731 0 0 0 1 0 0 0 0 0 0
0.11586570739746094 -3.0437517166137695 19.892501831054688 -0.576534300581798 0.8170729467144638 0 0 0 1 0 0 0 0 0 0
0.33319664001464844 -2.760258674621582 20.282264709472656 -0.9387565894639508 0.34458100025684996 0 0 0 1 0 0 0 0 0 0
0.35088348388671875 -2.4034814834594727 20.672027587890625 -0.968234751652195 -0.25004292770044956 0 0 0 1 0 0 0 0 0 0
0.16265869140625 -2.0998849868774414 21.061790466308594 -0.6545278612858415 -0.7560378818555205 0 0 0 1 0 0 0 0 0 0
-0.1647663116455078 -1.9570703506469727 21.451553344726562 -0.1088139012277735 -0.9940621383493047 0 0 0 1 0 0 0 0 0 0
-0.5153312683105469 -2.0256662368774414 21.84131622314453 0.4754581313481177 -0.8797383504968712 0 0 0 1 0 0 0 0 0 0
-0.7647819519042969 -2.2813539505004883 22.2310791015625 0.8912101222829673 -0.4535906942832694 0 0 0 1 0 0 0 0 0 0
-0.8246994018554688 -2.6335039138793945 22.62084197998047 0.9910724969208514 0.13332406327092342 0 0 0 1 0 0 0 0 0 0
-0.6738471984863281 -2.957303047180176 23.010604858398438 0.7396516444600539 0.6729899292318852 0 0 0 1 0 0 0 0 0 0
-0.3656940460205078 -3.137974739074707 23.400367736816406 0.2260618379843374 0.9741129531051024 0 0 0 1 0 0 0 0 0 0
-0.0094642648473382 -3.111485481262207 23.790130615234375 -0.36765516369251455 0.9299621931079942 0 0 0 1 0 0 0 0 0 0
0.26857757568359375 -2.887223243713379 24.179893493652344 -0.8310547269446951 0.5561906515061884 0 0 0 1 0 0 0 0 0 0
0.36987876892089844 -2.544674873352051 24.569656372070312 -0.9998916518250892 -0.014720210952787145 0 0 0 1 0 0 0 0 0 0
0.2585334777832031 -2.205258369445801 24.95941925048828 -0.8143175494574194 -0.5804196142840656 0 0 0 1 0 0 0 0 0 0
-0.025991441681981087 -1.9892778396606445 25.34918212890625 -0.3401070506150357 -0.9403867258324852 0 0 0 1 0 0 0 0 0 0
-0.3828468322753906 -1.9732904434204102 25.73894500732422 0.2546551103733141 -0.9670319409206477 0 0 0 1 0 0 0 0 0 0
-0.6855449676513672 -2.162957191467285 26.128707885742188 0.7591457145482523 -0.6509207202747688 0 0 0 1 0 0 0 0 0 0
-0.8267974853515625 -2.4910593032836914 26.518470764160156 0.9945684096318957 -0.10408495838631729 0 0 0 1 0 0 0 0 0 0
-0.7565364837646484 -2.841294288635254 26.908233642578125 0.877465585969507 0.47963959953197144 0 0 0 1 0 0 0 0 0 0
-0.499664306640625 -3.089524269104004 27.297996520996094 0.4493485487746752 0.8933565255339511 0 0 0 1 0 0 0 0 0 0
-0.1472301483154297 -3.147763252258301 27.687759399414062 -0.13804259303223615 0.9904262933247161 0 0 0 1 0 0 0 0 0 0
0.17584609985351562 -2.9953737258911133 28.07752227783203 -0.6765036184621784 0.7364393078914102 0 0 0 1 0 0 0 0 0 0
-2.7890701293945312 -0.7916345596313477 28.07752227783203 0.5844081687018399 -0.8114598525833314 0 0 0 -1 0 0 0 0 0 0
-2.3442249298095703 -0.685948371887207 27.57312774658203 -0.15699666750217509 -0.9875991324384663 0 0 0 -1 0 0 0 0 0 0
-1.954080581665039 -0.9243707656860352 27.0687255859375 -0.8072381517342967 -0.5902258604844389 0 0 0 -1 0 0 0 0 0 0
-1.8451995849609375 -1.368443489074707 26.56432342529297 -0.9887019035749036 0.14989511622251778 0 0 0 -1 0 0 0 0 0 0
-2.080810546875 -1.7602930068969727 26.05992889404297 -0.5960181314268463 0.8029709751980146 0 0 0 -1 0 0 0 0 0 0
-2.524089813232422 -1.872361183166504 25.555526733398438 0.14278149527945605 0.9897542344469978 0 0 0 -1 0 0 0 0 0 0
-2.917621612548828 -1.639573097229004 25.051132202148438 0.7986698499584838 0.6017694498454479 0 0 0 -1 0 0 0 0 0 0
-3.0328731536865234 -1.1971101760864258 24.546730041503906 0.990754193405373 -0.13566918680993348 0 0 0 -1 0 0 0 0 0 0
-2.802919387817383 -0.801915168762207 24.042335510253906 0.6074969573890628 -0.794322004456021 0 0 0 -1 0 0 0 0 0 0
-2.361295700073242 -0.6834878921508789 23.537933349609375 -0.1285448333488783 -0.9917036986012048 0 0 0 -1 0 0 0 0 0 0
-1.9644603729248047 -0.9105958938598633 23.033531188964844 -0.7899348548443228 -0.6131907738233499 0 0 0 -1 0 0 0 0 0 0
-1.8428592681884766 -1.3513574600219727 22.529136657714844 -0.9926013529586551 0.12141891987926491 0 0 0 -1 0 0 0 0 0 0
-2.067110061645508 -1.7498140335083008 22.024734497070312 -0.6188482073496733 0.7855105958929489 0 0 0 -1 0 0 0 0 0 0
-2.506986618041992 -1.874577522277832 21.520339965820312 0.11427830482034448 0.9934487752508372 0 0 0 -1 0 0 0 0 0 0
-2.907045364379883 -1.6531953811645508 21.01593780517578 0.781042821365614 0.6244774705249515 0 0 0 -1 0 0 0 0 0 0
-3.0349674224853516 -1.2142305374145508 20.51153564453125 0.9942454791376147 -0.10712575420698231 0 0 0 -1 0 0 0 0 0 0
-2.81646728515625 -0.8125886917114258 20.00714111328125 0.6300737926816847 -0.7765352637039205 0 0 0 -1 0 0 0 0 0 0
-2.3784313201904297 -0.6815156936645508 19.50273895263672 -0.09998471208562766 -0.9949889734811909 0 0 0 -1 0 0 0 0 0 0
-2.4324417114257812 0.6715192794799805 19.50273895263672 -0.00996864911101473 0.9999503117829912 0 0 0 1 0 0 0 0 0 0
-2.0381603240966797 0.8245115280151367 19.975181579589844 -0.6671017742865972 0.7449665916963484 0 0 0 1 0 0 0 0 0 0
-1.8427467346191406 1.199580192565918 20.44762420654297 -0.992792149379357 0.11984885535839129 0 0 0 1 0 0 0 0 0 0
-1.943288803100586 1.610377311706543 20.920059204101562 -0.8252202881892091 -0.5648110090649071 0 0 0 1 0 0 0 0 0 0
-2.289834976196289 1.8528013229370117 21.392501831054688 -0.2476457774807377 -0.9688506432345291 0 0 0 1 0 0 0 0 0 0
-2.710205078125 1.8064069747924805 21.86493682861328 0.4529712033265888 -0.8915251476861783 0 0 0 1 0 0 0 0 0 0
-2.9955406188964844 1.4942388534545898 22.337379455566406 0.9285331656552102 -0.37124945828689626 0 0 0 1 0 0 0 0 0 0
-3.0040760040283203 1.0714025497436523 22.80982208251953 0.9427562481022528 0.3334826182339398 0 0 0 1 0 0 0 0 0 0
-2.7315673828125 0.7479772567749023 23.282257080078125 0.4885775743986733 0.8725204603874394 0 0 0 1 0 0 0 0 0 0
-2.3134117126464844 0.684657096862793 23.75469970703125 -0.20834971914734485 0.9780543924195743 0 0 0 1 0 0 0 0 0 0
-1.957366943359375 0.9129018783569336 24.227142333984375 -0.8017575934975332 0.597649363146188 0 0 0 1 0 0 0 0 0 0
-1.8403301239013672 1.3193082809448242 24.69957733154297 -0.996819415459837 -0.07969349385181267 0 0 0 1 0 0 0 0 0 0
-2.0204505920410156 1.7019567489624023 25.172019958496094 -0.6966182655070886 -0.717441978254615 0 0 0 1 0 0 0 0 0 0
-2.4082374572753906 1.8707304000854492 25.64446258544922 -0.05030917894125167 -0.9987336914885054 0 0 0 1 0 0 0 0 0 0
-2.8110218048095703 1.7417783737182617 26.116897583007812 0.6210006234905401 -0.7838100698666485 0 0 0 1 0 0 0 0 0 0
-3.0286808013916016 1.379164695739746 26.589340209960938 0.9837654445703056 -0.17945904844668276 0 0 0 1 0 0 0 0 0 0
-2.953073501586914 0.9630537033081055 27.06177520751953 0.8577516952472091 0.5140642268243716 0 0 0 1 0 0 0 0 0 0
-2.62176513671875 0.700190544128418 27.534217834472656 0.30557333225215827 0.9521685452777318 0 0 0 1 0 0 0 0 0 0
-2.1993637084960938 0.7211713790893555 28.00666046142578 -0.3984284472385552 0.9171994180280936 0 0 0 1 0 0 0 0 0 0
-1.8957347869873047 1.015578269958496 28.479095458984375 -0.9044789620549238 0.4265182378281701 0 0 0 1 0 0 0 0 0 0
-1.8617382049560547 1.437129020690918 28.9515380859375 -0.9611398473792141 -0.27606193830345604 0 0 0 1 0 0 0 0 0 0
-2.1142616271972656 1.7763891220092773 29.423980712890625 -0.5402647256471493 -0.8414951136051895 0 0 0 1 0 0 0 0 0 0
-2.527841567993164 1.864790916442871 29.89641571044922 0.14903060355185208 -0.9888325840125671 0 0 0 1 0 0 0 0 0 0
-2.896993637084961 1.6584157943725586 30.368858337402344 0.7642873360998126 -0.6448758546243237 0 0 0 1 0 0 0 0 0 0
-3.0383071899414062 1.2597990036010742 30.841293334960938 0.9998100787661696 0.01948862225981727 0 0 0 1 0 0 0 0 0 0
-2.881570816040039 0.8669919967651367 31.313735961914062 0.7385790032705473 0.6741669347631081 0 0 0 1 0 0 0 0 0 0
-2.504657745361328 0.6751585006713867 31.786178588867188 0.11039643017604779 0.9938876335906314 0 0 0 1 0 0 0 0 0 0
-2.094837188720703 0.7796087265014648 32.25861358642578 -0.5726405274715662 0.8198065785885635 0 0 0 1 0 0 0 0 0 0
-1.855722427368164 1.1284475326538086 32.731056213378906 -0.971165276958908 0.2384072247842493 0 0 0 1 0 0 0 0 0 0
-1.906118392944336 1.548354148864746 33.20349884033203 -0.8871740874707079 -0.46143486920747173 0 0 0 1 0 0 0 0 0 0
-2.2209854125976562 1.8307065963745117 33.675933837890625 -0.3623937419270065 -0.9320250939819926 0 0 0 1 0 0 0 0 0 0
-2.6438846588134766 1.8352155685424805 34.14837646484375 0.3424375286732968 -0.9395405999509149 0 0 0 1 0 0 0 0 0 0
-2.964700698852539 1.5596418380737305 34.620819091796875 0.8771329531321083 -0.48024762626143874 0 0 0 1 0 0 0 0 0 0
-3.024038314819336 1.1409025192260742 35.09325408935547 0.9760268154889394 0.2176503054133395 0 0 0 1 0 0 0 0 0 0
0.3633899688720703 2.6349287033081055 35.09325408935547 -0.9890779835038923 -0.14739315638072858 0 0 0 -1 0 0 0 0 0 0
0.3138999938964844 2.2932920455932617 34.7034912109375 -0.9065967525310958 0.4219980193082319 0 0 0 -1 0 0 0 0 0 0
0.08435249328613281 2.035464286804199 34.31372833251953 -0.5240154184078661 0.8517087772653448 0 0 0 -1 0 0 0 0 0 0
-0.249267578125 1.9467992782592773 33.92396545410156 0.03201550483199104 0.9994873723316132 0 0 0 -1 0 0 0 0 0 0
-0.5765304565429688 2.0566396713256836 33.534202575683594 0.5774599782330255 0.8164189938622899 0 0 0 -1 0 0 0 0 0 0
-0.7891044616699219 2.328627586364746 33.144439697265625 0.9317485058993424 0.36310428495728747 0 0 0 -1 0 0 0 0 0 0
-0.8166255950927734 2.672732353210449 32.754676818847656 0.977614846965427 -0.21040249759155616 0 0 0 -1 0 0 0 0 0 0
-0.6499824523925781 2.9750471115112305 32.36491394042969 0.6998783308708514 -0.7142620821361239 0 0 0 -1 0 0 0 0 0 0
-0.34433746337890625 3.1355085372924805 31.97515106201172 0.19046423506595325 -0.9816941352380288 0 0 0 -1 0 0 0 0 0 0
-0.0008640300948172808 3.1009931564331055 31.58538818359375 -0.3819864186534508 -0.924167937100347 0 0 0 -1 0 0 0 0 0 0
0.2667427062988281 2.882929801940918 31.19562530517578 -0.8279943925321422 -0.5607363782878091 0 0 0 -1 0 0 0 0 0 0
0.3699016571044922 2.553500175476074 30.805862426757812 -0.9999317893323387 -0.011679755246901279 0 0 0 -1 0 0 0 0 0 0
0.27446746826171875 2.2217512130737305 30.416099548339844 -0.8408766894844246 0.5412267483058412 0 0 0 -1 0 0 0 0 0 0
0.012025832198560238 1.9974966049194336 30.026336669921875 -0.4034728033407551 0.9149916376472259 0 0 0 -1 0 0 0 0 0 0
-0.3305473327636719 1.9549665451049805 29.636573791503906 0.1674820854097621 0.9858751194075227 0 0 0 -1 0 0 0 0 0 0
-0.6398563385009766 2.108241081237793 29.246810913085938 0.6830019297190276 0.7304165688154155 0 0 0 -1 0 0 0 0 0 0
-0.8135166168212891 2.406580924987793 28.85704803466797 0.9724312807460956 0.23318963147298846 0 0 0 -1 0 0 0 0 0 0
-0.7940425872802734 2.751235008239746 28.46728515625 0.9399780421141116 -0.34123493423640144 0 0 0 -1 0 0 0 0 0 0
2.562591552734375 1.1350584030151367 28.46728515625 -0.9738037896202347 0.22738992792397283 0 0 0 1 0 0 0 0 0 0
2.5551605224609375 1.4365415573120117 28.801368713378906 -0.961419725458577 -0.2750856439350378 0 0 0 1 0 0 0 0 0 0
2.4020004272460938 1.6963262557983398 29.135452270507812 -0.7061524692951694 -0.708059806872509 0 0 0 1 0 0 0 0 0 0
2.141803741455078 1.8487844467163086 29.46953582763672 -0.27249317199988626 -0.9621577163924013 0 0 0 1 0 0 0 0 0 0
1.8403053283691406 1.855402946472168 29.803619384765625 0.2300047813029171 -0.9731894988016452 0 0 0 1 0 0 0 0 0 0
1.57366943359375 1.7145109176635742 30.1376953125 0.6743954546889174 -0.7383703479250292 0 0 0 1 0 0 0 0 0 0
1.4092559814453125 1.461695671081543 30.471778869628906 0.9484249287392172 -0.31700182104525915 0 0 0 1 0 0 0 0 0 0
1.3885993957519531 1.1608304977416992 30.805862426757812 0.9828437238131831 0.18444027369594654 0 0 0 1 0 0 0 0 0 0
1.5169258117675781 0.8879232406616211 31.13994598388672 0.7689721098919878 0.6392823274643722 0 0 0 1 0 0 0 0 0 0
1.7618064880371094 0.7119131088256836 31.474029541015625 0.3608376609683027 0.932628641221641 0 0 0 1 0 0 0 0 0 0
2.061382293701172 0.677271842956543 31.80811309814453 -0.13845196901324194 0.9903691494974771 0 0 0 1 0 0 0 0 0 0
2.3399734497070312 0.7927427291870117 32.14219665527344 -0.6027770598642745 0.7979096540971171 0 0 0 1 0 0 0 0 0 0
2.5271949768066406 1.0291624069213867 32.47627258300781 -0.9148090649037663 0.40388658651890924 0 0 0 1 0 0 0 0 0 0
2.5757522583007812 1.3268003463745117 32.81035614013672 -0.9957422189693838 -0.09218152397269216 0 0 0 1 0 0 0 0 0 0
2.4733810424804688 1.6104650497436523 33.144439697265625 -0.8251200795967899 -0.5649573915315977 0 0 0 1 0 0 0 0 0 0
2.2459373474121094 1.808497428894043 33.47852325439453 -0.44605085573454517 -0.8950076167823826 0 0 0 1 0 0 0 0 0 0
1.9508819580078125 1.870863914489746 33.81260681152344 0.045708947555233914 -0.9989547998350041 0 0 0 1 0 0 0 0 0 0
1.6627578735351562 1.781813621520996 34.146690368652344 0.5259184710386832 -0.8505349856533438 0 0 0 1 0 0 0 0 0 0
1.4543495178222656 1.563838005065918 34.48077392578125 0.8732677598282422 -0.4872406178107111 0 0 0 1 0 0 0 0 0 0
1.3783073425292969 1.2720098495483398 34.814849853515625 0.9999996268244824 -0.0008639160235780177 0 0 0 1 0 0 0 0 0 0
1.4538459777832031 0.9800519943237305 35.14893341064453 0.8741059357269687 0.48573533238470573 0 0 0 1 0 0 0 0 0 0
1.6618728637695312 0.7617177963256836 35.48301696777344 0.5273924660147595 0.849621790440235 0 0 0 1 0 0 0 0 0 0
1.9498443603515625 0.6721677780151367 35.817100524902344 0.047437213117461845 0.9988742217174534 0 0 0 1 0 0 0 0 0 0
2.245006561279297 0.7340230941772461 36.15118408203125 -0.444500869567043 0.895778419562641 0 0 0 1 0 0 0 0 0 0
2.4727935791015625 0.9316587448120117 36.485267639160156 -0.824143066926826 0.566381678055042 0 0 0 1 0 0 0 0 0 0
2.5756568908691406 1.215144157409668 36.81935119628906 -0.9955807892844238 0.0939089559509847 0 0 0 1 0 0 0 0 0 0
2.5276145935058594 1.5128660202026367 37.15342712402344 -0.9155116279492799 -0.4022915100889641 0 0 0 1 0 0 0 0 0 0
2.340801239013672 1.7496099472045898 37.487510681152344 -0.6041566097074188 -0.7968656040681122 0 0 0 1 0 0 0 0 0 0
2.0624122619628906 1.865565299987793 37.82159423828125 -0.14016933453585131 -0.9901275461554316 0 0 0 1 0 0 0 0 0 0
1.7627754211425781 1.8314428329467773 38.155677795410156 0.35922040603545374 -0.9332527524136878 0 0 0 1 0 0 0 0 0 0
1.5175895690917969 1.6558599472045898 38.48976135253906 0.767865257185668 -0.6406113851682532 0 0 0 1 0 0 0 0 0 0
1.3887939453125 1.383173942565918 38.82384490966797 0.9825240783965755 -0.18613552957713383 0 0 0 1 0 0 0 0 0 0
1.4089279174804688 1.082270622253418 39.157928466796875 0.9489667756140607 0.3153760593016745 0 0 0 1 0 0 0 0 0 0
1.5728988647460938 0.8291730880737305 39.49200439453125 0.6756789019920911 0.7371960535724281 0 0 0 1 0 0 0 0 0 0
1.83929443359375 0.6878194808959961 39.826087951660156 0.23168878450682756 0.9727899604404585 0 0 0 1 0 0 0 0 0 0
2.1408042907714844 0.6939153671264648 40.16017150878906 -0.27083200294760534 0.9626266286465321 0 0 0 1 0 0 0 0 0 0
1.8913612365722656 -0.6848421096801758 40.16017150878906 0.14491384633696805 -0.9894442769250958 0 0 0 -1 0 0 0 0 0 0
2.1773338317871094 -0.7124795913696289 39.848365783691406 -0.3317089343427986 -0.9433817800218344 0 0 0 -1 0 0 0 0 0 0
2.4176712036132812 -0.8699007034301758 39.53655242919922 -0.7322733926245524 -0.6810107770469774 0 0 0 -1 0 0 0 0 0 0
2.557270050048828 -1.1210145950317383 39.22473907470703 -0.9649363100101946 -0.2624841283276185 0 0 0 -1 0 0 0 0 0 0
2.564117431640625 -1.4082345962524414 38.912933349609375 -0.9763483529343274 0.21620336195911893 0 0 0 -1 0 0 0 0 0 0
2.4366455078125 -1.665715217590332 38.60111999511719 -0.7638916333428635 0.6453445378313604 0 0 0 -1 0 0 0 0 0 0
2.204082489013672 -1.8344087600708008 38.28931427001953 -0.3762873625758395 0.9265030063446739 0 0 0 -1 0 0 0 0 0 0
1.9197502136230469 -1.875645637512207 37.977500915527344 0.09759953287448718 0.9952257689502829 0 0 0 -1 0 0 0 0 0 0
1.6488456726074219 -1.7799615859985352 37.665687561035156 0.5491028839510743 0.8357547623774652 0 0 0 -1 0 0 0 0 0 0
1.4534835815429688 -1.5693025588989258 37.3538818359375 0.8747055276682874 0.48465476358593945 0 0 0 -1 0 0 0 0 0 0
1.3784599304199219 -1.291966438293457 37.04206848144531 0.9997484537751745 0.022428311888049897 0 0 0 -1 0 0 0 0 0 0
1.4409713745117188 -1.0115442276000977 36.730262756347656 0.8955619671971426 -0.4449368077716025 0 0 0 -1 0 0 0 0 0 0
1.6266899108886719 -0.7923364639282227 36.41844940185547 0.5860295181569001 -0.8102897036546814 0 0 0 -1 0 0 0 0 0 0
1.8930320739746094 -0.6846017837524414 36.10663604736328 0.14212031011483003 -0.9898493912979208 0 0 0 -1 0 0 0 0 0 0
2.178924560546875 -0.7130403518676758 35.794830322265625 -0.33435551973246347 -0.9424470204867934 0 0 0 -1 0 0 0 0 0 0
2.4188194274902344 -0.8711366653442383 35.48301696777344 -0.7341789922747981 -0.6789559686035332 0 0 0 -1 0 0 0 0 0 0
-0.6270713806152344 -3.003373146057129 35.48301696777344 0.6616965922583695 0.7497717117854348 0 0 0 1 0 0 0 0 0 0
-0.3028678894042969 -3.149075508117676 35.872779846191406 0.12135259367634067 0.9926094639927754 0 0 0 1 0 0 0 0 0 0
0.04688835144042969 -3.085770606994629 36.262542724609375 -0.4615705095811967 0.887103525348059 0 0 0 1 0 0 0 0 0 0
0.2994537353515625 -2.8356752395629883 36.652305603027344 -0.8825202889014533 0.470274323855019 0 0 0 1 0 0 0 0 0 0
0.3661975860595703 -2.4865617752075195 37.04206848144531 -0.9937554816776777 -0.11157975907648762 0 0 0 1 0 0 0 0 0 0
0.22369384765625 -2.1609392166137695 37.43183135986328 -0.7562485357963332 -0.6542844580959434 0 0 0 1 0 0 0 0 0 0
-0.07804679870605469 -1.9730844497680664 37.82159423828125 -0.25334689239347874 -0.967375496957912 0 0 0 1 0 0 0 0 0 0
-0.4331321716308594 -1.9889192581176758 38.21135711669922 0.3384578353033165 -0.9409815586512804 0 0 0 1 0 0 0 0 0 0
-0.7169513702392578 -2.2028894424438477 38.60111999511719 0.8114907137059829 -0.5843653151659107 0 0 0 1 0 0 0 0 0 0
-0.8299026489257812 -2.539902687072754 38.990882873535156 0.9997428886692062 -0.022675020514897604 0 0 0 1 0 0 0 0 0 0
-0.7323455810546875 -2.8816919326782227 39.380645751953125 0.837149828547131 0.5469736415619212 0 0 0 1 0 0 0 0 0 0
-0.45851898193359375 -3.108311653137207 39.770408630371094 0.3807681450532284 0.9246705465800905 0 0 0 1 0 0 0 0 0 0
-0.10451698303222656 -3.1402292251586914 40.16017150878906 -0.20923101745818276 0.9778662389782222 0 0 0 1 0 0 0 0 0 0
0.2054290771484375 -2.9662485122680664 40.54993438720703 -0.7258055505011616 0.6878999221265444 0 0 0 1 0 0 0 0 0 0
0.362548828125 -2.6474199295043945 40.939697265625 -0.9876756158448345 0.1565147848144928 0 0 0 1 0 0 0 0 0 0
0.3117027282714844 -2.2956361770629883 41.32946014404297 -0.9029285309817976 -0.42979072574807053 0 0 0 1 0 0 0 0 0 0
0.07073402404785156 -2.0343523025512695 41.71922302246094 -0.5013184122563935 -0.8652628788597884 0 0 0 1 0 0 0 0 0 0
-0.2757911682128906 -1.9552545547485352 42.108985900878906 0.0762207436740506 -0.9970909678829583 0 0 0 1 0 0 0 0 0 0
-0.6062679290771484 -2.086106300354004 42.498748779296875 0.6270176255188685 -0.7790050688465896 0 0 0 1 0 0 0 0 0 0
-0.804718017578125 -2.380986213684082 42.888511657714844 0.9577691384944512 -0.28753830587870666 0 0 0 1 0 0 0 0 0 0
-0.8015003204345703 -2.7364091873168945 43.27827453613281 0.9524073406157619 0.3048282426895713 0 0 0 1 0 0 0 0 0 0
-0.5977420806884766 -3.027646064758301 43.66803741455078 0.6128113657112386 0.790229226272432 0 0 0 1 0 0 0 0 0 0
-0.2649517059326172 -3.152493476867676 44.05780029296875 0.05815737093994333 0.9983074277021853 0 0 0 1 0 0 0 0 0 0
0.08008575439453125 -3.067135810852051 44.44756317138672 -0.5169043150345217 0.8560431817955749 0 0 0 1 0 0 0 0 0 0
0.3162822723388672 -2.8015260696411133 44.83732604980469 -0.9105682869436561 0.4133586757435916 0 0 0 1 0 0 0 0 0 0
0.3607501983642578 -2.448880195617676 45.227088928222656 -0.98467714585208 -0.1743872656950651 0 0 0 1 0 0 0 0 0 0
0.19788360595703125 -2.1329545974731445 45.616851806640625 -0.7132395957037172 -0.7009203086802364 0 0 0 1 0 0 0 0 0 0
-0.11516189575195312 -1.9646120071411133 46.006614685058594 -0.19149124741361867 -0.9814943210044449 0 0 0 1 0 0 0 0 0 0
-0.46852874755859375 -2.002934455871582 46.39637756347656 0.3974512590831725 -0.9176232868956634 0 0 0 1 0 0 0 0 0 0
-0.7382068634033203 -2.2344751358032227 46.78614044189453 0.8469180717061774 -0.5317234053692674 0 0 0 1 0 0 0 0 0 0
-0.8295574188232422 -2.5779733657836914 47.1759033203125 0.9991684635828857 0.040772311455395054 0 0 0 1 0 0 0 0 0 0
-0.7105216979980469 -2.912888526916504 47.56566619873047 0.8007748397627125 0.5989654881568738 0 0 0 1 0 0 0 0 0 0
-0.42287445068359375 -3.1216821670532227 47.95542907714844 0.3213612047693514 0.9469566917600778 0 0 0 1 0 0 0 0 0 0
-0.06756019592285156 -3.1310853958129883 48.345191955566406 -0.2708268045745457 0.96262809117745 0 0 0 1 0 0 0 0 0 0
-2.5253677368164062 -0.6848421096801758 48.345191955566406 0.14490835427962642 -0.9894450812753431 0 0 0 -1 0 0 0 0 0 0
-2.100179672241211 -0.7829370498657227 47.85285949707031 -0.5637409523632451 -0.8259516563507707 0 0 0 -1 0 0 0 0 0 0
-1.853891372680664 -1.1431398391723633 47.36052703857422 -0.9742161770508868 -0.2256165782303127 0 0 0 -1 0 0 0 0 0 0
-1.9167652130126953 -1.5749444961547852 46.868194580078125 -0.8694275318145078 0.49406048913360073 0 0 0 -1 0 0 0 0 0 0
-2.2555465698242188 -1.849961280822754 46.37586212158203 -0.30478936497876546 0.9524197829716899 0 0 0 -1 0 0 0 0 0 0
-2.691051483154297 -1.8227319717407227 45.88352966308594 0.4210447174549302 0.9070398810985645 0 0 0 -1 0 0 0 0 0 0
-2.992938995361328 -1.5076570510864258 45.391197204589844 0.9241997510441092 0.3819094397498004 0 0 0 -1 0 0 0 0 0 0
-3.001537322998047 -1.071385383605957 44.89886474609375 0.9385264948465702 -0.3452072109197761 0 0 0 -1 0 0 0 0 0 0
-2.712299346923828 -0.744664192199707 44.40653991699219 0.4564615103527904 -0.8897431593254592 0 0 0 -1 0 0 0 0 0 0
-2.2782039642333984 -0.7002954483032227 43.914207458496094 -0.2670275323068649 -0.9636889005224177 0 0 0 -1 0 0 0 0 0 0
-1.9288501739501953 -0.9617509841918945 43.421875 -0.8492866848920396 -0.5279319339319123 0 0 0 -1 0 0 0 0 0 0
-1.8490104675292969 -1.3907403945922852 42.929542541503906 -0.9823495634405905 0.18705436431177222 0 0 0 -1 0 0 0 0 0 0
-2.0809173583984375 -1.7603693008422852 42.43721008300781 -0.5958433059762592 0.8031007126900598 0 0 0 -1 0 0 0 0 0 0
-2.5019092559814453 -1.8751420974731445 41.94487762451172 0.10581249154010666 0.9943861003825802 0 0 0 -1 0 0 0 0 0 0
-2.889322280883789 -1.6743478775024414 41.452545166015625 0.7515022260244171 0.659730554302547 0 0 0 -1 0 0 0 0 0 0
-3.038249969482422 -1.2641916275024414 40.96021270751953 0.9997152066134299 -0.0238643178378713 0 0 0 -1 0 0 0 0 0 0
-2.869922637939453 -0.861607551574707 40.46788024902344 0.719167110542153 -0.6948371515070639 0 0 0 -1 0 0 0 0 0 0
-2.4733715057373047 -0.6795282363891602 39.975547790527344 0.05825306759997647 -0.9983018481978249 0 0 0 -1 0 0 0 0 0 0
-2.0583343505859375 -0.8142518997192383 39.48321533203125 -0.633473596029377 -0.7737643072238533 0 0 0 -1 0 0 0 0 0 0
-1.8443279266357422 -1.1945276260375977 38.990882873535156 -0.9901563251925106 -0.1399658947074732 0 0 0 -1 0 0 0 0 0 0
-3.019866943359375 1.1234350204467773 38.990882873535156 0.9690749813668661 0.2467664492770599 0 0 0 1 0 0 0 0 0 0
-2.781229019165039 0.7790670394897461 39.46037292480469 0.5713460117208924 0.8207092876839093 0 0 0 1 0 0 0 0 0 0
-2.3754329681396484 0.6748075485229492 39.92985534667969 -0.10498322522383931 0.9944739928331966 0 0 0 1 0 0 0 0 0 0
-2.0003528594970703 0.8614950180053711 40.39934539794922 -0.7301128606569453 0.6833265769039955 0 0 0 1 0 0 0 0 0 0
-1.838876724243164 1.248103141784668 40.86883544921875 -0.9992401036227354 0.03897711266917111 0 0 0 1 0 0 0 0 0 0
-1.9697456359863281 1.6461172103881836 41.33831787109375 -0.7811248807387352 -0.6243748238765691 0 0 0 1 0 0 0 0 0 0
-2.3291454315185547 1.8614568710327148 41.80780792236328 -0.18212983853817072 -0.9832744896080949 0 0 0 1 0 0 0 0 0 0
-2.7418289184570312 1.7891225814819336 42.27729034423828 0.5056801952759322 -0.8627210094263933 0 0 0 1 0 0 0 0 0 0
-3.0065689086914062 1.4643888473510742 42.74678039550781 0.9469099474968832 -0.32149891342188086 0 0 0 1 0 0 0 0 0 0
-2.994272232055664 1.0455923080444336 43.216270446777344 0.9264167480555883 0.37649967984330207 0 0 0 1 0 0 0 0 0 0
-2.7109375 0.7369489669799805 43.685752868652344 0.45419652727192944 0.8909015179098748 0 0 0 1 0 0 0 0 0 0
-2.2947216033935547 0.6889524459838867 44.155242919921875 -0.23950116271607788 0.9708960773726746 0 0 0 1 0 0 0 0 0 0
-1.9485740661621094 0.9250097274780273 44.624725341796875 -0.8164137043018199 0.5774674565966299 0 0 0 1 0 0 0 0 0 0
-1.8412818908691406 1.330012321472168 45.094215393066406 -0.9952323055740555 -0.09753285570386076 0 0 0 1 0 0 0 0 0 0
-2.0251617431640625 1.7064809799194336 45.56370544433594 -0.6887662691671507 -0.7249834663339323 0 0 0 1 0 0 0 0 0 0
-2.4105491638183594 1.870844841003418 46.03318786621094 -0.04645502055148222 -0.9989203827460733 0 0 0 1 0 0 0 0 0 0
-2.809528350830078 1.7429571151733398 46.50267791748047 0.6185061061296755 -0.785779992542637 0 0 0 1 0 0 0 0 0 0
-3.0275516510009766 1.385176658630371 46.97216796875 0.9818847632545294 -0.18947905342965118 0 0 0 1 0 0 0 0 0 0
-2.9583091735839844 0.9719648361206055 47.441650390625 0.8664812124731163 0.49920968383147196 0 0 0 1 0 0 0 0 0 0
-2.6355628967285156 0.7048025131225586 47.91114044189453 0.3285671869982621 0.9444805999214855 0 0 0 1 0 0 0 0 0 0
-2.2166881561279297 0.7139654159545898 48.38062286376953 -0.36955610325808147 0.9292084193251275 0 0 0 1 0 0 0 0 0 0
-1.9059333801269531 0.9949827194213867 48.85011291503906 -0.8874784279158758 0.46084925950246014 0 0 0 1 0 0 0 0 0 0
-1.8548240661621094 1.4108304977416992 49.319602966308594 -0.9726595749074598 -0.23223555141459196 0 0 0 1 0 0 0 0 0 0
-2.0882835388183594 1.7587308883666992 49.789085388183594 -0.583562760348077 -0.8120680419367166 0 0 0 1 0 0 0 0 0 0
-2.492473602294922 1.8690519332885742 50.258575439453125 0.09008810084287602 -0.9959338000522544 0 0 0 1 0 0 0 0 0 0
-2.8703060150146484 1.6879949569702148 50.728057861328125 0.7198063527286886 -0.6941749164089859 0 0 0 1 0 0 0 0 0 0
-3.037548065185547 1.303847312927246 51.197547912597656 0.998544544122361 -0.053933230975586124 0 0 0 1 0 0 0 0 0 0
-2.912649154663086 0.9039220809936523 51.66703796386719 0.7903784497838833 0.6126188914139241 0 0 0 1 0 0 0 0 0 0
-2.5565109252929688 0.6832265853881836 52.13652038574219 0.19681515599821256 0.9804406123623192 0 0 0 1 0 0 0 0 0 0
-2.142791748046875 0.7493772506713867 52.60601043701172 -0.4927186990910207 0.8701886482631525 0 0 0 1 0 0 0 0 0 0
-1.8732242584228516 1.070113182067871 53.07549285888672 -0.9419916823247223 0.33563621740068444 0 0 0 1 0 0 0 0 0 0
-1.879251480102539 1.4890470504760742 53.54498291015625 -0.9319465461389986 -0.3625956910107888 0 0 0 1 0 0 0 0 0 0
-2.1579360961914062 1.801894187927246 54.01447296142578 -0.4674770720513917 -0.8840051963117964 0 0 0 1 0 0 0 0 0 0
-2.5733890533447266 1.8561124801635742 54.48395538330078 0.22495087123447177 -0.9743701070593515 0 0 0 1 0 0 0 0 0 0
-2.9230289459228516 1.6252660751342773 54.95344543457031 0.8076756367125187 -0.5896270565883382 0 0 0 1 0 0 0 0 0 0
-3.0363693237304688 1.2219114303588867 55.42292785644531 0.9965800285117564 0.0826332062279236 0 0 0 1 0 0 0 0 0 0
-2.858144760131836 0.8427343368530273 55.892417907714844 0.699541136222566 0.7145923304461375 0 0 0 1 0 0 0 0 0 0
-2.4752578735351562 0.6726217269897461 56.361907958984375 0.06139406758582866 0.9981136049895657 0 0 0 1 0 0 0 0 0 0
-2.0744094848632812 0.7945280075073242 56.831390380859375 -0.6066891790433141 0.794939142344714 0 0 0 1 0 0 0 0 0 0
-1.8510570526123047 1.149001121520996 57.300872802734375 -0.9789389558069903 0.2041531797536331 0 0 0 1 0 0 0 0 0 0
-1.9141101837158203 1.5632047653198242 57.77037048339844 -0.8738557093454493 -0.48618535482299474 0 0 0 1 0 0 0 0 0 0
-2.2328224182128906 1.8351659774780273 58.23985290527344 -0.34266581924390915 -0.9394573626950296 0 0 0 1 0 0 0 0 0 0
-2.6517868041992188 1.832270622253418 58.70933532714844 0.35560851724517045 -0.9346349995921891 0 0 0 1 0 0 0 0 0 0
-2.9667129516601562 1.5559377670288086 59.1788330078125 0.8804844293411648 -0.4740750675660586 0 0 0 1 0 0 0 0 0 0
-3.024038314819336 1.1409025192260742 59.6483154296875 0.9760268154889394 0.2176503054133395 0 0 0 1 0 0 0 0 0 0
0.3633899688720703 2.6349287033081055 59.6483154296875 -0.9890779835038923 -0.14739315638072858 0 0 0 -1 0 0 0 0 0 0
0.3138999938964844 2.2932920455932617 59.258544921875 -0.9065967525310958 0.4219980193082319 0 0 0 -1 0 0 0 0 0 0
0.08435249328613281 2.035464286804199 58.86878967285156 -0.5240154184078661 0.8517087772653448 0 0 0 -1 0 0 0 0 0 0
-0.249267578125 1.9467992782592773 58.47901916503906 0.03201550483199104 0.9994873723316132 0 0 0 -1 0 0 0 0 0 0
-0.5765304565429688 2.0566396713256836 58.089263916015625 0.5774599782330255 0.8164189938622899 0 0 0 -1 0 0 0 0 0 0
-0.7891044616699219 2.328627586364746 57.699493408203125 0.9317485058993424 0.36310428495728747 0 0 0 -1 0 0 0 0 0 0
-0.8166255950927734 2.672732353210449 57.30973815917969 0.977614846965427 -0.21040249759155616 0 0 0 -1 0 0 0 0 0 0
-0.6499824523925781 2.9750471115112305 56.91996765136719 0.6998783308708514 -0.7142620821361239 0 0 0 -1 0 0 0 0 0 0
-0.34433746337890625 3.1355085372924805 56.53021240234375 0.19046423506595325 -0.9816941352380288 0 0 0 -1 0 0 0 0 0 0
-0.0008640300948172808 3.1009931564331055 56.14044952392578 -0.3819864186534508 -0.924167937100347 0 0 0 -1 0 0 0 0 0 0
0.2667427062988281 2.882929801940918 55.75068664550781 -0.8279943925321422 -0.5607363782878091 0 0 0 -1 0 0 0 0 0 0
0.3699016571044922 2.553500175476074 55.360923767089844 -0.9999317893323387 -0.011679755246901279 0 0 0 -1 0 0 0 0 0 0
0.27446746826171875 2.2217512130737305 54.971160888671875 -0.8408766894844246 0.5412267483058412 0 0 0 -1 0 0 0 0 0 0
0.012025832198560238 1.9974966049194336 54.581398010253906 -0.4034728033407551 0.9149916376472259 0 0 0 -1 0 0 0 0 0 0
-0.3305473327636719 1.9549665451049805 54.19163513183594 0.1674820854097621 0.9858751194075227 0 0 0 -1 0 0 0 0 0 0
-0.6398563385009766 2.108241081237793 53.80187225341797 0.6830019297190276 0.7304165688154155 0 0 0 -1 0 0 0 0 0 0
-0.8135166168212891 2.406580924987793 53.412109375 0.9724312807460956 0.23318963147298846 0 0 0 -1 0 0 0 0 0 0
-0.7940425872802734 2.751235008239746 53.02234649658203 0.9399780421141116 -0.34123493423640144 0 0 0 -1 0 0 0 0 0 0
2.562591552734375 1.1350584030151367 53.02234649658203 -0.9738037896202347 0.22738992792397283 0 0 0 1 0 0 0 0 0 0
2.5527267456054688 1.444819450378418 53.36713409423828 -0.957364016188625 -0.2888843029781753 0 0 0 1 0 0 0 0 0 0
2.3896102905273438 1.7083349227905273 53.71192932128906 -0.6854969764016734 -0.7280754736592653 0 0 0 1 0 0 0 0 0 0
2.1167564392089844 1.855299949645996 54.05671691894531 -0.23074371001907532 -0.9730145632448842 0 0 0 1 0 0 0 0 0 0
1.8069648742675781 1.8465070724487305 54.40150451660156 0.28557284058656485 -0.9583570069234745 0 0 0 1 0 0 0 0 0 0
1.5428886413574219 1.6842985153198242 54.746299743652344 0.7256990865449444 -0.6880122352021317 0 0 0 1 0 0 0 0 0 0
1.3949813842773438 1.411952018737793 55.091087341308594 0.9722125727208558 -0.23409979377072263 0 0 0 1 0 0 0 0 0 0
1.4027061462402344 1.1021337509155273 55.435874938964844 0.959336732817447 0.2822641193406389 0 0 0 1 0 0 0 0 0 0
1.5639991760253906 0.8374967575073242 55.780670166015625 0.6905133709969753 0.7233196281550734 0 0 0 1 0 0 0 0 0 0
1.8358345031738281 0.6886510848999023 56.125457763671875 0.23745309047699004 0.9713990064967775 0 0 0 1 0 0 0 0 0 0
2.145679473876953 0.695307731628418 56.470245361328125 -0.2789550570062167 0.9603041581554557 0 0 0 1 0 0 0 0 0 0
2.410869598388672 0.8556890487670898 56.815032958984375 -0.7209318011253343 0.6930060159379439 0 0 0 1 0 0 0 0 0 0
2.560649871826172 1.1270055770874023 57.15983581542969 -0.9705725928487452 0.24080872494754832 0 0 0 1 0 0 0 0 0 0
2.555065155029297 1.4368696212768555 57.50462341308594 -0.961262283565907 -0.275635306507816 0 0 0 1 0 0 0 0 0 0
2.3956031799316406 1.7026128768920898 57.84941101074219 -0.6954959944715665 -0.718529972703997 0 0 0 1 0 0 0 0 0 0
2.124805450439453 1.8533315658569336 58.19419860839844 -0.24416412640635393 -0.9697339219477794 0 0 0 1 0 0 0 0 0 0
1.8149223327636719 1.8488149642944336 58.53898620605469 0.27231521398435854 -0.962208098195319 0 0 0 1 0 0 0 0 0 0
1.5486297607421875 1.6902685165405273 58.88377380371094 0.7161364026804274 -0.6979603518509749 0 0 0 1 0 0 0 0 0 0
1.3969764709472656 1.4199934005737305 59.22857666015625 0.9688863468745024 -0.24750605414854235 0 0 0 1 0 0 0 0 0 0
1.400421142578125 1.1100988388061523 59.5733642578125 0.9631453477651148 0.2689814846386569 0 0 0 1 0 0 0 0 0 0
1.5580482482910156 0.8432607650756836 59.91815185546875 0.7004335333741492 0.7137176369720764 0 0 0 1 0 0 0 0 0 0
1.8278007507324219 0.6906766891479492 60.262939453125 0.2508504070109503 0.9680258639635825 0 0 0 1 0 0 0 0 0 0
2.137706756591797 0.6930532455444336 60.60772705078125 -0.26566078048371944 0.9640665691293218 0 0 0 1 0 0 0 0 0 0
2.4050865173339844 0.849757194519043 60.9525146484375 -0.7112960792549361 0.7028925149953977 0 0 0 1 0 0 0 0 0 0
2.5586013793945312 1.1189794540405273 61.29731750488281 -0.9671565996758499 0.25418125757704435 0 0 0 1 0 0 0 0 0 0
2.557292938232422 1.4288930892944336 61.64210510253906 -0.9649755608735281 -0.2623397928580794 0 0 0 1 0 0 0 0 0 0
2.4015159606933594 1.6968107223510742 61.98689270019531 -0.7053431086803269 -0.7088660656549817 0 0 0 1 0 0 0 0 0 0
