t = 0
b = 216 216 216
E = 0 0 0
-1.8367799520492554 1.417242169380188 71.6847152709961 -0.9690749600165477 -0.2467665331217472 0 0 0 -1 0 0 0 0 0 0
-1.8971208333969116 0.9717808365821838 71.29496002197266 -0.8685072973990325 0.4956763806806092 0 0 0 -1 0 0 0 0 0 0
-2.2074005603790283 0.7074452042579651 70.85648345947266 -0.35137665830790676 0.9362341822409437 0 0 0 -1 0 0 0 0 0 0
-2.6149818897247314 0.7023640275001526 70.4179916381836 0.32793042024409735 0.9447018786254897 0 0 0 -1 0 0 0 0 0 0
-2.9317543506622314 0.9588833451271057 69.9795150756836 0.8558819426430347 0.5171712484831162 0 0 0 -1 0 0 0 0 0 0
-3.011523485183716 1.3586140871047974 69.54102325439453 0.9888308059420055 -0.14904240074584124 0 0 0 -1 0 0 0 0 0 0
-2.8174736499786377 1.7170697450637817 69.10254669189453 0.6654157866997382 -0.746472927044758 0 0 0 -1 0 0 0 0 0 0
-2.439162492752075 1.8688222169876099 68.66405487060547 0.03489313682483235 -0.9993910490906567 0 0 0 -1 0 0 0 0 0 0
-2.0511887073516846 1.7438260316848755 68.22557830810547 -0.6117271866026504 -0.7910688017936278 0 0 0 -1 0 0 0 0 0 0
-1.8326085805892944 1.3997746706008911 67.7870864868164 -0.9760267988797381 -0.21765037989530608 0 0 0 -1 0 0 0 0 0 0
-1.8544095754623413 1.0639744997024536 67.39733123779297 -0.9396924463546937 0.3420206225711123 0 0 0 -1 0 0 0 0 0 0
-2.097081422805786 0.7623654007911682 66.96520233154297 -0.5352420384365687 0.8446987393682238 0 0 0 -1 0 0 0 0 0 0
-2.47343373298645 0.6717320084571838 66.53307342529297 0.09201258177021535 0.9957578444561606 0 0 0 -1 0 0 0 0 0 0
-2.8268063068389893 0.8297978043556213 66.10094451904297 0.6809698380486113 0.7323114635645463 0 0 0 -1 0 0 0 0 0 0
-3.010098695755005 1.1707669496536255 65.66881561279297 0.9864549577130329 0.1640323638901127 0 0 0 -1 0 0 0 0 0 0
-2.9470131397247314 1.5527058839797974 65.23668670654297 0.8813147059662436 -0.4725297758317811 0 0 0 -1 0 0 0 0 0 0
-2.6638119220733643 1.8166218996047974 64.80455780029297 0.40931473705721816 -0.9123932518534869 0 0 0 -1 0 0 0 0 0 0
-2.2783806324005127 1.8526593446731567 64.37242889404297 -0.23307314025117112 -0.972459208035719 0 0 0 -1 0 0 0 0 0 0
-1.9511617422103882 1.645818829536438 63.940303802490234 -0.778439340493249 -0.6277198365293513 0 0 0 -1 0 0 0 0 0 0
-1.8183664083480835 1.2821942567825317 63.508174896240234 -0.9997650377590795 -0.02167646822215933 0 0 0 -1 0 0 0 0 0 0
-1.93527352809906 0.9131565690040588 63.076045989990234 -0.804922503615519 0.5933799484085427 0 0 0 -1 0 0 0 0 0 0
-2.25321888923645 0.692319929599762 62.643917083740234 -0.2750092860213626 0.961441570040541 0 0 0 -1 0 0 0 0 0 0
-2.639849901199341 0.7116184830665588 62.211788177490234 0.36937406841285847 0.9292807958761083 0 0 0 -1 0 0 0 0 0 0
-2.9342262744903564 0.963010847568512 61.779659271240234 0.8600000828875186 0.5102938931963238 0 0 0 -1 0 0 0 0 0 0
-3.013808488845825 1.3418561220169067 61.347530364990234 0.9926383125262584 -0.12111639238774495 0 0 0 -1 0 0 0 0 0 0
-2.8454678058624268 1.6904507875442505 60.915401458740234 0.712070789437056 -0.7021076775185467 0 0 0 -1 0 0 0 0 0 0
-2.4992802143096924 1.8636876344680786 60.4832878112793 0.1350906742869419 -0.9908332401169732 0 0 0 -1 0 0 0 0 0 0
-2.1193535327911377 1.7894498109817505 60.0511589050293 -0.49812284519968886 -0.8671064704464885 0 0 0 -1 0 0 0 0 0 0
-1.8638356924057007 1.4986478090286255 59.6190299987793 -0.9239823323133636 -0.3824351573440349 0 0 0 -1 0 0 0 0 0 0
-1.839093565940857 1.1123257875442505 59.1869010925293 -0.9652221602828113 0.2614310258920753 0 0 0 -1 0 0 0 0 0 0
-2.055424928665161 0.7912998795509338 58.7547721862793 -0.6046696163222404 0.7964763995855211 0 0 0 -1 0 0 0 0 0 0
-2.422778367996216 0.6692028641700745 58.3226432800293 0.007590072534834497 0.9999711949845935 0 0 0 -1 0 0 0 0 0 0
-2.7882378101348877 0.7968617081642151 57.8905143737793 0.6166895864897448 0.7872064239544211 0 0 0 -1 0 0 0 0 0 0
-2.999671220779419 1.121130108833313 57.4583854675293 0.9690749813668661 0.2467664492770599 0 0 0 -1 0 0 0 0 0 0
-2.969069719314575 1.5070325136184692 57.0262565612793 0.9180720978150356 -0.3964134498393053 0 0 0 -1 0 0 0 0 0 0
-2.7091686725616455 1.7939282655715942 56.5941276550293 0.4849006737140336 -0.8745692291818163 0 0 0 -1 0 0 0 0 0 0
-2.3281567096710205 1.8623868227005005 56.1619987487793 -0.15011396926042184 -0.9886686989244077 0 0 0 -1 0 0 0 0 0 0
-1.9846395254135132 1.6839162111282349 55.7298698425293 -0.7226480249450491 -0.691216197757995 0 0 0 -1 0 0 0 0 0 0
-1.8216089010238647 1.3328076601028442 55.2977409362793 -0.9943621465960418 -0.10603735859078997 0 0 0 -1 0 0 0 0 0 0
-1.9069303274154663 0.9552174210548401 54.8656120300293 -0.8521620109153385 0.5232780400061966 0 0 0 -1 0 0 0 0 0 0
-2.2050888538360596 0.7083187699317932 54.4334831237793 -0.35522672207288036 0.9347801751884537 0 0 0 -1 0 0 0 0 0 0
-2.591967821121216 0.6948910355567932 54.0013542175293 0.28956731603735003 0.9571576513213096 0 0 0 -1 0 0 0 0 0 0
-2.9065239429473877 0.9205265641212463 53.5692253112793 0.8138311700051342 0.581101391091154 0 0 0 -1 0 0 0 0 0 0
-3.017817735671997 1.291296124458313 53.1370964050293 0.99932097540667 -0.03684546257358667 0 0 0 -1 0 0 0 0 0 0
-2.8795197010040283 1.6528607606887817 52.7049674987793 0.7688265255117164 -0.6394574056726392 0 0 0 -1 0 0 0 0 0 0
-2.549201250076294 1.8547154664993286 52.2728385925293 0.2182970083808017 -0.9758823782259786 0 0 0 -1 0 0 0 0 0 0
-2.1643593311309814 1.8128339052200317 51.8407096862793 -0.42311056225548627 -0.9060780607143328 0 0 0 -1 0 0 0 0 0 0
-1.8851960897445679 1.5446492433547974 51.4085807800293 -0.8883797308690214 -0.4591094137360781 0 0 0 -1 0 0 0 0 0 0
-1.8279145956039429 1.1617947816848755 50.97645950317383 -0.9838512239025343 0.17898818180395387 0 0 0 -1 0 0 0 0 0 0
-2.0163605213165283 0.8236485123634338 50.54433059692383 -0.669775658194884 0.7425635108794463 0 0 0 -1 0 0 0 0 0 0
-2.3720905780792236 0.6709614396095276 50.11220169067383 -0.07688867108282937 0.9970396843953186 0 0 0 -1 0 0 0 0 0 0
-2.747023820877075 0.7672978043556213 49.68007278442383 0.5479957239173062 0.8364811334204423 0 0 0 -1 0 0 0 0 0 0
-2.9850914478302 1.0725537538528442 49.24794387817383 0.9447763218257922 0.3277158856652009 0 0 0 -1 0 0 0 0 0 0
-2.987189531326294 1.459661602973938 48.81581497192383 0.9482712943952112 -0.31746110348518375 0 0 0 -1 0 0 0 0 0 0
-2.752446413040161 1.7674809694290161 48.38368606567383 0.5570334255086447 -0.830490073911847 0 0 0 -1 0 0 0 0 0 0
-2.378577470779419 1.8678761720657349 47.95155715942383 -0.06607779105627284 -0.9978144745037143 0 0 0 -1 0 0 0 0 0 0
-2.021214723587036 1.7190533876419067 47.51942825317383 -0.6616847185501903 -0.7497821905307938 0 0 0 -1 0 0 0 0 0 0
-1.8367799520492554 1.417242169380188 47.12966537475586 -0.9690749600165477 -0.2467665331217472 0 0 0 -1 0 0 0 0 0 0
-1.9107602834701538 0.9490604996681213 46.628543853759766 -0.8457738724708447 0.5335415228880237 0 0 0 -1 0 0 0 0 0 0
-2.3014347553253174 0.680662214756012 46.12742233276367 -0.19465084658562384 0.9808725951536722 0 0 0 -1 0 0 0 0 0 0
-2.7649948596954346 0.7795429825782776 45.62629318237305 0.5779528171864539 0.8160701814833338 0 0 0 -1 0 0 0 0 0 0
-3.0121471881866455 1.1839925050735474 45.12517166137695 0.9898687756471077 0.1419852351439955 0 0 0 -1 0 0 0 0 0 0
-2.8886520862579346 1.641607403755188 44.62405014038086 0.78404832704949 -0.6206997831890197 0 0 0 -1 0 0 0 0 0 0
-2.4715797901153564 1.8668080568313599 44.122920989990234 0.08892160208912912 -0.9960386281073154 0 0 0 -1 0 0 0 0 0 0
-2.0212109088897705 1.7190533876419067 43.62179946899414 -0.6616910259238478 -0.7497766242100681 0 0 0 -1 0 0 0 0 0 0
-1.8326085805892944 1.3997746706008911 43.23203659057617 -0.9760267988797381 -0.21765037989530608 0 0 0 -1 0 0 0 0 0 0
-1.8881086111068726 0.9881611466407776 42.74483108520508 -0.8835283652830952 0.4683776550393727 0 0 0 -1 0 0 0 0 0 0
-2.1976330280303955 0.711210310459137 42.257633209228516 -0.3676551061223832 0.92996221586801 0 0 0 -1 0 0 0 0 0 0
-2.612860918045044 0.7016316056251526 41.77042770385742 0.3243901005720229 0.9459233915338349 0 0 0 -1 0 0 0 0 0 0
-2.9348232746124268 0.9640217423439026 41.28322219848633 0.860995574492184 0.5086124464706642 0 0 0 -1 0 0 0 0 0 0
-3.0092384815216064 1.3726407289505005 40.796016693115234 0.9850227504958057 -0.17242442114061945 0 0 0 -1 0 0 0 0 0 0
-2.8004486560821533 1.7316838502883911 40.30881881713867 0.637040470224089 -0.7708303570155182 0 0 0 -1 0 0 0 0 0 0
-2.4085018634796143 1.8691083192825317 39.82161331176758 -0.01620671786860969 -0.9998686625231973 0 0 0 -1 0 0 0 0 0 0
-2.021214723587036 1.7190533876419067 39.334407806396484 -0.6616847185501903 -0.7497821905307938 0 0 0 -1 0 0 0 0 0 0
-1.8367799520492554 1.417242169380188 38.944644927978516 -0.9690749600165477 -0.2467665331217472 0 0 0 -1 0 0 0 0 0 0
-1.8791269063949585 1.0058003664016724 38.49492263793945 -0.8984958263642376 0.4389820611437848 0 0 0 -1 0 0 0 0 0 0
-2.177659273147583 0.7195225358009338 38.04519271850586 -0.40093883456430046 0.9161048253001511 0 0 0 -1 0 0 0 0 0 0
-2.59051251411438 0.6944523453712463 37.5954704284668 0.28714402466170813 0.9578874198469651 0 0 0 -1 0 0 0 0 0 0
-2.9214928150177 0.942503035068512 37.1457405090332 0.8387800760755812 0.5444703701567626 0 0 0 -1 0 0 0 0 0 0
-3.0133144855499268 1.3457967042922974 36.69601058959961 0.9918139780826383 -0.12769116210565112 0 0 0 -1 0 0 0 0 0 0
-2.822343111038208 1.712682843208313 36.24628829956055 0.6735273235468187 -0.7391623261746091 0 0 0 -1 0 0 0 0 0 0
-2.4393303394317627 1.8688145875930786 35.79655838012695 0.03517367703614335 -0.9993812147743008 0 0 0 -1 0 0 0 0 0 0
-2.0462887287139893 1.739996075630188 35.34683609008789 -0.6198950827544737 -0.7846847050738432 0 0 0 -1 0 0 0 0 0 0
-1.8299955129623413 1.3874455690383911 34.8971061706543 -0.9803840425160647 -0.1970967508099996 0 0 0 -1 0 0 0 0 0 0
-1.8932355642318726 0.9786930680274963 34.447383880615234 -0.8749838302157401 0.4841521422662436 0 0 0 -1 0 0 0 0 0 0
-2.2059566974639893 0.7079907059669495 33.99765396118164 -0.35378765740038415 0.9353257686341955 0 0 0 -1 0 0 0 0 0 0
-2.61955189704895 0.7039700150489807 33.54793167114258 0.33554089452981656 0.9420256408920782 0 0 0 -1 0 0 0 0 0 0
-2.9374725818634033 0.9685497879981995 33.098201751708984 0.865411358071044 0.5010620533642828 0 0 0 -1 0 0 0 0 0 0
-3.0063259601593018 1.3880864381790161 32.708438873291016 0.9801692370622764 -0.19816222323327695 0 0 0 -1 0 0 0 0 0 0
-2.7809078693389893 1.7471600770950317 32.238033294677734 0.6044713206621537 -0.796626902945759 0 0 0 -1 0 0 0 0 0 0
-2.374404191970825 1.8675824403762817 31.767635345458984 -0.07303456810898235 -0.9973294099048391 0 0 0 -1 0 0 0 0 0 0
-1.98977792263031 1.6892262697219849 31.297229766845703 -0.714081355298739 -0.7000627243431233 0 0 0 -1 0 0 0 0 0 0
-1.8190778493881226 1.3011418581008911 30.826824188232422 -0.9985806843434862 -0.053259899137107124 0 0 0 -1 0 0 0 0 0 0
-1.9475301504135132 0.8971043229103088 30.356426239013672 -0.7844938173382179 0.6201366386193538 0 0 0 -1 0 0 0 0 0 0
-2.311002016067505 0.6788464188575745 29.88602066040039 -0.1787076840775419 0.983902212443717 0 0 0 -1 0 0 0 0 0 0
-2.7280094623565674 0.7553425431251526 29.41561508178711 0.5163045208946743 0.8564050687050615 0 0 0 -1 0 0 0 0 0 0
-2.990342378616333 1.0884038209915161 28.945209503173828 0.9535278791822421 0.3013048018572148 0 0 0 -1 0 0 0 0 0 0
-2.967017412185669 1.5117284059524536 28.474811553955078 0.9146548661912918 -0.4042356685803348 0 0 0 -1 0 0 0 0 0 0
-2.6696808338165283 1.8139516115188599 28.004405975341797 0.4190901944504474 -0.9079446067439831 0 0 0 -1 0 0 0 0 0 0
-2.246793031692505 1.8441754579544067 27.534000396728516 -0.28571908006874014 -0.9583134180865219 0 0 0 -1 0 0 0 0 0 0
-1.9095014333724976 1.5873051881790161 27.063602447509766 -0.8478733784177402 -0.5301987685486338 0 0 0 -1 0 0 0 0 0 0
-1.826215147972107 1.1715985536575317 26.593196868896484 -0.9866852746127133 0.16264122743767767 0 0 0 -1 0 0 0 0 0 0
-2.038520097732544 0.8046169877052307 26.122791290283203 -0.6328407940953075 0.7742819443386374 0 0 0 -1 0 0 0 0 0 0
-2.4404118061065674 0.6695957779884338 25.652385711669922 0.036980115904883516 0.9993160015869161 0 0 0 -1 0 0 0 0 0 0
-2.831225633621216 0.8339481949806213 25.181987762451172 0.6883317295440663 0.7253960505150786 0 0 0 -1 0 0 0 0 0 0
-3.0158283710479736 1.2156163454055786 24.71158218383789 0.9960059992455131 0.08928633415560805 0 0 0 -1 0 0 0 0 0 0
-2.9020493030548096 1.624029278755188 24.24117660522461 0.8063750322371456 -0.5914045209368476 0 0 0 -1 0 0 0 0 0 0
-2.546696901321411 1.8552724123001099 23.770771026611328 0.21411645227681475 -0.9768081412766739 0 0 0 -1 0 0 0 0 0 0
-2.1271984577178955 1.7938786745071411 23.300373077392578 -0.4850460021492141 -0.8744886367466789 0 0 0 -1 0 0 0 0 0 0
-1.853009581565857 1.4705106019973755 22.829967498779297 -0.9420238084668995 -0.3355460389894629 0 0 0 -1 0 0 0 0 0 0
-1.8610337972640991 1.0466176271438599 22.359561920166016 -0.9286545036911992 0.37094583536421144 0 0 0 -1 0 0 0 0 0 0
-2.14726185798645 0.733854353427887 21.889163970947266 -0.45160620678397984 0.892217369251566 0 0 0 -1 0 0 0 0 0 0
-2.56878399848938 0.688383162021637 21.418758392333984 0.25092940864542596 0.968005388351148 0 0 0 -1 0 0 0 0 0 0
-2.9151318073272705 0.9329052567481995 20.948352813720703 0.8281757306462486 0.5604685175534413 0 0 0 -1 0 0 0 0 0 0
-3.013373613357544 1.3453313112258911 20.477947235107422 0.9919146880358264 -0.12690646815190063 0 0 0 -1 0 0 0 0 0 0
-2.814458131790161 1.7197400331497192 20.007549285888672 0.6603874563864619 -0.7509250345057213 0 0 0 -1 0 0 0 0 0 0
-2.4177048206329346 1.8691846132278442 19.53714370727539 -0.0008695258636591838 -0.9999996219623148 0 0 0 -1 0 0 0 0 0 0
-2.0212109088897705 1.7190533876419067 19.06673812866211 -0.6616910259238478 -0.7497766242100681 0 0 0 -1 0 0 0 0 0 0
-1.8326085805892944 1.3997746706008911 18.67697525024414 -0.9760267988797381 -0.21765037989530608 0 0 0 -1 0 0 0 0 0 0
-1.8716329336166382 1.0217267274856567 18.23849105834961 -0.910986891746277 0.4124353077349916 0 0 0 -1 0 0 0 0 0 0
-2.1299641132354736 0.7429676651954651 17.80001449584961 -0.48043250549175204 0.8770317027718654 0 0 0 -1 0 0 0 0 0 0
-2.503955125808716 0.6753407120704651 17.361530303955078 0.14288197340510878 0.989739734311936 0 0 0 -1 0 0 0 0 0 0
-2.8435490131378174 0.8459835648536682 16.923046112060547 0.7088715877586487 0.7053375589521181 0 0 0 -1 0 0 0 0 0 0
-3.0124905109405518 1.1864262819290161 16.484561920166016 0.9904412877776776 0.13793496824698132 0 0 0 -1 0 0 0 0 0 0
-2.9429943561553955 1.5600758790969849 16.046077728271484 0.8746165226976915 -0.48481536508674977 0 0 0 -1 0 0 0 0 0 0
-2.6629459857940674 1.8170109987258911 15.607593536376953 0.407866334333583 -0.9130416492785454 0 0 0 -1 0 0 0 0 0 0
-2.2847092151641846 1.8541432619094849 15.169109344482422 -0.22252395500626454 -0.9749272226419622 0 0 0 -1 0 0 0 0 0 0
-2.021214723587036 1.7190533876419067 14.779346466064453 -0.6616847185501903 -0.7497821905307938 0 0 0 -1 0 0 0 0 0 0
-1.8210996389389038 1.3278371095657349 14.299640655517578 -0.9952113734998176 -0.09774621249238519 0 0 0 -1 0 0 0 0 0 0
-1.9412702322006226 0.9051609635353088 13.819934844970703 -0.794926682350145 0.6067055049097476 0 0 0 -1 0 0 0 0 0 0
-2.3172714710235596 0.6777401566505432 13.340221405029297 -0.16825668145513167 0.9857432166369223 0 0 0 -1 0 0 0 0 0 0
-2.7474205493927 0.7675572037696838 12.860515594482422 0.5486553807827604 0.8360486069231406 0 0 0 -1 0 0 0 0 0 0
-3.0009987354278564 1.126440167427063 12.380809783935547 0.9712864656803242 0.23791301264585046 0 0 0 -1 0 0 0 0 0 0
-2.9419872760772705 1.5618878602981567 11.90109634399414 0.8729372990304783 -0.48783242200716154 0 0 0 -1 0 0 0 0 0 0
-2.6020405292510986 1.8403340578079224 11.421390533447266 0.30636035661897937 -0.9519156117494302 0 0 0 -1 0 0 0 0 0 0
-2.163501024246216 1.8124295473098755 10.94168472290039 -0.42454253097124367 -0.9054079960970804 0 0 0 -1 0 0 0 0 0 0
-1.8615888357162476 1.493139386177063 10.461978912353516 -0.9277280757687737 -0.37325677144610336 0 0 0 -1 0 0 0 0 0 0
-1.85824716091156 1.0537244081497192 9.98226547241211 -0.933295381225367 0.3591096369959965 0 0 0 -1 0 0 0 0 0 0
-2.1552650928497314 0.7298794388771057 9.502559661865234 -0.43826937327826476 0.8988436774246549 0 0 0 -1 0 0 0 0 0 0
-2.593329668045044 0.6953068375587463 9.02285385131836 0.2918407793602737 0.9564669150066759 0 0 0 -1 0 0 0 0 0 0
-2.9374725818634033 0.9685497879981995 8.543140411376953 0.865411358071044 0.5010620533642828 0 0 0 -1 0 0 0 0 0 0
-3.0063259601593018 1.3880864381790161 8.153377532958984 0.9801692370622764 -0.19816222323327695 0 0 0 -1 0 0 0 0 0 0
-2.7923080921173096 1.7382947206497192 7.698657989501953 0.6234696858865084 -0.7818475239972168 0 0 0 -1 0 0 0 0 0 0
-2.4032528400421143 1.8689976930618286 7.243930816650391 -0.02495827268431677 -0.9996884937942496 0 0 0 -1 0 0 0 0 0 0
-2.0212032794952393 1.7190457582473755 6.789211273193359 -0.6617028994619604 -0.7497661454371188 0 0 0 -1 0 0 0 0 0 0
-1.8249257802963257 1.3585988283157349 6.334484100341797 -0.9888341049889233 -0.14902051137596783 0 0 0 -1 0 0 0 0 0 0
-1.9062589406967163 0.9563122391700745 5.879764556884766 -0.8532762521070997 0.5214591427811591 0 0 0 -1 0 0 0 0 0 0
-2.2271454334259033 0.7004261612892151 5.425037384033203 -0.3184668540485778 0.9479339971076055 0 0 0 -1 0 0 0 0 0 0
-2.6374428272247314 0.7106686234474182 4.970317840576172 0.3653638311965445 0.9308647973005441 0 0 0 -1 0 0 0 0 0 0
-2.945164918899536 0.9822445511817932 4.515590667724609 0.8782301593541715 0.4782382117739511 0 0 0 -1 0 0 0 0 0 0
-3.0063259601593018 1.3880864381790161 4.060871124267578 0.9801692370622764 -0.19816222323327695 0 0 0 -1 0 0 0 0 0 0
-2.7923080921173096 1.7382947206497192 3.6061437129974365 0.6234696858865084 -0.7818475239972168 0 0 0 -1 0 0 0 0 0 0
-2.4032528400421143 1.8689976930618286 3.1514241695404053 -0.02495827268431677 -0.9996884937942496 0 0 0 -1 0 0 0 0 0 0
-2.0212032794952393 1.7190457582473755 2.6966969966888428 -0.6617028994619604 -0.7497661454371188 0 0 0 -1 0 0 0 0 0 0
-1.8249257802963257 1.3585988283157349 2.2419774532318115 -0.9888341049889233 -0.14902051137596783 0 0 0 -1 0 0 0 0 0 0
-1.9062589406967163 0.9563122391700745 1.787250280380249 -0.8532762521070997 0.5214591427811591 0 0 0 -1 0 0 0 0 0 0
-2.2271454334259033 0.7004261612892151 1.3325307369232178 -0.3184668540485778 0.9479339971076055 0 0 0 -1 0 0 0 0 0 0
-2.6374428272247314 0.7106686234474182 0.8778036236763 0.3653638311965445 0.9308647973005441 0 0 0 -1 0 0 0 0 0 0
-2.945164918899536 0.9822445511817932 0.4230840504169464 0.8782301593541715 0.4782382117739511 0 0 0 -1 0 0 0 0 0 0
-3.0063259601593018 1.3880864381790161 -0.031643107533454895 0.9801692370622764 -0.19816222323327695 0 0 0 -1 0 0 0 0 0 0
-2.8371574878692627 1.6987172365188599 -0.42140600085258484 0.6982189022252391 -0.7158843234597206 0 0 0 -1 0 0 0 0 0 0
-2.433171510696411 1.8690015077590942 -0.908603847026825 0.024907535918718627 -0.9996897592025528 0 0 0 -1 0 0 0 0 0 0
-2.021205186843872 1.7190457582473755 -1.3958094120025635 -0.6616997458777244 -0.7497689286075778 0 0 0 -1 0 0 0 0 0 0
-1.8212064504623413 1.3289166688919067 -1.8830149173736572 -0.9950322977347803 -0.09955263163092759 0 0 0 -1 0 0 0 0 0 0
-1.9399522542953491 0.9068966507911682 -2.370220422744751 -0.7971249100008251 0.6038144399202264 0 0 0 -1 0 0 0 0 0 0
-2.314044237136841 0.6783009171485901 -2.8574182987213135 -0.1736361701833261 0.9848098701800602 0 0 0 -1 0 0 0 0 0 0
-2.7437584400177 0.7651730179786682 -3.3446238040924072 0.5425566907677252 0.8400191886517683 0 0 0 -1 0 0 0 0 0 0
-2.9996731281280518 1.1211377382278442 -3.831829309463501 0.9690806887713646 0.24674403468051187 0 0 0 -1 0 0 0 0 0 0
-2.945155382156372 1.5561429262161255 -4.319034576416016 0.8782169589044597 -0.47826245210407486 0 0 0 -1 0 0 0 0 0 0
-2.6093151569366455 1.8379422426223755 -4.806232452392578 0.3184820295907159 -0.9479288986141198 0 0 0 -1 0 0 0 0 0 0
-2.1714508533477783 1.8160878419876099 -5.293437957763672 -0.411293300482027 -0.9115030559348669 0 0 0 -1 0 0 0 0 0 0
-1.865338683128357 1.5022450685501099 -5.780643463134766 -0.9214798092095886 -0.3884262622674482 0 0 0 -1 0 0 0 0 0 0
-1.8544095754623413 1.0639744997024536 -6.267848968505859 -0.9396924463546937 0.3420206225711123 0 0 0 -1 0 0 0 0 0 0
-1.9989370107650757 0.8400021195411682 -6.657611846923828 -0.698809156534692 0.7153081592875007 0 0 0 -1 0 0 0 0 0 0
-2.3516972064971924 0.6728840470314026 -7.103054046630859 -0.11087788603067908 0.9938340376488258 0 0 0 -1 0 0 0 0 0 0
-2.7326138019561768 0.758146345615387 -7.548496246337891 0.5239809083658007 0.8517300086695021 0 0 0 -1 0 0 0 0 0 0
-2.9804680347442627 1.0597058534622192 -7.993938446044922 0.9370721826024837 0.3491356822105375 0 0 0 -1 0 0 0 0 0 0
-2.9903576374053955 1.4499226808547974 -8.439380645751953 0.9535529863500587 -0.30122533462988227 0 0 0 -1 0 0 0 0 0 0
-2.758094072341919 1.7636433839797974 -8.884822845458984 0.5664483479464186 -0.824097244934585 0 0 0 -1 0 0 0 0 0 0
-2.381985902786255 1.8680897951126099 -9.330268859863281 -0.06040139646446611 -0.9981741688228275 0 0 0 -1 0 0 0 0 0 0
-2.021214723587036 1.7190533876419067 -9.775711059570312 -0.6616847185501903 -0.7497821905307938 0 0 0 -1 0 0 0 0 0 0
-1.8367799520492554 1.417242169380188 -10.165473937988281 -0.9690749600165477 -0.2467665331217472 0 0 0 -1 0 0 0 0 0 0
-1.8954919576644897 0.9746533036231995 -10.65267562866211 -0.8712236795912811 0.49088623948877297 0 0 0 -1 0 0 0 0 0 0
-2.243640184402466 0.6951466202735901 -11.139881134033203 -0.29097516630871273 0.956730606070286 0 0 0 -1 0 0 0 0 0 0
-2.6884548664093018 0.7334843277931213 -11.627082824707031 0.45037914838825566 0.8928373999206517 0 0 0 -1 0 0 0 0 0 0
-2.9836456775665283 1.0684376955032349 -12.114288330078125 0.9423662492525728 0.33458310218783904 0 0 0 -1 0 0 0 0 0 0
-2.965766191482544 1.5145436525344849 -12.601490020751953 0.9125645533797043 -0.4089326789520506 0 0 0 -1 0 0 0 0 0 0
-2.6447155475616455 1.8247967958450317 -13.088695526123047 0.3774809554208458 -0.9260173477287374 0 0 0 -1 0 0 0 0 0 0
-2.198258638381958 1.8274098634719849 -13.575897216796875 -0.36661546055082783 -0.9303725619799331 0 0 0 -1 0 0 0 0 0 0
-1.873597502708435 1.520940899848938 -14.063102722167969 -0.9077118937493646 -0.41959399178961326 0 0 0 -1 0 0 0 0 0 0
-1.8504937887191772 1.0750752687454224 -14.550304412841797 -0.9462210372694788 0.3235208627409855 0 0 0 -1 0 0 0 0 0 0
-2.141740083694458 0.7366886734962463 -15.03750991821289 -0.46081366942386853 0.8874969082042538 0 0 0 -1 0 0 0 0 0 0
-2.586074113845825 0.693143904209137 -15.524711608886719 0.2797474720366217 0.9600736179528733 0 0 0 -1 0 0 0 0 0 0
-2.9374725818634033 0.9685497879981995 -16.011917114257812 0.865411358071044 0.5010620533642828 0 0 0 -1 0 0 0 0 0 0
-3.0063259601593018 1.3880864381790161 -16.40167999267578 0.9801692370622764 -0.19816222323327695 0 0 0 -1 0 0 0 0 0 0
-2.7992851734161377 1.7326451539993286 -16.84990692138672 0.635100639319815 -0.772429399968413 0 0 0 -1 0 0 0 0 0 0
-2.4212048053741455 1.869176983833313 -17.298133850097656 0.004964764284680506 -0.999987675481852 0 0 0 -1 0 0 0 0 0 0
-2.0417873859405518 1.7364064455032349 -17.746360778808594 -0.6273936092379601 -0.7787022916926378 0 0 0 -1 0 0 0 0 0 0
-1.8313344717025757 1.3939191102981567 -18.19458770751953 -0.9781521485460851 -0.20789029389242092 0 0 0 -1 0 0 0 0 0 0
-1.8843072652816772 0.9954472184181213 -18.64281463623047 -0.8898598336292232 0.4562340150551814 0 0 0 -1 0 0 0 0 0 0
-2.1769306659698486 0.7198429703712463 -19.091041564941406 -0.4021579332975337 0.9155703122567137 0 0 0 -1 0 0 0 0 0 0
-2.5778591632843018 0.6908131241798401 -19.53927230834961 0.26605963918247794 0.9639565697675854 0 0 0 -1 0 0 0 0 0 0
-2.9071362018585205 0.921384871006012 -19.987499237060547 0.8148538434379909 0.5796664677504937 0 0 0 -1 0 0 0 0 0 0
-3.01696515083313 1.3080655336380005 -20.435726165771484 0.9978986923600885 -0.06479351654313498 0 0 0 -1 0 0 0 0 0 0
-2.858048677444458 1.6772977113723755 -20.883953094482422 0.7330407997436524 -0.680184670447068 0 0 0 -1 0 0 0 0 0 0
-2.5017178058624268 1.863348126411438 -21.33218002319336 0.13915202973080695 -0.9902710298811112 0 0 0 -1 0 0 0 0 0 0
-2.1079113483428955 1.7827092409133911 -21.780406951904297 -0.5171884144202483 -0.8558715697985706 0 0 0 -1 0 0 0 0 0 0
-1.8533910512924194 1.4715749025344849 -22.228633880615234 -0.9413897893560196 -0.3373207145969973 0 0 0 -1 0 0 0 0 0 0
-1.8523954153060913 1.0695973634719849 -22.676860809326172 -0.9430493128281853 0.3326529626717422 0 0 0 -1 0 0 0 0 0 0
-2.105372667312622 0.7572079300880432 -23.12508773803711 -0.5214267857910352 0.8532960254563653 0 0 0 -1 0 0 0 0 0 0
-2.498774766921997 0.6746159195899963 -23.573314666748047 0.13424796986754034 0.9909477698579496 0 0 0 -1 0 0 0 0 0 0
-2.856023073196411 0.8589001297950745 -24.021541595458984 0.7296623639547731 0.6838076005923979 0 0 0 -1 0 0 0 0 0 0
-3.0167648792266846 1.2273427248001099 -24.469772338867188 0.9975650906431779 0.06974159397424412 0 0 0 -1 0 0 0 0 0 0
-2.9088528156280518 1.6145650148391724 -24.917999267578125 0.8177078394020698 -0.5756334679120029 0 0 0 -1 0 0 0 0 0 0
-2.5807220935821533 1.8467618227005005 -25.366226196289062 0.2708268045745457 -0.96262809117745 0 0 0 -1 0 0 0 0 0 0
-2.2847092151641846 1.8541432619094849 -25.75598907470703 -0.22252395500626454 -0.9749272226419622 0 0 0 -1 0 0 0 0 0 0
-1.9186605215072632 1.6015034914016724 -26.257110595703125 -0.8326090233220841 -0.5538611868353347 0 0 0 -1 0 0 0 0 0 0
-1.8271211385726929 1.1662541627883911 -26.758235931396484 -0.985173593723626 0.17156045648597476 0 0 0 -1 0 0 0 0 0 0
-2.060391664505005 0.7875691056251526 -27.259357452392578 -0.5963909475429361 0.8026941121553335 0 0 0 -1 0 0 0 0 0 0
-2.490290880203247 0.6735287308692932 -27.760482788085938 0.12010651358910535 0.992761011217438 0 0 0 -1 0 0 0 0 0 0
-2.880591630935669 0.8868008255958557 -28.261608123779297 0.7706087341054831 0.6373085429525833 0 0 0 -1 0 0 0 0 0 0
-3.016822099685669 1.3101903200149536 -28.76272964477539 0.9976621408002457 -0.06833924797559952 0 0 0 -1 0 0 0 0 0 0
-2.8241283893585205 1.7110501527786255 -29.26385498046875 0.6765066609095607 -0.7364365130444013 0 0 0 -1 0 0 0 0 0 0
-2.4242050647735596 1.8691579103469849 -29.65361785888672 0.00996864911101473 -0.9999503117829912 0 0 0 -1 0 0 0 0 0 0
-2.0509235858917236 1.7436238527297974 -30.086685180664062 -0.6121673094030865 -0.7907282626150312 0 0 0 -1 0 0 0 0 0 0
-1.8358873128890991 1.4136868715286255 -30.519756317138672 -0.9705666769754924 -0.240832567450398 0 0 0 -1 0 0 0 0 0 0
-1.87173593044281 1.0214978456497192 -30.95282745361328 -0.9108139030370637 0.41281719202861505 0 0 0 -1 0 0 0 0 0 0
-2.1430275440216064 0.736021101474762 -31.385894775390625 -0.45866113900220207 0.8886112533437794 0 0 0 -1 0 0 0 0 0 0
-2.5328800678253174 0.6802425980567932 -31.818965911865234 0.19108734101965769 0.9815730375789858 0 0 0 -1 0 0 0 0 0 0
-2.873337984085083 0.8781986832618713 -32.252037048339844 0.7585242421627603 0.6516448220092063 0 0 0 -1 0 0 0 0 0 0
-3.0177223682403564 1.2446004152297974 -32.68510437011719 0.9991602065980175 0.04097415711161098 0 0 0 -1 0 0 0 0 0 0
-2.903826951980591 1.6215955018997192 -33.1181755065918 0.8093343695931515 -0.5873481745908946 0 0 0 -1 0 0 0 0 0 0
-2.5807220935821533 1.8467618227005005 -33.551246643066406 0.2708268045745457 -0.96262809117745 0 0 0 -1 0 0 0 0 0 0
-2.2847092151641846 1.8541432619094849 -33.941009521484375 -0.22252395500626454 -0.9749272226419622 0 0 0 -1 0 0 0 0 0 0
-1.9442132711410522 1.6370335817337036 -34.3907356262207 -0.7900228099843181 -0.6130774500048769 0 0 0 -1 0 0 0 0 0 0
-1.8184350728988647 1.253301739692688 -34.84046173095703 -0.999649385435788 0.02647841003253466 0 0 0 -1 0 0 0 0 0 0
-1.9643491506576538 0.8767643570899963 -35.29018783569336 -0.7564648000259998 0.6540344075976617 0 0 0 -1 0 0 0 0 0 0
-2.3158581256866455 0.6779842972755432 -35.73991394042969 -0.17061262986962672 0.9853381807932592 0 0 0 -1 0 0 0 0 0 0
-2.7137367725372314 0.7470036149024963 -36.189640045166016 0.49251757932114304 0.8703024957218275 0 0 0 -1 0 0 0 0 0 0
-2.9777557849884033 1.0525609254837036 -36.639366149902344 0.9325466523054974 0.36104949975565653 0 0 0 -1 0 0 0 0 0 0
-2.9883205890655518 1.4562474489212036 -37.08909225463867 0.950156659125323 -0.31177287104526075 0 0 0 -1 0 0 0 0 0 0
-2.74064564704895 1.7751942873001099 -37.538818359375 0.5373712476372555 -0.8433458022737644 0 0 0 -1 0 0 0 0 0 0
-2.34692120552063 1.864935040473938 -37.98854446411133 -0.11883817967072269 -0.9929136352435438 0 0 0 -1 0 0 0 0 0 0
-1.985495924949646 1.6848126649856567 -38.438270568847656 -0.7212147161448036 -0.6927115801083235 0 0 0 -1 0 0 0 0 0 0
-1.8200887441635132 1.3164235353469849 -38.887996673583984 -0.9968960612516257 -0.07872892137578728 0 0 0 -1 0 0 0 0 0 0
-1.9256223440170288 0.926633894443512 -39.33772277832031 -0.8210033258915241 0.5709234089394618 0 0 0 -1 0 0 0 0 0 0
-2.2542946338653564 0.692014753818512 -39.787452697753906 -0.2732159325890356 0.9619527297011551 0 0 0 -1 0 0 0 0 0 0
-2.6079113483428955 0.6999607682228088 -40.177215576171875 0.31614524687202833 0.9487108004445952 0 0 0 -1 0 0 0 0 0 0
-2.9466240406036377 0.9849415421485901 -40.6644172668457 0.8806638764727484 0.4737416349403879 0 0 0 -1 0 0 0 0 0 0
-2.99773907661438 1.4246350526809692 -41.1516227722168 0.9658547531995928 -0.25908414795535856 0 0 0 -1 0 0 0 0 0 0
-2.733433961868286 1.7797185182571411 -41.638824462890625 0.525344775769773 -0.8508894561406946 0 0 0 -1 0 0 0 0 0 0
-2.2975666522979736 1.8569279909133911 -42.12602996826172 -0.20109666932224673 -0.9795714009644723 0 0 0 -1 0 0 0 0 0 0
-1.9273713827133179 1.6142407655715942 -42.61323165893555 -0.8180908597687391 -0.5750889889076694 0 0 0 -1 0 0 0 0 0 0
-1.8243402242660522 1.1837445497512817 -43.10043716430664 -0.989809092221455 0.14240070560126905 0 0 0 -1 0 0 0 0 0 0
-2.044551134109497 0.7997532486915588 -43.58763885498047 -0.6227919087171249 0.7823875244637278 0 0 0 -1 0 0 0 0 0 0
-2.468146562576294 0.6712666153907776 -44.07484436035156 0.08320517066645713 0.9965324377933543 0 0 0 -1 0 0 0 0 0 0
-2.864569902420044 0.8682156205177307 -44.56204605102539 0.7439026811937257 0.6682879625676242 0 0 0 -1 0 0 0 0 0 0
-3.0180561542510986 1.2834073305130005 -45.049251556396484 0.9997192075959557 -0.023696117059853524 0 0 0 -1 0 0 0 0 0 0
-2.8450653553009033 1.6908589601516724 -45.53645324707031 0.7113992165129651 -0.7027881293425061 0 0 0 -1 0 0 0 0 0 0
-2.4397518634796143 1.8687993288040161 -46.023658752441406 0.03587521972444594 -0.9993562771152853 0 0 0 -1 0 0 0 0 0 0
-2.022723436355591 1.7203809022903442 -46.510860443115234 -0.6591715767174842 -0.7519925747291564 0 0 0 -1 0 0 0 0 0 0
-1.8209584951400757 1.3263837099075317 -46.99806594848633 -0.9954464240285438 -0.09532269870699642 0 0 0 -1 0 0 0 0 0 0
-1.944276213645935 0.9012547135353088 -47.485267639160156 -0.789912005912055 0.613220207524176 0 0 0 -1 0 0 0 0 0 0
-2.325556993484497 0.6763859391212463 -47.97247314453125 -0.15444564774169883 0.9880012863825872 0 0 0 -1 0 0 0 0 0 0
-2.7572758197784424 0.7741642594337463 -48.45967483520508 0.5650817578102676 0.8250349125885873 0 0 0 -1 0 0 0 0 0 0
-3.0044548511505127 1.1413785219192505 -48.94688034057617 0.9770508836128738 0.21300603472977556 0 0 0 -1 0 0 0 0 0 0
-2.9325592517852783 1.5781537294387817 -49.43408203125 0.8572210594120769 -0.5149485948135373 0 0 0 -1 0 0 0 0 0 0
-2.5807220935821533 1.8467618227005005 -49.921287536621094 0.2708268045745457 -0.96262809117745 0 0 0 -1 0 0 0 0 0 0
-2.2847092151641846 1.8541432619094849 -50.31105041503906 -0.22252395500626454 -0.9749272226419622 0 0 0 -1 0 0 0 0 0 0
-1.9488576650619507 1.6429425477981567 -50.756492614746094 -0.7822798060005726 -0.6229272069220498 0 0 0 -1 0 0 0 0 0 0
-1.8182271718978882 1.2683278322219849 -51.201934814453125 -0.9999989848180336 0.001424908032787114 0 0 0 -1 0 0 0 0 0 0
-1.9499295949935913 0.8940868973731995 -51.647377014160156 -0.7804940910779687 0.6251631577375424 0 0 0 -1 0 0 0 0 0 0
-2.286383867263794 0.6838513016700745 -52.09282302856445 -0.21973908322124913 0.9755586785555674 0 0 0 -1 0 0 0 0 0 0
-2.6804840564727783 0.7295361161231995 -52.538265228271484 0.437096337691999 0.8994146938849963 0 0 0 -1 0 0 0 0 0 0
-2.959916353225708 1.0111714601516724 -52.983707427978516 0.9028153032257836 0.43002852028829003 0 0 0 -1 0 0 0 0 0 0
-3.002507448196411 1.4056187868118286 -53.42915344238281 0.9738037896202347 -0.22738992792397283 0 0 0 -1 0 0 0 0 0 0
-2.8241283893585205 1.7110501527786255 -53.81891632080078 0.6765066609095607 -0.7364365130444013 0 0 0 -1 0 0 0 0 0 0
-2.4764740467071533 1.8663502931594849 -54.24115753173828 0.09708505521042629 -0.9952760883567878 0 0 0 -1 0 0 0 0 0 0
-2.105361223220825 1.7811604738235474 -54.66340255737305 -0.521439117520827 -0.8532884897378501 0 0 0 -1 0 0 0 0 0 0
-1.8602479696273804 1.4897786378860474 -55.08564376831055 -0.9299609850212274 -0.3676582194625175 0 0 0 -1 0 0 0 0 0 0
-1.8398488759994507 1.1095601320266724 -55.50788879394531 -0.9639616428490446 0.26604125829609815 0 0 0 -1 0 0 0 0 0 0
-2.0523769855499268 0.7936268448829651 -55.93013000488281 -0.6097421239883418 0.7925998626256413 0 0 0 -1 0 0 0 0 0 0
-2.4122440814971924 0.6692143082618713 -56.35237121582031 -0.009968647363529327 0.9999503118004123 0 0 0 -1 0 0 0 0 0 0
-2.7745182514190674 0.7864285111427307 -56.77461624145508 0.5938193563605907 0.8045983917529873 0 0 0 -1 0 0 0 0 0 0
-2.993304491043091 1.0980626344680786 -57.19685745239258 0.9584665017276566 0.28520512804987924 0 0 0 -1 0 0 0 0 0 0
-2.9804909229278564 1.4786092042922974 -57.619102478027344 0.9371100001490497 -0.349034163973454 0 0 0 -1 0 0 0 0 0 0
-2.7412350177764893 1.7748204469680786 -58.041343688964844 0.5383487749364573 -0.8427221348252434 0 0 0 -1 0 0 0 0 0 0
-2.3718960285186768 1.8673955202102661 -58.46358871459961 -0.07721384787167003 -0.9970145544057271 0 0 0 -1 0 0 0 0 0 0
-2.021214723587036 1.7190533876419067 -58.88582992553711 -0.6616847185501903 -0.7497821905307938 0 0 0 -1 0 0 0 0 0 0
-1.8367799520492554 1.417242169380188 -59.27559280395508 -0.9690749600165477 -0.2467665331217472 0 0 0 -1 0 0 0 0 0 0
-1.880078673362732 1.0038586854934692 -59.721038818359375 -0.8969106709203368 0.44221176871407575 0 0 0 -1 0 0 0 0 0 0
-2.181626558303833 0.7178059220314026 -60.166481018066406 -0.3943315177133181 0.9189682552394893 0 0 0 -1 0 0 0 0 0 0
-2.5967133045196533 0.696348249912262 -60.61192321777344 0.2974788404693701 0.9547284113678608 0 0 0 -1 0 0 0 0 0 0
-2.9261467456817627 0.9497891068458557 -61.05736541748047 0.8465354969409149 0.5323322763265425 0 0 0 -1 0 0 0 0 0 0
-3.01183819770813 1.3565007448196411 -61.502811431884766 0.9893553349512494 -0.1455198309630041 0 0 0 -1 0 0 0 0 0 0
-2.8126633167266846 1.7213116884231567 -61.9482536315918 0.6573997947095371 -0.7535419762135739 0 0 0 -1 0 0 0 0 0 0
-2.4242050647735596 1.8691579103469849 -62.39369583129883 0.00996864911101473 -0.9999503117829912 0 0 0 -1 0 0 0 0 0 0
-2.0212109088897705 1.7190533876419067 -62.7834587097168 -0.6616910259238478 -0.7497766242100681 0 0 0 -1 0 0 0 0 0 0
-1.8287957906723022 1.3813153505325317 -63.21220016479492 -0.9823836988673529 -0.1868750068888246 0 0 0 -1 0 0 0 0 0 0
-1.88375985622406 0.9965229630470276 -63.64093780517578 -0.8907805425671408 0.4544337410269956 0 0 0 -1 0 0 0 0 0 0
-2.1630337238311768 0.7261601090431213 -64.0696792602539 -0.4253149396640974 0.905045414384563 0 0 0 -1 0 0 0 0 0 0
-2.5494072437286377 0.6837025284767151 -64.4984130859375 0.21863184908193964 0.9758074167411376 0 0 0 -1 0 0 0 0 0 0
-2.8807270526885986 0.8869648575782776 -64.92715454101562 0.7708375787771308 0.6370317316625684 0 0 0 -1 0 0 0 0 0 0
-3.017939805984497 1.2506428956985474 -65.35589599609375 0.9995221648997488 0.03091022280927871 0 0 0 -1 0 0 0 0 0 0
-2.903456926345825 1.6221028566360474 -65.78462982177734 0.8087210435861532 -0.588192378105092 0 0 0 -1 0 0 0 0 0 0
-2.5853283405303955 1.8454457521438599 -66.21337127685547 0.2785080981894808 -0.9604338807241645 0 0 0 -1 0 0 0 0 0 0
-2.197068452835083 1.826940655708313 -66.6421127319336 -0.3685927903174052 -0.9295909610823619 0 0 0 -1 0 0 0 0 0 0
-1.9016259908676147 1.5743504762649536 -67.07085418701172 -0.8609970117478634 -0.5086100134299852 0 0 0 -1 0 0 0 0 0 0
-1.8229955434799194 1.1936856508255005 -67.49958801269531 -0.9920519407844918 0.12582903792735295 0 0 0 -1 0 0 0 0 0 0
-1.9941762685775757 0.8447056412696838 -67.92832946777344 -0.7067473983709163 0.7074659814407626 0 0 0 -1 0 0 0 0 0 0
-2.343327760696411 0.6738796830177307 -68.35707092285156 -0.12483006154869479 0.9921781370972398 0 0 0 -1 0 0 0 0 0 0
-2.723912477493286 0.752897322177887 -68.78580474853516 0.5094801247198179 0.8604824242920239 0 0 0 -1 0 0 0 0 0 0
-2.976203203201294 1.0485936403274536 -69.21454620361328 0.9299610324148011 0.36765809958437884 0 0 0 -1 0 0 0 0 0 0
-2.9943172931671143 1.4368726015090942 -69.6432876586914 0.9601509666667334 -0.279481879929518 0 0 0 -1 0 0 0 0 0 0
-2.7706501483917236 1.7547742128372192 -70.072021484375 0.5873762061812969 -0.8093140258342659 0 0 0 -1 0 0 0 0 0 0
-2.399075746536255 1.8688794374465942 -70.50076293945312 -0.031914630257967 -0.9994905984427754 0 0 0 -1 0 0 0 0 0 0
-2.035537004470825 1.731298565864563 -70.92950439453125 -0.6378141791689405 -0.7701902835345633 0 0 0 -1 0 0 0 0 0 0
-1.8326085805892944 1.3997746706008911 -71.35824584960938 -0.9760267988797381 -0.21765037989530608 0 0 0 -1 0 0 0 0 0 0
-1.8544095754623413 1.0639744997024536 -71.74800872802734 -0.9396924463546937 0.3420206225711123 0 0 0 -1 0 0 0 0 0 0
-2.982041597366333 -1.0756014585494995 -71.74800872802734 0.93969248736894 -0.3420205098855549 0 0 0 1 0 0 0 0 0 0
-3.011672258377075 -1.3692492246627808 -71.35824584960938 0.9890779833848764 0.14739315717938326 0 0 0 1 0 0 0 0 0 0
-2.8400986194610596 -1.7074564695358276 -70.9384994506836 0.7031210361805974 0.7110701853406054 0 0 0 1 0 0 0 0 0 0
-2.499985933303833 -1.8752154111862183 -70.51875305175781 0.13626968178505536 0.9906717790601486 0 0 0 1 0 0 0 0 0 0
-2.1272099018096924 -1.8055132627487183 -70.09900665283203 -0.48502837292666373 0.8744984147819327 0 0 0 1 0 0 0 0 0 0
-1.8706945180892944 -1.5261896848678589 -69.67926025390625 -0.9125533061947478 0.4089577769807474 0 0 0 1 0 0 0 0 0 0
-1.8329194784164429 -1.1488398313522339 -69.259521484375 -0.9755083576115211 -0.21996237003195013 0 0 0 1 0 0 0 0 0 0
-2.02897572517395 -0.8242129683494568 -68.83977508544922 -0.6487522113119678 -0.7609997163717159 0 0 0 1 0 0 0 0 0 0
-2.3805363178253174 -0.6819972395896912 -68.42002868652344 -0.06281345811246873 -0.9980252849902918 0 0 0 1 0 0 0 0 0 0
-2.7471554279327393 -0.7790126204490662 -68.00028228759766 0.5482158073114273 -0.8363369109479027 0 0 0 1 0 0 0 0 0 0
-2.982365846633911 -1.0764940977096558 -67.5805435180664 0.9402303016431813 -0.34053924865127133 0 0 0 1 0 0 0 0 0 0
-2.992202043533325 -1.4556063413619995 -67.16079711914062 0.9566262423710734 0.29131809488426963 0 0 0 1 0 0 0 0 0 0
-2.772732973098755 -1.7648829221725464 -66.74105072021484 0.590850628036579 0.806780971112222 0 0 0 1 0 0 0 0 0 0
-2.411637544631958 -1.8807772397994995 -66.32130432128906 -0.01097854683593466 0.9999397339386865 0 0 0 1 0 0 0 0 0 0
-2.053176164627075 -1.756982684135437 -65.90156555175781 -0.6084181175764412 0.793616654440127 0 0 0 1 0 0 0 0 0 0
-1.848370909690857 -1.4686030149459839 -65.51180267333984 -0.9497581827086736 0.31298465517963914 0 0 0 1 0 0 0 0 0 0
-1.8627427816390991 -1.0540140867233276 -65.06635284423828 -0.9258044071438696 -0.37800290966206596 0 0 0 1 0 0 0 0 0 0
-2.1426517963409424 -0.7478427290916443 -64.62091064453125 -0.4592899064896976 -0.8882864300419571 0 0 0 1 0 0 0 0 0 0
-2.554295778274536 -0.6964473128318787 -64.17546844482422 0.2267830902099672 -0.9739452910686607 0 0 0 1 0 0 0 0 0 0
-2.9008915424346924 -0.9243983626365662 -63.73002624511719 0.8044438262559299 -0.5940287285971272 0 0 0 1 0 0 0 0 0 0
-3.016759157180786 -1.3227251768112183 -63.284584045410156 0.9975572239714056 0.06985402567113148 0 0 0 1 0 0 0 0 0 0
-2.8465092182159424 -1.7010210752487183 -62.839141845703125 0.7138065375732853 0.7003429352236218 0 0 0 1 0 0 0 0 0 0
-2.4715263843536377 -1.878442645072937 -62.39369583129883 0.0888371260943524 0.9960461661124429 0 0 0 1 0 0 0 0 0 0
-2.071063280105591 -1.7701777219772339 -61.9482536315918 -0.5786067896569538 0.8156066349428955 0 0 0 1 0 0 0 0 0 0
-1.8365548849105835 -1.4279841184616089 -61.502811431884766 -0.9694508764456505 0.24528554412920475 0 0 0 1 0 0 0 0 0 0
-1.8801034688949585 -1.015436053276062 -61.05736541748047 -0.8968662903644292 -0.4423017716536384 0 0 0 1 0 0 0 0 0 0
-2.1808922290802 -0.7297496199607849 -60.61192321777344 -0.395555165619874 -0.9184422197130497 0 0 0 1 0 0 0 0 0 0
-2.5951321125030518 -0.7074870467185974 -60.166481018066406 0.2948418910174201 -0.9555460529463097 0 0 0 1 0 0 0 0 0 0
-2.9248058795928955 -0.959291398525238 -59.721038818359375 0.844297822320058 -0.5358742270585588 0 0 0 1 0 0 0 0 0 0
-3.0123188495635986 -1.3647974729537964 -59.27559280395508 0.9901547702152433 0.13997689459335394 0 0 0 1 0 0 0 0 0 0
-2.8775417804718018 -1.6668566465377808 -58.88582992553711 0.7655259145883191 0.6434050622226387 0 0 0 1 0 0 0 0 0 0
-2.5480549335479736 -1.8665980100631714 -58.45709228515625 0.21638395636393337 0.976308344442621 0 0 0 1 0 0 0 0 0 0
-2.1650307178497314 -1.8247736692428589 -58.02835464477539 -0.4219912632575215 0.9065998972723973 0 0 0 1 0 0 0 0 0 0
-1.8864187002182007 -1.5586298704147339 -57.599613189697266 -0.8863447870057692 0.4630258292446519 0 0 0 1 0 0 0 0 0 0
-1.8271154165267944 -1.1779154539108276 -57.170875549316406 -0.9851834039197996 -0.17150411260665627 0 0 0 1 0 0 0 0 0 0
-2.0115749835968018 -0.8396396040916443 -56.74213409423828 -0.6777513465919189 -0.7352911751087731 0 0 0 1 0 0 0 0 0 0
-2.3637325763702393 -0.6832942366600037 -56.31339645385742 -0.09081850584181461 -0.995867460557207 0 0 0 1 0 0 0 0 0 0
-2.738360643386841 -0.7733554244041443 -55.88465881347656 0.5335584199597131 -0.8457632130153773 0 0 0 1 0 0 0 0 0 0
-2.980971574783325 -1.072687029838562 -55.45591735839844 0.9379098497057928 -0.3468791054890124 0 0 0 1 0 0 0 0 0 0
-2.9915153980255127 -1.4578417539596558 -55.02717971801758 0.9554837849723319 0.295043618224402 0 0 0 1 0 0 0 0 0 0
-2.765643358230591 -1.7699984312057495 -54.59844207763672 0.5790279862907911 0.8153076665235226 0 0 0 1 0 0 0 0 0 0
-2.396502733230591 -1.8804186582565308 -54.169700622558594 -0.03620617704936609 0.9993443414276533 0 0 0 1 0 0 0 0 0 0
-2.036320924758911 -1.7435740232467651 -53.740962982177734 -0.6365087880048919 0.7712694488909462 0 0 0 1 0 0 0 0 0 0
-1.8336290121078491 -1.4158953428268433 -53.31222152709961 -0.9743277922149051 0.22513407853461198 0 0 0 1 0 0 0 0 0 0
-1.8720163106918335 -1.0325106382369995 -52.88348388671875 -0.9103500866542076 -0.4138390021840343 0 0 0 1 0 0 0 0 0 0
-2.1356499195098877 -0.7515200972557068 -52.45474624633789 -0.4709563029260936 -0.8821565398126263 0 0 0 1 0 0 0 0 0 0
-2.515813112258911 -0.6888026595115662 -52.026004791259766 0.16264666076921186 -0.9866843789888563 0 0 0 1 0 0 0 0 0 0
-2.8557331562042236 -0.8702220320701599 -51.597267150878906 0.7291792577975436 -0.68432273818559 0 0 0 1 0 0 0 0 0 0
-3.015233278274536 -1.2209604978561401 -51.16852569580078 0.9950121087890367 -0.09975421476406052 0 0 0 1 0 0 0 0 0 0
-2.9285366535186768 -1.5963801145553589 -50.73978805541992 0.8505187413495126 0.5259447410263185 0 0 0 1 0 0 0 0 0 0
-2.631396532058716 -1.841668963432312 -50.31105041503906 0.35528325052826726 0.9347586917991555 0 0 0 1 0 0 0 0 0 0
-2.3312790393829346 -1.8744791746139526 -49.921287536621094 -0.14490835427962642 0.9894450812753431 0 0 0 1 0 0 0 0 0 0
-1.9368089437484741 -1.6389178037643433 -49.40160369873047 -0.8023585453923876 0.5968423281200921 0 0 0 1 0 0 0 0 0 0
-1.8246320486068726 -1.1933687925338745 -48.881919860839844 -0.9893224021476943 -0.1457435576919818 0 0 0 1 0 0 0 0 0 0
-2.0605251789093018 -0.7990970015525818 -48.36223602294922 -0.5961659439748802 -0.8028612378515606 0 0 0 1 0 0 0 0 0 0
-2.5061657428741455 -0.6872920393943787 -47.842552185058594 0.14656759418277768 -0.9892006572659932 0 0 0 1 0 0 0 0 0 0
-2.9002411365509033 -0.9235171675682068 -47.32286834716797 0.8033580802169982 -0.5954962593921637 0 0 0 1 0 0 0 0 0 0
-3.011672258377075 -1.3692492246627808 -46.803184509277344 0.9890779833848764 0.14739315717938326 0 0 0 1 0 0 0 0 0 0
-2.8587353229522705 -1.6881846189498901 -46.413421630859375 0.734184585000388 0.6789499209424862 0 0 0 1 0 0 0 0 0 0
-2.459355592727661 -1.8794039487838745 -45.933712005615234 0.06855180588344253 0.9976475579632914 0 0 0 1 0 0 0 0 0 0
-2.037574052810669 -1.7446078062057495 -45.454002380371094 -0.6344168428408171 0.772991118655247 0 0 0 1 0 0 0 0 0 0
-1.8231099843978882 -1.3572138547897339 -44.97429656982422 -0.9918601089177881 0.1273323381454755 0 0 0 1 0 0 0 0 0 0
-1.9327672719955444 -0.9282092452049255 -44.49458694458008 -0.8090963801454881 -0.587675971633576 0 0 0 1 0 0 0 0 0 0
-2.3068249225616455 -0.6912478804588318 -44.0148811340332 -0.18566963895783645 -0.9826122252288878 0 0 0 1 0 0 0 0 0 0
-2.741553544998169 -0.7753848433494568 -43.53517150878906 0.5388799299706191 -0.8423825859280689 0 0 0 1 0 0 0 0 0 0
-3.000188112258911 -1.1347979307174683 -43.05546188354492 0.9699372293806598 -0.24335523635494147 0 0 0 1 0 0 0 0 0 0
-2.9418632984161377 -1.5737360715866089 -42.57575607299805 0.872730154126816 0.48820290666666855 0 0 0 1 0 0 0 0 0 0
-2.598345994949341 -1.8531397581100464 -42.096046447753906 0.30019986215805416 0.9538763246670322 0 0 0 1 0 0 0 0 0 0
-2.1567280292510986 -1.8208330869674683 -41.61634063720703 -0.4358277779935645 0.9000300816801583 0 0 0 1 0 0 0 0 0 0
-1.8575319051742554 -1.494409441947937 -41.13663101196289 -0.9344896455995118 0.3559903120413514 0 0 0 1 0 0 0 0 0 0
-1.863709807395935 -1.0516566038131714 -40.65692138671875 -0.9241917795020175 -0.3819287298710247 0 0 0 1 0 0 0 0 0 0
-2.1718971729278564 -0.7337092757225037 -40.177215576171875 -0.4105429428707673 -0.911841264727041 0 0 0 1 0 0 0 0 0 0
-2.540522813796997 -0.6934108138084412 -39.787452697753906 0.2038279399978091 -0.9790067266756902 0 0 0 1 0 0 0 0 0 0
-2.895352602005005 -0.9170131087303162 -39.31973648071289 0.7952107709344104 -0.6063331013476838 0 0 0 1 0 0 0 0 0 0
-3.0170490741729736 -1.3183764219284058 -38.852020263671875 0.9980383424845346 0.06260564615689711 0 0 0 1 0 0 0 0 0 0
-2.846148729324341 -1.7013872861862183 -38.38430404663086 0.713206231378271 0.7009542577966157 0 0 0 1 0 0 0 0 0 0
-2.4661571979522705 -1.8788965940475464 -37.916587829589844 0.07988435307619744 0.9968041383007985 0 0 0 1 0 0 0 0 0 0
-2.0627453327178955 -1.7641695737838745 -37.448875427246094 -0.5924662704446495 0.8055952571765845 0 0 0 1 0 0 0 0 0 0
-1.8330281972885132 -1.4132670164108276 -36.98115921020508 -0.9753284165003026 0.22075887290664592 0 0 0 1 0 0 0 0 0 0
-1.8892492055892944 -0.9976443648338318 -36.51344299316406 -0.881627618231239 -0.47194569896537086 0 0 0 1 0 0 0 0 0 0
-2.2039387226104736 -0.7203845381736755 -36.04572677612305 -0.3571447222636458 -0.9340490604669669 0 0 0 1 0 0 0 0 0 0
-2.6233322620391846 -0.7169589400291443 -35.57801055908203 0.3418404091519586 -0.9397580192107018 0 0 0 1 0 0 0 0 0 0
-2.9425079822540283 -0.989046037197113 -35.11029815673828 0.8738022697649467 -0.48628139318056096 0 0 0 1 0 0 0 0 0 0
-3.005507707595825 -1.4036959409713745 -34.642581939697266 0.978803075522608 0.20480366048360485 0 0 0 1 0 0 0 0 0 0
-2.781550645828247 -1.7583025693893433 -34.17486572265625 0.6055433044792138 0.7958123562752681 0 0 0 1 0 0 0 0 0 0
-2.3800652027130127 -1.8795984983444214 -33.707149505615234 -0.06359922914280484 0.9979755197661119 0 0 0 1 0 0 0 0 0 0
-1.9972261190414429 -1.7083185911178589 -33.23943328857422 -0.701666737129096 0.7125052912130605 0 0 0 1 0 0 0 0 0 0
-1.8200963735580444 -1.328149676322937 -32.77172088623047 -0.9968827689132348 0.07889705345500655 0 0 0 1 0 0 0 0 0 0
-1.9352220296859741 -0.9248523116111755 -32.30400466918945 -0.8050024961640248 -0.5932714228493476 0 0 0 1 0 0 0 0 0 0
-2.286353349685669 -0.6954860091209412 -31.836288452148438 -0.21978961432749117 -0.9755472953341486 0 0 0 1 0 0 0 0 0 0
-2.701920747756958 -0.7521190047264099 -31.368572235107422 0.4728238333391797 -0.8811569795595127 0 0 0 1 0 0 0 0 0 0
-2.978867769241333 -1.0670870542526245 -30.900856018066406 0.9344043502997704 -0.35621413523450196 0 0 0 1 0 0 0 0 0 0
-2.9818756580352783 -1.4864825010299683 -30.433143615722656 0.9394148203587357 0.34278243142022935 0 0 0 1 0 0 0 0 0 0
-2.7094719409942627 -1.8053873777389526 -29.96542739868164 0.48540571356173673 0.8742890215721694 0 0 0 1 0 0 0 0 0 0
-2.2947590351104736 -1.867975115776062 -29.497711181640625 -0.2057792080980005 0.978598445489548 0 0 0 1 0 0 0 0 0 0
-1.9403756856918335 -1.6436632871627808 -29.02999496459961 -0.7964151664759717 0.6047502646605871 0 0 0 1 0 0 0 0 0 0
-1.8194783926010132 -1.242059588432312 -28.562278747558594 -0.9979117754150149 -0.0645917060314477 0 0 0 1 0 0 0 0 0 0
-1.9911397695541382 -0.8593882918357849 -28.094566345214844 -0.7118088238765307 -0.7023732613443582 0 0 0 1 0 0 0 0 0 0
-2.3714840412139893 -0.6826381087303162 -27.626850128173828 -0.07790405987566817 -0.9969608605431249 0 0 0 1 0 0 0 0 0 0
-2.7746670246124268 -0.7981662154197693 -27.159133911132812 0.5940740518806522 -0.8044103560261417 0 0 0 1 0 0 0 0 0 0
-3.0036861896514893 -1.1495264768600464 -26.691417694091797 0.9757684145107486 -0.21880585285403067 0 0 0 1 0 0 0 0 0 0
-2.9466373920440674 -1.5650347471237183 -26.223705291748047 0.8806877084343183 0.4736973297504528 0 0 0 1 0 0 0 0 0 0
-2.631396532058716 -1.841668963432312 -25.75598907470703 0.35528325052826726 0.9347586917991555 0 0 0 1 0 0 0 0 0 0
-2.3312790393829346 -1.8744791746139526 -25.366226196289062 -0.14490835427962642 0.9894450812753431 0 0 0 1 0 0 0 0 0 0
-1.9465688467025757 -1.6516779661178589 -24.865100860595703 -0.786096237874856 0.6181041213250382 0 0 0 1 0 0 0 0 0 0
-1.820802092552185 -1.2252672910690308 -24.36397933959961 -0.9957058560146091 -0.09257347513307723 0 0 0 1 0 0 0 0 0 0
-2.023026704788208 -0.8293513655662537 -23.86285400390625 -0.658663543028228 -0.752437596804879 0 0 0 1 0 0 0 0 0 0
-2.4422199726104736 -0.6812953352928162 -23.36172866821289 0.03999291346501205 -0.999199963407015 0 0 0 1 0 0 0 0 0 0
-2.8482391834259033 -0.8623790144920349 -22.860607147216797 0.7166899462381418 -0.6973919421395474 0 0 0 1 0 0 0 0 0 0
-3.018176317214966 -1.273187518119812 -22.359481811523438 0.9999191998419982 -0.01271195450504069 0 0 0 1 0 0 0 0 0 0
-2.8587353229522705 -1.6881846189498901 -21.858360290527344 0.734184585000388 0.6789499209424862 0 0 0 1 0 0 0 0 0 0
-2.478215456008911 -1.8778055906295776 -21.468597412109375 0.09998471208562766 0.9949889734811909 0 0 0 1 0 0 0 0 0 0
-2.111720323562622 -1.7966173887252808 -21.04635238647461 -0.5108430548689411 0.8596739924483979 0 0 0 1 0 0 0 0 0 0
-1.865195631980896 -1.5135325193405151 -20.62411117553711 -0.9217159787912018 0.38786551076497755 0 0 0 1 0 0 0 0 0 0
-1.8351396322250366 -1.1393564939498901 -20.201866149902344 -0.9718113831230788 -0.23575969891482393 0 0 0 1 0 0 0 0 0 0
-2.033313035964966 -0.8205508589744568 -19.779624938964844 -0.641522157280304 -0.7671045050828633 0 0 0 1 0 0 0 0 0 0
-2.3821499347686768 -0.6818980574607849 -19.357379913330078 -0.06012617296626112 -0.998190785032817 0 0 0 1 0 0 0 0 0 0
-2.7451088428497314 -0.7776774764060974 -18.935138702392578 0.5448070095293334 -0.8385614601015867 0 0 0 1 0 0 0 0 0 0
-2.980117082595825 -1.0703905820846558 -18.512893676757812 0.9364858526442279 -0.35070535752567783 0 0 0 1 0 0 0 0 0 0
-2.9951908588409424 -1.4454706907272339 -18.090652465820312 0.9616060412699738 0.27443363750292926 0 0 0 1 0 0 0 0 0 0
-2.784428834915161 -1.756097674369812 -17.668407440185547 0.6103433355955055 0.7921369911159006 0 0 0 1 0 0 0 0 0 0
-2.4303276538848877 -1.8806933164596558 -17.246166229248047 0.02017297657568199 0.9997965048028908 0 0 0 1 0 0 0 0 0 0
-2.071488618850708 -1.7704790830612183 -16.82392120361328 -0.5778943712213184 0.816111570626662 0 0 0 1 0 0 0 0 0 0
-1.848370909690857 -1.4686030149459839 -16.40167999267578 -0.9497581827086736 0.31298465517963914 0 0 0 1 0 0 0 0 0 0
-1.8690847158432007 -1.0390604734420776 -16.011917114257812 -0.9152345545298207 -0.4029214690167312 0 0 0 1 0 0 0 0 0 0
-2.2205193042755127 -0.7143229842185974 -15.492233276367188 -0.32951224285596176 -0.9441513023917479 0 0 0 1 0 0 0 0 0 0
-2.697697877883911 -0.7498759627342224 -14.972549438476562 0.4657858100778012 -0.8848974963972757 0 0 0 1 0 0 0 0 0 0
-2.99712872505188 -1.1231096982955933 -14.452865600585938 0.9648383503660851 -0.26284397969679957 0 0 0 1 0 0 0 0 0 0
-2.9283745288848877 -1.596643328666687 -13.933181762695312 0.8502484087297554 0.5263816518957696 0 0 0 1 0 0 0 0 0 0
-2.535161256790161 -1.8693102598190308 -13.413497924804688 0.19489152630779305 0.9808248023849209 0 0 0 1 0 0 0 0 0 0
-2.0675766468048096 -1.7676867246627808 -12.893814086914062 -0.5844134893536541 0.8114560206576118 0 0 0 1 0 0 0 0 0 0
-1.854239821434021 -1.485559344291687 -12.504051208496094 -0.9399737492444086 0.3412467592980331 0 0 0 1 0 0 0 0 0 0
-1.8655332326889038 -1.047296404838562 -12.016845703125 -0.9211533016297544 -0.3891999420562686 0 0 0 1 0 0 0 0 0 0
-2.1719048023223877 -0.733705461025238 -11.529644012451172 -0.4105336141979206 -0.9118454647656 0 0 0 1 0 0 0 0 0 0
-2.6097843647003174 -0.7122134566307068 -11.042438507080078 0.3192605534609384 -0.9476669768456718 0 0 0 1 0 0 0 0 0 0
-2.9453938007354736 -0.994295060634613 -10.55523681640625 0.8786141450413097 -0.47753239066405573 0 0 0 1 0 0 0 0 0 0
-2.9995510578155518 -1.429345965385437 -10.068031311035156 0.968874896383352 0.2475508738787827 0 0 0 1 0 0 0 0 0 0
-2.7433407306671143 -1.7850931882858276 -9.580829620361328 0.5418572302196495 0.8404705480019452 0 0 0 1 0 0 0 0 0 0
-2.313555955886841 -1.8716143369674683 -9.093624114990234 -0.1744499880867119 0.9846660355961031 0 0 0 1 0 0 0 0 0 0
-1.9396508932113647 -1.6427057981491089 -8.606422424316406 -0.7976274098447472 0.6031504912245034 0 0 0 1 0 0 0 0 0 0
-1.8212560415267944 -1.2205904722213745 -8.119216918945312 -0.994950050327953 -0.10037129745302623 0 0 0 1 0 0 0 0 0 0
-2.0215790271759033 -0.8306254744529724 -7.632015228271484 -0.6610768039986678 -0.750318238626056 0 0 0 1 0 0 0 0 0 0
-2.4336674213409424 -0.6810130476951599 -7.144809722900391 0.025738116537686654 -0.9996687198052626 0 0 0 1 0 0 0 0 0 0
-2.8375141620635986 -0.8516330122947693 -6.657611846923828 0.6988151195060485 -0.7153023338070045 0 0 0 1 0 0 0 0 0 0
-2.982041597366333 -1.0756014585494995 -6.267848968505859 0.93969248736894 -0.3420205098855549 0 0 0 1 0 0 0 0 0 0
-2.9794838428497314 -1.4929178953170776 -5.802646636962891 0.9354307091808897 0.3535100964913699 0 0 0 1 0 0 0 0 0 0
-2.7054054737091064 -1.8076227903366089 -5.337444305419922 0.4786351529678288 0.8780138896073701 0 0 0 1 0 0 0 0 0 0
-2.292393922805786 -1.8674715757369995 -4.872241973876953 -0.209718341727192 0.9777618407072333 0 0 0 1 0 0 0 0 0 0
-1.9402574300765991 -1.6435068845748901 -4.407039642333984 -0.7966166208739256 0.6044848710657762 0 0 0 1 0 0 0 0 0 0
-1.8193506002426147 -1.2440813779830933 -3.9418375492095947 -0.998123944590803 -0.06122573996691155 0 0 0 1 0 0 0 0 0 0
-1.9881662130355835 -0.8624247908592224 -3.4766428470611572 -0.7167644948963523 -0.6973153224015495 0 0 0 1 0 0 0 0 0 0
-2.3650314807891846 -0.6831759810447693 -3.0114405155181885 -0.08865804896736054 -0.9960621217340317 0 0 0 1 0 0 0 0 0 0
-2.7676327228546143 -0.7930507063865662 -2.5462381839752197 0.5823500052027637 -0.8129381719665656 0 0 0 1 0 0 0 0 0 0
-3.0011990070343018 -1.1388911008834839 -2.081035852432251 0.9716231210109608 -0.23653437533880767 0 0 0 1 0 0 0 0 0 0
-2.952735185623169 -1.5533922910690308 -1.6158335208892822 0.8908502367804159 0.45429710061619033 0 0 0 1 0 0 0 0 0 0
-2.6456902027130127 -1.8360270261764526 -1.1506388187408447 0.379106802004282 0.925352923307689 0 0 0 1 0 0 0 0 0 0
-2.228602647781372 -1.850061297416687 -0.6854364275932312 -0.31603590304839063 0.9487472308177707 0 0 0 1 0 0 0 0 0 0
-1.9032491445541382 -1.588708758354187 -0.22023411095142365 -0.8582956451667673 0.5131555178381725 0 0 0 1 0 0 0 0 0 0
-1.8270295858383179 -1.1784037351608276 0.2449682205915451 -0.9853255761800731 -0.17068540923408398 0 0 0 1 0 0 0 0 0 0
-2.0368168354034424 -0.8176440596580505 0.710170567035675 -0.6356819726998083 -0.771951053878729 0 0 0 1 0 0 0 0 0 0
-2.431119203567505 -0.6809520125389099 1.1753652095794678 0.021491184142608664 -0.9997690378303125 0 0 0 1 0 0 0 0 0 0
-2.8191845417022705 -0.8344592452049255 1.6405675411224365 0.6682640634227828 -0.7439241503928145 0 0 0 1 0 0 0 0 0 0
-3.0132763385772705 -1.2039049863815308 2.1057698726654053 0.9917503285637328 -0.1281845770509384 0 0 0 1 0 0 0 0 0 0
-2.9194958209991455 -1.6105555295944214 2.570972204208374 0.8354470415807281 0.549570960581078 0 0 0 1 0 0 0 0 0 0
-2.5832130908966064 -1.8576830625534058 3.0361745357513428 0.27497821874871964 0.9614504559330039 0 0 0 1 0 0 0 0 0 0
-2.1671135425567627 -1.825738787651062 3.5013692378997803 -0.41851594664645264 0.9082094485319031 0 0 0 1 0 0 0 0 0 0
-1.8724950551986694 -1.5301722288131714 3.966571569442749 -0.9095483396825876 0.4155981445827789 0 0 0 1 0 0 0 0 0 0
-1.84188973903656 -1.1139696836471558 4.431774139404297 -0.9605578099133112 -0.278080372940168 0 0 0 1 0 0 0 0 0 0
-2.0901005268096924 -0.7784861922264099 4.896976470947266 -0.5468760578199207 -0.8372135793113623 0 0 0 1 0 0 0 0 0 0
-2.4970505237579346 -0.6860141158103943 5.362178802490234 0.13137624508298257 -0.991332579020732 0 0 0 1 0 0 0 0 0 0
-2.8658668994903564 -0.8812922835350037 5.827373504638672 0.7460708134717878 -0.6658666092285639 0 0 0 1 0 0 0 0 0 0
-3.01812481880188 -1.2698496580123901 6.292575836181641 0.9998329634652395 -0.01827690259089341 0 0 0 1 0 0 0 0 0 0
-2.8801662921905518 -1.6637133359909058 6.757778167724609 0.7699002022601203 0.6381643037336275 0 0 0 1 0 0 0 0 0 0
-2.5187313556671143 -1.8723353147506714 7.222980499267578 0.16751120054262564 0.9858701728385783 0 0 0 1 0 0 0 0 0 0
-2.1086742877960205 -1.7947977781295776 7.688182830810547 -0.5159164728725174 0.8566388930108071 0 0 0 1 0 0 0 0 0 0
-1.848370909690857 -1.4686030149459839 8.153377532958984 -0.9497581827086736 0.31298465517963914 0 0 0 1 0 0 0 0 0 0
-1.8690847158432007 -1.0390604734420776 8.543140411376953 -0.9152345545298207 -0.4029214690167312 0 0 0 1 0 0 0 0 0 0
-2.202664613723755 -0.7208728194236755 9.044269561767578 -0.35926707482747655 -0.9332347876847007 0 0 0 1 0 0 0 0 0 0
-2.6634953022003174 -0.7332362532615662 9.545391082763672 0.40878357404787236 -0.9126313547038848 0 0 0 1 0 0 0 0 0 0
-2.97953724861145 -1.0688494443893433 10.046512603759766 0.9355198100129284 -0.3532742349413192 0 0 0 1 0 0 0 0 0 0
-2.964219331741333 -1.5295923948287964 10.54763412475586 0.9099882024408635 0.4146341416459168 0 0 0 1 0 0 0 0 0 0
-2.62658429145813 -1.8434733152389526 11.048763275146484 0.3472670336246768 0.9377662861062546 0 0 0 1 0 0 0 0 0 0
-2.165950059890747 -1.8252009153366089 11.549884796142578 -0.4204571831470392 0.9073123812337496 0 0 0 1 0 0 0 0 0 0
-1.854239821434021 -1.485559344291687 12.051006317138672 -0.9399737492444086 0.3412467592980331 0 0 0 1 0 0 0 0 0 0
-1.8250001668930054 -1.1909006834030151 12.44076919555664 -0.9887070094971788 -0.1498614339019391 0 0 0 1 0 0 0 0 0 0
-2.015233278274536 -0.8362941145896912 12.890499114990234 -0.6716525245540673 -0.740866307953161 0 0 0 1 0 0 0 0 0 0
-2.3867409229278564 -0.681642472743988 13.340221405029297 -0.05247463224688544 -0.9986222573979382 0 0 0 1 0 0 0 0 0 0
-2.7724106311798096 -0.7965068221092224 13.78995132446289 0.5903075027426155 -0.8071784512769015 0 0 0 1 0 0 0 0 0 0
-2.9987595081329346 -1.1292246580123901 14.239673614501953 0.9675586255291204 -0.252646603310235 0 0 0 1 0 0 0 0 0 0
-2.963975191116333 -1.5301302671432495 14.689403533935547 0.909578689177707 0.41553171743413786 0 0 0 1 0 0 0 0 0 0
-2.6836998462677 -1.8188875913619995 15.13913345336914 0.4424546155794864 0.8967908971172761 0 0 0 1 0 0 0 0 0 0
-2.2840092182159424 -1.8656100034713745 15.588855743408203 -0.2236937211691776 0.9746594888008255 0 0 0 1 0 0 0 0 0 0
-1.9446920156478882 -1.6492785215377808 16.038585662841797 -0.7892206672791623 0.6141097119728962 0 0 0 1 0 0 0 0 0 0
-1.8183797597885132 -1.267206072807312 16.48830795288086 -0.9997428884889348 -0.022675028463075175 0 0 0 1 0 0 0 0 0 0
-1.9618886709213257 -0.8912524580955505 16.938037872314453 -0.7605578195566411 -0.6492702080884719 0 0 0 1 0 0 0 0 0 0
-2.3106682300567627 -0.6905345320701599 17.387760162353516 -0.17926311172351123 -0.9838011672971342 0 0 0 1 0 0 0 0 0 0
-2.7078278064727783 -0.7553309798240662 17.83749008178711 0.48266805782725086 -0.8758033717412087 0 0 0 1 0 0 0 0 0 0
-2.974719285964966 -1.0565050840377808 18.287212371826172 0.9274884122620052 -0.3738519026562586 0 0 0 1 0 0 0 0 0 0
-2.991288423538208 -1.4585741758346558 18.736942291259766 0.955105033380185 0.29626740490954356 0 0 0 1 0 0 0 0 0 0
-2.7500832080841064 -1.7806833982467651 19.186664581298828 0.5530964793093521 0.8331172093862901 0 0 0 1 0 0 0 0 0 0
-2.3596012592315674 -1.8779429197311401 19.636394500732422 -0.09770728433864659 0.9952151961194959 0 0 0 1 0 0 0 0 0 0
-1.9954904317855835 -1.7066019773483276 20.086116790771484 -0.7045579601462868 0.7096464477431725 0 0 0 1 0 0 0 0 0 0
-1.821534514427185 -1.3437327146530151 20.535846710205078 -0.9944858817856869 0.10487054366667951 0 0 0 1 0 0 0 0 0 0
-1.9159806966781616 -0.9525584578514099 20.985576629638672 -0.8370714645202385 -0.5470935599017255 0 0 0 1 0 0 0 0 0 0
-2.2363483905792236 -0.7090434432029724 21.435298919677734 -0.30312636936500503 -0.9529503681701322 0 0 0 1 0 0 0 0 0 0
-2.6385281085968018 -0.7227229475975037 21.885028839111328 0.36717272547706076 -0.9301527775939537 0 0 0 1 0 0 0 0 0 0
-2.9416096210479736 -0.9874400496482849 22.33475112915039 0.8723079992701536 -0.4889568021914635 0 0 0 1 0 0 0 0 0 0
-3.009265184402466 -1.3841227293014526 22.784481048583984 0.985065976371137 0.17217729872424734 0 0 0 1 0 0 0 0 0 0
-2.8110573291778564 -1.7343348264694214 23.234203338623047 0.6547201436142142 0.7558713736779443 0 0 0 1 0 0 0 0 0 0
-2.4361469745635986 -1.8805445432662964 23.68393325805664 0.02986690209482332 0.9995538845701407 0 0 0 1 0 0 0 0 0 0
-2.053176164627075 -1.756982684135437 24.133655548095703 -0.6084181175764412 0.793616654440127 0 0 0 1 0 0 0 0 0 0
-1.848370909690857 -1.4686030149459839 24.523418426513672 -0.9497581827086736 0.31298465517963914 0 0 0 1 0 0 0 0 0 0
-1.8705838918685913 -1.0356844663619995 25.004894256591797 -0.9127390977916461 -0.40854294677853875 0 0 0 1 0 0 0 0 0 0
-2.178656816482544 -0.7307185530662537 25.48636245727539 -0.3992809780869944 -0.9168286102308832 0 0 0 1 0 0 0 0 0 0
-2.6117794513702393 -0.712892472743988 25.967838287353516 0.3225889989318764 -0.9465391369447591 0 0 0 1 0 0 0 0 0 0
-2.9438717365264893 -0.9915103316307068 26.44930648803711 0.8760747628135773 -0.48217528966251894 0 0 0 1 0 0 0 0 0 0
-3.00158429145813 -1.4211405515670776 26.930782318115234 0.9722666920294242 0.23387492291855647 0 0 0 1 0 0 0 0 0 0
-2.7547943592071533 -1.7775248289108276 27.412250518798828 0.56094377663296 0.8278538998257796 0 0 0 1 0 0 0 0 0 0
-2.332322359085083 -1.8746317625045776 27.893726348876953 -0.1431740943569151 0.9896975187930287 0 0 0 1 0 0 0 0 0 0
-1.9546884298324585 -1.6617792844772339 28.375194549560547 -0.7725606038958484 0.6349410313628203 0 0 0 1 0 0 0 0 0 0
-1.819012999534607 -1.2500666379928589 28.85666275024414 -0.998685778446206 -0.05125149684931858 0 0 0 1 0 0 0 0 0 0
-1.996116042137146 -0.8544062972068787 29.338138580322266 -0.7035157234097211 -0.7106796936140056 0 0 0 1 0 0 0 0 0 0
-2.39355206489563 -0.6813220381736755 29.81960678100586 -0.04112046501293859 -0.999154195986345 0 0 0 1 0 0 0 0 0 0
-2.8038666248321533 -0.8211612105369568 30.301082611083984 0.6427313227357158 -0.7660916699549715 0 0 0 1 0 0 0 0 0 0
-3.012883424758911 -1.2009333372116089 30.782550811767578 0.9910981796293127 -0.13313300993916857 0 0 0 1 0 0 0 0 0 0
-2.9115002155303955 -1.622400164604187 31.264026641845703 0.8221231171513946 0.5693097401637129 0 0 0 1 0 0 0 0 0 0
-2.5526344776153564 -1.865564227104187 31.745494842529297 0.224012146694505 0.9745863523225224 0 0 0 1 0 0 0 0 0 0
-2.123610734939575 -1.8035029172897339 32.22697067260742 -0.49102119096002356 0.8711476281481801 0 0 0 1 0 0 0 0 0 0
-1.848370909690857 -1.4686030149459839 32.708438873291016 -0.9497581827086736 0.31298465517963914 0 0 0 1 0 0 0 0 0 0
-1.8690847158432007 -1.0390604734420776 33.098201751708984 -0.9152345545298207 -0.4029214690167312 0 0 0 1 0 0 0 0 0 0
-2.1556427478790283 -0.7413234114646912 33.543643951416016 -0.43763791329207263 -0.8991512980857894 0 0 0 1 0 0 0 0 0 0
-2.5667545795440674 -0.6994876265525818 33.98908615112305 0.24754564985593436 -0.968876231124184 0 0 0 1 0 0 0 0 0 0
-2.9074127674102783 -0.9334010481834412 34.43453598022461 0.8153103975969601 -0.5790241407491461 0 0 0 1 0 0 0 0 0 0
-3.016028642654419 -1.3321093320846558 34.87997817993164 0.9963386663314642 0.08549422186814286 0 0 0 1 0 0 0 0 0 0
-2.841080904006958 -1.7064837217330933 35.32542037963867 0.7047551771235052 0.7094505904695667 0 0 0 1 0 0 0 0 0 0
-2.465552568435669 -1.8789461851119995 35.7708625793457 0.07887941878660233 0.9968841644302953 0 0 0 1 0 0 0 0 0 0
-2.0675766468048096 -1.7676867246627808 36.216304779052734 -0.5844134893536541 0.8114560206576118 0 0 0 1 0 0 0 0 0 0
-1.854239821434021 -1.485559344291687 36.6060676574707 -0.9399737492444086 0.3412467592980331 0 0 0 1 0 0 0 0 0 0
-1.8579877614974976 -1.0660303831100464 37.0932731628418 -0.9337309158454142 -0.3579756650870055 0 0 0 1 0 0 0 0 0 0
-2.1356594562530518 -0.7515162825584412 37.58047866821289 -0.4709432060626032 -0.8821635317011672 0 0 0 1 0 0 0 0 0 0
-2.551490068435669 -0.6957988142967224 38.06767654418945 0.2221045960599367 -0.9750228450703359 0 0 0 1 0 0 0 0 0 0
-2.9021618366241455 -0.9261226058006287 38.55488204956055 0.806559500706815 -0.591152917458396 0 0 0 1 0 0 0 0 0 0
-3.0162174701690674 -1.3298701047897339 39.04208755493164 0.9966522102834149 0.0817580071747344 0 0 0 1 0 0 0 0 0 0
-2.83788800239563 -1.7096308469772339 39.529293060302734 0.6994362235566549 0.7146950182957799 0 0 0 1 0 0 0 0 0 0
-2.4543659687042236 -1.879724383354187 40.0164909362793 0.0602330374364212 0.9981843422941389 0 0 0 1 0 0 0 0 0 0
-2.053176164627075 -1.756982684135437 40.50369644165039 -0.6084181175764412 0.793616654440127 0 0 0 1 0 0 0 0 0 0
-1.848370909690857 -1.4686030149459839 40.89345932006836 -0.9497581827086736 0.31298465517963914 0 0 0 1 0 0 0 0 0 0
-1.8758710622787476 -1.0241984128952026 41.373165130615234 -0.9039236516658185 -0.42769385307616 0 0 0 1 0 0 0 0 0 0
-2.2020485401153564 -0.7211093306541443 41.85287857055664 -0.3602926150034683 -0.9328393385647725 0 0 0 1 0 0 0 0 0 0
-2.64727520942688 -0.7262553572654724 42.332584381103516 0.3817495899422859 -0.9242657900078833 0 0 0 1 0 0 0 0 0 0
-2.9663631916046143 -1.0367945432662964 42.81229019165039 0.9135610724881008 -0.40670156974665234 0 0 0 1 0 0 0 0 0 0
-2.9835903644561768 -1.4817179441452026 43.2920036315918 0.9422748020402937 0.3348405552496967 0 0 0 1 0 0 0 0 0 0
-2.689469575881958 -1.816003680229187 43.77170944213867 0.4520718039838548 0.8919815491605099 0 0 0 1 0 0 0 0 0 0
-2.2459728717803955 -1.8555582761764526 44.25141525268555 -0.28708642793671096 0.9579046836165587 0 0 0 1 0 0 0 0 0 0
-1.8973363637924194 -1.5785959959030151 44.73112869262695 -0.8681498308845486 0.49630219739099446 0 0 0 1 0 0 0 0 0 0
-1.8355554342269897 -1.1376475095748901 45.21083450317383 -0.9711159265488055 -0.2386081666734291 0 0 0 1 0 0 0 0 0 0
-2.094653367996216 -0.7755412459373474 45.6905403137207 -0.5392887203763335 -0.8421209391024884 0 0 0 1 0 0 0 0 0 0
-2.5319435596466064 -0.6916903853416443 46.17024612426758 0.18952984945527937 -0.9818749595368339 0 0 0 1 0 0 0 0 0 0
-2.9066078662872314 -0.9322718977928162 46.649959564208984 0.8139741777166913 -0.5809010569885686 0 0 0 1 0 0 0 0 0 0
-3.0123188495635986 -1.3647974729537964 47.12966537475586 0.9901547702152433 0.13997689459335394 0 0 0 1 0 0 0 0 0 0
-2.8775417804718018 -1.6668566465377808 47.51942825317383 0.7655259145883191 0.6434050622226387 0 0 0 1 0 0 0 0 0 0
-2.511998414993286 -1.8734415769577026 47.99124526977539 0.15628981500254788 0.9877112400527136 0 0 0 1 0 0 0 0 0 0
-2.100531816482544 -1.7898043394088745 48.46306228637695 -0.5294885394465504 0.8483170908302856 0 0 0 1 0 0 0 0 0 0
-1.844647765159607 -1.456903338432312 48.93488693237305 -0.955963641917335 0.29348511943903605 0 0 0 1 0 0 0 0 0 0
-1.8696550130844116 -1.0377672910690308 49.40670394897461 -0.9142837164543804 -0.40507442010865913 0 0 0 1 0 0 0 0 0 0
-2.1633102893829346 -0.7376574873924255 49.87852096557617 -0.42485616756388417 -0.9052608667577146 0 0 0 1 0 0 0 0 0 0
-2.581801652908325 -0.7035426497459412 50.350337982177734 0.27262667903875093 -0.9621198957906971 0 0 0 1 0 0 0 0 0 0
-2.9201862812042236 -0.9521273970603943 50.8221549987793 0.8366013772567571 -0.5478121352910112 0 0 0 1 0 0 0 0 0 0
-3.012751817703247 -1.3616770505905151 51.29397201538086 0.9908768081980469 0.13477073486202884 0 0 0 1 0 0 0 0 0 0
-2.814164400100708 -1.7316263914108276 51.76578903198242 0.6599006790914991 0.7513528423680703 0 0 0 1 0 0 0 0 0 0
-2.421677827835083 -1.8808039426803589 52.237613677978516 0.005755736224370887 0.9999834356130682 0 0 0 1 0 0 0 0 0 0
-2.027501344680786 -1.7361544370651245 52.70943069458008 -0.6512075260828128 0.7588997021827738 0 0 0 1 0 0 0 0 0 0
-1.8246701955795288 -1.3685129880905151 53.18124771118164 -0.9892594058734091 0.14617054385542116 0 0 0 1 0 0 0 0 0 0
-1.9125150442123413 -0.9579257369041443 53.6530647277832 -0.8428536498243472 -0.538142848115421 0 0 0 1 0 0 0 0 0 0
-2.2480175495147705 -0.7054614424705505 54.124881744384766 -0.2836773136280884 -0.9589197994268088 0 0 0 1 0 0 0 0 0 0
-2.666875123977661 -0.7347621321678162 54.59669876098633 0.4144170419251936 -0.910087092185123 0 0 0 1 0 0 0 0 0 0
-2.9639618396759033 -1.0314730405807495 55.06852340698242 0.9095620921012681 -0.4155680457065534 0 0 0 1 0 0 0 0 0 0
-2.993792772293091 -1.4502924680709839 55.540340423583984 0.9592771084930851 0.28246668674579284 0 0 0 1 0 0 0 0 0 0
-2.741755723953247 -1.7861155271530151 56.01215744018555 0.5392154223559341 0.8421678741756372 0 0 0 1 0 0 0 0 0 0
-2.3312790393829346 -1.8744791746139526 56.48397445678711 -0.14490835427962642 0.9894450812753431 0 0 0 1 0 0 0 0 0 0
-2.053176164627075 -1.756982684135437 56.87372970581055 -0.6084181175764412 0.793616654440127 0 0 0 1 0 0 0 0 0 0
-1.8334306478500366 -1.415033221244812 57.31222152709961 -0.9746585288713792 0.22369790365195374 0 0 0 1 0 0 0 0 0 0
-1.8820699453353882 -1.0114878416061401 57.75069808959961 -0.8935930687608842 -0.44887796499996063 0 0 0 1 0 0 0 0 0 0
-2.1767704486846924 -0.7315425276756287 58.18918991088867 -0.40242450960152215 -0.9154531741558245 0 0 0 1 0 0 0 0 0 0
-2.582282304763794 -0.7036799788475037 58.62766647338867 0.27343097302670183 -0.96189162746625 0 0 0 1 0 0 0 0 0 0
-2.912503480911255 -0.9406833052635193 59.066158294677734 0.8237957494750531 -0.5668867286741114 0 0 0 1 0 0 0 0 0 0
-3.0158817768096924 -1.3337877988815308 59.504634857177734 0.9960949714604928 0.0882882089019843 0 0 0 1 0 0 0 0 0 0
-2.844975709915161 -1.7025774717330933 59.9431266784668 0.7112514672176 0.7029376575350129 0 0 0 1 0 0 0 0 0 0
-2.478215456008911 -1.8778055906295776 60.3816032409668 0.09998471208562766 0.9949889734811909 0 0 0 1 0 0 0 0 0 0
-2.0675766468048096 -1.7676867246627808 60.771358489990234 -0.5844134893536541 0.8114560206576118 0 0 0 1 0 0 0 0 0 0
-1.8478082418441772 -1.4668902158737183 61.20009994506836 -0.9506961194655066 0.3101239888064568 0 0 0 1 0 0 0 0 0 0
-1.8479303121566772 -1.0943659543991089 61.628841400146484 -0.9504945584563639 -0.31074120155660356 0 0 0 1 0 0 0 0 0 0
-2.0678951740264893 -0.7937106490135193 62.05758285522461 -0.5838800032888573 -0.8118399729992385 0 0 0 1 0 0 0 0 0 0
-2.422908067703247 -0.6808337569236755 62.486324310302734 0.00780332278420381 -0.9999695536132714 0 0 0 1 0 0 0 0 0 0
-2.7761147022247314 -0.7992381453514099 62.91506576538086 0.5964811709805729 -0.8026270694822377 0 0 0 1 0 0 0 0 0 0
-2.991360902786255 -1.1032885313034058 63.343807220458984 0.9552269030649626 -0.2958742362236371 0 0 0 1 0 0 0 0 0 0
-2.9856693744659424 -1.4757708311080933 63.77253341674805 0.9457373554317616 0.32493207681135144 0 0 0 1 0 0 0 0 0 0
-2.7612335681915283 -1.7730997800827026 64.2012710571289 0.5716793840230594 0.82047710625161 0 0 0 1 0 0 0 0 0 0
-2.4045727252960205 -1.8806589841842651 64.63001251220703 -0.022753517847783754 0.9997411051995164 0 0 0 1 0 0 0 0 0 0
-2.053176164627075 -1.756982684135437 65.05875396728516 -0.6084181175764412 0.793616654440127 0 0 0 1 0 0 0 0 0 0
-1.848370909690857 -1.4686030149459839 65.4485092163086 -0.9497581827086736 0.31298465517963914 0 0 0 1 0 0 0 0 0 0
-1.8602460622787476 -1.0602282285690308 65.88158416748047 -0.9299694153030382 -0.3676368950485315 0 0 0 1 0 0 0 0 0 0
-2.1308281421661377 -0.7541255354881287 66.31465911865234 -0.47900116350151295 -0.8778142658696068 0 0 0 1 0 0 0 0 0 0
-2.5346596240997314 -0.6922206282615662 66.74771881103516 0.19405733842411324 -0.9809901882301113 0 0 0 1 0 0 0 0 0 0
-2.884509325027466 -0.9032153487205505 67.18079376220703 0.7771355991108794 -0.6293331872661528 0 0 0 1 0 0 0 0 0 0
-3.018164873123169 -1.2892855405807495 67.6138687133789 0.9999002285899985 0.014125610275974058 0 0 0 1 0 0 0 0 0 0
-2.873662233352661 -1.6714266538619995 68.04692840576172 0.7590601578244207 0.6510204887740212 0 0 0 1 0 0 0 0 0 0
-2.5179951190948486 -1.872461199760437 68.4800033569336 0.16628178036700936 0.9860782775814392 0 0 0 1 0 0 0 0 0 0
-2.1160709857940674 -1.7991808652877808 68.91307830810547 -0.503587077947905 0.8639444744449092 0 0 0 1 0 0 0 0 0 0
-1.854239821434021 -1.485559344291687 69.34613800048828 -0.9399737492444086 0.3412467592980331 0 0 0 1 0 0 0 0 0 0
-1.8250001668930054 -1.1909006834030151 69.73590850830078 -0.9887070094971788 -0.1498614339019391 0 0 0 1 0 0 0 0 0 0
-2.063533067703247 -0.7968806624412537 70.2555923461914 -0.5911584646632342 -0.8065554349559662 0 0 0 1 0 0 0 0 0 0
-2.5110886096954346 -0.6880435347557068 70.77527618408203 0.15477015114862472 -0.9879505049917388 0 0 0 1 0 0 0 0 0 0
-2.9039204120635986 -0.9285334944725037 71.29496002197266 0.809488011988461 -0.587136405315638 0 0 0 1 0 0 0 0 0 0
-3.0123188495635986 -1.3647974729537964 71.6847152709961 0.9901547702152433 0.13997689459335394 0 0 0 1 0 0 0 0 0 0
0.37158647179603577 -2.4077587127685547 71.6847152709961 -0.9690780052529054 -0.24675457388881264 0 0 0 -1 0 0 0 0 0 0
0.3112436830997467 -2.853219985961914 71.29496002197266 -0.8685074549755666 0.4956761045802633 0 0 0 -1 0 0 0 0 0 0
0.05986276641488075 -3.091768264770508 70.90518951416016 -0.4495412882410661 0.8932595536385619 0 0 0 -1 0 0 0 0 0 0
-0.2814992368221283 -3.151521682739258 70.51543426513672 0.11940049235176835 0.99284617258977 0 0 0 -1 0 0 0 0 0 0
-0.598962128162384 -3.012540817260742 70.12566375732422 0.6485038490833744 0.7612113751935449 0 0 0 -1 0 0 0 0 0 0
-0.7866185307502747 -2.721193313598633 69.73590850830078 0.9612627031118585 0.2756338433612301 0 0 0 -1 0 0 0 0 0 0
-0.79414302110672 -2.419382095336914 69.34613800048828 0.9738037850879803 -0.22738994733347997 0 0 0 -1 0 0 0 0 0 0
-0.6037171483039856 -2.103181838989258 68.95638275146484 0.6564257109919639 -0.7543906719655901 0 0 0 -1 0 0 0 0 0 0
-0.26423391699790955 -1.9582842588424683 68.56661224365234 0.09062170131241361 -0.9958853886121855 0 0 0 -1 0 0 0 0 0 0
0.09582773596048355 -2.0395259857177734 68.1768569946289 -0.5094802015744163 -0.8604823787874406 0 0 0 -1 0 0 0 0 0 0
0.34019914269447327 -2.316160202026367 67.7870864868164 -0.9167674466661642 -0.3994213924331068 0 0 0 -1 0 0 0 0 0 0
0.3763968050479889 -2.6834964752197266 67.39733123779297 -0.9770949287324286 0.21280390091671347 0 0 0 -1 0 0 0 0 0 0
0.19072023034095764 -3.0025081634521484 67.00756072998047 -0.6676315489183368 0.7444918501158375 0 0 0 -1 0 0 0 0 0 0
-0.14656004309654236 -3.152463912963867 66.61780548095703 -0.10549948906100409 0.9944193571164367 0 0 0 -1 0 0 0 0 0 0
-0.507796585559845 -3.0766162872314453 66.22803497314453 0.49656171009892275 0.868001421694477 0 0 0 -1 0 0 0 0 0 0
-0.7562764286994934 -2.8036670684814453 65.8382797241211 0.9106916290317298 0.4130868635184781 0 0 0 -1 0 0 0 0 0 0
-0.7979615330696106 -2.4369144439697266 65.4485092163086 0.980169233620261 -0.1981622402585069 0 0 0 -1 0 0 0 0 0 0
-0.6287930607795715 -2.126283645629883 65.05875396728516 0.6982188573034435 -0.715884367273007 0 0 0 -1 0 0 0 0 0 0
-0.3284696042537689 -1.9676531553268433 64.66898345947266 0.19768010495115823 -0.9802665842037559 0 0 0 -1 0 0 0 0 0 0
0.00986162293702364 -1.997491717338562 64.27922821044922 -0.3662034195120946 -0.9305348223133021 0 0 0 -1 0 0 0 0 0 0
0.27778497338294983 -2.206239700317383 63.889461517333984 -0.8127407070242891 -0.5826255599831321 0 0 0 -1 0 0 0 0 0 0
0.389446884393692 -2.5270023345947266 63.49970626831055 -0.9988463560507154 -0.04802038113351117 0 0 0 -1 0 0 0 0 0 0
0.30906930565834045 -2.8570003509521484 63.10993576049805 -0.8648810255187899 0.5019769035499205 0 0 0 -1 0 0 0 0 0 0
0.062405262142419815 -3.090482711791992 62.72018051147461 -0.4537762645684899 0.8911156500220764 0 0 0 -1 0 0 0 0 0 0
-0.271502822637558 -3.152639389038086 62.33041000366211 0.10273359242726757 0.9947089066591231 0 0 0 -1 0 0 0 0 0 0
-0.5856583714485168 -3.023550033569336 61.94065475463867 0.6263245828200651 0.7795623881096826 0 0 0 -1 0 0 0 0 0 0
-0.7793934941291809 -2.744577407836914 61.55088424682617 0.9492238099042587 0.31460158726688553 0 0 0 -1 0 0 0 0 0 0
-0.7906277775764465 -2.405118942260742 61.161128997802734 0.9679445803965695 -0.2511638693779596 0 0 0 -1 0 0 0 0 0 0
-0.6157620549201965 -2.113950729370117 60.771358489990234 0.6765035709236632 -0.7364393515609633 0 0 0 -1 0 0 0 0 0 0
-0.2158406674861908 -1.9558428525924683 60.3816032409668 0.009968645616044535 -0.999950311817833 0 0 0 -1 0 0 0 0 0 0
0.13060441613197327 -2.061765670776367 59.9918327331543 -0.5674417567669958 -0.8234135368556833 0 0 0 -1 0 0 0 0 0 0
0.3529268801212311 -2.347799301147461 59.60207748413086 -0.937979983361457 -0.3466894154906389 0 0 0 -1 0 0 0 0 0 0
0.3700777590274811 -2.709665298461914 59.21230697631836 -0.966566721504078 0.25641523527446286 0 0 0 -1 0 0 0 0 0 0
0.1758047640323639 -3.0154476165771484 58.82255172729492 -0.6427741414672835 0.7660557440950341 0 0 0 -1 0 0 0 0 0 0
-0.15906652808189392 -3.1536617279052734 58.43278121948242 -0.08465822184342268 0.9964100488625705 0 0 0 -1 0 0 0 0 0 0
-0.5124581456184387 -3.073923110961914 58.043025970458984 0.5043299074076758 0.8635110563821202 0 0 0 -1 0 0 0 0 0 0
-0.7555325627326965 -2.805299758911133 57.653255462646484 0.9094503377262647 0.41581255778244974 0 0 0 -1 0 0 0 0 0 0
-0.7996743321418762 -2.4457263946533203 57.26350021362305 0.9830240773929605 -0.18347660141205643 0 0 0 -1 0 0 0 0 0 0
-0.6287930607795715 -2.126283645629883 56.87372970581055 0.6982188573034435 -0.715884367273007 0 0 0 -1 0 0 0 0 0 0
-0.37235578894615173 -1.978235125541687 56.48397445678711 0.27082378816116115 -0.9626289398132795 0 0 0 -1 0 0 0 0 0 0
-0.013097132556140423 -1.9889925718307495 56.09421157836914 -0.3279368958478371 -0.9446996307513225 0 0 0 -1 0 0 0 0 0 0
0.2755533754825592 -2.2031497955322266 55.70444869995117 -0.8090232066731003 -0.5877767017025887 0 0 0 -1 0 0 0 0 0 0
0.39001908898353577 -2.543855667114258 55.3146858215332 -0.9998014527184941 -0.019926242545670755 0 0 0 -1 0 0 0 0 0 0
0.2892252504825592 -2.888853073120117 54.924922943115234 -0.8318051031262632 0.5550678070408213 0 0 0 -1 0 0 0 0 0 0
0.009337102063000202 -3.114339828491211 54.535160064697266 -0.3653309016211285 0.9308777214654421 0 0 0 -1 0 0 0 0 0 0
-0.34920820593833923 -3.1394100189208984 54.1453971862793 0.23224743315030755 0.9726567379065924 0 0 0 -1 0 0 0 0 0 0
-0.6577485203742981 -2.955057144165039 53.75563430786133 0.7464806425219255 0.6654071312663046 0 0 0 -1 0 0 0 0 0 0
-0.8055699467658997 -2.627443313598633 53.36587142944336 0.992848911166497 0.11937771817010619 0 0 0 -1 0 0 0 0 0 0
-0.7396271824836731 -2.2741260528564453 52.97610855102539 0.8829448083327155 -0.46947679968056377 0 0 0 -1 0 0 0 0 0 0
-0.48358282446861267 -2.0218868255615234 52.58634567260742 0.4562025257262804 -0.8898759776064091 0 0 0 -1 0 0 0 0 0 0
-0.12931570410728455 -1.9612444639205933 52.19658279418945 -0.13424393037903154 -0.9909483170965022 0 0 0 -1 0 0 0 0 0 0
0.19604745507240295 -2.1139583587646484 51.806819915771484 -0.6765152870749416 -0.7364285887673762 0 0 0 -1 0 0 0 0 0 0
0.3757559359073639 -2.4252262115478516 51.417057037353516 -0.9760291983393858 -0.21763961952956976 0 0 0 -1 0 0 0 0 0 0
0.353954941034317 -2.761026382446289 51.02729415893555 -0.9396924860872452 0.3420205134069775 0 0 0 -1 0 0 0 0 0 0
0.15638414025306702 -3.031064987182617 50.63753128051758 -0.6104072653740223 0.7920877289660583 0 0 0 -1 0 0 0 0 0 0
-0.15508398413658142 -3.1533069610595703 50.24776840209961 -0.09129544675562022 0.9958238505888938 0 0 0 -1 0 0 0 0 0 0
-0.4835866391658783 -3.0897388458251953 49.85800552368164 0.456206968016554 0.8898737002143297 0 0 0 -1 0 0 0 0 0 0
-0.7269642949104309 -2.8601207733154297 49.46824264526367 0.8618424594928549 0.5071760789068298 0 0 0 -1 0 0 0 0 0 0
-0.8095296025276184 -2.5358715057373047 49.0784797668457 0.9994476430437143 -0.03323264681550892 0 0 0 -1 0 0 0 0 0 0
-0.7056038975715637 -2.2178211212158203 48.688716888427734 0.8262401327563671 -0.5633180655923802 0 0 0 -1 0 0 0 0 0 0
-0.44750913977622986 -2.004884719848633 48.298954010009766 0.39608137378236746 -0.9182154133658792 0 0 0 -1 0 0 0 0 0 0
-0.11550839990377426 -1.9632776975631714 47.9091911315918 -0.15725528010289466 -0.9875579865910457 0 0 0 -1 0 0 0 0 0 0
0.18715158104896545 -2.1059436798095703 47.51942825317383 -0.6616822998028705 -0.7497843250746071 0 0 0 -1 0 0 0 0 0 0
0.37158647179603577 -2.4077587127685547 47.12966537475586 -0.9690780052529054 -0.24675457388881264 0 0 0 -1 0 0 0 0 0 0
0.34682145714759827 -2.779653549194336 46.73990249633789 -0.927804312143171 0.37306723036007505 0 0 0 -1 0 0 0 0 0 0
0.10724321752786636 -3.0651721954345703 46.35013961791992 -0.5285055163384342 0.8489298670678544 0 0 0 -1 0 0 0 0 0 0
-0.25470098853111267 -3.154134750366211 45.96037673950195 0.07473499976273958 0.9972034295019563 0 0 0 -1 0 0 0 0 0 0
-0.5993416905403137 -3.012216567993164 45.570613861083984 0.6491335460375248 0.7606744634919388 0 0 0 -1 0 0 0 0 0 0
-0.7936890721321106 -2.694181442260742 45.180850982666016 0.9730465693310558 0.23060870302974865 0 0 0 -1 0 0 0 0 0 0
-0.7627461552619934 -2.322751998901367 44.79108810424805 0.9214749865880872 -0.3884377029749875 0 0 0 -1 0 0 0 0 0 0
-0.5184529423713684 -2.0412540435791016 44.40132522583008 0.5143207854176225 -0.8575978834438664 0 0 0 -1 0 0 0 0 0 0
-0.1550801694393158 -1.9583185911178589 44.01156234741211 -0.0912999579242466 -0.9958234370022784 0 0 0 -1 0 0 0 0 0 0
0.18715348839759827 -2.105947494506836 43.62179946899414 -0.6616878660950339 -0.7497794128025924 0 0 0 -1 0 0 0 0 0 0
0.3757559359073639 -2.4252262115478516 43.23203659057617 -0.9760291983393858 -0.21763961952956976 0 0 0 -1 0 0 0 0 0 0
0.34866204857826233 -2.775022506713867 42.8422737121582 -0.9308712449622857 0.36534740357961226 0 0 0 -1 0 0 0 0 0 0
0.1305929720401764 -3.0498714447021484 42.452510833740234 -0.5674198615998446 0.8234286251169636 0 0 0 -1 0 0 0 0 0 0
-0.20388540625572205 -3.155782699584961 42.062747955322266 -0.009957542299733552 0.9999504224467077 0 0 0 -1 0 0 0 0 0 0
-0.5404084324836731 -3.056550979614258 41.6729850769043 0.5509181104825494 0.8345593061864072 0 0 0 -1 0 0 0 0 0 0
-0.7639058232307434 -2.786104202270508 41.28322219848633 0.9234100010507112 0.3838150204975381 0 0 0 -1 0 0 0 0 0 0
-0.7979615330696106 -2.4369144439697266 40.89345932006836 0.980169233620261 -0.1981622402585069 0 0 0 -1 0 0 0 0 0 0
-0.6287930607795715 -2.126283645629883 40.50369644165039 0.6982188573034435 -0.715884367273007 0 0 0 -1 0 0 0 0 0 0
-0.32990965247154236 -1.9679468870162964 40.11393356323242 0.20008018191291177 -0.9797795266312191 0 0 0 -1 0 0 0 0 0 0
0.0071245781145989895 -1.996423602104187 39.72417068481445 -0.36164576217895655 -0.9323155810657685 0 0 0 -1 0 0 0 0 0 0
0.2752043306827545 -2.202669143676758 39.334407806396484 -0.8084424464168356 -0.5885752380380624 0 0 0 -1 0 0 0 0 0 0
0.3891359865665436 -2.5211353302001953 38.944644927978516 -0.9983279601664166 -0.05780384027002069 0 0 0 -1 0 0 0 0 0 0
0.31271615624427795 -2.850625991821289 38.55488204956055 -0.8709599968815658 0.49135392929339955 0 0 0 -1 0 0 0 0 0 0
0.07022920995950699 -3.086427688598633 38.16511917114258 -0.4668156579759154 0.884354646885803 0 0 0 -1 0 0 0 0 0 0
-0.2612679898738861 -3.1536083221435547 37.77535629272461 0.08567942627954588 0.9963227568977875 0 0 0 -1 0 0 0 0 0 0
-0.5764268040657043 -3.0308170318603516 37.38559341430664 0.6109421580214034 0.7916752361619949 0 0 0 -1 0 0 0 0 0 0
-0.7750962376594543 -2.757078170776367 36.99583053588867 0.9420624547832869 0.33543752218213135 0 0 0 -1 0 0 0 0 0 0
-0.79414302110672 -2.419382095336914 36.6060676574707 0.9738037850879803 -0.22738994733347997 0 0 0 -1 0 0 0 0 0 0
-0.6157620549201965 -2.113950729370117 36.216304779052734 0.6765035709236632 -0.7364393515609633 0 0 0 -1 0 0 0 0 0 0
-0.28936514258384705 -1.9611033201217651 35.826541900634766 0.13250466685469314 -0.9911823814322603 0 0 0 -1 0 0 0 0 0 0
0.06572023779153824 -2.0228443145751953 35.4367790222168 -0.4592986878389871 -0.8882818895763805 0 0 0 -1 0 0 0 0 0 0
0.32136788964271545 -2.276895523071289 35.04701614379883 -0.8853809289544468 -0.4648662287623837 0 0 0 -1 0 0 0 0 0 0
0.38533464074134827 -2.6315860748291016 34.65725326538086 -0.9919934398197133 0.12628941109472597 0 0 0 -1 0 0 0 0 0 0
0.23453965783119202 -2.9589366912841797 34.26749038696289 -0.7406691658216341 0.6718699180653088 0 0 0 -1 0 0 0 0 0 0
-0.07660611718893051 -3.140829086303711 33.87772750854492 -0.2220939126912051 0.9750252786187195 0 0 0 -1 0 0 0 0 0 0
-0.43583425879478455 -3.111635208129883 33.48796463012695 0.37662320895509954 0.9263665357062306 0 0 0 -1 0 0 0 0 0 0
-0.713525116443634 -2.8818836212158203 33.098201751708984 0.8394420253350857 0.543449248873645 0 0 0 -1 0 0 0 0 0 0
-0.8094819188117981 -2.5344791412353516 32.708438873291016 0.9993677115856165 -0.035555267403411216 0 0 0 -1 0 0 0 0 0 0
-0.6890786290168762 -2.194772720336914 32.31867599487305 0.7986961518840086 -0.6017345402797455 0 0 0 -1 0 0 0 0 0 0
-0.3957608640193939 -1.9853380918502808 31.928913116455078 0.3098319936904626 -0.9507913207880019 0 0 0 -1 0 0 0 0 0 0
-0.03536733612418175 -1.9817484617233276 31.53915023803711 -0.2908219759753072 -0.9567771831987935 0 0 0 -1 0 0 0 0 0 0
0.262066513299942 -2.185293197631836 31.14938735961914 -0.7865456468168144 -0.6175321412473356 0 0 0 -1 0 0 0 0 0 0
0.3892160952091217 -2.522531509399414 30.759624481201172 -0.9984603531716996 -0.05547002022935572 0 0 0 -1 0 0 0 0 0 0
0.30020204186439514 -2.8717823028564453 30.369861602783203 -0.8501025091990985 0.5266172460652959 0 0 0 -1 0 0 0 0 0 0
0.02714601717889309 -3.1070194244384766 29.980098724365234 -0.39501041794622666 0.9186766404529656 0 0 0 -1 0 0 0 0 0 0
-0.3314298093318939 -3.143369674682617 29.590335845947266 0.20261710520479106 0.9792580398844987 0 0 0 -1 0 0 0 0 0 0
-0.6461384892463684 -2.967714309692383 29.200572967529297 0.7271282267991459 0.6865016691836444 0 0 0 -1 0 0 0 0 0 0
-0.8034279942512512 -2.643434524536133 28.810810089111328 0.9892793501974497 0.14603550004335034 0 0 0 -1 0 0 0 0 0 0
-0.7465432286262512 -2.287538528442383 28.42104721069336 0.8944698043512173 -0.44712835864424333 0 0 0 -1 0 0 0 0 0 0
-0.4960092008113861 -2.028444290161133 28.03128433227539 0.47691482143210107 -0.8789495168087795 0 0 0 -1 0 0 0 0 0 0
-0.14222463965415955 -1.9596384763717651 27.641521453857422 -0.11272965151093027 -0.9936256969655244 0 0 0 -1 0 0 0 0 0 0
0.18715348839759827 -2.105947494506836 27.251758575439453 -0.6616878660950339 -0.7497794128025924 0 0 0 -1 0 0 0 0 0 0
0.3757559359073639 -2.4252262115478516 26.861995697021484 -0.9760291983393858 -0.21763961952956976 0 0 0 -1 0 0 0 0 0 0
0.34866204857826233 -2.775022506713867 26.472232818603516 -0.9308712449622857 0.36534740357961226 0 0 0 -1 0 0 0 0 0 0
0.1305929720401764 -3.0498714447021484 26.082469940185547 -0.5674198615998446 0.8234286251169636 0 0 0 -1 0 0 0 0 0 0
-0.20388540625572205 -3.155782699584961 25.692707061767578 -0.009957542299733552 0.9999504224467077 0 0 0 -1 0 0 0 0 0 0
-0.5404084324836731 -3.056550979614258 25.30294418334961 0.5509181104825494 0.8345593061864072 0 0 0 -1 0 0 0 0 0 0
-0.7639058232307434 -2.786104202270508 24.91318130493164 0.9234100010507112 0.3838150204975381 0 0 0 -1 0 0 0 0 0 0
-0.7979615330696106 -2.4369144439697266 24.523418426513672 0.980169233620261 -0.1981622402585069 0 0 0 -1 0 0 0 0 0 0
-0.6287930607795715 -2.126283645629883 24.133655548095703 0.6982188573034435 -0.715884367273007 0 0 0 -1 0 0 0 0 0 0
-0.31403669714927673 -1.9649256467819214 23.743892669677734 0.17362334031872298 -0.9848121321838846 0 0 0 -1 0 0 0 0 0 0
0.036923084408044815 -2.0089168548583984 23.354129791259766 -0.4113114802622928 -0.9114948525386423 0 0 0 -1 0 0 0 0 0 0
0.3021189272403717 -2.2429637908935547 22.964366912841797 -0.8533024912775333 -0.5214162045617257 0 0 0 -1 0 0 0 0 0 0
0.38939347863197327 -2.585733413696289 22.574604034423828 -0.9987556521792536 0.049871306780492036 0 0 0 -1 0 0 0 0 0 0
0.2684122622013092 -2.9181041717529297 22.18484115600586 -0.7971197167268294 0.6038212957534203 0 0 0 -1 0 0 0 0 0 0
-0.018777215853333473 -3.124574661254883 21.79507827758789 -0.3184685755522376 0.947933418751406 0 0 0 -1 0 0 0 0 0 0
-0.37237295508384705 -3.1333866119384766 21.405315399169922 0.2708557215077253 0.9626199551881988 0 0 0 -1 0 0 0 0 0 0
-0.6694920659065247 -2.9414806365966797 21.015552520751953 0.7660533847207972 0.6427769533499238 0 0 0 -1 0 0 0 0 0 0
-0.8068802952766418 -2.615549087524414 20.625789642333984 0.9950311888761499 0.09956371409160938 0 0 0 -1 0 0 0 0 0 0
-0.7367909550666809 -2.2688541412353516 20.236026763916016 0.8782122263558538 -0.47827114221861067 0 0 0 -1 0 0 0 0 0 0
-0.48358282446861267 -2.0218868255615234 19.846263885498047 0.4562025257262804 -0.8898759776064091 0 0 0 -1 0 0 0 0 0 0
-0.13524946570396423 -1.9604700803756714 19.456501007080078 -0.12435367005169272 -0.992237957722176 0 0 0 -1 0 0 0 0 0 0
0.18715348839759827 -2.105947494506836 19.06673812866211 -0.6616878660950339 -0.7497794128025924 0 0 0 -1 0 0 0 0 0 0
0.3757559359073639 -2.4252262115478516 18.67697525024414 -0.9760291983393858 -0.21763961952956976 0 0 0 -1 0 0 0 0 0 0
0.351086288690567 -2.7687435150146484 18.287212371826172 -0.9349125692006148 0.35487813112490546 0 0 0 -1 0 0 0 0 0 0
0.1415945589542389 -3.042104721069336 17.897449493408203 -0.5857567832138788 0.8104868850998942 0 0 0 -1 0 0 0 0 0 0
-0.18369612097740173 -3.155244827270508 17.507686614990234 -0.04360495661184155 0.9990488515377411 0 0 0 -1 0 0 0 0 0 0
-0.5176060795783997 -3.0708789825439453 17.117923736572266 0.5129092015292749 0.8584428641363394 0 0 0 -1 0 0 0 0 0 0
-0.7501195073127747 -2.816812515258789 16.728160858154297 0.9004310139945024 0.4349988379718181 0 0 0 -1 0 0 0 0 0 0
-0.8046277165412903 -2.476747512817383 16.338397979736328 0.9912795613304014 -0.13177568549852697 0 0 0 -1 0 0 0 0 0 0
-0.663171112537384 -2.1627368927001953 15.94863510131836 0.7555170645575453 -0.6551289683431423 0 0 0 -1 0 0 0 0 0 0
-0.37235578894615173 -1.978235125541687 15.55887222290039 0.27082378816116115 -0.9626289398132795 0 0 0 -1 0 0 0 0 0 0
-0.0763448104262352 -1.9708575010299683 15.169109344482422 -0.22252633382801087 -0.974926679680613 0 0 0 -1 0 0 0 0 0 0
0.2311350405216217 -2.1489696502685547 14.779346466064453 -0.7349952533578473 -0.6780722509743589 0 0 0 -1 0 0 0 0 0 0
0.3839384615421295 -2.4697742462158203 14.389583587646484 -0.9896650067785493 -0.14339865535636662 0 0 0 -1 0 0 0 0 0 0
0.328472763299942 -2.820760726928711 13.999820709228516 -0.8972200517238161 0.4415837166208833 0 0 0 -1 0 0 0 0 0 0
0.08419481664896011 -3.078817367553711 13.610057830810547 -0.4900934344029106 0.8716699063035044 0 0 0 -1 0 0 0 0 0 0
-0.2632230222225189 -3.1534366607666016 13.220294952392578 0.08893829850507322 0.9960371373894763 0 0 0 -1 0 0 0 0 0 0
-0.5919221043586731 -3.0184459686279297 12.83053207397461 0.6367701931576524 0.7710536434684463 0 0 0 -1 0 0 0 0 0 0
-0.7866185307502747 -2.721193313598633 12.44076919555664 0.9612627031118585 0.2756338433612301 0 0 0 -1 0 0 0 0 0 0
-0.79414302110672 -2.419382095336914 12.051006317138672 0.9738037850879803 -0.22738994733347997 0 0 0 -1 0 0 0 0 0 0
-0.6144097447395325 -2.112710952758789 11.661243438720703 0.6742488312982864 -0.7385042406736032 0 0 0 -1 0 0 0 0 0 0
-0.2926877439022064 -1.9615572690963745 11.271480560302734 0.1380465140567665 -0.9904257468163755 0 0 0 -1 0 0 0 0 0 0
0.05810609832406044 -2.0189762115478516 10.881717681884766 -0.44661210872774154 -0.8947276816650751 0 0 0 -1 0 0 0 0 0 0
0.3148466646671295 -2.2648143768310547 10.491954803466797 -0.8745166462767573 -0.484995500375883 0 0 0 -1 0 0 0 0 0 0
0.3874289095401764 -2.612783432006836 10.102191925048828 -0.9954818473530156 0.09495204890168304 0 0 0 -1 0 0 0 0 0 0
0.2503744661808014 -2.9407596588134766 9.71242904663086 -0.7670584927569097 0.6415771728245152 0 0 0 -1 0 0 0 0 0 0
-0.04821142181754112 -3.133626937866211 9.32266616821289 -0.26941935124375316 0.9630229556845441 0 0 0 -1 0 0 0 0 0 0
-0.40353330969810486 -3.123697280883789 8.932903289794922 0.3227854061528718 0.9464721768624397 0 0 0 -1 0 0 0 0 0 0
-0.6908791661262512 -2.914449691772461 8.543140411376953 0.8016978839130349 0.5977294563005592 0 0 0 -1 0 0 0 0 0 0
-0.8093999028205872 -2.5793323516845703 8.153377532958984 0.9992313216486276 0.03920160502246051 0 0 0 -1 0 0 0 0 0 0
-0.7174943089485168 -2.2359561920166016 7.763614654541016 0.8460512127454638 -0.5331016276583013 0 0 0 -1 0 0 0 0 0 0
-0.4474214017391205 -2.0048465728759766 7.373851776123047 0.3959332618999387 -0.9182792887358804 0 0 0 -1 0 0 0 0 0 0
-0.0939687117934227 -1.9671114683151245 6.984088897705078 -0.19315169838583449 -0.9811689056480885 0 0 0 -1 0 0 0 0 0 0
0.2188059389591217 -2.1359996795654297 6.594326019287109 -0.7144424691384834 -0.699694189122153 0 0 0 -1 0 0 0 0 0 0
0.3811308443546295 -2.452230453491211 6.204563140869141 -0.9849855207200895 -0.17263697162477715 0 0 0 -1 0 0 0 0 0 0
0.33602967858314514 -2.804819107055664 5.814800262451172 -0.9098185252096391 0.41500632668112075 0 0 0 -1 0 0 0 0 0 0
0.09933344274759293 -3.0700130462646484 5.425037384033203 -0.5153213115625273 0.8569970512489975 0 0 0 -1 0 0 0 0 0 0
-0.24588331580162048 -3.1547298431396484 5.035274505615234 0.060036728920978624 0.9981961686865308 0 0 0 -1 0 0 0 0 0 0
-0.5784562230110168 -3.029245376586914 4.645511627197266 0.6143265314716666 0.789051907500382 0 0 0 -1 0 0 0 0 0 0
-0.781661331653595 -2.7375926971435547 4.255748748779297 0.9530014804890289 0.3029656386221368 0 0 0 -1 0 0 0 0 0 0
-0.7841771245002747 -2.382143020629883 3.865985631942749 0.9571915414933349 -0.28945526924485826 0 0 0 -1 0 0 0 0 0 0
-0.5851204991340637 -2.087644577026367 3.4762227535247803 0.6254315161222227 -0.7802790645923148 0 0 0 -1 0 0 0 0 0 0
-0.2543557584285736 -1.9574640989303589 3.0864598751068115 0.0741561961845387 -0.9972466387847293 0 0 0 -1 0 0 0 0 0 0
0.09202639013528824 -2.037290573120117 2.6966969966888428 -0.5031439551156757 -0.8642026153805337 0 0 0 -1 0 0 0 0 0 0
0.3324514925479889 -2.2991085052490234 2.306934118270874 -0.9038539722659921 -0.4278410882780978 0 0 0 -1 0 0 0 0 0 0
0.38253656029701233 -2.651021957397461 1.9171712398529053 -0.987329978638829 0.15868053844454139 0 0 0 -1 0 0 0 0 0 0
0.22470536828041077 -2.9695186614990234 1.5274083614349365 -0.7242779880587017 0.689508082631117 0 0 0 -1 0 0 0 0 0 0
-0.08565076440572739 -3.1428165435791016 1.1376454830169678 -0.20701519881118058 0.9783377266880631 0 0 0 -1 0 0 0 0 0 0
-0.43960127234458923 -3.110086441040039 0.7478826642036438 0.38290188548943355 0.9237890160034576 0 0 0 -1 0 0 0 0 0 0
-0.7129166722297668 -2.882822036743164 0.35811975598335266 0.8384241081068375 0.5450183620257708 0 0 0 -1 0 0 0 0 0 0
-0.8096726536750793 -2.5407848358154297 -0.031643107533454895 0.9996863906741037 -0.025042370115129078 0 0 0 -1 0 0 0 0 0 0
-0.695906937122345 -2.204019546508789 -0.42140600085258484 0.8100744878467528 -0.5863269771550863 0 0 0 -1 0 0 0 0 0 0
-0.4115498960018158 -1.9907282590866089 -0.8111688494682312 0.33614579914178677 -0.9418099605118483 0 0 0 -1 0 0 0 0 0 0
-0.05640539154410362 -1.9757708311080933 -1.2009317874908447 -0.25576018432931324 -0.9667402588657595 0 0 0 -1 0 0 0 0 0 0
0.2448813021183014 -2.1643924713134766 -1.5906946659088135 -0.7579014635445508 -0.6523690455233356 0 0 0 -1 0 0 0 0 0 0
0.3865629732608795 -2.490396499633789 -1.9804575443267822 -0.9940381832058931 -0.10903251959267635 0 0 0 -1 0 0 0 0 0 0
0.31891313195228577 -2.8393611907958984 -2.370220422744751 -0.8812863284001934 0.4725826989796668 0 0 0 -1 0 0 0 0 0 0
0.06567446142435074 -3.088804244995117 -2.7599833011627197 -0.459222983681495 0.8883210293912135 0 0 0 -1 0 0 0 0 0 0
-0.28426870703697205 -3.151182174682617 -3.1497461795806885 0.12401125950589612 0.9922808108170594 0 0 0 -1 0 0 0 0 0 0
-0.6080983281135559 -3.004598617553711 -3.5395090579986572 0.6637294827899344 0.74797270917822 0 0 0 -1 0 0 0 0 0 0
-0.7921536564826965 -2.700502395629883 -3.929271936416626 0.9704889807139317 0.24114547126751942 0 0 0 -1 0 0 0 0 0 0
-0.7718384861946106 -2.345621109008789 -4.319034576416016 0.9366289891855932 -0.3503229033579934 0 0 0 -1 0 0 0 0 0 0
-0.5542805790901184 -2.064516067504883 -4.708797454833984 0.5740366868020261 -0.8188295806853539 0 0 0 -1 0 0 0 0 0 0
-0.2158406674861908 -1.9558428525924683 -5.098560333251953 0.009968645616044535 -0.999950311817833 0 0 0 -1 0 0 0 0 0 0
0.18715348839759827 -2.105947494506836 -5.488323211669922 -0.6616878660950339 -0.7497794128025924 0 0 0 -1 0 0 0 0 0 0
0.36734452843666077 -2.3920040130615234 -5.878086090087891 -0.9620084866898186 -0.2730195442395379 0 0 0 -1 0 0 0 0 0 0
0.36427751183509827 -2.730070114135742 -6.267848968505859 -0.9568952207252307 0.2904333599179201 0 0 0 -1 0 0 0 0 0 0
0.17892518639564514 -3.012807846069336 -6.657611846923828 -0.6479821769930938 0.7616554984369842 0 0 0 -1 0 0 0 0 0 0
-0.12986311316490173 -3.1504573822021484 -7.047374725341797 -0.13332957341315813 0.9910717556531743 0 0 0 -1 0 0 0 0 0 0
-0.46404966711997986 -3.0993099212646484 -7.437137603759766 0.42365155238545943 0.9058252382007194 0 0 0 -1 0 0 0 0 0 0
-0.7175343632698059 -2.875608444213867 -7.826896667480469 0.8461209413992965 0.5329909497595323 0 0 0 -1 0 0 0 0 0 0
-0.8098366856575012 -2.5503711700439453 -8.216659545898438 0.9999588057757502 -0.009076714798620105 0 0 0 -1 0 0 0 0 0 0
-0.7116501927375793 -2.226865768432617 -8.606422424316406 0.8363147602352258 -0.5482495980962475 0 0 0 -1 0 0 0 0 0 0
-0.454150527715683 -2.0077953338623047 -8.996185302734375 0.407151111120777 -0.9133608118991732 0 0 0 -1 0 0 0 0 0 0
-0.11909040063619614 -1.9627207517623901 -9.385948181152344 -0.15128651411224966 -0.9884899547530892 0 0 0 -1 0 0 0 0 0 0
0.18715158104896545 -2.1059436798095703 -9.775711059570312 -0.6616822998028705 -0.7497843250746071 0 0 0 -1 0 0 0 0 0 0
0.37158647179603577 -2.4077587127685547 -10.165473937988281 -0.9690780052529054 -0.24675457388881264 0 0 0 -1 0 0 0 0 0 0
0.35292497277259827 -2.763833999633789 -10.55523681640625 -0.9379763348076953 0.3466992866169796 0 0 0 -1 0 0 0 0 0 0
0.1355082094669342 -3.046445846557617 -10.944999694824219 -0.5756184563936128 0.8177184067018637 0 0 0 -1 0 0 0 0 0 0
-0.2038796842098236 -3.155782699584961 -11.334762573242188 -0.009968760951354818 0.9999503106680325 0 0 0 -1 0 0 0 0 0 0
-0.5453789830207825 -3.0532360076904297 -11.724525451660156 0.5591958597610834 0.8290355785043623 0 0 0 -1 0 0 0 0 0 0
-0.76838618516922 -2.775014877319336 -12.114288330078125 0.9308757991706491 0.36533579966710794 0 0 0 -1 0 0 0 0 0 0
-0.79414302110672 -2.419382095336914 -12.504051208496094 0.9738037850879803 -0.22738994733347997 0 0 0 -1 0 0 0 0 0 0
-0.6157620549201965 -2.113950729370117 -12.893814086914062 0.6765035709236632 -0.7364393515609633 0 0 0 -1 0 0 0 0 0 0
-0.28030332922935486 -1.9599627256393433 -13.283576965332031 0.11740232345418197 -0.993084434702085 0 0 0 -1 0 0 0 0 0 0
0.08181444555521011 -2.0314807891845703 -13.67333984375 -0.48612583206511484 -0.8738888232487013 0 0 0 -1 0 0 0 0 0 0
0.33354631066322327 -2.3014354705810547 -14.063102722167969 -0.9056762911941955 -0.4239698757797859 0 0 0 -1 0 0 0 0 0 0
0.37962213158607483 -2.667661666870117 -14.452865600585938 -0.9824709915945572 0.18641553227992422 0 0 0 -1 0 0 0 0 0 0
0.20260301232337952 -2.9915599822998047 -14.842628479003906 -0.687441778747701 0.7262394927516659 0 0 0 -1 0 0 0 0 0 0
-0.13051733374595642 -3.150545120239258 -15.232391357421875 -0.132241253355114 0.9912175598278455 0 0 0 -1 0 0 0 0 0 0
-0.49366506934165955 -3.0844478607177734 -15.622154235839844 0.47300987861288113 0.8810571234231226 0 0 0 -1 0 0 0 0 0 0
-0.74940425157547 -2.818288803100586 -16.011917114257812 0.8992391277370401 0.4374574163809859 0 0 0 -1 0 0 0 0 0 0
-0.8009503483772278 -2.452791213989258 -16.40167999267578 0.9851482782294746 -0.17170576548707284 0 0 0 -1 0 0 0 0 0 0
-0.6287930607795715 -2.126283645629883 -16.79144287109375 0.6982188573034435 -0.715884367273007 0 0 0 -1 0 0 0 0 0 0
-0.37235578894615173 -1.978235125541687 -17.18120574951172 0.27082378816116115 -0.9626289398132795 0 0 0 -1 0 0 0 0 0 0
-0.020566308870911598 -1.9864557981491089 -17.570968627929688 -0.31549212980242825 -0.9489281932963778 0 0 0 -1 0 0 0 0 0 0
0.26611390709877014 -2.1905078887939453 -17.960731506347656 -0.7932875186316134 -0.6088471998648738 0 0 0 -1 0 0 0 0 0 0
0.38908258080482483 -2.520212173461914 -18.350494384765625 -0.9982384398950002 -0.059329732141617054 0 0 0 -1 0 0 0 0 0 0
0.3060404360294342 -2.8621578216552734 -18.740257263183594 -0.8598346535973519 0.5105725888383766 0 0 0 -1 0 0 0 0 0 0
0.045551929622888565 -3.0987377166748047 -19.130020141601562 -0.42568301626653177 0.9048723499268986 0 0 0 -1 0 0 0 0 0 0
-0.3027871549129486 -3.1485729217529297 -19.51978302001953 0.15487758910261365 0.9879336680130716 0 0 0 -1 0 0 0 0 0 0
-0.6191628575325012 -2.994527816772461 -19.9095458984375 0.6821722797900455 0.7311914801787915 0 0 0 -1 0 0 0 0 0 0
-0.7947590947151184 -2.689584732055664 -20.29930877685547 0.9748305714831994 0.22294698226649964 0 0 0 -1 0 0 0 0 0 0
-0.7691739201545715 -2.338632583618164 -20.689071655273438 0.9321896186447695 -0.36197032321851963 0 0 0 -1 0 0 0 0 0 0
-0.5512116551399231 -2.062376022338867 -21.078834533691406 0.5689129216691554 -0.8223977672378893 0 0 0 -1 0 0 0 0 0 0
-0.2158406674861908 -1.9558428525924683 -21.468597412109375 0.009968645616044535 -0.999950311817833 0 0 0 -1 0 0 0 0 0 0
0.18715348839759827 -2.105947494506836 -21.858360290527344 -0.6616878660950339 -0.7497794128025924 0 0 0 -1 0 0 0 0 0 0
0.37017694115638733 -2.402334213256836 -22.248123168945312 -0.9667301608031023 -0.2557983506467705 0 0 0 -1 0 0 0 0 0 0
0.3576914370059967 -2.7504520416259766 -22.63788604736328 -0.9459216505475528 0.32439517725359757 0 0 0 -1 0 0 0 0 0 0
0.15390649437904358 -3.0329647064208984 -23.02764892578125 -0.6062787953973813 0.7952521752573206 0 0 0 -1 0 0 0 0 0 0
-0.17248854041099548 -3.1546497344970703 -23.41741180419922 -0.06228608364922254 0.9980583368639541 0 0 0 -1 0 0 0 0 0 0
-0.5114815831184387 -3.074491500854492 -23.807174682617188 0.5026964422967262 0.8644630049355579 0 0 0 -1 0 0 0 0 0 0
-0.7488110661506653 -2.8195056915283203 -24.196937561035156 0.8982490300075232 0.4394868372210293 0 0 0 -1 0 0 0 0 0 0
-0.8044808506965637 -2.4756412506103516 -24.586700439453125 0.9910318236726194 -0.1336260620841674 0 0 0 -1 0 0 0 0 0 0
-0.6597264409065247 -2.1588001251220703 -24.976463317871094 0.7497741296349271 -0.6616938525709513 0 0 0 -1 0 0 0 0 0 0
-0.36334165930747986 -1.9757746458053589 -25.366226196289062 0.25580211674457615 -0.9667291642797347 0 0 0 -1 0 0 0 0 0 0
-0.01522382628172636 -1.9882601499557495 -25.75598907470703 -0.32439507855894784 -0.9459216843939745 0 0 0 -1 0 0 0 0 0 0
0.26728883385658264 -2.192045211791992 -26.145751953125 -0.7952501026402476 -0.6062815140268383 0 0 0 -1 0 0 0 0 0 0
0.3889738619327545 -2.518442153930664 -26.53551483154297 -0.9980586855426187 -0.06228049624834607 0 0 0 -1 0 0 0 0 0 0
0.3088156282901764 -2.8574352264404297 -26.925277709960938 -0.8644615457490313 0.5026989515815561 0 0 0 -1 0 0 0 0 0 0
0.05383173003792763 -3.0947628021240234 -27.315040588378906 -0.43948679377756433 0.8982490512631319 0 0 0 -1 0 0 0 0 0 0
-0.2900327146053314 -3.1504344940185547 -27.704803466796875 0.13362054081303057 0.9910325681191477 0 0 0 -1 0 0 0 0 0 0
-0.6068738102912903 -3.0056819915771484 -28.094566345214844 0.6616878229782175 0.7497794508536139 0 0 0 -1 0 0 0 0 0 0
-0.7898972630500793 -2.7092952728271484 -28.484329223632812 0.9667301557845834 0.25579836961309 0 0 0 -1 0 0 0 0 0 0
-0.7774136662483215 -2.361177444458008 -28.87409210205078 0.9459216424765382 -0.3243952007883103 0 0 0 -1 0 0 0 0 0 0
-0.5736306309700012 -2.078664779663086 -29.26385498046875 0.6062822946889016 -0.795249507479734 0 0 0 -1 0 0 0 0 0 0
-0.24723562598228455 -1.9569796323776245 -29.65361785888672 0.06229164992733158 -0.9980579894722205 0 0 0 -1 0 0 0 0 0 0
0.09175936132669449 -2.037137985229492 -30.043380737304688 -0.5027055756765586 -0.864457693692236 0 0 0 -1 0 0 0 0 0 0
0.32908692955970764 -2.2921199798583984 -30.433143615722656 -0.8982479602203104 -0.43948902370827364 0 0 0 -1 0 0 0 0 0 0
0.3847586214542389 -2.635984420776367 -30.822906494140625 -0.991033210622337 0.13361577542933636 0 0 0 -1 0 0 0 0 0 0
0.24000802636146545 -2.9528255462646484 -31.212669372558594 -0.7497846406716384 0.6616819421843866 0 0 0 -1 0 0 0 0 0 0
-0.056376781314611435 -3.1358509063720703 -31.602432250976562 -0.2558102310191594 0.9667270171594068 0 0 0 -1 0 0 0 0 0 0
-0.40449461340904236 -3.1233692169189453 -31.99219512939453 0.32439015436500224 0.9459233730863458 0 0 0 -1 0 0 0 0 0 0
-0.6870091557502747 -2.919584274291992 -32.3819580078125 0.7952500757065721 0.6062815493553234 0 0 0 -1 0 0 0 0 0 0
-0.8086960911750793 -2.5931873321533203 -32.77172088623047 0.9980579877716274 0.0622916771748033 0 0 0 -1 0 0 0 0 0 0
-0.7285378575325012 -2.2541942596435547 -33.16148376464844 0.8644615270593748 -0.5026989837210472 0 0 0 -1 0 0 0 0 0 0
-0.47355589270591736 -2.016866683959961 -33.551246643066406 0.43949132891565007 -0.8982468323395055 0 0 0 -1 0 0 0 0 0 0
-0.1296914517879486 -1.9611948728561401 -33.941009521484375 -0.1336149847099533 -0.9910333172305353 0 0 0 -1 0 0 0 0 0 0
0.18715158104896545 -2.1059436798095703 -34.330772399902344 -0.6616822998028705 -0.7497843250746071 0 0 0 -1 0 0 0 0 0 0
0.37158647179603577 -2.4077587127685547 -34.72053527832031 -0.9690780052529054 -0.24675457388881264 0 0 0 -1 0 0 0 0 0 0
0.3528696596622467 -2.7639827728271484 -35.11029815673828 -0.937884569426482 0.34694745197465054 0 0 0 -1 0 0 0 0 0 0
0.13525071740150452 -3.046628952026367 -35.50006103515625 -0.5751816716952705 0.8180256991964457 0 0 0 -1 0 0 0 0 0 0
-0.2043507993221283 -3.155790328979492 -35.88982391357422 -0.009183240428610158 0.9999578331585939 0 0 0 -1 0 0 0 0 0 0
-0.5458996891975403 -3.052885055541992 -36.27958679199219 0.5600636486094236 0.8284495817527462 0 0 0 -1 0 0 0 0 0 0
-0.7686722874641418 -2.7742862701416016 -36.669349670410156 0.93135073952826 0.3641233307276028 0 0 0 -1 0 0 0 0 0 0
-0.793929398059845 -2.418466567993164 -37.059112548828125 0.9734464372795357 -0.228914905036301 0 0 0 -1 0 0 0 0 0 0
-0.6127408146858215 -2.1111927032470703 -37.448875427246094 0.6714639320771851 -0.7410372378763738 0 0 0 -1 0 0 0 0 0 0
-0.28914961218833923 -1.9610766172409058 -37.83863830566406 0.13214603612667214 -0.9912302583839984 0 0 0 -1 0 0 0 0 0 0
0.062464389950037 -2.0211734771728516 -38.22840118408203 -0.45387459375757894 -0.8910655717405944 0 0 0 -1 0 0 0 0 0 0
0.31782403588294983 -2.2702465057373047 -38.6181640625 -0.8794721151760776 -0.475950416144073 0 0 0 -1 0 0 0 0 0 0
0.3866678774356842 -2.6202564239501953 -39.00792694091797 -0.9942151778947669 0.107406610800626 0 0 0 -1 0 0 0 0 0 0
0.24466386437416077 -2.947488784790039 -39.39768981933594 -0.7575377500613852 0.6527913581167676 0 0 0 -1 0 0 0 0 0 0
-0.05799802765250206 -3.1362781524658203 -39.787452697753906 -0.25310465609554195 0.9674389040465333 0 0 0 -1 0 0 0 0 0 0
-0.41433653235435486 -3.1198978424072266 -40.177215576171875 0.3407911424550984 0.9401390307949931 0 0 0 -1 0 0 0 0 0 0
-0.6983998417854309 -2.9041385650634766 -40.566978454589844 0.8142308282747013 0.5805412632079603 0 0 0 -1 0 0 0 0 0 0
-0.8097870945930481 -2.5652599334716797 -40.95674133300781 0.9998760992772556 0.0157412227637996 0 0 0 -1 0 0 0 0 0 0
-0.7091229557991028 -2.223043441772461 -41.34650421142578 0.8321072248032989 -0.5546147910308129 0 0 0 -1 0 0 0 0 0 0
-0.43199095129966736 -1.9984453916549683 -41.73626708984375 0.37021605997114615 -0.92894567598942 0 0 0 -1 0 0 0 0 0 0
-0.0763448104262352 -1.9708575010299683 -42.12602996826172 -0.22252633382801087 -0.974926679680613 0 0 0 -1 0 0 0 0 0 0
0.18715158104896545 -2.1059436798095703 -42.51579284667969 -0.6616822998028705 -0.7497843250746071 0 0 0 -1 0 0 0 0 0 0
0.3757540285587311 -2.4252185821533203 -42.905555725097656 -0.9760241657202912 -0.2176621876440866 0 0 0 -1 0 0 0 0 0 0
0.34067216515541077 -2.7943782806396484 -43.295318603515625 -0.9175565095836918 0.39760539699630904 0 0 0 -1 0 0 0 0 0 0
0.09530512243509293 -3.0724124908447266 -43.685081481933594 -0.5086098598917692 0.8609971024462711 0 0 0 -1 0 0 0 0 0 0
-0.2666257321834564 -3.1531238555908203 -44.07484436035156 0.094610274807133 0.995514387591118 0 0 0 -1 0 0 0 0 0 0
-0.6068738102912903 -3.0056819915771484 -44.46460723876953 0.6616878229782175 0.7497794508536139 0 0 0 -1 0 0 0 0 0 0
-0.7954762578010559 -2.6864070892333984 -44.8543701171875 0.9760241620866221 0.21766220393790736 0 0 0 -1 0 0 0 0 0 0
-0.7603943943977356 -2.3172473907470703 -45.24413299560547 0.917553291941577 -0.3976128222871782 0 0 0 -1 0 0 0 0 0 0
-0.5150254368782043 -2.039213180541992 -45.63389587402344 0.5086056362356701 -0.860999597438529 0 0 0 -1 0 0 0 0 0 0
-0.15309461951255798 -1.9585055112838745 -46.023658752441406 -0.0946102417840459 -0.9955143907295183 0 0 0 -1 0 0 0 0 0 0
0.18715348839759827 -2.105947494506836 -46.413421630859375 -0.6616878660950339 -0.7497794128025924 0 0 0 -1 0 0 0 0 0 0
0.3757559359073639 -2.4252262115478516 -46.803184509277344 -0.9760291983393858 -0.21763961952956976 0 0 0 -1 0 0 0 0 0 0
0.354565292596817 -2.759340286254883 -47.19294738769531 -0.9407121474868652 0.3392059191267904 0 0 0 -1 0 0 0 0 0 0
0.15764489769935608 -3.030092239379883 -47.58271026611328 -0.6125115497098917 0.790461638203896 0 0 0 -1 0 0 0 0 0 0
-0.15369734168052673 -3.1531810760498047 -47.97247314453125 -0.09360554562526265 0.9956093620633532 0 0 0 -1 0 0 0 0 0 0
-0.48252424597740173 -3.090280532836914 -48.36223602294922 0.4544379113545693 0.8907784150526418 0 0 0 -1 0 0 0 0 0 0
-0.7264588475227356 -2.8609790802001953 -48.75199890136719 0.860995628586965 0.5086123548972604 0 0 0 -1 0 0 0 0 0 0
-0.809554398059845 -2.5366649627685547 -49.141761779785156 0.9994904251074829 -0.03192005824654671 0 0 0 -1 0 0 0 0 0 0
-0.7059395909309387 -2.2183170318603516 -49.531524658203125 0.8268023921670618 -0.5624924926670792 0 0 0 -1 0 0 0 0 0 0
-0.44787344336509705 -2.0050411224365234 -49.921287536621094 0.39669003473388315 -0.9179526220578219 0 0 0 -1 0 0 0 0 0 0
-0.11570485681295395 -1.9632471799850464 -50.31105041503906 -0.1569237642250743 -0.9876107189684776 0 0 0 -1 0 0 0 0 0 0
0.18715158104896545 -2.1059436798095703 -50.70081329345703 -0.6616822998028705 -0.7497843250746071 0 0 0 -1 0 0 0 0 0 0
0.37158647179603577 -2.4077587127685547 -51.090576171875 -0.9690780052529054 -0.24675457388881264 0 0 0 -1 0 0 0 0 0 0
0.352276474237442 -2.7655773162841797 -51.48033905029297 -0.936896695228598 0.34960632498530664 0 0 0 -1 0 0 0 0 0 0
0.13246026635169983 -3.0485782623291016 -51.87010192871094 -0.5705347761531337 0.8212734436227034 0 0 0 -1 0 0 0 0 0 0
-0.20945677161216736 -3.155813217163086 -52.259864807128906 -0.000673181415754714 0.999999773413365 0 0 0 -1 0 0 0 0 0 0
-0.5515187382698059 -3.0490360260009766 -52.649627685546875 0.5694313098968868 0.8220389183664698 0 0 0 -1 0 0 0 0 0 0
-0.7717164158821106 -2.7663326263427734 -53.039390563964844 0.9364266500939594 0.3508634050364972 0 0 0 -1 0 0 0 0 0 0
-0.7915051579475403 -2.408540725708008 -53.42915344238281 0.9694081579058864 -0.24545432036433132 0 0 0 -1 0 0 0 0 0 0
-0.6038296818733215 -2.1032772064208984 -53.81891632080078 0.6566120222338313 -0.7542285146147676 0 0 0 -1 0 0 0 0 0 0
-0.27563032507896423 -1.9594286680221558 -54.20867919921875 0.10961624512403985 -0.9939739829617809 0 0 0 -1 0 0 0 0 0 0
0.0760294571518898 -2.0283031463623047 -54.59844207763672 -0.47648228912058893 -0.8791840695522204 0 0 0 -1 0 0 0 0 0 0
0.32571473717689514 -2.2853336334228516 -54.98820495605469 -0.8926270937429377 -0.4507958202069274 0 0 0 -1 0 0 0 0 0 0
0.38436761498451233 -2.6388416290283203 -55.377967834472656 -0.9903787000993076 0.13838363483304497 0 0 0 -1 0 0 0 0 0 0
0.23106637597084045 -2.9627323150634766 -55.76772689819336 -0.7348795687241009 0.6781976256754955 0 0 0 -1 0 0 0 0 0 0
-0.07950910180807114 -3.141481399536133 -56.15748977661133 -0.21725300070652317 0.9761153280652913 0 0 0 -1 0 0 0 0 0 0
-0.4365781247615814 -3.111330032348633 -56.5472526550293 0.377862943493919 0.9258615425289634 0 0 0 -1 0 0 0 0 0 0
-0.7127793431282043 -2.8830318450927734 -56.937015533447266 0.838201907859531 0.5453600293940161 0 0 0 -1 0 0 0 0 0 0
-0.8095963597297668 -2.5380191802978516 -57.326778411865234 0.9995598981798041 -0.029664961668265228 0 0 0 -1 0 0 0 0 0 0
-0.6924965977668762 -2.1993541717529297 -57.7165412902832 0.8043957037012055 -0.5940938914574385 0 0 0 -1 0 0 0 0 0 0
-0.40324530005455017 -1.9878329038619995 -58.10630416870117 0.3223066892817876 -0.9466353036118044 0 0 0 -1 0 0 0 0 0 0
-0.045016612857580185 -1.9789026975631714 -58.49606704711914 -0.2747425321367872 -0.9615178318861624 0 0 0 -1 0 0 0 0 0 0
0.25441423058509827 -2.175748825073242 -58.88582992553711 -0.7737898041256684 -0.6334424512385948 0 0 0 -1 0 0 0 0 0 0
0.38824334740638733 -2.5081615447998047 -59.27559280395508 -0.9968409125227411 -0.07942414696317991 0 0 0 -1 0 0 0 0 0 0
0.3087374269962311 -2.8575687408447266 -59.66535568237305 -0.8643313975346455 0.5029226931008449 0 0 0 -1 0 0 0 0 0 0
0.04425111785531044 -3.099344253540039 -60.055118560791016 -0.42352414150586404 0.9058848169396154 0 0 0 -1 0 0 0 0 0 0
-0.310870498418808 -3.147249221801758 -60.444881439208984 0.16834578714734721 0.9857280030260578 0 0 0 -1 0 0 0 0 0 0
-0.6299660801887512 -2.9841976165771484 -60.83464431762695 0.7001729891906914 0.7139732384394892 0 0 0 -1 0 0 0 0 0 0
-0.7992146611213684 -2.668344497680664 -61.22440719604492 0.9822553868256314 0.18754827392441983 0 0 0 -1 0 0 0 0 0 0
-0.7582467198371887 -2.3123531341552734 -61.61417007446289 0.9139752436627607 -0.4057699520314399 0 0 0 -1 0 0 0 0 0 0
-0.5216782689094543 -2.043203353881836 -62.00393295288086 0.5196984171317931 -0.8543497850592044 0 0 0 -1 0 0 0 0 0 0
-0.17388662695884705 -1.9568918943405151 -62.39369583129883 -0.05995778091462098 -0.9982009138984969 0 0 0 -1 0 0 0 0 0 0
0.16107240319252014 -2.0842113494873047 -62.7834587097168 -0.6182203477562057 -0.7860048356213821 0 0 0 -1 0 0 0 0 0 0
0.36372438073158264 -2.3797435760498047 -63.173221588134766 -0.9559740803901785 -0.2934511162394046 0 0 0 -1 0 0 0 0 0 0
0.36178460717201233 -2.7380809783935547 -63.562984466552734 -0.952740972402724 0.3037838697250267 0 0 0 -1 0 0 0 0 0 0
0.15594735741615295 -3.031400680541992 -63.9527473449707 -0.6096836425806844 0.7926448485731478 0 0 0 -1 0 0 0 0 0 0
-0.18036970496177673 -3.155088424682617 -64.34251403808594 -0.049153619705744375 0.9987912302727848 0 0 0 -1 0 0 0 0 0 0
-0.527205765247345 -3.0650196075439453 -64.7322769165039 0.5289122651519763 0.8486765083185732 0 0 0 -1 0 0 0 0 0 0
-0.760848343372345 -2.793325424194336 -65.12203979492188 0.9183131028679488 0.39585482831593705 0 0 0 -1 0 0 0 0 0 0
-0.7979615330696106 -2.4369144439697266 -65.51180267333984 0.980169233620261 -0.1981622402585069 0 0 0 -1 0 0 0 0 0 0
-0.6287930607795715 -2.126283645629883 -65.90156555175781 0.6982188573034435 -0.715884367273007 0 0 0 -1 0 0 0 0 0 0
-0.31277403235435486 -1.9647043943405151 -66.29132843017578 0.17152127649821483 -0.9851804158165258 0 0 0 -1 0 0 0 0 0 0
0.039257679134607315 -2.0099735260009766 -66.68109130859375 -0.415193840477358 -0.9097329689692808 0 0 0 -1 0 0 0 0 0 0
0.3041159212589264 -2.2462520599365234 -67.07085418701172 -0.8566269717675541 -0.5159362666457455 0 0 0 -1 0 0 0 0 0 0
0.38911500573158264 -2.590852737426758 -67.46061706542969 -0.99829335545687 0.05839842849481016 0 0 0 -1 0 0 0 0 0 0
0.26451364159584045 -2.9231929779052734 -67.85037994384766 -0.7906285616854882 0.6122960700895739 0 0 0 -1 0 0 0 0 0 0
-0.026086175814270973 -3.1269779205322266 -68.24014282226562 -0.3062895553646568 0.9519383952097533 0 0 0 -1 0 0 0 0 0 0
-0.38099607825279236 -3.130891799926758 -68.6299057006836 0.2852257420126844 0.9584603675130828 0 0 0 -1 0 0 0 0 0 0
-0.676019012928009 -2.933565139770508 -69.01966857910156 0.7769325090515492 0.6295838914543992 0 0 0 -1 0 0 0 0 0 0
-0.8079178929328918 -2.6040515899658203 -69.40943145751953 0.9967635556974227 0.08038914126566374 0 0 0 -1 0 0 0 0 0 0
-0.7305386662483215 -2.257661819458008 -69.7991943359375 0.8677967445060093 -0.4969193196332498 0 0 0 -1 0 0 0 0 0 0
-0.4709561765193939 -2.0156002044677734 -70.18895721435547 0.43515926239617236 -0.90035349521775 0 0 0 -1 0 0 0 0 0 0
-0.12000783532857895 -1.962579607963562 -70.57872009277344 -0.14975466377902635 -0.9887231870834379 0 0 0 -1 0 0 0 0 0 0
0.19949784874916077 -2.1171512603759766 -70.9684829711914 -0.682262477297189 -0.7311073191210046 0 0 0 -1 0 0 0 0 0 0
0.3757559359073639 -2.4252262115478516 -71.35824584960938 -0.9760291983393858 -0.21763961952956976 0 0 0 -1 0 0 0 0 0 0
0.353954941034317 -2.761026382446289 -71.74800872802734 -0.9396924860872452 0.3420205134069775 0 0 0 -1 0 0 0 0 0 0
1.4346891641616821 -1.0756014585494995 -71.74800872802734 0.93969248736894 -0.3420205098855549 0 0 0 1 0 0 0 0 0 0
1.4050565958023071 -1.3692492246627808 -71.35824584960938 0.989078105256376 0.147392339361507 0 0 0 1 0 0 0 0 0 0
1.5431028604507446 -1.6714686155319214 -70.99632263183594 0.7590007348030627 0.6510897669050028 0 0 0 1 0 0 0 0 0 0
1.8207975625991821 -1.8538950681686401 -70.6343994140625 0.2961775874351486 0.9551328895505038 0 0 0 1 0 0 0 0 0 0
2.1529853343963623 -1.8605860471725464 -70.27247619628906 -0.2574699085047119 0.966286316892967 0 0 0 1 0 0 0 0 0 0
2.437798261642456 -1.6894930601119995 -69.91055297851562 -0.7321545973314507 0.6811384922366532 0 0 0 1 0 0 0 0 0 0
2.5879065990448 -1.3930796384811401 -69.54862976074219 -0.9823388610298559 0.18711056119461944 0 0 0 1 0 0 0 0 0 0
2.557274580001831 -1.0622423887252808 -69.18670654296875 -0.9312877989184151 -0.3642842785321562 0 0 0 1 0 0 0 0 0 0
2.35530161857605 -0.7984256148338318 -68.82478332519531 -0.594662411920354 -0.8039755069957463 0 0 0 1 0 0 0 0 0 0
2.0439155101776123 -0.6825351119041443 -68.46286010742188 -0.07568834670632159 -0.9971315230063003 0 0 0 1 0 0 0 0 0 0
1.7186018228530884 -0.7501010298728943 -68.10093688964844 0.4665005327940553 -0.8845209171652543 0 0 0 1 0 0 0 0 0 0
1.4791227579116821 -0.980409562587738 -67.739013671875 0.8656331769874425 -0.5006787422076424 0 0 0 1 0 0 0 0 0 0
1.3989073038101196 -1.3028353452682495 -67.37709045410156 0.9993263428573786 0.036699597699384585 0 0 0 1 0 0 0 0 0 0
1.5025564432144165 -1.6185091733932495 -67.01516723632812 0.8265765923881068 0.5628242504690655 0 0 0 1 0 0 0 0 0 0
1.7582861185073853 -1.8306292295455933 -66.65324401855469 0.4003632284833962 0.9163565273835026 0 0 0 1 0 0 0 0 0 0
2.0876777172088623 -1.8741511106491089 -66.29132843017578 -0.14861641386671287 0.9888949193566514 0 0 0 1 0 0 0 0 0 0
2.38972544670105 -1.7357271909713745 -65.92940521240234 -0.6520314003155588 0.7581919631613959 0 0 0 1 0 0 0 0 0 0
2.5718047618865967 -1.4578074216842651 -65.5674819946289 -0.9555010630118165 0.29498765835758106 0 0 0 1 0 0 0 0 0 0
2.5780837535858154 -1.1256121397018433 -65.20555877685547 -0.9659660753573297 -0.25866878678873856 0 0 0 1 0 0 0 0 0 0
2.4066359996795654 -0.8410090804100037 -64.84363555908203 -0.6802196264399847 -0.7330083627120824 0 0 0 1 0 0 0 0 0 0
2.110039472579956 -0.6912707686424255 -64.4817123413086 -0.1858978479653851 -0.9825690765141343 0 0 0 1 0 0 0 0 0 0
1.7792364358901978 -0.7223147749900818 -64.11978912353516 0.3654483114050253 -0.9308316344491174 0 0 0 1 0 0 0 0 0 0
1.5156751871109009 -0.9246196150779724 -63.75786590576172 0.8047156907525779 -0.5936603886538173 0 0 0 1 0 0 0 0 0 0
1.4001699686050415 -1.2361468076705933 -63.39594268798828 0.9972252524511326 -0.0744432392751349 0 0 0 1 0 0 0 0 0 0
1.4681402444839478 -1.5613764524459839 -63.03402328491211 0.8839396079681728 0.46760107940965334 0 0 0 1 0 0 0 0 0 0
1.6987463235855103 -1.8005694150924683 -62.67210006713867 0.4995906754145949 0.8662615985017396 0 0 0 1 0 0 0 0 0 0
2.0212714672088623 -1.8803805112838745 -62.310176849365234 -0.03794534646703412 0.9992798160082574 0 0 0 1 0 0 0 0 0 0
2.336815595626831 -1.7763384580612183 -61.9482536315918 -0.563857883259069 0.8258718347822511 0 0 0 1 0 0 0 0 0 0
2.5486152172088623 -1.5203455686569214 -61.58633041381836 -0.9168548034232773 0.39922082791315316 0 0 0 1 0 0 0 0 0 0
2.591728925704956 -1.1909006834030151 -61.22440719604492 -0.9887071433587226 -0.14986055075113713 0 0 0 1 0 0 0 0 0 0
2.4764907360076904 -0.9181422591209412 -60.83464431762695 -0.796643290167393 -0.604449723493419 0 0 0 1 0 0 0 0 0 0
2.2172553539276123 -0.7221125960350037 -60.48386001586914 -0.3645851149346906 -0.9311700671564023 0 0 0 1 0 0 0 0 0 0
1.8938337564468384 -0.6900157332420349 -60.13307189941406 0.1744554573348057 -0.9846650666120454 0 0 0 1 0 0 0 0 0 0
1.6011244058609009 -0.831270158290863 -59.78228759765625 0.6622986741474775 -0.7492399256730071 0 0 0 1 0 0 0 0 0 0
1.4250150918960571 -1.1044291257858276 -59.43149948120117 0.9558124795137509 -0.2939770467328627 0 0 0 1 0 0 0 0 0 0
1.4171797037124634 -1.4293421506881714 -59.080711364746094 0.968874896383352 0.2475508738787827 0 0 0 1 0 0 0 0 0 0
1.5799146890640259 -1.7106760740280151 -58.72992706298828 0.6976535122755304 0.7164353263272382 0 0 0 1 0 0 0 0 0 0
1.8654714822769165 -1.8658808469772339 -58.3791389465332 0.22172245384182743 0.9751098161039907 0 0 0 1 0 0 0 0 0 0
2.1900603771209717 -1.8494127988815308 -58.02835464477539 -0.3192588569056033 0.947667548398344 0 0 0 1 0 0 0 0 0 0
2.458447217941284 -1.6661089658737183 -57.67756652832031 -0.7665725754756421 0.6421576804248634 0 0 0 1 0 0 0 0 0 0
2.59187388420105 -1.3697527647018433 -57.326778411865234 -0.988952148153459 0.1482351127859355 0 0 0 1 0 0 0 0 0 0
2.5511977672576904 -1.0473002195358276 -56.97599411010742 -0.9211582268247627 -0.38918828496379343 0 0 0 1 0 0 0 0 0 0
2.348351240158081 -0.7933635115623474 -56.625205993652344 -0.5830760628075847 -0.8124175681143322 0 0 0 1 0 0 0 0 0 0
2.042851209640503 -0.6824550032615662 -56.27442169189453 -0.07391550577293712 -0.9972645075436761 0 0 0 1 0 0 0 0 0 0
1.7243391275405884 -0.7471179366111755 -55.92363357543945 0.45694824681196955 -0.8894932825690519 0 0 0 1 0 0 0 0 0 0
1.4862715005874634 -0.9683741927146912 -55.57284927368164 0.8537211952192664 -0.5207303724898203 0 0 0 1 0 0 0 0 0 0
1.3985029458999634 -1.2813090085983276 -55.22206115722656 0.9999996553366131 0.0008302569813967325 0 0 0 1 0 0 0 0 0 0
1.4867864847183228 -1.5940989255905151 -54.871273040771484 0.8528602769363299 0.5221392036843112 0 0 0 1 0 0 0 0 0 0
1.7252203226089478 -1.8149622678756714 -54.52048873901367 0.4554745635590656 0.8902487977810913 0 0 0 1 0 0 0 0 0 0
2.043835401535034 -1.8790987730026245 -54.169700622558594 -0.07555362062836488 0.9971417403809475 0 0 0 1 0 0 0 0 0 0
2.3491523265838623 -1.7676867246627808 -53.81891632080078 -0.5844134893536541 0.8114560206576118 0 0 0 1 0 0 0 0 0 0
2.5624892711639404 -1.485559344291687 -53.42915344238281 -0.9399737900733004 0.34124664683368666 0 0 0 1 0 0 0 0 0 0
2.589817762374878 -1.1790865659713745 -53.095069885253906 -0.9855232714400393 -0.16954020599882094 0 0 0 1 0 0 0 0 0 0
2.4616401195526123 -0.8993625044822693 -52.760986328125 -0.7718927516658262 -0.6357527663532099 0 0 0 1 0 0 0 0 0 0
2.2116668224334717 -0.7199572920799255 -52.426902770996094 -0.35527350520260564 -0.9347623957461352 0 0 0 1 0 0 0 0 0 0
1.9056364297866821 -0.6880435347557068 -52.09282302856445 0.15477562661425276 -0.9879496472018022 0 0 0 1 0 0 0 0 0 0
1.6240278482437134 -0.8120173811912537 -51.75873947143555 0.6241257759954933 -0.7813238865784301 0 0 0 1 0 0 0 0 0 0
1.4408994913101196 -1.0592783689498901 -51.42465591430664 0.9293384799446883 -0.36922891232147076 0 0 0 1 0 0 0 0 0 0
1.4044119119644165 -1.3647974729537964 -51.090576171875 0.9901546602976221 0.13997767211559228 0 0 0 1 0 0 0 0 0 0
1.5391889810562134 -1.6668566465377808 -50.70081329345703 0.7655235922628122 0.6434078253246845 0 0 0 1 0 0 0 0 0 0
1.7937017679214478 -1.8447779417037964 -50.35002517700195 0.34133674720017854 0.9399410752865318 0 0 0 1 0 0 0 0 0 0
2.103073835372925 -1.8716295957565308 -49.999237060546875 -0.17428839507926597 0.9846946508134864 0 0 0 1 0 0 0 0 0 0
2.384434461593628 -1.7402247190475464 -49.64845275878906 -0.6432131362398315 0.7656871824501962 0 0 0 1 0 0 0 0 0 0
2.5624167919158936 -1.4857538938522339 -49.297664642333984 -0.9398549939420598 0.34157369682422967 0 0 0 1 0 0 0 0 0 0
2.589348554611206 -1.176385760307312 -48.94688034057617 -0.9847367621100246 -0.17405030694906873 0 0 0 1 0 0 0 0 0 0
2.4580047130584717 -0.8949946761131287 -48.596092224121094 -0.7658360039126182 -0.643035936096228 0 0 0 1 0 0 0 0 0 0
2.2035796642303467 -0.7169474959373474 -48.245304107666016 -0.34179356610003114 -0.9397750572198772 0 0 0 1 0 0 0 0 0 0
1.8942190408706665 -0.6899470686912537 -47.8945198059082 0.1738052055212293 -0.9847800518561102 0 0 0 1 0 0 0 0 0 0
1.6127935647964478 -0.8212184309959412 -47.543731689453125 0.6428534673931627 -0.7659891771171365 0 0 0 1 0 0 0 0 0 0
1.4346891641616821 -1.0756014585494995 -47.19294738769531 0.93969248736894 -0.3420205098855549 0 0 0 1 0 0 0 0 0 0
1.4050565958023071 -1.3692492246627808 -46.803184509277344 0.989078105256376 0.147392339361507 0 0 0 1 0 0 0 0 0 0
1.5158506631851196 -1.6372469663619995 -46.49694061279297 0.8044197391704978 0.5940613463547919 0 0 0 1 0 0 0 0 0 0
1.7393919229507446 -1.8219774961471558 -46.19070053100586 0.43184889040251556 0.9019459716957087 0 0 0 1 0 0 0 0 0 0
2.023461103439331 -1.8802927732467651 -45.884456634521484 -0.041591810109345984 0.9991346862819988 0 0 0 1 0 0 0 0 0 0
2.301701307296753 -1.7985705137252808 -45.57821273803711 -0.5053241060551518 0.8629296308735503 0 0 0 1 0 0 0 0 0 0
2.5091140270233154 -1.5958956480026245 -45.27197265625 -0.8510162765152608 0.5251393120935635 0 0 0 1 0 0 0 0 0 0
2.5972487926483154 -1.3196200132369995 -44.965728759765625 -0.9979059874321902 0.06468106559871577 0 0 0 1 0 0 0 0 0 0
2.545513868331909 -1.0342768430709839 -44.659488677978516 -0.911680555793747 -0.4108997008852701 0 0 0 1 0 0 0 0 0 0
2.3659980297088623 -0.8065242171287537 -44.35324478149414 -0.6124902613490053 -0.790478133633453 0 0 0 1 0 0 0 0 0 0
2.100632429122925 -0.6895694136619568 -44.04700469970703 -0.17021465120946766 -0.9854070085571948 0 0 0 1 0 0 0 0 0 0
1.8114134073257446 -0.7107295393943787 -43.740760803222656 0.31181842464084475 -0.9501417105119118 0 0 0 1 0 0 0 0 0 0
1.565895676612854 -0.8650607466697693 -43.43451690673828 0.7210088406917718 -0.6929258630216563 0 0 0 1 0 0 0 0 0 0
1.4214369058609009 -1.1165140867233276 -43.12827682495117 0.961778412404404 -0.27382893461587315 0 0 0 1 0 0 0 0 0 0
1.411781907081604 -1.4063471555709839 -42.8220329284668 0.977867877882394 0.20922335769646597 0 0 0 1 0 0 0 0 0 0
1.5391889810562134 -1.6668566465377808 -42.51579284667969 0.7655235922628122 0.6434078253246845 0 0 0 1 0 0 0 0 0 0
1.7853323221206665 -1.841668963432312 -42.12602996826172 0.35528325052826726 0.9347586917991555 0 0 0 1 0 0 0 0 0 0
2.0981147289276123 -1.8724879026412964 -41.79194641113281 -0.1660180427919527 0.9861227152172946 0 0 0 1 0 0 0 0 0 0
2.3835647106170654 -1.7409533262252808 -41.457862854003906 -0.6417666720874875 0.766899953447483 0 0 0 1 0 0 0 0 0 0
2.5633552074432373 -1.4831560850143433 -41.123783111572266 -0.9414185953368096 0.3372403124688209 0 0 0 1 0 0 0 0 0 0
2.5881507396698 -1.1698397397994995 -40.78969955444336 -0.9827465950121762 -0.1849571031130564 0 0 0 1 0 0 0 0 0 0
2.4511497020721436 -0.8869723677635193 -40.45561599731445 -0.7544142739834195 -0.656398585624672 0 0 0 1 0 0 0 0 0 0
2.189945936203003 -0.7121753096580505 -40.12153244018555 -0.31907731883308793 -0.9477286872340037 0 0 0 1 0 0 0 0 0 0
1.8762060403823853 -0.6934108138084412 -39.787452697753906 0.2038279399978091 -0.9790067266756902 0 0 0 1 0 0 0 0 0 0
1.5792165994644165 -0.8516330122947693 -39.39768981933594 0.6988122491606994 -0.7153051379816621 0 0 0 1 0 0 0 0 0 0
1.415932297706604 -1.1372469663619995 -39.037906646728516 0.9709501443557945 -0.23928187807575718 0 0 0 1 0 0 0 0 0 0
1.4278074502944946 -1.466028094291687 -38.67812728881836 0.9511632692229074 0.3086882493409674 0 0 0 1 0 0 0 0 0 0
1.6112638711929321 -1.7391222715377808 -38.31834411621094 0.6453993951753677 0.7638452858447642 0 0 0 1 0 0 0 0 0 0
1.9111486673355103 -1.8744219541549683 -37.95856475830078 0.1455967045947544 0.9893440249029394 0 0 0 1 0 0 0 0 0 0
2.237297773361206 -1.8312472105026245 -37.59878158569336 -0.3979858725359769 0.917391544141201 0 0 0 1 0 0 0 0 0 0
2.49165415763855 -1.6225794553756714 -37.2390022277832 -0.8219158228365571 0.5696089712872375 0 0 0 1 0 0 0 0 0 0
2.5977370738983154 -1.3111590147018433 -36.87921905517578 -0.998720097104675 0.05057833171654075 0 0 0 1 0 0 0 0 0 0
2.523655652999878 -0.9906138777732849 -36.519439697265625 -0.875250109122169 -0.4836705970819719 0 0 0 1 0 0 0 0 0 0
2.291680097579956 -0.7573184370994568 -36.1596565246582 -0.4886304336460924 -0.8724908591583247 0 0 0 1 0 0 0 0 0 0
1.9715620279312134 -0.6814174056053162 -35.79987716674805 0.04490076922714802 -0.9989914518767468 0 0 0 1 0 0 0 0 0 0
1.6595426797866821 -0.7857341170310974 -35.440093994140625 0.5649369655721379 -0.825134064822284 0 0 0 1 0 0 0 0 0 0
1.4494367837905884 -1.0388964414596558 -35.08031463623047 0.915115235706202 -0.40319239251055106 0 0 0 1 0 0 0 0 0 0
1.4044119119644165 -1.3647974729537964 -34.72053527832031 0.9901546602976221 0.13997767211559228 0 0 0 1 0 0 0 0 0 0
1.5391889810562134 -1.6668566465377808 -34.330772399902344 0.7655235922628122 0.6434078253246845 0 0 0 1 0 0 0 0 0 0
1.7728010416030884 -1.8367441892623901 -34.01408767700195 0.3761754025014828 0.9265484696187499 0 0 0 1 0 0 0 0 0 0
2.058727979660034 -1.8777827024459839 -33.69740676879883 -0.10037126243905814 0.9949500538601875 0 0 0 1 0 0 0 0 0 0
2.330693006515503 -1.7804621458053589 -33.38072204589844 -0.5536485516030127 0.8327504315867307 0 0 0 1 0 0 0 0 0 0
2.525669813156128 -1.5673388242721558 -33.06404113769531 -0.8786093640603749 0.4775411871089483 0 0 0 1 0 0 0 0 0 0
2.598461866378784 -1.287805438041687 -32.74736022949219 -0.9999321826310978 0.01164603531715808 0 0 0 1 0 0 0 0 0 0
2.5322043895721436 -1.0066546201705933 -32.4306755065918 -0.8895002220562006 -0.4569347381869428 0 0 0 1 0 0 0 0 0 0
2.342247724533081 -0.7890414595603943 -32.11399459838867 -0.5729020589722077 -0.8196238349544289 0 0 0 1 0 0 0 0 0 0
2.072624921798706 -0.6854113936424255 -31.797313690185547 -0.12354038246712294 -0.9923395456696649 0 0 0 1 0 0 0 0 0 0
1.7858206033706665 -0.7197741866111755 -31.480628967285156 0.3544767176048231 -0.935064840893994 0 0 0 1 0 0 0 0 0 0
1.5483099222183228 -0.8841723799705505 -31.16394805908203 0.7503288705361005 -0.6610647366484007 0 0 0 1 0 0 0 0 0 0
1.4151426553726196 -1.140497088432312 -30.847267150878906 0.9722692432153786 -0.23386431685358772 0 0 0 1 0 0 0 0 0 0
1.4171797037124634 -1.429345965385437 -30.530582427978516 0.968874896383352 0.2475508738787827 0 0 0 1 0 0 0 0 0 0
1.5539518594741821 -1.6837671995162964 -30.21390151977539 0.7409201284565864 0.6715931530680429 0 0 0 1 0 0 0 0 0 0
1.7937551736831665 -1.8447970151901245 -29.897216796875 0.34124664683368666 0.9399737900733004 0 0 0 1 0 0 0 0 0 0
2.081017255783081 -1.8751124143600464 -29.580535888671875 -0.13752006093278388 0.9904989817465959 0 0 0 1 0 0 0 0 0 0
2.3491523265838623 -1.7676867246627808 -29.26385498046875 -0.5844134893536541 0.8114560206576118 0 0 0 1 0 0 0 0 0 0
2.5624892711639404 -1.485559344291687 -28.87409210205078 -0.9399737900733004 0.34124664683368666 0 0 0 1 0 0 0 0 0 0
2.5894744396209717 -1.177118182182312 -28.527633666992188 -0.9849517308821113 -0.1728296497489155 0 0 0 1 0 0 0 0 0 0
2.4590957164764404 -0.8962916731834412 -28.18117904663086 -0.7676508804696935 -0.6408682592499837 0 0 0 1 0 0 0 0 0 0
2.2060630321502686 -0.7178592085838318 -27.83472442626953 -0.34593677713126736 -0.9382578250289372 0 0 0 1 0 0 0 0 0 0
1.8977628946304321 -0.689332902431488 -27.488265991210938 0.1679040068438866 -0.9858033498044972 0 0 0 1 0 0 0 0 0 0
1.6162878274917603 -0.8183116316795349 -27.14181137084961 0.6370250468735014 -0.7708431031382545 0 0 0 1 0 0 0 0 0 0
1.436592698097229 -1.0704478025436401 -26.79535675048828 0.9365231514001957 -0.35060574281013424 0 0 0 1 0 0 0 0 0 0
1.4065252542495728 -1.3786028623580933 -26.448898315429688 0.9866282215632454 0.16298697007720514 0 0 0 1 0 0 0 0 0 0
1.534096360206604 -1.6607149839401245 -26.10244369506836 0.7740172825429884 0.6331644702008852 0 0 0 1 0 0 0 0 0 0
1.7853323221206665 -1.841668963432312 -25.75598907470703 0.35528325052826726 0.9347586917991555 0 0 0 1 0 0 0 0 0 0
2.0854499340057373 -1.8744791746139526 -25.366226196289062 -0.14491384633696805 0.9894442769250958 0 0 0 1 0 0 0 0 0 0
2.3723456859588623 -1.7501124143600464 -25.02518081665039 -0.6230764248366366 0.7821609609362993 0 0 0 1 0 0 0 0 0 0
2.5577056407928467 -1.498285174369812 -24.684139251708984 -0.9320017236956016 0.3624538412383398 0 0 0 1 0 0 0 0 0 0
2.5911872386932373 -1.1873911619186401 -24.343097686767578 -0.9878033230631488 -0.1557067594724152 0 0 0 1 0 0 0 0 0 0
2.463696241378784 -0.9018725752830505 -24.002056121826172 -0.7753227676954997 -0.6315652031999468 0 0 0 1 0 0 0 0 0 0
2.2098586559295654 -0.719270646572113 -23.661014556884766 -0.3522544369918307 -0.9359042748163771 0 0 0 1 0 0 0 0 0 0
1.8986173868179321 -0.6891879439353943 -23.319969177246094 0.1664782410705695 -0.9860451284043998 0 0 0 1 0 0 0 0 0 0
1.6145063638687134 -0.8197879195213318 -22.978927612304688 0.6399935474730433 -0.7683802829282317 0 0 0 1 0 0 0 0 0 0
1.4346891641616821 -1.0756014585494995 -22.63788604736328 0.93969248736894 -0.3420205098855549 0 0 0 1 0 0 0 0 0 0
1.4050565958023071 -1.3692492246627808 -22.248123168945312 0.989078105256376 0.147392339361507 0 0 0 1 0 0 0 0 0 0
1.5287214517593384 -1.654046893119812 -21.910327911376953 0.7829714943975754 0.6220575849234761 0 0 0 1 0 0 0 0 0 0
1.7781835794448853 -1.8388994932174683 -21.572532653808594 0.3671969331551866 0.9301432213812159 0 0 0 1 0 0 0 0 0 0
2.086643934249878 -1.8743036985397339 -21.234737396240234 -0.1468995650070312 0.9891514129802096 0 0 0 1 0 0 0 0 0 0
2.371502637863159 -1.7507838010787964 -20.89694595336914 -0.6216637599298022 0.7832842201844369 0 0 0 1 0 0 0 0 0 0
2.5564773082733154 -1.5014170408248901 -20.55915069580078 -0.9299564379410798 0.3676697207167578 0 0 0 1 0 0 0 0 0 0
2.5920379161834717 -1.1929720640182495 -20.221355438232422 -0.9892244760613748 -0.1464067483454868 0 0 0 1 0 0 0 0 0 0
2.468662977218628 -0.908052384853363 -19.883560180664062 -0.7835968320086671 -0.6212696716128839 0 0 0 1 0 0 0 0 0 0
2.219383955001831 -0.7229518294334412 -19.545764923095703 -0.3681327779553004 -0.929773229231146 0 0 0 1 0 0 0 0 0 0
1.9109617471694946 -0.6872348189353943 -19.20797348022461 0.145901314596344 -0.9892991490944781 0 0 0 1 0 0 0 0 0 0
1.6259771585464478 -0.8104686141014099 -18.87017822265625 0.6208757285279248 -0.7839090060236062 0 0 0 1 0 0 0 0 0 0
1.4407507181167603 -1.0596522092819214 -18.53238296508789 0.929587514557748 -0.3686014823333578 0 0 0 1 0 0 0 0 0 0
1.4048811197280884 -1.3680590391159058 -18.19458770751953 0.9893719567026333 0.14540677869481444 0 0 0 1 0 0 0 0 0 0
1.5279699563980103 -1.6531046628952026 -17.856792449951172 0.7842212007647226 0.6204813520736434 0 0 0 1 0 0 0 0 0 0
1.7770620584487915 -1.8384531736373901 -17.519001007080078 0.36907399514702616 0.9294000140446591 0 0 0 1 0 0 0 0 0 0
2.0854499340057373 -1.8744791746139526 -17.18120574951172 -0.14491384633696805 0.9894442769250958 0 0 0 1 0 0 0 0 0 0
2.3635528087615967 -1.756982684135437 -16.79144287109375 -0.6084145843104833 0.7936193631699656 0 0 0 1 0 0 0 0 0 0
2.55720591545105 -1.499566912651062 -16.46664047241211 -0.9311662814303001 0.3645947837356801 0 0 0 1 0 0 0 0 0 0
2.589817762374878 -1.1790941953659058 -16.14183807373047 -0.9855251460285892 -0.16952930880920758 0 0 0 1 0 0 0 0 0 0
2.4519927501678467 -0.887941300868988 -15.817035675048828 -0.7558113195175086 -0.6547894694397602 0 0 0 1 0 0 0 0 0 0
2.183453321456909 -0.7100314497947693 -15.492233276367188 -0.3082495703161166 -0.9513055252651115 0 0 0 1 0 0 0 0 0 0
1.8616033792495728 -0.6966418623924255 -15.167430877685547 0.22816377588598163 -0.9736227664621713 0 0 0 1 0 0 0 0 0 0
1.5792165994644165 -0.8516330122947693 -14.842628479003906 0.6988122491606994 -0.7153051379816621 0 0 0 1 0 0 0 0 0 0
1.4346891641616821 -1.0756014585494995 -14.452865600585938 0.93969248736894 -0.3420205098855549 0 0 0 1 0 0 0 0 0 0
1.4073492288589478 -1.3834513425827026 -14.123065948486328 0.985261286298743 0.1710561244765773 0 0 0 1 0 0 0 0 0 0
1.5368620157241821 -1.6640681028366089 -13.793266296386719 0.7694044742188094 0.6387618922979652 0 0 0 1 0 0 0 0 0 0
1.7888609170913696 -1.8429964780807495 -13.46346664428711 0.3494051546118375 0.9369717380640025 0 0 0 1 0 0 0 0 0 0
2.0964858531951904 -1.8727587461471558 -13.1336669921875 -0.16330359486907461 0.9865758642409804 0 0 0 1 0 0 0 0 0 0
2.3781135082244873 -1.7454584836959839 -12.80386734008789 -0.6326828599172392 0.7744110011918369 0 0 0 1 0 0 0 0 0 0
2.5590217113494873 -1.4948748350143433 -12.474067687988281 -0.9341948636218717 0.35676316623568743 0 0 0 1 0 0 0 0 0 0
2.5912024974823 -1.1874903440475464 -12.144268035888672 -0.9878297380698687 -0.15553909021469478 0 0 0 1 0 0 0 0 0 0
2.4661223888397217 -0.9048709273338318 -11.814472198486328 -0.7793626500435465 -0.6265731080385595 0 0 0 1 0 0 0 0 0 0
2.2169692516326904 -0.7219981551170349 -11.484672546386719 -0.3641117258872077 -0.9313552765037835 0 0 0 1 0 0 0 0 0 0
1.9098478555679321 -0.6873988509178162 -11.15487289428711 0.14776273758176978 -0.9890228376444807 0 0 0 1 0 0 0 0 0 0
1.6262518167495728 -0.8102511763572693 -10.8250732421875 0.6204181964458022 -0.7842711658087004 0 0 0 1 0 0 0 0 0 0
1.4414259195327759 -1.0579584836959839 -10.49527359008789 0.928461988511158 -0.3714274301797142 0 0 0 1 0 0 0 0 0 0
1.4044119119644165 -1.3647974729537964 -10.165473937988281 0.9901546602976221 0.13997767211559228 0 0 0 1 0 0 0 0 0 0
1.5391889810562134 -1.6668566465377808 -9.775711059570312 0.7655235922628122 0.6434078253246845 0 0 0 1 0 0 0 0 0 0
1.7672697305679321 -1.834466814994812 -9.450908660888672 0.3853864240973692 0.9227552785660144 0 0 0 1 0 0 0 0 0 0
2.046807050704956 -1.8788660764694214 -9.126106262207031 -0.0805010547764101 0.996754523531188 0 0 0 1 0 0 0 0 0 0
2.315598249435425 -1.7901781797409058 -8.80130386352539 -0.5284923965723338 0.8489380347029051 0 0 0 1 0 0 0 0 0 0
2.5138213634490967 -1.5881365537643433 -8.47650146484375 -0.8588629750213584 0.5122054179110772 0 0 0 1 0 0 0 0 0 0
2.59736704826355 -1.3177050352096558 -8.15169906616211 -0.9981080584238833 0.06148417446226259 0 0 0 1 0 0 0 0 0 0
2.5476462841033936 -1.0390604734420776 -7.826896667480469 -0.91523461145068 -0.4029213397211957 0 0 0 1 0 0 0 0 0 0
2.2448318004608154 -0.7337092757225037 -7.437137603759766 -0.4105476071588508 -0.9118391646864823 0 0 0 1 0 0 0 0 0 0
1.9783216714859009 -0.681154191493988 -7.112331390380859 0.033636857806649746 -0.9994341207888068 0 0 0 1 0 0 0 0 0 0
1.7159467935562134 -0.7515086531639099 -6.787532806396484 0.4709207866951203 -0.88217549991963 0 0 0 1 0 0 0 0 0 0
1.5114904642105103 -0.930360734462738 -6.462726593017578 0.8116908095139169 -0.584087347706353 0 0 0 1 0 0 0 0 0 0
1.4068571329116821 -1.1810435056686401 -6.137928009033203 0.98607735773657 -0.16628723510619997 0 0 0 1 0 0 0 0 0 0
1.4234968423843384 -1.4521769285202026 -5.813121795654297 0.9583459643385281 0.28560989590008395 0 0 0 1 0 0 0 0 0 0
1.5579954385757446 -1.6881846189498901 -5.488323211669922 0.734184585000388 0.6789499209424862 0 0 0 1 0 0 0 0 0 0
1.9385114908218384 -1.8778055906295776 -5.098560333251953 0.09999026586935489 0.9949884153754636 0 0 0 1 0 0 0 0 0 0
2.2332923412323 -1.8329676389694214 -4.768756866455078 -0.39131240492018415 0.9202578995887956 0 0 0 1 0 0 0 0 0 0
2.4700896739959717 -1.6517695188522339 -4.438961029052734 -0.7859728831591835 0.6182609699297219 0 0 0 1 0 0 0 0 0 0
2.5904242992401123 -1.3789576292037964 -4.109157562255859 -0.9865315476803822 0.16357110206680725 0 0 0 1 0 0 0 0 0 0
2.5645759105682373 -1.0819109678268433 -3.7793619632720947 -0.9434558719903567 -0.33149814118168947 0 0 0 1 0 0 0 0 0 0
2.398930311203003 -0.8339824080467224 -3.4495584964752197 -0.667380149111674 -0.7447172191991266 0 0 0 1 0 0 0 0 0 0
2.1343963146209717 -0.6964053511619568 -3.119762659072876 -0.22649150265818677 -0.9740131411965839 0 0 0 1 0 0 0 0 0 0
1.8363004922866821 -0.7031535506248474 -2.789959192276001 0.27033653418842735 -0.962765889654899 0 0 0 1 0 0 0 0 0 0
1.5782667398452759 -0.8525637984275818 -2.4601633548736572 0.7003939321785981 -0.7137564989318143 0 0 0 1 0 0 0 0 0 0
1.4240118265151978 -1.1077326536178589 -2.1303598880767822 0.9574890371560897 -0.28846965824139 0 0 0 1 0 0 0 0 0 0
1.4116331338882446 -1.4056452512741089 -1.8005640506744385 0.9781167148486833 0.208056944449397 0 0 0 1 0 0 0 0 0 0
1.5441900491714478 -1.6727312803268433 -1.4707605838775635 0.7571849100643473 0.6532005909143425 0 0 0 1 0 0 0 0 0 0
1.7889448404312134 -1.8430269956588745 -1.1409647464752197 0.3492587349641506 0.9370263262316811 0 0 0 1 0 0 0 0 0 0
2.0854499340057373 -1.8744791746139526 -0.8111688494682312 -0.14491384633696805 0.9894442769250958 0 0 0 1 0 0 0 0 0 0
2.3635528087615967 -1.756982684135437 -0.42140600085258484 -0.6084145843104833 0.7936193631699656 0 0 0 1 0 0 0 0 0 0
2.555058240890503 -1.5049723386764526 -0.0749475508928299 -0.9275880801602593 0.37360454165414547 0 0 0 1 0 0 0 0 0 0
2.591679334640503 -1.190576434135437 0.27151086926460266 -0.9886251847969839 -0.15040027920562415 0 0 0 1 0 0 0 0 0 0
2.4632232189178467 -0.9012927412986755 0.6179617047309875 -0.774531938635694 -0.6325348022308603 0 0 0 1 0 0 0 0 0 0
2.2054412364959717 -0.7176303267478943 0.9644201397895813 -0.3448941829231374 -0.9386415730116482 0 0 0 1 0 0 0 0 0 0
1.8900686502456665 -0.6906947493553162 1.3108785152435303 0.18072752600700254 -0.9835332029694719 0 0 0 1 0 0 0 0 0 0
1.6048704385757446 -0.8279857039451599 1.6573293209075928 0.6560571283729422 -0.7547112324002133 0 0 0 1 0 0 0 0 0 0
1.4292227029800415 -1.0912951231002808 2.0037877559661865 0.9488032802411479 -0.3158675915690589 0 0 0 1 0 0 0 0 0 0
1.4119993448257446 -1.4073466062545776 2.3502461910247803 0.9775105238238313 0.2108866420939435 0 0 0 1 0 0 0 0 0 0
1.5579954385757446 -1.6881846189498901 2.6966969966888428 0.734184585000388 0.6789499209424862 0 0 0 1 0 0 0 0 0 0
1.9385114908218384 -1.8778055906295776 3.0864598751068115 0.09999026586935489 0.9949884153754636 0 0 0 1 0 0 0 0 0 0
2.2595794200897217 -1.8210352659225464 3.4329183101654053 -0.43512303330407387 0.9003710045799243 0 0 0 1 0 0 0 0 0 0
2.503552198410034 -1.6047381162643433 3.779376745223999 -0.8417481477499864 0.5398704064490543 0 0 0 1 0 0 0 0 0 0
2.5983855724334717 -1.2927874326705933 4.125827789306641 -0.9998007815890892 0.019959888122083578 0 0 0 1 0 0 0 0 0 0
2.516075849533081 -0.9773005843162537 4.472286224365234 -0.8626193787585272 -0.5058535434196864 0 0 0 1 0 0 0 0 0 0
2.280930280685425 -0.7514399886131287 4.818744659423828 -0.4707082644576263 -0.8822889151356769 0 0 0 1 0 0 0 0 0 0
1.9623838663101196 -0.6819018721580505 5.165195465087891 0.06020510037793807 -0.9981860276964821 0 0 0 1 0 0 0 0 0 0
1.6545034646987915 -0.7892207503318787 5.511653900146484 0.5733381750745722 -0.8193188250016957 0 0 0 1 0 0 0 0 0 0
1.4482084512710571 -1.0417040586471558 5.858112335205078 0.9171615384786755 -0.39851563624960645 0 0 0 1 0 0 0 0 0 0
1.4044119119644165 -1.3647974729537964 6.204563140869141 0.9901546602976221 0.13997767211559228 0 0 0 1 0 0 0 0 0 0
1.5391889810562134 -1.6668566465377808 6.594326019287109 0.7655235922628122 0.6434078253246845 0 0 0 1 0 0 0 0 0 0
1.7821089029312134 -1.8404330015182495 6.924129486083984 0.36065508335270663 0.9326992606686532 0 0 0 1 0 0 0 0 0 0
2.0786101818084717 -1.8754404783248901 7.253925323486328 -0.1335143702600182 0.9910468772636695 0 0 0 1 0 0 0 0 0 0
2.355278730392456 -1.7632158994674683 7.583728790283203 -0.5946225905653638 0.8040049594308082 0 0 0 1 0 0 0 0 0 0
2.543602705001831 -1.5315455198287964 7.913524627685547 -0.9084971829318252 0.41789097693649446 0 0 0 1 0 0 0 0 0 0
2.596958875656128 -1.237787127494812 8.243328094482422 -0.9974250439108832 -0.07171667713560743 0 0 0 1 0 0 0 0 0 0
2.5021331310272217 -0.9546870589256287 8.573123931884766 -0.8393778354465822 -0.5435483873226102 0 0 0 1 0 0 0 0 0 0
2.2826011180877686 -0.7523364424705505 8.90292739868164 -0.4734962853382312 -0.8807958150280328 0 0 0 1 0 0 0 0 0 0
1.9927259683609009 -0.6808413863182068 9.232723236083984 0.009626484088726033 -0.9999536643285475 0 0 0 1 0 0 0 0 0 0
1.7042814493179321 -0.757905900478363 9.56252670288086 0.49036944630503576 -0.8715146620284094 0 0 0 1 0 0 0 0 0 0
1.4886900186538696 -0.9644450545310974 9.892322540283203 0.8496908595178754 -0.5272811804452859 0 0 0 1 0 0 0 0 0 0
1.399330735206604 -1.249322772026062 10.222118377685547 0.9986216698789806 -0.052485811874411516 0 0 0 1 0 0 0 0 0 0
1.4583326578140259 -1.5419939756393433 10.551921844482422 0.90028578902931 0.43529932009121375 0 0 0 1 0 0 0 0 0 0
1.6510854959487915 -1.7699984312057495 10.881717681884766 0.5790242572812788 0.8153103148371565 0 0 0 1 0 0 0 0 0 0
1.9298635721206665 -1.8768748044967651 11.21152114868164 0.11439584591557311 0.9934352472291592 0 0 0 1 0 0 0 0 0 0
2.2256362438201904 -1.8361605405807495 11.541316986083984 -0.3785524596563605 0.9255798373388001 0 0 0 1 0 0 0 0 0 0
2.4651687145233154 -1.6579416990280151 11.87112045288086 -0.7777702949814382 0.6285486204300241 0 0 0 1 0 0 0 0 0 0
2.5891501903533936 -1.3863390684127808 12.200916290283203 -0.9844114143266947 0.17588111707433712 0 0 0 1 0 0 0 0 0 0
2.5668838024139404 -1.0886095762252808 12.530719757080078 -0.9473010619342239 -0.32034465511116594 0 0 0 1 0 0 0 0 0 0
2.403881788253784 -0.8384684920310974 12.860515594482422 -0.6756261460597163 -0.7372444036820456 0 0 0 1 0 0 0 0 0 0
2.1405036449432373 -0.6978587508201599 13.190319061279297 -0.23666796320956554 -0.9715905903158161 0 0 0 1 0 0 0 0 0 0
1.8419653177261353 -0.7015933394432068 13.52011489868164 0.2609028522510433 -0.9653650613562054 0 0 0 1 0 0 0 0 0 0
1.5821882486343384 -0.8487491011619568 13.849910736083984 0.6938636054922428 -0.7201064483625356 0 0 0 1 0 0 0 0 0 0
1.4254919290542603 -1.1028841733932495 14.17971420288086 0.955018236674944 -0.2965470748772961 0 0 0 1 0 0 0 0 0 0
1.4106794595718384 -1.4010790586471558 14.509510040283203 0.9797059199158042 0.20044029156316814 0 0 0 1 0 0 0 0 0 0
1.5414167642593384 -1.6694926023483276 14.839313507080078 0.7618174997244241 0.6477917081235505 0 0 0 1 0 0 0 0 0 0
1.7853323221206665 -1.841668963432312 15.169109344482422 0.35528325052826726 0.9347586917991555 0 0 0 1 0 0 0 0 0 0
2.0854499340057373 -1.8744791746139526 15.55887222290039 -0.14491384633696805 0.9894442769250958 0 0 0 1 0 0 0 0 0 0
2.3707664012908936 -1.751367449760437 15.905330657958984 -0.6204373722268255 0.7842559959249733 0 0 0 1 0 0 0 0 0 0
2.5562331676483154 -1.502038836479187 16.251789093017578 -0.9295444914158066 0.36870996525525235 0 0 0 1 0 0 0 0 0 0
2.5920989513397217 -1.1933687925338745 16.59823989868164 -0.989322528753625 -0.1457426982751887 0 0 0 1 0 0 0 0 0 0
2.4687469005584717 -0.9081591963768005 16.944698333740234 -0.7837405004053585 -0.6210884220659391 0 0 0 1 0 0 0 0 0 0
2.219261884689331 -0.722902238368988 17.291156768798828 -0.3679274614777739 -0.9298544956553801 0 0 0 1 0 0 0 0 0 0
1.9105650186538696 -0.6872920393943787 17.63760757446289 0.14656210487297325 -0.9892014705888804 0 0 0 1 0 0 0 0 0 0
1.6254545450210571 -0.810884416103363 17.984066009521484 0.6217516907285112 -0.7832144247115457 0 0 0 1 0 0 0 0 0 0
1.440407395362854 -1.0605219602584839 18.330524444580078 0.9301600613953963 -0.3671542730037507 0 0 0 1 0 0 0 0 0 0
1.4050565958023071 -1.3692492246627808 18.67697525024414 0.989078105256376 0.147392339361507 0 0 0 1 0 0 0 0 0 0
1.5579954385757446 -1.6881846189498901 19.06673812866211 0.734184585000388 0.6789499209424862 0 0 0 1 0 0 0 0 0 0
1.8171736001968384 -1.8527582883834839 19.404537200927734 0.3022147681248787 0.9532398616965332 0 0 0 1 0 0 0 0 0 0
2.123833417892456 -1.867578387260437 19.742328643798828 -0.20887698654179776 0.9779419228631205 0 0 0 1 0 0 0 0 0 0
2.3976752758026123 -1.7287653684616089 20.080120086669922 -0.66528814972096 0.7465866847465615 0 0 0 1 0 0 0 0 0 0
2.5670058727264404 -1.4726656675338745 20.417919158935547 -0.9475020518955521 0.3197496859321651 0 0 0 1 0 0 0 0 0 0
2.5874831676483154 -1.1663340330123901 20.75571060180664 -0.9816287006967908 -0.19080118964076284 0 0 0 1 0 0 0 0 0 0
2.453747510910034 -0.8899745345115662 21.093509674072266 -0.7587361213197792 -0.6513981103784516 0 0 0 1 0 0 0 0 0 0
2.2008140087127686 -0.7159518599510193 21.43130111694336 -0.33718708692104576 -0.9414376603969586 0 0 0 1 0 0 0 0 0 0
1.8949095010757446 -0.6898249983787537 21.769092559814453 0.17266067809974756 -0.9849813654268467 0 0 0 1 0 0 0 0 0 0
1.6161314249038696 -0.8184375166893005 22.106891632080078 0.6372896892350262 -0.7706243261114483 0 0 0 1 0 0 0 0 0 0
1.4374700784683228 -1.0681170225143433 22.444683074951172 0.9350574250112527 -0.35449627915018467 0 0 0 1 0 0 0 0 0 0
1.4057050943374634 -1.3734835386276245 22.782482147216797 0.9880004261603019 0.15445115055272846 0 0 0 1 0 0 0 0 0 0
1.529152512550354 -1.6545885801315308 23.12027359008789 0.7822504779062568 0.6229640357319459 0 0 0 1 0 0 0 0 0 0
1.775490403175354 -1.8378275632858276 23.458065032958984 0.3716885614921342 0.9283574813916825 0 0 0 1 0 0 0 0 0 0
2.0802199840545654 -1.8752230405807495 23.79586410522461 -0.13619659260212302 0.9906818299351066 0 0 0 1 0 0 0 0 0 0
2.3635528087615967 -1.756982684135437 24.133655548095703 -0.6084145843104833 0.7936193631699656 0 0 0 1 0 0 0 0 0 0
2.5683600902557373 -1.4686030149459839 24.523418426513672 -0.9497582170547402 0.3129845509557953 0 0 0 1 0 0 0 0 0 0
2.5868918895721436 -1.1633318662643433 24.857501983642578 -0.9806427660986372 -0.19580542714238955 0 0 0 1 0 0 0 0 0 0
2.452549695968628 -0.8885859847068787 25.191585540771484 -0.7567428649932255 -0.653712655745508 0 0 0 1 0 0 0 0 0 0
2.200237989425659 -0.7157458662986755 25.52566909790039 -0.3362213082862725 -0.9417830067771806 0 0 0 1 0 0 0 0 0 0
1.8955122232437134 -0.6897181868553162 25.859752655029297 0.17165038648665262 -0.9851579288718042 0 0 0 1 0 0 0 0 0 0
1.6175466775894165 -0.8172702193260193 26.193836212158203 0.6349287453103191 -0.7725707012168298 0 0 0 1 0 0 0 0 0 0
1.4385610818862915 -1.0652598142623901 26.527912139892578 0.9332400200995293 -0.359253482773139 0 0 0 1 0 0 0 0 0 0
1.4050565958023071 -1.3692492246627808 26.861995697021484 0.989078105256376 0.147392339361507 0 0 0 1 0 0 0 0 0 0
1.5579954385757446 -1.6881846189498901 27.251758575439453 0.734184585000388 0.6789499209424862 0 0 0 1 0 0 0 0 0 0
1.8188406229019165 -1.8532809019088745 27.589557647705078 0.29944321806479135 0.9541141227101723 0 0 0 1 0 0 0 0 0 0
2.127243757247925 -1.8668383359909058 27.927349090576172 -0.2145657624859504 0.9767095441167873 0 0 0 1 0 0 0 0 0 0
2.4015700817108154 -1.7252634763717651 28.265140533447266 -0.671781581568326 0.7407492873203176 0 0 0 1 0 0 0 0 0 0
2.569199323654175 -1.4660357236862183 28.60293960571289 -0.9511599749243619 0.308698399901728 0 0 0 1 0 0 0 0 0 0
2.5857551097869873 -1.1577776670455933 28.940731048583984 -0.9787489584983905 -0.2050621277523366 0 0 0 1 0 0 0 0 0 0
2.44685435295105 -0.8820895552635193 29.27853012084961 -0.7472521547555045 -0.6645406061432632 0 0 0 1 0 0 0 0 0 0
2.1892707347869873 -0.711946427822113 29.616321563720703 -0.31794391528927307 -0.9481095225397367 0 0 0 1 0 0 0 0 0 0
1.8811842203140259 -0.6923961043357849 29.954113006591797 0.19553788585712387 -0.9806961482510911 0 0 0 1 0 0 0 0 0 0
1.6041570901870728 -0.8286074995994568 30.291912078857422 0.6572503517825218 -0.7536723260686646 0 0 0 1 0 0 0 0 0 0
1.4315191507339478 -1.0845240354537964 30.629703521728516 0.94497153296117 -0.3271525666917751 0 0 0 1 0 0 0 0 0 0
1.4089704751968384 -1.3924044370651245 30.96750259399414 0.982551908063087 0.18598856943798153 0 0 0 1 0 0 0 0 0 0
1.5424848794937134 -1.6707438230514526 31.305294036865234 0.7600361585538747 0.6498807872915382 0 0 0 1 0 0 0 0 0 0
1.7967115640640259 -1.8458613157272339 31.643085479736328 0.3363214712125229 0.9417472420991972 0 0 0 1 0 0 0 0 0 0
2.104355573654175 -1.8714045286178589 31.980884552001953 -0.17641851744115467 0.9843152476233745 0 0 0 1 0 0 0 0 0 0
2.3839805126190186 -1.7406061887741089 32.31867599487305 -0.6424626719587432 0.7663169808503739 0 0 0 1 0 0 0 0 0 0
2.5615622997283936 -1.488092303276062 32.65647506713867 -0.9384308195453807 0.3454672154161454 0 0 0 1 0 0 0 0 0 0
2.5900962352752686 -1.1807116270065308 32.994266510009766 -0.9859845769166639 -0.16683648906179782 0 0 0 1 0 0 0 0 0 0
2.462021589279175 -0.8998278975486755 33.33205795288086 -0.7725307499692616 -0.6349773542040141 0 0 0 1 0 0 0 0 0 0
2.211247205734253 -0.7197970747947693 33.669857025146484 -0.3545663521518393 -0.9350308561334958 0 0 0 1 0 0 0 0 0 0
1.9041601419448853 -0.6882762312889099 34.00764846801758 0.15723171363998226 -0.987561738943867 0 0 0 1 0 0 0 0 0 0
1.6220442056655884 -0.8136119246482849 34.3454475402832 0.6274305486872193 -0.7786725284572811 0 0 0 1 0 0 0 0 0 0
1.439583420753479 -1.0626238584518433 34.6832389831543 0.9315349818347994 -0.3636517257184954 0 0 0 1 0 0 0 0 0 0
1.4050794839859009 -1.3693903684616089 35.02103042602539 0.9890427533860521 0.1476293736847 0 0 0 1 0 0 0 0 0 0
1.5276647806167603 -1.6527117490768433 35.358829498291016 0.7847319648998637 0.6198352549382771 0 0 0 1 0 0 0 0 0 0
1.7748876810073853 -1.8375872373580933 35.69662094116211 0.37269411011020687 0.9279542554938585 0 0 0 1 0 0 0 0 0 0
2.0813071727752686 -1.8750742673873901 36.034420013427734 -0.13800100471597426 0.9904320888871592 0 0 0 1 0 0 0 0 0 0
2.365807294845581 -1.7552508115768433 36.37221145629883 -0.6121673094030865 0.7907282626150312 0 0 0 1 0 0 0 0 0 0
2.553074598312378 -1.5098360776901245 36.71000289916992 -0.9242832846962055 0.38170723025794623 0 0 0 1 0 0 0 0 0 0
2.593540906906128 -1.2037943601608276 37.04780197143555 -0.9917271224877828 -0.12836399231132598 0 0 0 1 0 0 0 0 0 0
2.4764907360076904 -0.9181422591209412 37.38559341430664 -0.796643290167393 -0.604449723493419 0 0 0 1 0 0 0 0 0 0
2.244835615158081 -0.7337130904197693 37.77535629272461 -0.410551807292768 -0.9118372736012943 0 0 0 1 0 0 0 0 0 0
1.955025315284729 -0.6823901534080505 38.09634017944336 0.07246772996949759 -0.9973707575987316 0 0 0 1 0 0 0 0 0 0
1.6756788492202759 -0.7750644087791443 38.41731643676758 0.5380431650121675 -0.8429172869171029 0 0 0 1 0 0 0 0 0 0
1.474007248878479 -0.9894275069236755 38.73830032348633 0.8741573505443884 -0.48564279721747655 0 0 0 1 0 0 0 0 0 0
1.3985449075698853 -1.2739084959030151 39.05928421020508 0.9999337414440432 -0.011511417016051843 0 0 0 1 0 0 0 0 0 0
1.4674421548843384 -1.5600489377975464 39.3802604675293 0.8851031201672132 0.465394957718994 0 0 0 1 0 0 0 0 0 0
1.6641241312026978 -1.7790011167526245 39.70124435424805 0.5572944267584161 0.8303149534387588 0 0 0 1 0 0 0 0 0 0
1.9412657022476196 -1.878076434135437 40.0222282409668 0.09539043674637779 0.9954399351931463 0 0 0 1 0 0 0 0 0 0
2.2321784496307373 -1.8334406614303589 40.343204498291016 -0.3894569773320073 0.9210446584218468 0 0 0 1 0 0 0 0 0 0
2.4668662548065186 -1.6558321714401245 40.664188385009766 -0.780606036770366 0.6250233718491347 0 0 0 1 0 0 0 0 0 0
2.5888564586639404 -1.3879832029342651 40.985172271728516 -0.9839187013786346 0.17861687791858077 0 0 0 1 0 0 0 0 0 0
2.5687949657440186 -1.0943506956100464 41.306148529052734 -0.9504841086522997 -0.31077316357665674 0 0 0 1 0 0 0 0 0 0
2.411511182785034 -0.845582902431488 41.627132415771484 -0.688346362214689 -0.7253821652245139 0 0 0 1 0 0 0 0 0 0
2.1548469066619873 -0.701539933681488 41.948116302490234 -0.260566550032151 -0.9654558886890393 0 0 0 1 0 0 0 0 0 0
1.8605657815933228 -0.6968860030174255 42.26909255981445 0.22990416057601443 -0.9732132741335981 0 0 0 1 0 0 0 0 0 0
1.5994764566421509 -0.8327311873435974 42.5900764465332 0.665045417928066 -0.7468029138219026 0 0 0 1 0 0 0 0 0 0
1.4343992471694946 -1.0763987302780151 42.91105270385742 0.9401734898502255 -0.3406960654055867 0 0 0 1 0 0 0 0 0 0
1.4050565958023071 -1.3692492246627808 43.23203659057617 0.989078105256376 0.147392339361507 0 0 0 1 0 0 0 0 0 0
1.5579954385757446 -1.6881846189498901 43.62179946899414 0.734184585000388 0.6789499209424862 0 0 0 1 0 0 0 0 0 0
1.816414475440979 -1.8525141477584839 43.94070053100586 0.30348289593478106 0.9528368862901135 0 0 0 1 0 0 0 0 0 0
2.12226939201355 -1.8679102659225464 44.25959396362305 -0.20627453871880508 0.9784941566899336 0 0 0 1 0 0 0 0 0 0
2.395886182785034 -1.7303560972213745 44.578487396240234 -0.6623048853803881 0.7492344351411452 0 0 0 1 0 0 0 0 0 0
2.5659759044647217 -1.4756907224655151 44.89738845825195 -0.945783457895416 0.32479786140211864 0 0 0 1 0 0 0 0 0 0
2.588230848312378 -1.1702555418014526 45.21628189086914 -0.9828773941657261 -0.18426076098288552 0 0 0 1 0 0 0 0 0 0
2.456852674484253 -0.8936213850975037 45.53518295288086 -0.7639121266357595 -0.6453202792248447 0 0 0 1 0 0 0 0 0 0
2.206066846847534 -0.7178592085838318 45.85407638549805 -0.34593677713126736 -0.9382578250289372 0 0 0 1 0 0 0 0 0 0
1.9012075662612915 -0.6887568831443787 46.172977447509766 0.16215888943913861 -0.9867646601778285 0 0 0 1 0 0 0 0 0 0
1.6216970682144165 -0.8138903975486755 46.49187088012695 0.6280088640790826 -0.778206185170807 0 0 0 1 0 0 0 0 0 0
1.4403501749038696 -1.0606669187545776 46.81077194213867 0.9302541072983952 -0.36691592477632484 0 0 0 1 0 0 0 0 0 0
1.4044119119644165 -1.3647974729537964 47.12966537475586 0.9901546602976221 0.13997767211559228 0 0 0 1 0 0 0 0 0 0
1.5391889810562134 -1.6668566465377808 47.51942825317383 0.7655235922628122 0.6434078253246845 0 0 0 1 0 0 0 0 0 0
1.7937017679214478 -1.8447779417037964 47.87021255493164 0.34133674720017854 0.9399410752865318 0 0 0 1 0 0 0 0 0 0
2.103073835372925 -1.8716295957565308 48.221004486083984 -0.17428839507926597 0.9846946508134864 0 0 0 1 0 0 0 0 0 0
2.384434461593628 -1.7402247190475464 48.5717887878418 -0.6432131362398315 0.7656871824501962 0 0 0 1 0 0 0 0 0 0
2.5624167919158936 -1.4857538938522339 48.92257308959961 -0.9398549939420598 0.34157369682422967 0 0 0 1 0 0 0 0 0 0
2.589348554611206 -1.176385760307312 49.27336502075195 -0.9847367621100246 -0.17405030694906873 0 0 0 1 0 0 0 0 0 0
2.4580047130584717 -0.8949946761131287 49.624149322509766 -0.7658360039126182 -0.643035936096228 0 0 0 1 0 0 0 0 0 0
2.2035796642303467 -0.7169474959373474 49.97493362426758 -0.34179356610003114 -0.9397750572198772 0 0 0 1 0 0 0 0 0 0
1.8942190408706665 -0.6899470686912537 50.32571792602539 0.1738052055212293 -0.9847800518561102 0 0 0 1 0 0 0 0 0 0
1.6127935647964478 -0.8212184309959412 50.676509857177734 0.6428534673931627 -0.7659891771171365 0 0 0 1 0 0 0 0 0 0
1.4346891641616821 -1.0756014585494995 51.02729415893555 0.93969248736894 -0.3420205098855549 0 0 0 1 0 0 0 0 0 0
1.4050565958023071 -1.3692492246627808 51.417057037353516 0.989078105256376 0.147392339361507 0 0 0 1 0 0 0 0 0 0
1.5374037027359009 -1.6647204160690308 51.77293014526367 0.7684980233730325 0.6398521611057839 0 0 0 1 0 0 0 0 0 0
1.8040014505386353 -1.848413348197937 52.1287956237793 0.32417028501229667 0.945998745408812 0 0 0 1 0 0 0 0 0 0
2.127232313156128 -1.8668421506881714 52.48466873168945 -0.21454200492478762 0.9767147629286927 0 0 0 1 0 0 0 0 0 0
2.4129836559295654 -1.7146433591842651 52.84054183959961 -0.6907945605651027 0.7230510874714641 0 0 0 1 0 0 0 0 0 0
2.5780532360076904 -1.4361284971237183 53.196407318115234 -0.9659146447543718 0.25886077155304116 0 0 0 1 0 0 0 0 0 0
2.5743796825408936 -1.1123942136764526 53.55228042602539 -0.9597965524118047 -0.28069659416960113 0 0 0 1 0 0 0 0 0 0
2.4030349254608154 -0.8376941084861755 53.90815353393555 -0.6742138483067859 -0.738536178363223 0 0 0 1 0 0 0 0 0 0
2.1139075756073 -0.692018449306488 54.26401901245117 -0.1923409809736069 -0.9813281546139958 0 0 0 1 0 0 0 0 0 0
1.791176438331604 -0.7177714705467224 54.61989212036133 0.34554371034594156 -0.9384026557082841 0 0 0 1 0 0 0 0 0 0
1.5288130044937134 -0.9074649214744568 54.975765228271484 0.7828222190810675 -0.62224542851916 0 0 0 1 0 0 0 0 0 0
1.4032026529312134 -1.2058619260787964 55.33163070678711 0.9921668386937569 -0.12491983107752132 0 0 0 1 0 0 0 0 0 0
1.4509245157241821 -1.5260828733444214 55.687503814697266 0.9126334768471979 0.4087788362156181 0 0 0 1 0 0 0 0 0 0
1.6580778360366821 -1.7748888731002808 56.04336929321289 0.5673789546814793 0.8234568123372056 0 0 0 1 0 0 0 0 0 0
1.9643522500991821 -1.8798426389694214 56.39924240112305 0.056917190241585335 0.9983789027493536 0 0 0 1 0 0 0 0 0 0
2.2805678844451904 -1.8103808164596558 56.75510787963867 -0.4701059891133467 0.8826099699186285 0 0 0 1 0 0 0 0 0 0
2.514660596847534 -1.5867289304733276 57.11098861694336 -0.8602592738507834 0.5098568247593859 0 0 0 1 0 0 0 0 0 0
2.59846568107605 -1.2740076780319214 57.466854095458984 -0.9999356644809583 -0.01134314326032841 0 0 0 1 0 0 0 0 0 0
2.5075881481170654 -0.9632701277732849 57.82271957397461 -0.8484770788087396 -0.529232129349861 0 0 0 1 0 0 0 0 0 0
2.2684829235076904 -0.7449855208396912 58.1786003112793 -0.4499671078488455 -0.8930451286772385 0 0 0 1 0 0 0 0 0 0
1.9507719278335571 -0.6827144026756287 58.53446578979492 0.07954724101473698 -0.9968310972511559 0 0 0 1 0 0 0 0 0 0
1.6469579935073853 -0.794588029384613 58.89033126831055 0.5859133089015355 -0.8103737375137806 0 0 0 1 0 0 0 0 0 0
1.4455000162124634 -1.0480326414108276 59.246212005615234 0.9216740190542113 -0.3879652079767685 0 0 0 1 0 0 0 0 0 0
1.4050565958023071 -1.3692492246627808 59.60207748413086 0.989078105256376 0.147392339361507 0 0 0 1 0 0 0 0 0 0
1.5374037027359009 -1.6647204160690308 59.957942962646484 0.7684980233730325 0.6398521611057839 0 0 0 1 0 0 0 0 0 0
1.8040014505386353 -1.848413348197937 60.31382369995117 0.32417028501229667 0.945998745408812 0 0 0 1 0 0 0 0 0 0
2.127232313156128 -1.8668421506881714 60.6696891784668 -0.21454200492478762 0.9767147629286927 0 0 0 1 0 0 0 0 0 0
2.4129836559295654 -1.7146433591842651 61.02555465698242 -0.6907945605651027 0.7230510874714641 0 0 0 1 0 0 0 0 0 0
2.5780532360076904 -1.4361284971237183 61.38143539428711 -0.9659146447543718 0.25886077155304116 0 0 0 1 0 0 0 0 0 0
2.5743796825408936 -1.1123942136764526 61.737300872802734 -0.9597965524118047 -0.28069659416960113 0 0 0 1 0 0 0 0 0 0
2.4030349254608154 -0.8376941084861755 62.09316635131836 -0.6742138483067859 -0.738536178363223 0 0 0 1 0 0 0 0 0 0
2.1139075756073 -0.692018449306488 62.44904708862305 -0.1923409809736069 -0.9813281546139958 0 0 0 1 0 0 0 0 0 0
1.791176438331604 -0.7177714705467224 62.80491256713867 0.34554371034594156 -0.9384026557082841 0 0 0 1 0 0 0 0 0 0
1.5288130044937134 -0.9074649214744568 63.1607780456543 0.7828222190810675 -0.62224542851916 0 0 0 1 0 0 0 0 0 0
1.4032026529312134 -1.2058619260787964 63.516658782958984 0.9921668386937569 -0.12491983107752132 0 0 0 1 0 0 0 0 0 0
1.4509245157241821 -1.5260828733444214 63.87252426147461 0.9126334768471979 0.4087788362156181 0 0 0 1 0 0 0 0 0 0
1.6580778360366821 -1.7748888731002808 64.22838592529297 0.5673789546814793 0.8234568123372056 0 0 0 1 0 0 0 0 0 0
1.9643522500991821 -1.8798426389694214 64.58426666259766 0.056917190241585335 0.9983789027493536 0 0 0 1 0 0 0 0 0 0
2.2805678844451904 -1.8103808164596558 64.94013214111328 -0.4701059891133467 0.8826099699186285 0 0 0 1 0 0 0 0 0 0
2.514660596847534 -1.5867289304733276 65.2959976196289 -0.8602592738507834 0.5098568247593859 0 0 0 1 0 0 0 0 0 0
2.59846568107605 -1.2740076780319214 65.6518783569336 -0.9999356644809583 -0.01134314326032841 0 0 0 1 0 0 0 0 0 0
2.5075881481170654 -0.9632701277732849 66.00774383544922 -0.8484770788087396 -0.529232129349861 0 0 0 1 0 0 0 0 0 0
2.2684829235076904 -0.7449855208396912 66.36360931396484 -0.4499671078488455 -0.8930451286772385 0 0 0 1 0 0 0 0 0 0
1.9507719278335571 -0.6827144026756287 66.71947479248047 0.07954724101473698 -0.9968310972511559 0 0 0 1 0 0 0 0 0 0
1.6469579935073853 -0.794588029384613 67.07535552978516 0.5859133089015355 -0.8103737375137806 0 0 0 1 0 0 0 0 0 0
1.4455000162124634 -1.0480326414108276 67.43122100830078 0.9216740190542113 -0.3879652079767685 0 0 0 1 0 0 0 0 0 0
1.4050565958023071 -1.3692492246627808 67.7870864868164 0.989078105256376 0.147392339361507 0 0 0 1 0 0 0 0 0 0
1.5579954385757446 -1.6881846189498901 68.1768569946289 0.734184585000388 0.6789499209424862 0 0 0 1 0 0 0 0 0 0
1.8332792520523071 -1.8576143980026245 68.52330780029297 0.2753760399508402 0.9613365886207562 0 0 0 1 0 0 0 0 0 0
2.156517744064331 -1.8596323728561401 68.8697738647461 -0.263361383965664 0.9646972485892609 0 0 0 1 0 0 0 0 0 0
2.4338958263397217 -1.6936510801315308 69.21622467041016 -0.7256554337550853 0.6880582762104669 0 0 0 1 0 0 0 0 0 0
2.584904432296753 -1.4078425168991089 69.56267547607422 -0.977331536870826 0.21171458862749526 0 0 0 1 0 0 0 0 0 0
2.565708875656128 -1.085168719291687 69.90914154052734 -0.9453423347789619 -0.32607954562447 0 0 0 1 0 0 0 0 0 0
2.381890058517456 -0.819276750087738 70.2555923461914 -0.6389775001047278 -0.7692254249307627 0 0 0 1 0 0 0 0 0 0
2.0867927074432373 -0.6873454451560974 70.60204315185547 -0.1471459830104745 -0.9891147858989275 0 0 0 1 0 0 0 0 0 0
1.7660681009292603 -0.727662980556488 70.9485092163086 0.38739085949355456 -0.9219155720459684 0 0 0 1 0 0 0 0 0 0
1.5128103494644165 -0.9285334944725037 71.29496002197266 0.809488011988461 -0.587136405315638 0 0 0 1 0 0 0 0 0 0
1.4044119119644165 -1.3647974729537964 71.6847152709961 0.9901546602976221 0.13997767211559228 0 0 0 1 0 0 0 0 0 0
2.579949140548706 1.417242169380188 71.6847152709961 -0.9690753229690029 -0.2467651077695605 0 0 0 -1 0 0 0 0 0 0
2.51960825920105 0.9717808365821838 71.29496002197266 -0.8685073835437129 0.4956762297407996 0 0 0 -1 0 0 0 0 0 0
2.2892425060272217 0.7443333268165588 70.9485092163086 -0.48456698704829354 0.8747541569280702 0 0 0 -1 0 0 0 0 0 0
1.9742399454116821 0.669675886631012 70.60204315185547 0.04044701470187231 0.9991816846808724 0 0 0 -1 0 0 0 0 0 0
1.6663023233413696 0.7695446610450745 70.2555923461914 0.553669204565372 0.8327367002336021 0 0 0 -1 0 0 0 0 0 0
1.4550710916519165 1.0148640871047974 69.90914154052734 0.9057231288989052 0.42386980757961173 0 0 0 -1 0 0 0 0 0 0
1.4020391702651978 1.3342190980911255 69.56267547607422 0.994109299935858 -0.10838219309941298 0 0 0 -1 0 0 0 0 0 0
1.5226446390151978 1.6346417665481567 69.21622467041016 0.7930975627712782 -0.6090946198467513 0 0 0 -1 0 0 0 0 0 0
1.7817808389663696 1.8286763429641724 68.8697738647461 0.361208760902662 -0.9324849763117706 0 0 0 -1 0 0 0 0 0 0
2.1040046215057373 1.859838604927063 68.52330780029297 -0.1758356836625466 -0.9844195306630832 0 0 0 -1 0 0 0 0 0 0
2.395519971847534 1.7190533876419067 68.1768569946289 -0.6616910259238478 -0.7497766242100681 0 0 0 -1 0 0 0 0 0 0
2.584118604660034 1.3997746706008911 67.7870864868164 -0.976026549739675 -0.21765149713077014 0 0 0 -1 0 0 0 0 0 0
2.5716254711151123 1.0916119813919067 67.44605255126953 -0.9552022472923404 0.2959538253979204 0 0 0 -1 0 0 0 0 0 0
2.407696485519409 0.8303700089454651 67.1050033569336 -0.6819922960656603 0.7313593563407039 0 0 0 -1 0 0 0 0 0 0
2.1356513500213623 0.6850720047950745 66.76396942138672 -0.2285796278940468 0.9735252198642925 0 0 0 -1 0 0 0 0 0 0
1.827370285987854 0.6941090226173401 66.42292022705078 0.28521538715721206 0.9584634489268549 0 0 0 -1 0 0 0 0 0 0
1.5643049478530884 0.8550968766212463 66.0818862915039 0.7236648680682729 0.6901515476500282 0 0 0 -1 0 0 0 0 0 0
1.415962815284729 1.125494122505188 65.74083709716797 0.9709006341213055 0.23948268969352945 0 0 0 -1 0 0 0 0 0 0
1.4215437173843384 1.4338628053665161 65.3998031616211 0.9615971583186247 -0.27446476115076385 0 0 0 -1 0 0 0 0 0 0
1.5795713663101196 1.6987172365188599 65.05875396728516 0.6982217772030026 -0.7158815194146867 0 0 0 -1 0 0 0 0 0 0
1.836006760597229 1.8467618227005005 64.66898345947266 0.27083200294760534 -0.9626266286465321 0 0 0 -1 0 0 0 0 0 0
2.1454055309295654 1.8509236574172974 64.31819915771484 -0.24483696701443236 -0.9695642627403165 0 0 0 -1 0 0 0 0 0 0
2.415734052658081 1.7003690004348755 63.9674186706543 -0.6953819919405906 -0.7186403031313623 0 0 0 -1 0 0 0 0 0 0
2.575096845626831 1.4351369142532349 63.616634368896484 -0.9609886704251311 -0.2765877352930502 0 0 0 -1 0 0 0 0 0 0
2.5811126232147217 1.125768780708313 63.26585006713867 -0.9710139174591306 0.23902295308332352 0 0 0 -1 0 0 0 0 0 0
2.432175397872925 0.8545437455177307 62.91506576538086 -0.7227879536225674 0.6910698764221324 0 0 0 -1 0 0 0 0 0 0
2.1679046154022217 0.6935940384864807 62.56428146362305 -0.28233210209548354 0.9593167277423789 0 0 0 -1 0 0 0 0 0 0
1.8585783243179321 0.6857319474220276 62.21348190307617 0.23320274556188536 0.9724281358858343 0 0 0 -1 0 0 0 0 0 0
1.586464524269104 0.8330402970314026 61.86269760131836 0.6867324861741799 0.7269102368470468 0 0 0 -1 0 0 0 0 0 0
1.4239393472671509 1.0963460206985474 61.51191329956055 0.9576098529371267 0.2880683418179347 0 0 0 -1 0 0 0 0 0 0
1.4142194986343384 1.4056187868118286 61.161128997802734 0.9738043697392312 -0.2273874435336713 0 0 0 -1 0 0 0 0 0 0
1.5926023721694946 1.7110501527786255 60.771358489990234 0.6765036184621784 -0.7364393078914102 0 0 0 -1 0 0 0 0 0 0
1.8925520181655884 1.8597584962844849 60.42057418823242 0.176585467779007 -0.9842853105524179 0 0 0 -1 0 0 0 0 0 0
2.2254912853240967 1.8245946168899536 60.06978988647461 -0.37831521810706953 -0.9256768311611783 0 0 0 -1 0 0 0 0 0 0
2.4877593517303467 1.6165066957473755 59.7190055847168 -0.8154220684257798 -0.5788668675301973 0 0 0 -1 0 0 0 0 0 0
2.597698926925659 1.3002797365188599 59.368221282958984 -0.9986562390496428 -0.05182389610230763 0 0 0 -1 0 0 0 0 0 0
2.521080732345581 0.9743748307228088 59.01743698120117 -0.8709599258267922 0.4913540552430486 0 0 0 -1 0 0 0 0 0 0
2.281761884689331 0.7402592301368713 58.66665267944336 -0.4720939919605653 0.8815482191886826 0 0 0 -1 0 0 0 0 0 0
1.9542509317398071 0.6708202958106995 58.315853118896484 0.07375843408488626 0.9972761369858127 0 0 0 -1 0 0 0 0 0 0
1.6405187845230103 0.7876797318458557 57.96506881713867 0.5966395093516872 0.8025093743256696 0 0 0 -1 0 0 0 0 0 0
1.4382444620132446 1.0544568300247192 57.61428451538086 0.9337659900373905 0.35788416540759715 0 0 0 -1 0 0 0 0 0 0
1.4104048013687134 1.3880864381790161 57.26350021362305 0.9801690167715046 -0.1981633128537713 0 0 0 -1 0 0 0 0 0 0
1.5795713663101196 1.6987172365188599 56.87372970581055 0.6982217772030026 -0.7158815194146867 0 0 0 -1 0 0 0 0 0 0
1.8487211465835571 1.8501912355422974 56.522945404052734 0.24963844603403385 -0.9683391173869375 0 0 0 -1 0 0 0 0 0 0
2.1575591564178467 1.8477193117141724 56.17216110229492 -0.2650886815257634 -0.9642240356509125 0 0 0 -1 0 0 0 0 0 0
2.4242522716522217 1.6919575929641724 55.82137680053711 -0.7095819989124066 -0.7046228685044741 0 0 0 -1 0 0 0 0 0 0
2.5781409740448 1.4241811037063599 55.4705924987793 -0.9660589242950226 -0.2583218047125406 0 0 0 -1 0 0 0 0 0 0
2.578442335128784 1.115331768989563 55.119808197021484 -0.9665639414556488 0.2564257145407242 0 0 0 -1 0 0 0 0 0 0
2.425083875656128 0.8472500443458557 54.76901626586914 -0.7109668791811833 0.7032254949213435 0 0 0 -1 0 0 0 0 0 0
2.158695936203003 0.6909657120704651 54.41823196411133 -0.26698292112841104 0.9637012606745623 0 0 0 -1 0 0 0 0 0 0
1.8498655557632446 0.6878872513771057 54.067447662353516 0.2477301052098162 0.9688290844998068 0 0 0 -1 0 0 0 0 0 0
1.5804182291030884 0.838834822177887 53.71665573120117 0.6968116545794945 0.7172541516381674 0 0 0 -1 0 0 0 0 0 0
1.4217458963394165 1.1038075685501099 53.36587142944336 0.961262283565907 0.275635306507816 0 0 0 -1 0 0 0 0 0 0
1.4142194986343384 1.4056187868118286 52.97610855102539 0.9738043697392312 -0.2273874435336713 0 0 0 -1 0 0 0 0 0 0
1.5520673990249634 1.6700536012649536 52.65269088745117 0.7440596388426199 -0.6681132043638937 0 0 0 -1 0 0 0 0 0 0
1.8001905679702759 1.8354665040969849 52.32926559448242 0.3305203386944744 -0.9437988693091818 0 0 0 -1 0 0 0 0 0 0
2.097302198410034 1.8609944581985474 52.0058479309082 -0.16466097771400398 -0.9863502230031015 0 0 0 -1 0 0 0 0 0 0
2.370007276535034 1.7403393983840942 51.682430267333984 -0.6191708994711881 -0.785256262151433 0 0 0 -1 0 0 0 0 0 0
2.550945997238159 1.5032979249954224 51.359004974365234 -0.9207351197923536 -0.39018820994612347 0 0 0 -1 0 0 0 0 0 0
2.595421552658081 1.2084294557571411 51.035587310791016 -0.9948602394966165 0.10125761141136295 0 0 0 -1 0 0 0 0 0 0
2.492443799972534 0.9285641312599182 50.7121696472168 -0.8232324125084468 0.5677044961910397 0 0 0 -1 0 0 0 0 0 0
2.2674567699432373 0.7328434586524963 50.38874435424805 -0.44824992638721295 0.893908274653422 0 0 0 -1 0 0 0 0 0 0
1.9760328531265259 0.6696072220802307 50.06532669067383 0.03745152612578502 0.9992984455060709 0 0 0 -1 0 0 0 0 0 0
1.6901594400405884 0.7544766068458557 49.74190902709961 0.5139065231231208 0.8578461898799257 0 0 0 -1 0 0 0 0 0 0
1.4804540872573853 0.966489851474762 49.41848373413086 0.8634143936033227 0.504495376508652 0 0 0 -1 0 0 0 0 0 0
1.3987165689468384 1.2532750368118286 49.09506607055664 0.9996481888859564 0.026523545332911333 0 0 0 -1 0 0 0 0 0 0
1.4651342630386353 1.5439893007278442 48.77164840698242 0.8889515784433687 -0.4580011912463146 0 0 0 -1 0 0 0 0 0 0
1.663307785987854 1.7668248414993286 48.44822311401367 0.5586630732429498 -0.8293947013302789 0 0 0 -1 0 0 0 0 0 0
1.9442793130874634 1.8667317628860474 48.12480545043945 0.09037489812478268 -0.9959078159091508 0 0 0 -1 0 0 0 0 0 0
2.2386443614959717 1.8190327882766724 47.801387786865234 -0.4002295874779411 -0.9164149045641048 0 0 0 -1 0 0 0 0 0 0
2.4736945629119873 1.6355115175247192 47.477962493896484 -0.7919849927477368 -0.6105405566073128 0 0 0 -1 0 0 0 0 0 0
2.5913589000701904 1.3615018129348755 47.154544830322266 -0.9880933963922212 -0.1538552566735537 0 0 0 -1 0 0 0 0 0 0
2.5625808238983154 1.0646878480911255 46.83112716674805 -0.9401251456601476 0.34082944488040723 0 0 0 -1 0 0 0 0 0 0
2.394463300704956 0.8183918595314026 46.5077018737793 -0.6599307190787306 0.7513264576841613 0 0 0 -1 0 0 0 0 0 0
2.1285369396209717 0.6834469437599182 46.18428421020508 -0.21672133175741923 0.9762335091366668 0 0 0 -1 0 0 0 0 0 0
1.8304907083511353 0.6931896805763245 45.86086654663086 0.28002192551583527 0.9599936047862007 0 0 0 -1 0 0 0 0 0 0
1.5739446878433228 0.8452168107032776 45.53744125366211 0.7076001853804227 0.7066130324651474 0 0 0 -1 0 0 0 0 0 0
1.4222761392593384 1.1019726991653442 45.21402359008789 0.960382365010665 0.278685688503235 0 0 0 -1 0 0 0 0 0 0
1.4129453897476196 1.400030255317688 44.89060592651367 0.9759316345836261 -0.21807669435070748 0 0 0 -1 0 0 0 0 0 0
1.548256516456604 1.6657696962356567 44.56718063354492 0.7504125227797002 -0.6609697766580601 0 0 0 -1 0 0 0 0 0 0
1.7947889566421509 1.8335438966751099 44.2437629699707 0.33953142160340455 -0.9405947127982227 0 0 0 -1 0 0 0 0 0 0
2.0916450023651123 1.861913800239563 43.920345306396484 -0.15523486205082174 -0.9878775924192543 0 0 0 -1 0 0 0 0 0 0
2.365490674972534 1.7438679933547974 43.596920013427734 -0.6116419477352583 -0.7911347089912183 0 0 0 -1 0 0 0 0 0 0
2.5486838817596436 1.5085660219192505 43.273502349853516 -0.916962999126971 -0.3989722524588279 0 0 0 -1 0 0 0 0 0 0
2.5959746837615967 1.2141324281692505 42.9500846862793 -0.9957816429472959 0.09175467055787394 0 0 0 -1 0 0 0 0 0 0
2.4956748485565186 0.9332981705665588 42.62665939331055 -0.8286167385626045 0.5598163096711924 0 0 0 -1 0 0 0 0 0 0
2.272568464279175 0.7354374527931213 42.30324172973633 -0.45677845791936134 0.8895804856115103 0 0 0 -1 0 0 0 0 0 0
1.9817625284194946 0.6694203019142151 41.97982406616211 0.0279034635586962 0.9996106225533162 0 0 0 -1 0 0 0 0 0 0
1.6950918436050415 0.751554548740387 41.65639877319336 0.5056842941414226 0.8627186068809989 0 0 0 -1 0 0 0 0 0 0
1.4833685159683228 0.9615574479103088 41.33298110961914 0.8585591746182966 0.5127144855362965 0 0 0 -1 0 0 0 0 0 0
1.3988958597183228 1.2475491762161255 41.00956344604492 0.9993496228879319 0.03606010584771489 0 0 0 -1 0 0 0 0 0 0
1.462532639503479 1.538885235786438 40.68613815307617 0.8932798662226076 -0.4495009239159807 0 0 0 -1 0 0 0 0 0 0
1.6585699319839478 1.7635976076126099 40.36272048950195 0.5665535835064244 -0.8240249007257175 0 0 0 -1 0 0 0 0 0 0
1.9385725259780884 1.866186261177063 40.039302825927734 0.09988918119688885 -0.994998568581792 0 0 0 -1 0 0 0 0 0 0
2.233383893966675 1.8213025331497192 39.715877532958984 -0.3914656241754182 -0.9201927325777737 0 0 0 -1 0 0 0 0 0 0
2.4701735973358154 1.6400357484817505 39.392459869384766 -0.7861158474401363 -0.6180791813380194 0 0 0 -1 0 0 0 0 0 0
2.5904510021209717 1.367162823677063 39.069034576416016 -0.9865779709796162 -0.1632908667921865 0 0 0 -1 0 0 0 0 0 0
2.564507246017456 1.0700856447219849 38.7456169128418 -0.9433382134115268 0.3318328119965665 0 0 0 -1 0 0 0 0 0 0
2.3987510204315186 0.8221951127052307 38.42219924926758 -0.6670780818542634 0.7449878070878991 0 0 0 -1 0 0 0 0 0 0
2.1341254711151123 0.6847134232521057 38.09877395629883 -0.2260302423198871 0.9741202849529483 0 0 0 -1 0 0 0 0 0 0
1.8359991312026978 0.6916103959083557 37.77535629272461 0.27084235391671235 0.9626237163735653 0 0 0 -1 0 0 0 0 0 0
1.5752989053726196 0.8438664078712463 37.38559341430664 0.7053373832073659 0.7088717626271943 0 0 0 -1 0 0 0 0 0 0
1.4200102090835571 1.1099797487258911 37.051509857177734 0.9641533111796239 0.2653457980473166 0 0 0 -1 0 0 0 0 0 0
1.4172712564468384 1.4180737733840942 36.71742630004883 0.9687224640388648 -0.24814670593515908 0 0 0 -1 0 0 0 0 0 0
1.5677953958511353 1.6869069337844849 36.38335037231445 0.7178453389208285 -0.6962026065662502 0 0 0 -1 0 0 0 0 0 0
1.8318945169448853 1.8455907106399536 36.04926681518555 0.27767611193166647 -0.9606747508197104 0 0 0 -1 0 0 0 0 0 0
2.139927625656128 1.8522816896438599 35.71518325805664 -0.23570278206032697 -0.9718251892851009 0 0 0 -1 0 0 0 0 0 0
2.410668134689331 1.7052136659622192 35.381099700927734 -0.6869400733023393 -0.7267140673548137 0 0 0 -1 0 0 0 0 0 0
2.5727241039276123 1.4431706666946411 35.04701614379883 -0.9570343119893507 -0.289974698336027 0 0 0 -1 0 0 0 0 0 0
2.5833632946014404 1.1352483034133911 34.71293258666992 -0.9747665074891243 0.22322691566532707 0 0 0 -1 0 0 0 0 0 0
2.4397780895233154 0.8626461625099182 34.378849029541016 -0.7354555559292106 0.677572966737056 0 0 0 -1 0 0 0 0 0 0
2.179833173751831 0.6972447037696838 34.04477310180664 -0.3022147176215022 0.9532398777081013 0 0 0 -1 0 0 0 0 0 0
1.8720747232437134 0.6826573014259338 33.710689544677734 0.21071654092693207 0.977547205704046 0 0 0 -1 0 0 0 0 0 0
1.5976530313491821 0.8227367997169495 33.37660598754883 0.6680895388387411 0.7440808881393464 0 0 0 -1 0 0 0 0 0 0
1.428932785987854 1.0805379152297974 33.04252243041992 0.949287420566398 0.3144095945647883 0 0 0 -1 0 0 0 0 0 0
1.4104048013687134 1.3880864381790161 32.708438873291016 0.9801690167715046 -0.1981633128537713 0 0 0 -1 0 0 0 0 0 0
1.5795713663101196 1.6987172365188599 32.31867599487305 0.6982217772030026 -0.7158815194146867 0 0 0 -1 0 0 0 0 0 0
1.8360143899917603 1.8467656373977661 31.993877410888672 0.27080828444711186 -0.9626333014574201 0 0 0 -1 0 0 0 0 0 0
2.132031202316284 1.8541394472122192 31.669071197509766 -0.22254238519302807 -0.9749230158287361 0 0 0 -1 0 0 0 0 0 0
2.3955237865448 1.7190457582473755 31.34427261352539 -0.6616965922583695 -0.7497717117854348 0 0 0 -1 0 0 0 0 0 0
2.5623252391815186 1.4743863344192505 31.019466400146484 -0.9397010113813142 -0.3419970894743624 0 0 0 -1 0 0 0 0 0 0
2.591801404953003 1.1797467470169067 30.69466781616211 -0.9888273739917789 0.14906516844830853 0 0 0 -1 0 0 0 0 0 0
2.4767768383026123 0.9068928360939026 30.369861602783203 -0.7971216829285139 0.6038187001122223 0 0 0 -1 0 0 0 0 0 0
2.245262861251831 0.7222767472267151 30.045063018798828 -0.41126106280692737 0.9115176017054836 0 0 0 -1 0 0 0 0 0 0
1.953652024269104 0.670866072177887 29.720256805419922 0.07475730087901941 0.9972017579032257 0 0 0 -1 0 0 0 0 0 0
1.6729665994644165 0.7651768326759338 29.395458221435547 0.5425606492410096 0.8400166319158057 0 0 0 -1 0 0 0 0 0 0
1.471565842628479 0.9822445511817932 29.07065200805664 0.8782301593541715 0.4782382117739511 0 0 0 -1 0 0 0 0 0 0
1.3985029458999634 1.269201397895813 28.745853424072266 0.9999999997482371 -0.000022439385603972604 0 0 0 -1 0 0 0 0 0 0
1.4715772867202759 1.5561505556106567 28.42104721069336 0.8782109631872757 -0.4782734616698672 0 0 0 -1 0 0 0 0 0 0
1.6729856729507446 1.7732106447219849 28.096248626708984 0.5425267510309426 -0.8400385255545185 0 0 0 -1 0 0 0 0 0 0
1.9536787271499634 1.8675099611282349 27.771442413330078 0.07471184955562617 -0.9972051642144547 0 0 0 -1 0 0 0 0 0 0
2.2452895641326904 1.8160840272903442 27.446643829345703 -0.4113119437958391 -0.9114946433692788 0 0 0 -1 0 0 0 0 0 0
2.476792097091675 1.6314564943313599 27.121837615966797 -0.7971515487143872 -0.6037792712426076 0 0 0 -1 0 0 0 0 0 0
2.5918052196502686 1.3585988283157349 26.797039031982422 -0.9888342373528906 -0.14901963306466395 0 0 0 -1 0 0 0 0 0 0
2.5623137950897217 1.0639630556106567 26.472232818603516 -0.9396875688468389 0.342034023095243 0 0 0 -1 0 0 0 0 0 0
2.3955047130584717 0.8193073868751526 26.14743423461914 -0.6616671914475526 0.7497976578797159 0 0 0 -1 0 0 0 0 0 0
2.132004499435425 0.6842251420021057 25.822628021240234 -0.22249725662661968 0.9749333160753241 0 0 0 -1 0 0 0 0 0 0
1.8359876871109009 0.6916142106056213 25.49782943725586 0.2708556757993707 0.962619968049316 0 0 0 -1 0 0 0 0 0 0
1.5795522928237915 0.8396740555763245 25.173023223876953 0.6982557628099818 0.7158483706083646 0 0 0 -1 0 0 0 0 0 0
1.4251562356948853 1.0923444032669067 24.848224639892578 0.9555774375101688 0.29474015831151973 0 0 0 -1 0 0 0 0 0 0
1.4104048013687134 1.3880864381790161 24.523418426513672 0.9801690167715046 -0.1981633128537713 0 0 0 -1 0 0 0 0 0 0
1.5795713663101196 1.6987172365188599 24.133655548095703 0.6982217772030026 -0.7158815194146867 0 0 0 -1 0 0 0 0 0 0
1.8412977457046509 1.8482266664505005 23.798030853271484 0.2620112395852242 -0.9650648218285722 0 0 0 -1 0 0 0 0 0 0
2.1427009105682373 1.8516026735305786 23.462398529052734 -0.24032538049183869 -0.9706923876756492 0 0 0 -1 0 0 0 0 0 0
2.4077117443084717 1.7079907655715942 23.126773834228516 -0.6820099819671994 -0.7313428638450644 0 0 0 -1 0 0 0 0 0 0
2.5694472789764404 1.4536343812942505 22.791141510009766 -0.9515764507871723 -0.30741219609392223 0 0 0 -1 0 0 0 0 0 0
2.5870940685272217 1.1527310609817505 22.455509185791016 -0.9809837866675627 0.19408969652037156 0 0 0 -1 0 0 0 0 0 0
2.4561927318573 0.8812161087989807 22.119884490966797 -0.7628169085776421 0.6466145405015644 0 0 0 -1 0 0 0 0 0 0
2.2097861766815186 0.7076168656349182 21.784252166748047 -0.3521412481871483 0.9359468688580549 0 0 0 -1 0 0 0 0 0 0
1.9100538492202759 0.6757412552833557 21.448627471923828 0.14741590135644517 0.9890745937629107 0 0 0 -1 0 0 0 0 0 0
1.6326452493667603 0.793638288974762 21.112995147705078 0.6097670649425754 0.7925806750806615 0 0 0 -1 0 0 0 0 0 0
1.4475713968276978 1.0315495729446411 20.777362823486328 0.9182256142972135 0.3960577246418822 0 0 0 -1 0 0 0 0 0 0
1.4015356302261353 1.3294354677200317 20.44173812866211 0.9949455711021584 -0.10041568873537497 0 0 0 -1 0 0 0 0 0 0
1.5061613321304321 1.6121159791946411 20.10610580444336 0.820567984797753 -0.5715489325726668 0 0 0 -1 0 0 0 0 0 0
1.7350431680679321 1.8082486391067505 19.77048110961914 0.4391036785780586 -0.8984363970027134 0 0 0 -1 0 0 0 0 0 0
2.0304152965545654 1.8683377504348755 19.43484878540039 -0.053192454949338004 -0.9985842792355898 0 0 0 -1 0 0 0 0 0 0
2.317730665206909 1.7772160768508911 19.099224090576172 -0.5320396461939594 -0.8467194428367679 0 0 0 -1 0 0 0 0 0 0
2.5244834423065186 1.5578786134719849 18.763591766357422 -0.8766332087051508 -0.481159243281589 0 0 0 -1 0 0 0 0 0 0
2.598492383956909 1.2656880617141724 18.427959442138672 -0.9999830458860277 0.005823052507263213 0 0 0 -1 0 0 0 0 0 0
2.521080732345581 0.9743748307228088 18.092334747314453 -0.8709599258267922 0.4913540552430486 0 0 0 -1 0 0 0 0 0 0
2.3117835521698 0.7574673295021057 17.756702423095703 -0.5221309647161883 0.8528653209531635 0 0 0 -1 0 0 0 0 0 0
2.023422956466675 0.6697025895118713 17.421077728271484 -0.04153533504992521 0.9991370356173824 0 0 0 -1 0 0 0 0 0 0
1.7287718057632446 0.7332325577735901 17.085445404052734 0.4495501788905235 0.8932550792799885 0 0 0 -1 0 0 0 0 0 0
1.5021940469741821 0.9320240616798401 16.749813079833984 0.8271803006521197 0.561936606934509 0 0 0 -1 0 0 0 0 0 0
1.4008756875991821 1.2159062623977661 16.414188385009766 0.9960490554202475 0.08880472507942754 0 0 0 -1 0 0 0 0 0 0
1.4503790140151978 1.5132352113723755 16.078556060791016 0.9135406851753798 -0.4067473620434403 0 0 0 -1 0 0 0 0 0 0
1.6382185220718384 1.7489720582962036 15.742931365966797 0.6004791985780745 -0.7996403767163294 0 0 0 -1 0 0 0 0 0 0
1.9169813394546509 1.863622784614563 15.407299041748047 0.1358696822649016 -0.9907267178396041 0 0 0 -1 0 0 0 0 0 0
2.216320753097534 1.828252911567688 15.071674346923828 -0.36302661050099383 -0.9317787720634979 0 0 0 -1 0 0 0 0 0 0
2.4606902599334717 1.6517888307571411 14.736042022705078 -0.7703093709591796 -0.6376703482305516 0 0 0 -1 0 0 0 0 0 0
2.588413953781128 1.3787671327590942 14.400409698486328 -0.9831809661801829 -0.18263402678855434 0 0 0 -1 0 0 0 0 0 0
2.5672576427459717 1.0780888795852661 14.06478500366211 -0.9479243732600375 0.3184954985232365 0 0 0 -1 0 0 0 0 0 0
2.4025657176971436 0.8256397843360901 13.72915267944336 -0.6734390917703027 0.739242713643895 0 0 0 -1 0 0 0 0 0 0
2.135899305343628 0.6851292252540588 13.39352798461914 -0.22899301793120908 0.9734280650046808 0 0 0 -1 0 0 0 0 0 0
1.8345533609390259 0.6920185685157776 13.05789566040039 0.27325521869202624 0.961941570708727 0 0 0 -1 0 0 0 0 0 0
1.5745893716812134 0.844572126865387 12.722270965576172 0.7065230316099156 0.7076900492480691 0 0 0 -1 0 0 0 0 0 0
1.421608567237854 1.1042882204055786 12.386638641357422 0.9614938815797894 0.2748263373198238 0 0 0 -1 0 0 0 0 0 0
1.4142194986343384 1.4056187868118286 12.051006317138672 0.9738043697392312 -0.2273874435336713 0 0 0 -1 0 0 0 0 0 0
1.5926023721694946 1.7110501527786255 11.661243438720703 0.6765036184621784 -0.7364393078914102 0 0 0 -1 0 0 0 0 0 0
1.8450247049331665 1.8492223024368286 11.344562530517578 0.25579973519523175 -0.9667297944482983 0 0 0 -1 0 0 0 0 0 0
2.1327483654022217 1.8539754152297974 11.027881622314453 -0.2237441294983627 -0.9746479182325379 0 0 0 -1 0 0 0 0 0 0
2.3895957469940186 1.7242108583450317 10.711200714111328 -0.6518200845199135 -0.7583736397162371 0 0 0 -1 0 0 0 0 0 0
2.556481122970581 1.4897786378860474 10.394519805908203 -0.929961790705679 -0.3676561815439622 0 0 0 -1 0 0 0 0 0 0
2.595017194747925 1.2046071290969849 10.077831268310547 -0.9941909318491995 0.10763080892021726 0 0 0 -1 0 0 0 0 0 0
2.496342420578003 0.9342899918556213 9.761150360107422 -0.8297334605120769 0.5581598198604536 0 0 0 -1 0 0 0 0 0 0
2.2831504344940186 0.7410030961036682 9.444469451904297 -0.47441083340718315 0.8803035619295778 0 0 0 -1 0 0 0 0 0 0
2.0044867992401123 0.6692143082618713 9.127788543701172 -0.009974256624026559 0.9999502558651595 0 0 0 -1 0 0 0 0 0 0
1.7244421243667603 0.7354336380958557 8.811107635498047 0.45677389891220055 0.8895828265386797 0 0 0 -1 0 0 0 0 0 0
1.5074392557144165 0.9244289994239807 8.49441909790039 0.8184398846798161 0.574592164204568 0 0 0 -1 0 0 0 0 0 0
1.4033972024917603 1.192724347114563 8.177738189697266 0.9918470834936362 0.12743375912672475 0 0 0 -1 0 0 0 0 0 0
1.4362379312515259 1.4786092042922974 7.861057281494141 0.9371106835637937 -0.34903232909087273 0 0 0 -1 0 0 0 0 0 0
1.5984159708023071 1.7163220643997192 7.544376373291016 0.6668178162957692 -0.7452207725704793 0 0 0 -1 0 0 0 0 0 0
1.8526273965835571 1.8511830568313599 7.227695465087891 0.24312956042480577 -0.9699938230976735 0 0 0 -1 0 0 0 0 0 0
2.1403892040252686 1.8521672487258911 6.911014556884766 -0.23647754727315293 -0.9716369536177974 0 0 0 -1 0 0 0 0 0 0
2.3955161571502686 1.7190533876419067 6.594326019287109 -0.6616910259238478 -0.7497766242100681 0 0 0 -1 0 0 0 0 0 0
2.579949140548706 1.417242169380188 6.204563140869141 -0.9690753229690029 -0.2467651077695605 0 0 0 -1 0 0 0 0 0 0
2.5715529918670654 1.0913792848587036 5.858112335205078 -0.9550803443780527 0.29634698544560945 0 0 0 -1 0 0 0 0 0 0
2.394016981124878 0.8179989457130432 5.511653900146484 -0.6591897404277112 0.7519766526394598 0 0 0 -1 0 0 0 0 0 0
2.099743604660034 0.6777897477149963 5.165195465087891 -0.1687330256569266 0.9856617909063226 0 0 0 -1 0 0 0 0 0 0
1.7755895853042603 0.7121334671974182 4.818744659423828 0.3715202199672464 0.9284248629563346 0 0 0 -1 0 0 0 0 0 0
1.5172277688980103 0.9108944535255432 4.472286224365234 0.8021315272537204 0.597147396365097 0 0 0 -1 0 0 0 0 0 0
1.400917649269104 1.2154065370559692 4.125827789306641 0.9959748294774058 0.08963335901020597 0 0 0 -1 0 0 0 0 0 0
1.4609915018081665 1.5357915163040161 3.779376745223999 0.8958542513812294 -0.444348017079155 0 0 0 -1 0 0 0 0 0 0
1.6797109842300415 1.7774869203567505 3.4329183101654053 0.5313224764446765 -0.8471696559867428 0 0 0 -1 0 0 0 0 0 0
1.9925237894058228 1.8691579103469849 3.0864598751068115 0.00996303984859335 -0.9999503676868045 0 0 0 -1 0 0 0 0 0 0
2.395519971847534 1.7190533876419067 2.6966969966888428 -0.6616910259238478 -0.7497766242100681 0 0 0 -1 0 0 0 0 0 0
2.558117628097534 1.4855977296829224 2.3848912715911865 -0.9326864784715988 -0.3606881379755198 0 0 0 -1 0 0 0 0 0 0
2.594895124435425 1.2034894227981567 2.073077917098999 -0.9939875528982679 0.10949312619207158 0 0 0 -1 0 0 0 0 0 0
2.4975898265838623 0.9361477494239807 1.7612721920013428 -0.8318084786526645 0.5550627485623041 0 0 0 -1 0 0 0 0 0 0
2.2880752086639404 0.7436848282814026 1.4494588375091553 -0.4826192577009516 0.8758302644326595 0 0 0 -1 0 0 0 0 0 0
2.0134551525115967 0.669370710849762 1.1376454830169678 -0.024918744197251808 0.9996894798824442 0 0 0 -1 0 0 0 0 0 0
1.7354742288589478 0.7299137711524963 0.8258398175239563 0.4383775835486933 0.8987909068532061 0 0 0 -1 0 0 0 0 0 0
1.5166288614273071 0.9116993546485901 0.5140264630317688 0.8031260001505525 0.5958092210449372 0 0 0 -1 0 0 0 0 0 0
1.4061247110366821 1.1738606691360474 0.20222072303295135 0.9872993718748458 0.15887086043555823 0 0 0 -1 0 0 0 0 0 0
1.4288069009780884 1.4574528932571411 -0.10959263145923615 0.9494947054330706 -0.3137830530072753 0 0 0 -1 0 0 0 0 0 0
1.5795713663101196 1.6987172365188599 -0.42140600085258484 0.6982217772030026 -0.7158815194146867 0 0 0 -1 0 0 0 0 0 0
1.836006760597229 1.8467618227005005 -0.8111688494682312 0.27083200294760534 -0.9626266286465321 0 0 0 -1 0 0 0 0 0 0
2.1237456798553467 1.8559705018997192 -1.135967493057251 -0.20873061669364038 -0.9779731743021854 0 0 0 -1 0 0 0 0 0 0
2.382652997970581 1.7300854921340942 -1.4607737064361572 -0.6402506117472114 -0.7681660980265412 0 0 0 -1 0 0 0 0 0 0
2.5531203746795654 1.4980984926223755 -1.7855722904205322 -0.924358043984876 -0.3815261544382695 0 0 0 -1 0 0 0 0 0 0
2.5959060192108154 1.2134076356887817 -2.1103785037994385 -0.9956692484612095 0.09296637923835775 0 0 0 -1 0 0 0 0 0 0
2.5011603832244873 0.9415608048439026 -2.4351770877838135 -0.8377602541507366 0.5460382372739961 0 0 0 -1 0 0 0 0 0 0
2.290692090988159 0.7451382279396057 -2.7599833011627197 -0.48698166989241887 0.8734121897413564 0 0 0 -1 0 0 0 0 0 0
2.0129592418670654 0.6693592667579651 -3.0847818851470947 -0.024088713259464795 0.9997098248459415 0 0 0 -1 0 0 0 0 0 0
1.7318960428237915 0.7316723465919495 -3.409588098526001 0.4443434810661117 0.8958565012512048 0 0 0 -1 0 0 0 0 0 0
1.5122114419937134 0.9177303910255432 -3.734386682510376 0.8104867966713328 0.5857569055687193 0 0 0 -1 0 0 0 0 0 0
1.4044805765151978 1.184698224067688 -4.059192657470703 0.9900354770232013 0.14081816017631485 0 0 0 -1 0 0 0 0 0 0
1.4335066080093384 1.4711209535598755 -4.383991241455078 0.9416624332397214 -0.3365588534343543 0 0 0 -1 0 0 0 0 0 0
1.5926023721694946 1.7110501527786255 -4.708797454833984 0.6765036184621784 -0.7364393078914102 0 0 0 -1 0 0 0 0 0 0
1.9925237894058228 1.8691579103469849 -5.098560333251953 0.00996303984859335 -0.9999503676868045 0 0 0 -1 0 0 0 0 0 0
2.2788703441619873 1.7996541261672974 -5.432636260986328 -0.46727725821670374 -0.8841108323923419 0 0 0 -1 0 0 0 0 0 0
2.4975974559783936 1.6022130250930786 -5.766719818115234 -0.8318171964205233 -0.5550496840275659 0 0 0 -1 0 0 0 0 0 0
2.595951795578003 1.3244496583938599 -6.100803375244141 -0.9957495201085551 -0.09210262321770285 0 0 0 -1 0 0 0 0 0 0
2.550217390060425 1.033361554145813 -6.434886932373047 -0.9195224019553598 0.39303759655056625 0 0 0 -1 0 0 0 0 0 0
2.3714187145233154 0.7991505265235901 -6.768970489501953 -0.6215264278548142 0.7833931959610283 0 0 0 -1 0 0 0 0 0 0
2.1026809215545654 0.6783009171485901 -7.103054046630859 -0.1736252887142667 0.9848117886778609 0 0 0 -1 0 0 0 0 0 0
1.8088194131851196 0.6999607682228088 -7.437137603759766 0.31614019766651796 0.948712483010198 0 0 0 -1 0 0 0 0 0 0
1.479256272315979 0.9685497879981995 -7.826896667480469 0.865411358071044 0.5010620533642828 0 0 0 -1 0 0 0 0 0 0
1.3985334634780884 1.2632542848587036 -8.158195495605469 0.9999511470369709 0.009884510076180323 0 0 0 -1 0 0 0 0 0 0
1.4734121561050415 1.5594922304153442 -8.489494323730469 0.8751551499037242 -0.48384239541093327 0 0 0 -1 0 0 0 0 0 0
1.6844717264175415 1.7804433107376099 -8.820793151855469 0.5233892458123117 -0.8520937139587521 0 0 0 -1 0 0 0 0 0 0
1.9769750833511353 1.8687993288040161 -9.152091979980469 0.035880822388460604 -0.9993560759732878 0 0 0 -1 0 0 0 0 0 0
2.2750632762908936 1.8016453981399536 -9.483386993408203 -0.46092947093606323 -0.8874367711688539 0 0 0 -1 0 0 0 0 0 0
2.501427412033081 1.5963994264602661 -9.814685821533203 -0.8382069392636113 -0.5453522961997398 0 0 0 -1 0 0 0 0 0 0
2.597355604171753 1.3062916994094849 -10.145984649658203 -0.9980858760069153 -0.061843222066032474 0 0 0 -1 0 0 0 0 0 0
2.5379722118377686 1.0065594911575317 -10.477283477783203 -0.8991139768565021 0.4377145835145153 0 0 0 -1 0 0 0 0 0 0
2.3386809825897217 0.7749386429786682 -10.808582305908203 -0.566961020201854 0.8237446215737453 0 0 0 -1 0 0 0 0 0 0
2.0511634349823 0.6715031266212463 -11.139881134033203 -0.0877605252637613 0.9961416014831569 0 0 0 -1 0 0 0 0 0 0
1.7499891519546509 0.7230740189552307 -11.471179962158203 0.4141883087705929 0.9101912133600039 0 0 0 -1 0 0 0 0 0 0
1.5132681131362915 0.9162769913673401 -11.802478790283203 0.8087282380119948 0.5881824861741588 0 0 0 -1 0 0 0 0 0 0
1.4023901224136353 1.2010098695755005 -12.133777618408203 0.993524099120281 0.1136215845129538 0 0 0 -1 0 0 0 0 0 0
1.446114182472229 1.503423810005188 -12.465076446533203 0.920646554748133 -0.390397132712822 0 0 0 -1 0 0 0 0 0 0
1.6331030130386353 1.7450848817825317 -12.796371459960938 0.6089985800734328 -0.7931713115516361 0 0 0 -1 0 0 0 0 0 0
1.9148527383804321 1.8633252382278442 -13.127670288085938 0.1394167680186868 -0.9902337929980091 0 0 0 -1 0 0 0 0 0 0
2.2183005809783936 1.8274785280227661 -13.458969116210938 -0.3663208439271915 -0.9304886024581225 0 0 0 -1 0 0 0 0 0 0
2.464745283126831 1.6468373537063599 -13.790267944335938 -0.7770627260944665 -0.6294231642660097 0 0 0 -1 0 0 0 0 0 0
2.5902678966522217 1.3682500123977661 -14.121566772460938 -0.9862751014761497 -0.16511033949517115 0 0 0 -1 0 0 0 0 0 0
2.562321424484253 1.0639744997024536 -14.452865600585938 -0.93969248736894 0.3420205098855549 0 0 0 -1 0 0 0 0 0 0
2.417790174484253 0.8400021195411682 -14.842628479003906 -0.6988064655646978 0.7153107881787992 0 0 0 -1 0 0 0 0 0 0
2.125778913497925 0.6828404068946838 -15.204551696777344 -0.2121189098028726 0.9772438631703149 0 0 0 -1 0 0 0 0 0 0
1.7948881387710571 0.7047939896583557 -15.566474914550781 0.33936454932440907 0.9406549328323541 0 0 0 -1 0 0 0 0 0 0
1.5261961221694946 0.8991528153419495 -15.928394317626953 0.7871771302062408 0.6167269782328862 0 0 0 -1 0 0 0 0 0 0
1.4017835855484009 1.2065526247024536 -16.29031753540039 0.9945366393915193 0.10438808795941762 0 0 0 -1 0 0 0 0 0 0
1.4596525430679321 1.5330830812454224 -16.652240753173828 0.8980813398760924 -0.4398294066639504 0 0 0 -1 0 0 0 0 0 0
1.6821333169937134 1.778997540473938 -17.014163970947266 0.5272863337725956 -0.8496876615655042 0 0 0 -1 0 0 0 0 0 0
2.001255750656128 1.8691807985305786 -17.376087188720703 -0.0045892081355830075 -0.9999894695288987 0 0 0 -1 0 0 0 0 0 0
2.3195388317108154 1.7760754823684692 -17.73801040649414 -0.5350592881499727 -0.844814511099593 0 0 0 -1 0 0 0 0 0 0
2.53974986076355 1.5281316041946411 -18.099933624267578 -0.9020759226925125 -0.4315773739417443 0 0 0 -1 0 0 0 0 0 0
2.594628095626831 1.2010823488235474 -18.46185302734375 -0.9935369030812896 0.11350956882853666 0 0 0 -1 0 0 0 0 0 0
2.467400312423706 0.8948383927345276 -18.823776245117188 -0.781493349676865 0.6239135712667525 0 0 0 -1 0 0 0 0 0 0
2.1969382762908936 0.7029476761817932 -19.185699462890625 -0.33072116724361905 0.9437285147419348 0 0 0 -1 0 0 0 0 0 0
1.8658567667007446 0.6840305924415588 -19.547622680664062 0.2210827543371264 0.9752550516324999 0 0 0 -1 0 0 0 0 0 0
1.5752989053726196 0.8438664078712463 -19.9095458984375 0.7053373832073659 0.7088717626271943 0 0 0 -1 0 0 0 0 0 0
1.4217458963394165 1.1038075685501099 -20.29930877685547 0.961262283565907 0.275635306507816 0 0 0 -1 0 0 0 0 0 0
1.4178053140640259 1.420141339302063 -20.62411117553711 0.9678337633531457 -0.2515905533077246 0 0 0 -1 0 0 0 0 0 0
1.5753027200698853 1.6945096254348755 -20.94891357421875 0.7053374708601482 -0.7088716754114311 0 0 0 -1 0 0 0 0 0 0
1.8504530191421509 1.8506337404251099 -21.27371597290039 0.246754571268792 -0.9690780059200368 0 0 0 -1 0 0 0 0 0 0
2.1667640209198 1.8451100587844849 -21.59851837158203 -0.2804377027875407 -0.9598722284008674 0 0 0 -1 0 0 0 0 0 0
2.4362990856170654 1.6794759035110474 -21.923320770263672 -0.7296568533849241 -0.6838134806425002 0 0 0 -1 0 0 0 0 0 0
2.584118604660034 1.3997746706008911 -22.248123168945312 -0.976026549739675 -0.21765149713077014 0 0 0 -1 0 0 0 0 0 0
2.562321424484253 1.0639744997024536 -22.63788604736328 -0.93969248736894 0.3420205098855549 0 0 0 -1 0 0 0 0 0 0
2.4150588512420654 0.8373509049415588 -22.94103240966797 -0.6942575632112649 0.7197266397209128 0 0 0 -1 0 0 0 0 0 0
2.183281660079956 0.6983471512794495 -23.244182586669922 -0.307969293158088 0.9513962972766438 0 0 0 -1 0 0 0 0 0 0
1.914009690284729 0.6751652359962463 -23.547332763671875 0.140818135735836 0.9900354804995041 0 0 0 -1 0 0 0 0 0 0
1.6618849039077759 0.7725124955177307 -23.850479125976562 0.5610326236131405 0.8277936912309468 0 0 0 -1 0 0 0 0 0 0
1.4780584573745728 0.9706326127052307 -24.153629302978516 0.8674140090416278 0.49758711490384344 0 0 0 -1 0 0 0 0 0 0
1.3998304605484009 1.2293263673782349 -24.45677947998047 0.9977909624849378 0.06643188378618851 0 0 0 -1 0 0 0 0 0 0
1.4430738687515259 1.4961110353469849 -24.759925842285156 0.9257209336468529 -0.37820728841205414 0 0 0 -1 0 0 0 0 0 0
1.5990110635757446 1.7168523073196411 -25.06307601928711 0.6658222169232229 -0.7461104311370033 0 0 0 -1 0 0 0 0 0 0
1.836006760597229 1.8467618227005005 -25.366226196289062 0.27083200294760534 -0.9626266286465321 0 0 0 -1 0 0 0 0 0 0
2.1320197582244873 1.8541432619094849 -25.75598907470703 -0.2225186229758043 -0.9749284396451628 0 0 0 -1 0 0 0 0 0 0
2.406853437423706 1.7087880373001099 -26.10244369506836 -0.6805801930407387 -0.7326735977504791 0 0 0 -1 0 0 0 0 0 0
2.572045087814331 1.4453984498977661 -26.448898315429688 -0.9559021589130697 -0.29368531217160426 0 0 0 -1 0 0 0 0 0 0
2.583237409591675 1.1346951723098755 -26.79535675048828 -0.9745528092107808 0.22415802921014252 0 0 0 -1 0 0 0 0 0 0
2.4374282360076904 0.860105574131012 -27.14181137084961 -0.7315430082699533 0.6817952970293554 0 0 0 -1 0 0 0 0 0 0
2.1737639904022217 0.6953526139259338 -27.488265991210938 -0.29210389668370346 0.9563865920966251 0 0 0 -1 0 0 0 0 0 0
1.8630415201187134 0.6846790909767151 -27.83472442626953 0.225775482248778 0.974179363164367 0 0 0 -1 0 0 0 0 0 0
1.588692307472229 0.8309460282325745 -28.18117904663086 0.6830194108543789 0.7304002220674205 0 0 0 -1 0 0 0 0 0 0
1.4243818521499634 1.0948811769485474 -28.527633666992188 0.9568714988708414 0.29051150519156593 0 0 0 -1 0 0 0 0 0 0
1.4142194986343384 1.4056187868118286 -28.87409210205078 0.9738043697392312 -0.2273874435336713 0 0 0 -1 0 0 0 0 0 0
1.5926023721694946 1.7110501527786255 -29.26385498046875 0.6765036184621784 -0.7364393078914102 0 0 0 -1 0 0 0 0 0 0
1.8531042337417603 1.8513013124465942 -29.585830688476562 0.24233498464777853 -0.970192638199116 0 0 0 -1 0 0 0 0 0 0
2.1489570140838623 1.8500157594680786 -29.90781021118164 -0.25076084726794196 -0.9680490677013557 0 0 0 -1 0 0 0 0 0 0
2.4082305431365967 1.7075062990188599 -30.229785919189453 -0.6828745061105894 -0.7305356999519043 0 0 0 -1 0 0 0 0 0 0
2.5678794384002686 1.4584218263626099 -30.55176544189453 -0.9489634177085083 -0.31538616306202616 0 0 0 -1 0 0 0 0 0 0
2.589092969894409 1.1633282899856567 -30.87374496459961 -0.9843132992506828 0.17642938790982646 0 0 0 -1 0 0 0 0 0 0
2.4667060375213623 0.8939724564552307 -31.195720672607422 -0.7803419411515857 0.6253530641803677 0 0 0 -1 0 0 0 0 0 0
2.230480909347534 0.7158451676368713 -31.5177001953125 -0.3866299635445632 0.9222349328069989 0 0 0 -1 0 0 0 0 0 0
1.9378515481948853 0.6722584366798401 -31.839675903320312 0.10108876308840258 0.9948774105271749 0 0 0 -1 0 0 0 0 0 0
1.6599699258804321 0.7738133072853088 -32.16165542602539 0.5642252227034205 0.8256209166834836 0 0 0 -1 0 0 0 0 0 0
1.4644018411636353 0.9958096146583557 -32.48363494873047 0.890168727917954 0.45563103037099173 0 0 0 -1 0 0 0 0 0 0
1.3986936807632446 1.284277081489563 -32.80561065673828 0.9996835756517214 -0.02515449407538815 0 0 0 -1 0 0 0 0 0 0
1.4788252115249634 1.5690785646438599 -33.12759017944336 0.8661259947735561 -0.49982573080776654 0 0 0 -1 0 0 0 0 0 0
1.6853147745132446 1.7809582948684692 -33.44956970214844 0.5219768100531963 -0.8529596765185853 0 0 0 -1 0 0 0 0 0 0
1.9679495096206665 1.8684064149856567 -33.77154541015625 0.05092638421575153 -0.998702409825224 0 0 0 -1 0 0 0 0 0 0
2.2580153942108154 1.8101598024368286 -34.09352493286133 -0.43251877160268387 -0.9016249287876337 0 0 0 -1 0 0 0 0 0 0
2.4849860668182373 1.6203786134719849 -34.41550064086914 -0.8108022857344983 -0.5853201290300146 0 0 0 -1 0 0 0 0 0 0
2.5936667919158936 1.3452092409133911 -34.73748016357422 -0.9919404512555398 -0.12670493740559677 0 0 0 -1 0 0 0 0 0 0
2.557640790939331 1.0515538454055786 -35.0594596862793 -0.9318974570479004 0.3627218349474659 0 0 0 -1 0 0 0 0 0 0
2.385666608810425 0.8108158707618713 -35.38143539428711 -0.6452709636917354 0.7639537835604582 0 0 0 -1 0 0 0 0 0 0
2.1195571422576904 0.6815243363380432 -35.70341491699219 -0.20175292202504658 0.9794364494209694 0 0 0 -1 0 0 0 0 0 0
1.8240095376968384 0.6951199173927307 -36.025390625 0.29082402819278386 0.9567765594044008 0 0 0 -1 0 0 0 0 0 0
1.5708929300308228 0.848295271396637 -36.34737014770508 0.7126831334234441 0.7014861020246526 0 0 0 -1 0 0 0 0 0 0
1.4217458963394165 1.1038075685501099 -36.669349670410156 0.961262283565907 0.275635306507816 0 0 0 -1 0 0 0 0 0 0
1.4142194986343384 1.4056187868118286 -37.059112548828125 0.9738043697392312 -0.2273874435336713 0 0 0 -1 0 0 0 0 0 0
1.5633093118667603 1.6822301149368286 -37.393192291259766 0.7253223378182839 -0.6884094030893383 0 0 0 -1 0 0 0 0 0 0
1.8317610025405884 1.8455525636672974 -37.72727584838867 0.2779011545230463 -0.9606096753181065 0 0 0 -1 0 0 0 0 0 0
2.145947217941284 1.8507863283157349 -38.06135940551758 -0.24574711563396595 -0.969333975035223 0 0 0 -1 0 0 0 0 0 0
2.4196937084198 1.6965047121047974 -38.39543914794922 -0.7019833867292811 -0.7121933197918164 0 0 0 -1 0 0 0 0 0 0
2.577915906906128 1.4250165224075317 -38.729522705078125 -0.9656860278259741 -0.2597123325175221 0 0 0 -1 0 0 0 0 0 0
2.5772178173065186 1.1107884645462036 -39.06360626220703 -0.9645228852703985 0.26399924960057325 0 0 0 -1 0 0 0 0 0 0
2.417790174484253 0.8400021195411682 -39.39768981933594 -0.6988064655646978 0.7153107881787992 0 0 0 -1 0 0 0 0 0 0
2.1624343395233154 0.692014753818512 -39.787452697753906 -0.2732107414965173 0.9619542040715469 0 0 0 -1 0 0 0 0 0 0
1.8513685464859009 0.6875057816505432 -40.12153244018555 0.24522735976194518 0.9694655961013705 0 0 0 -1 0 0 0 0 0 0
1.5798612833023071 0.8393765091896057 -40.45561599731445 0.6977385955634098 0.7163524637084739 0 0 0 -1 0 0 0 0 0 0
1.4208990335464478 1.1067944765090942 -40.78969955444336 0.9626767056730854 0.2706539494528314 0 0 0 -1 0 0 0 0 0 0
1.4172178506851196 1.4178715944290161 -41.123783111572266 0.9688088436847215 -0.2478092500256453 0 0 0 -1 0 0 0 0 0 0
1.5698133707046509 1.6889744997024536 -41.457862854003906 0.7144841355548585 -0.6996516419193388 0 0 0 -1 0 0 0 0 0 0
1.837654709815979 1.8472234010696411 -41.79194641113281 0.26808478170215366 -0.9633953237481011 0 0 0 -1 0 0 0 0 0 0
2.1487395763397217 1.850072979927063 -42.12602996826172 -0.2503893493154377 -0.9681452234811633 0 0 0 -1 0 0 0 0 0 0
2.4194343090057373 1.6967564821243286 -42.46010971069336 -0.7015481588429376 -0.7126220462658198 0 0 0 -1 0 0 0 0 0 0
2.576969861984253 1.4284955263137817 -42.794193267822266 -0.9641070810788877 -0.26551372132819595 0 0 0 -1 0 0 0 0 0 0
2.5789878368377686 1.1174031496047974 -43.12827682495117 -0.967474021167135 0.25297039029636315 0 0 0 -1 0 0 0 0 0 0
2.424950361251831 0.8471165299415588 -43.46236038208008 -0.7107436850056045 0.7034510745067164 0 0 0 -1 0 0 0 0 0 0
2.1562697887420654 0.6902981400489807 -43.79644012451172 -0.262943625118739 0.9648111991521532 0 0 0 -1 0 0 0 0 0 0
1.8451734781265259 0.6891079545021057 -44.130523681640625 0.25554958097170544 0.9667959514112509 0 0 0 -1 0 0 0 0 0 0
1.5752989053726196 0.8438664078712463 -44.46460723876953 0.7053373832073659 0.7088717626271943 0 0 0 -1 0 0 0 0 0 0
1.4217458963394165 1.1038075685501099 -44.8543701171875 0.961262283565907 0.275635306507816 0 0 0 -1 0 0 0 0 0 0
1.4178053140640259 1.420141339302063 -45.17917251586914 0.9678337633531457 -0.2515905533077246 0 0 0 -1 0 0 0 0 0 0
1.5753027200698853 1.6945096254348755 -45.50397491455078 0.7053374708601482 -0.7088716754114311 0 0 0 -1 0 0 0 0 0 0
1.8504530191421509 1.8506337404251099 -45.82877731323242 0.246754571268792 -0.9690780059200368 0 0 0 -1 0 0 0 0 0 0
2.1667640209198 1.8451100587844849 -46.15357971191406 -0.2804377027875407 -0.9598722284008674 0 0 0 -1 0 0 0 0 0 0
2.4362990856170654 1.6794759035110474 -46.4783821105957 -0.7296568533849241 -0.6838134806425002 0 0 0 -1 0 0 0 0 0 0
2.584118604660034 1.3997746706008911 -46.803184509277344 -0.976026549739675 -0.21765149713077014 0 0 0 -1 0 0 0 0 0 0
2.562321424484253 1.0639744997024536 -47.19294738769531 -0.93969248736894 0.3420205098855549 0 0 0 -1 0 0 0 0 0 0
2.395512342453003 0.8193150162696838 -47.51774978637695 -0.6616790652701703 0.7497871795270934 0 0 0 -1 0 0 0 0 0 0
2.132012128829956 0.6842289566993713 -47.842552185058594 -0.22251035472658026 0.9749303267615852 0 0 0 -1 0 0 0 0 0 0
1.8359915018081665 0.6916142106056213 -48.167354583740234 0.2708556757993707 0.962619968049316 0 0 0 -1 0 0 0 0 0 0
1.5795561075210571 0.8396740555763245 -48.492156982421875 0.6982500133504714 0.7158539787247581 0 0 0 -1 0 0 0 0 0 0
1.4251562356948853 1.0923444032669067 -48.816959381103516 0.9555805974464633 0.29472991328309434 0 0 0 -1 0 0 0 0 0 0
1.4104048013687134 1.3880864381790161 -49.141761779785156 0.9801690167715046 -0.1981633128537713 0 0 0 -1 0 0 0 0 0 0
1.5795713663101196 1.6987172365188599 -49.531524658203125 0.6982217772030026 -0.7158815194146867 0 0 0 -1 0 0 0 0 0 0
1.8230940103530884 1.8429738283157349 -49.856327056884766 0.29235164889291954 -0.9563108874155889 0 0 0 -1 0 0 0 0 0 0
2.1056487560272217 1.8595410585403442 -50.181129455566406 -0.17857343059043015 -0.9839265876513171 0 0 0 -1 0 0 0 0 0 0
2.364361524581909 1.7447339296340942 -50.50593185424805 -0.6097601015710294 -0.7925860322590145 0 0 0 -1 0 0 0 0 0 0
2.541661024093628 1.5241032838821411 -50.83073425292969 -0.9052565832183366 -0.4248652945815451 0 0 0 -1 0 0 0 0 0 0
2.5980842113494873 1.246740460395813 -51.15553665161133 -0.9993001395656868 0.037406297116911985 0 0 0 -1 0 0 0 0 0 0
2.521080732345581 0.9743748307228088 -51.48033905029297 -0.8709599258267922 0.4913540552430486 0 0 0 -1 0 0 0 0 0 0
2.3277862071990967 0.7676144242286682 -51.80514144897461 -0.5487984943855568 0.8359546713549402 0 0 0 -1 0 0 0 0 0 0
2.0612151622772217 0.6724720597267151 -52.12994384765625 -0.10452240248124191 0.9945225323639225 0 0 0 -1 0 0 0 0 0 0
1.7806860208511353 0.7101193070411682 -52.45474624633789 0.3630265512009701 0.9317787951671413 0 0 0 -1 0 0 0 0 0 0
1.5486303567886353 0.8721790909767151 -52.77954864501953 0.7497870158011772 0.6616792507975183 0 0 0 -1 0 0 0 0 0 0
1.4166876077651978 1.1225873231887817 -53.10435104370117 0.9696920532171089 0.24433035408558548 0 0 0 -1 0 0 0 0 0 0
1.4142194986343384 1.4056187868118286 -53.42915344238281 0.9738043697392312 -0.2273874435336713 0 0 0 -1 0 0 0 0 0 0
1.5926023721694946 1.7110501527786255 -53.81891632080078 0.6765036184621784 -0.7364393078914102 0 0 0 -1 0 0 0 0 0 0
1.8908849954605103 1.8594571352005005 -54.17619705200195 0.1793573610725641 -0.9837839890083016 0 0 0 -1 0 0 0 0 0 0
2.2223479747772217 1.8258687257766724 -54.53348159790039 -0.3730768846839801 -0.927800430111183 0 0 0 -1 0 0 0 0 0 0
2.484795331954956 1.620641827583313 -54.89076232910156 -0.810486879898214 -0.5857567904112234 0 0 0 -1 0 0 0 0 0 0
2.5973060131073 1.3070546388626099 -55.248046875 -0.9980065137897661 -0.06311100088888753 0 0 0 -1 0 0 0 0 0 0
2.5251967906951904 0.9817906022071838 -55.60532760620117 -0.8778191654082633 0.4789921845311678 0 0 0 -1 0 0 0 0 0 0
2.290692090988159 0.7451382279396057 -55.962608337402344 -0.48698166989241887 0.8734121897413564 0 0 0 -1 0 0 0 0 0 0
1.9660993814468384 0.6700611710548401 -56.31989288330078 0.054011530665682164 0.9985403119329485 0 0 0 -1 0 0 0 0 0 0
1.651497483253479 0.7797108292579651 -56.67717361450195 0.5783412734534089 0.8157949322104724 0 0 0 -1 0 0 0 0 0 0
1.443886399269104 1.0402737855911255 -57.03445816040039 0.9243596771248539 0.38152219765779793 0 0 0 -1 0 0 0 0 0 0
1.4072767496109009 1.3714200258255005 -57.39173889160156 0.9853762373621119 -0.17039269597634407 0 0 0 -1 0 0 0 0 0 0
1.552956223487854 1.6710416078567505 -57.7490234375 0.7425768354512668 -0.6697608852800992 0 0 0 -1 0 0 0 0 0 0
1.836006760597229 1.8467618227005005 -58.10630416870117 0.27083200294760534 -0.9626266286465321 0 0 0 -1 0 0 0 0 0 0
2.1320197582244873 1.8541432619094849 -58.49606704711914 -0.2225186229758043 -0.9749284396451628 0 0 0 -1 0 0 0 0 0 0
2.408798933029175 1.7069722414016724 -58.83015060424805 -0.6838306499611362 -0.7296407624123875 0 0 0 -1 0 0 0 0 0 0
2.573582410812378 1.4403096437454224 -59.16423416137695 -0.9584665017276566 -0.28520512804987924 0 0 0 -1 0 0 0 0 0 0
2.5813987255096436 1.1269360780715942 -59.498313903808594 -0.9714893992232708 0.2370829964312253 0 0 0 -1 0 0 0 0 0 0
2.430107831954956 0.8523884415626526 -59.8323974609375 -0.7193350600192334 0.6946632791699341 0 0 0 -1 0 0 0 0 0 0
2.1610076427459717 0.6916103959083557 -60.166481018066406 -0.27084235391671235 0.9626237163735653 0 0 0 -1 0 0 0 0 0 0
1.8475500345230103 0.6884861588478088 -60.50056457519531 0.2515905106206593 0.9678337744497431 0 0 0 -1 0 0 0 0 0 0
1.5752989053726196 0.8438664078712463 -60.83464431762695 0.7053373832073659 0.7088717626271943 0 0 0 -1 0 0 0 0 0 0
1.4217458963394165 1.1038075685501099 -61.22440719604492 0.961262283565907 0.275635306507816 0 0 0 -1 0 0 0 0 0 0
1.4230352640151978 1.4389935731887817 -61.584190368652344 0.9591150042306303 -0.2830166225854553 0 0 0 -1 0 0 0 0 0 0
1.6039167642593384 1.7211819887161255 -61.9439697265625 0.6576455210269081 -0.7533275308079791 0 0 0 -1 0 0 0 0 0 0
1.9079443216323853 1.8623143434524536 -62.30375289916992 0.15093829709517556 -0.9885431859408109 0 0 0 -1 0 0 0 0 0 0
2.2402350902557373 1.818334698677063 -62.66353225708008 -0.40288900725122195 -0.9152488447608796 0 0 0 -1 0 0 0 0 0 0
2.4970862865448 1.6029759645462036 -63.0233154296875 -0.8309716400387227 -0.5563147791056386 0 0 0 -1 0 0 0 0 0 0
2.5983359813690186 1.2834454774856567 -63.383094787597656 -0.9997176137629074 -0.023763264342227485 0 0 0 -1 0 0 0 0 0 0
2.512383222579956 0.9594669938087463 -63.74287414550781 -0.8564695018490398 0.5161976292104196 0 0 0 -1 0 0 0 0 0 0
2.2660605907440186 0.732145369052887 -64.10265350341797 -0.4459295238298049 0.8950680754986873 0 0 0 -1 0 0 0 0 0 0
1.9362341165542603 0.6724262833595276 -64.46244049072266 0.10378180222820675 0.994600089245052 0 0 0 -1 0 0 0 0 0 0
1.6258436441421509 0.798948347568512 -64.82221984863281 0.6211007974780113 0.7837306931415782 0 0 0 -1 0 0 0 0 0 0
1.4317518472671509 1.0722256898880005 -65.18199920654297 0.9445854602463781 0.3282656063177163 0 0 0 -1 0 0 0 0 0 0
1.4145399332046509 1.4069691896438599 -65.54177856445312 0.9732770528393815 -0.22963400971173206 0 0 0 -1 0 0 0 0 0 0
1.5795713663101196 1.6987172365188599 -65.90156555175781 0.6982217772030026 -0.7158815194146867 0 0 0 -1 0 0 0 0 0 0
1.836006760597229 1.8467618227005005 -66.29132843017578 0.27083200294760534 -0.9626266286465321 0 0 0 -1 0 0 0 0 0 0
2.170456647872925 1.8440190553665161 -66.65324401855469 -0.28658300635265566 -0.9580554161789774 0 0 0 -1 0 0 0 0 0 0
2.4514739513397217 1.6626530885696411 -67.01516723632812 -0.7549515493222118 -0.6557805716670722 0 0 0 -1 0 0 0 0 0 0
2.591740369796753 1.3590260744094849 -67.37709045410156 -0.9887256742133377 -0.14973824211396675 0 0 0 -1 0 0 0 0 0 0
2.5476653575897217 1.0274831056594849 -67.739013671875 -0.9152731715124233 0.4028337392890403 0 0 0 -1 0 0 0 0 0 0
2.332951307296753 0.7710438370704651 -68.10093688964844 -0.5574157675252147 0.830233498549821 0 0 0 -1 0 0 0 0 0 0
2.0143096446990967 0.6693935990333557 -68.46286010742188 -0.026343853875157315 0.9996529404563387 0 0 0 -1 0 0 0 0 0 0
1.6907583475112915 0.7541218400001526 -68.82478332519531 0.512909188934942 0.8584428716613005 0 0 0 -1 0 0 0 0 0 0
1.4628340005874634 0.9988957047462463 -69.18670654296875 0.8927853042695377 0.45048240862474187 0 0 0 -1 0 0 0 0 0 0
1.4013601541519165 1.3276578187942505 -69.54862976074219 0.9952400326554893 -0.09745397580345617 0 0 0 -1 0 0 0 0 0 0
1.5254369974136353 1.638250470161438 -69.91055297851562 0.7884421243486087 -0.6151089468969323 0 0 0 -1 0 0 0 0 0 0
1.7965131998062134 1.8341656923294067 -70.27247619628906 0.33664555380248107 -0.9416314412258232 0 0 0 -1 0 0 0 0 0 0
2.130352735519409 1.8545209169387817 -70.6343994140625 -0.21974739353632095 -0.9755568066668355 0 0 0 -1 0 0 0 0 0 0
2.4232261180877686 1.6929913759231567 -70.99632263183594 -0.7078749147086556 -0.706337812329351 0 0 0 -1 0 0 0 0 0 0
2.584118604660034 1.3997746706008911 -71.35824584960938 -0.976026549739675 -0.21765149713077014 0 0 0 -1 0 0 0 0 0 0
2.562321424484253 1.0639744997024536 -71.74800872802734 -0.93969248736894 0.3420205098855549 0 0 0 -1 0 0 0 0 0 0
-0.7736771702766418 2.749399185180664 -71.74800872802734 0.9396924771153822 -0.3420205380569378 0 0 0 1 0 0 0 0 0 0
-0.803307831287384 2.455747604370117 -71.35824584960938 0.9890763457774145 0.14740414588333753 0 0 0 1 0 0 0 0 0 0
-0.6480992436408997 2.134370803833008 -70.9684829711914 0.7303918850547941 0.6830283260935115 0 0 0 1 0 0 0 0 0 0
-0.3378365933895111 1.9579945802688599 -70.57872009277344 0.2132920625507376 0.9769884830707332 0 0 0 1 0 0 0 0 0 0
0.017706548795104027 1.9890156984329224 -70.18895721435547 -0.3792794396360025 0.92528217678144 0 0 0 1 0 0 0 0 0 0
0.2927328646183014 2.2164669036865234 -69.7991943359375 -0.8376566812827099 0.5461971112175865 0 0 0 1 0 0 0 0 0 0
0.3899332582950592 2.559865951538086 -69.40943145751953 -0.9996585353760316 -0.026130684067734288 0 0 0 1 0 0 0 0 0 0
0.27492204308509827 2.8977184295654297 -69.01966857910156 -0.8079746419169783 -0.5892172587587114 0 0 0 1 0 0 0 0 0 0
-0.011613215319812298 3.1104869842529297 -68.6299057006836 -0.33041488624875465 -0.9438357923628573 0 0 0 1 0 0 0 0 0 0
-0.3682912290096283 3.122892379760742 -68.24014282226562 0.2640490757908045 -0.9645092459764303 0 0 0 1 0 0 0 0 0 0
-0.6689141392707825 2.930540084838867 -67.85037994384766 0.7650903569352666 -0.6439229346161436 0 0 0 1 0 0 0 0 0 0
-0.8071168065071106 2.601491928100586 -67.46061706542969 0.9954281055091057 -0.095513804041891 0 0 0 1 0 0 0 0 0 0
-0.7340043187141418 2.252168655395508 -67.07085418701172 0.8735699658299828 0.48669858721780024 0 0 0 1 0 0 0 0 0 0
-0.4754422605037689 2.006166458129883 -66.68109130859375 0.4426345939764433 0.8967020777355816 0 0 0 1 0 0 0 0 0 0
-0.1229146346449852 1.9505177736282349 -66.29132843017578 -0.14490681734902117 0.989445306364014 0 0 0 1 0 0 0 0 0 0
0.1551901400089264 2.068014144897461 -65.90156555175781 -0.608416226488071 0.79361810422017 0 0 0 1 0 0 0 0 0 0
0.3604036867618561 2.3576412200927734 -65.51180267333984 -0.9504399942122083 0.31090805297048413 0 0 0 1 0 0 0 0 0 0
0.36603227257728577 2.712553024291992 -65.12203979492188 -0.9598203590759318 -0.2806151783196146 0 0 0 1 0 0 0 0 0 0
0.17010560631752014 3.0085391998291016 -64.7322769165039 -0.6332790235176511 -0.7739235610656459 0 0 0 1 0 0 0 0 0 0
-0.1588033139705658 3.142007827758789 -64.34251403808594 -0.08509643481112789 -0.9963727198104309 0 0 0 1 0 0 0 0 0 0
-0.5055821537971497 3.0662479400634766 -63.9527473449707 0.4928718042250228 -0.8701019392002127 0 0 0 1 0 0 0 0 0 0
-0.7488625645637512 2.807771682739258 -63.562984466552734 0.8983372152872248 -0.4393065531380044 0 0 0 1 0 0 0 0 0 0
-0.8034985661506653 2.4570446014404297 -63.173221588134766 0.9893966262247128 0.14523882406283703 0 0 0 1 0 0 0 0 0 0
-0.6503708958625793 2.1368160247802734 -62.7834587097168 0.734184544594241 0.6789499646357947 0 0 0 1 0 0 0 0 0 0
-0.26985105872154236 1.9471913576126099 -62.39369583129883 0.09998363079683989 0.994989082137428 0 0 0 1 0 0 0 0 0 0
0.07877413183450699 2.0181713104248047 -62.00393295288086 -0.4810575575134181 0.8766890134815336 0 0 0 1 0 0 0 0 0 0
0.32591310143470764 2.274099349975586 -61.61417007446289 -0.8929559696460808 0.4501440172582855 0 0 0 1 0 0 0 0 0 0
0.38467279076576233 2.624990463256836 -61.22440719604492 -0.9908904913062274 -0.1346700940777247 0 0 0 1 0 0 0 0 0 0
0.23439279198646545 2.9474735260009766 -60.83464431762695 -0.7404181100510493 -0.6721465779935445 0 0 0 1 0 0 0 0 0 0
-0.07208951562643051 3.128152847290039 -60.444881439208984 -0.2296234023445632 -0.9732795554699106 0 0 0 1 0 0 0 0 0 0
-0.42701277136802673 3.1035099029541016 -60.055118560791016 0.3619226334446335 -0.9322081352361721 0 0 0 1 0 0 0 0 0 0
-0.7055848240852356 2.8822078704833984 -59.66535568237305 0.8262033399645241 -0.5633720272000245 0 0 0 1 0 0 0 0 0 0
-0.8098576664924622 2.542055130004883 -59.27559280395508 0.9999937149757713 0.0035454208432874343 0 0 0 1 0 0 0 0 0 0
-0.7031682133674622 2.2026500701904297 -58.88582992553711 0.8221832771000382 0.5692228551780417 0 0 0 1 0 0 0 0 0 0
-0.42303213477134705 1.9833317995071411 -58.49606704711914 0.3552882686989513 0.9347567844765299 0 0 0 1 0 0 0 0 0 0
-0.1229146346449852 1.9505177736282349 -58.10630416870117 -0.14490681734902117 0.989445306364014 0 0 0 1 0 0 0 0 0 0
0.20355477929115295 2.109342575073242 -57.7165412902832 -0.6890251047473719 0.7247374731776143 0 0 0 1 0 0 0 0 0 0
0.3786589205265045 2.427377700805664 -57.326778411865234 -0.9808659485158162 0.19468433692048323 0 0 0 1 0 0 0 0 0 0
0.33828797936439514 2.788179397583008 -56.937015533447266 -0.9135805269990833 -0.40665786687100647 0 0 0 1 0 0 0 0 0 0
0.0972239151597023 3.0596446990966797 -56.5472526550293 -0.5118120463880321 -0.8590974503349982 0 0 0 1 0 0 0 0 0 0
-0.25627264380455017 3.1423892974853516 -56.15748977661133 0.07735412075927167 -0.9970036810371165 0 0 0 1 0 0 0 0 0 0
-0.5927785038948059 3.0061092376708984 -55.76772689819336 0.6381979836632352 -0.7698722839849355 0 0 0 1 0 0 0 0 0 0
-0.7890847325325012 2.7007083892822266 -55.377967834472656 0.9653739262566517 -0.26087004907389566 0 0 0 1 0 0 0 0 0 0
-0.7733204960823059 2.3379993438720703 -54.98820495605469 0.9390986458962967 0.34364768772063925 0 0 0 1 0 0 0 0 0 0
-0.5512574315071106 2.050779342651367 -54.59844207763672 0.5689922836632632 0.8223428610571534 0 0 0 1 0 0 0 0 0 0
-0.20419630408287048 1.9442120790481567 -54.20867919921875 -0.00944137771349213 0.9999554292001576 0 0 0 1 0 0 0 0 0 0
0.1407877504825592 2.057313919067383 -53.81891632080078 -0.584413482139049 0.8114560258535959 0 0 0 1 0 0 0 0 0 0
0.35412469506263733 2.3394412994384766 -53.42915344238281 -0.939977387616951 0.341236737132467 0 0 0 1 0 0 0 0 0 0
0.3752523958683014 2.6770153045654297 -53.039390563964844 -0.9751861150124612 -0.22138663258404542 0 0 0 1 0 0 0 0 0 0
0.21043840050697327 2.972379684448242 -52.649627685546875 -0.7004930003803843 -0.7136592719345043 0 0 0 1 0 0 0 0 0 0
-0.08793958276510239 3.1316699981689453 -52.259864807128906 -0.20319882124351102 -0.979137497517712 0 0 0 1 0 0 0 0 0 0
-0.42506346106529236 3.1042652130126953 -51.87010192871094 0.3586700563487836 -0.9334644024700465 0 0 0 1 0 0 0 0 0 0
-0.6937974095344543 2.8988780975341797 -51.48033905029297 0.8065593864886738 -0.5911530732957533 0 0 0 1 0 0 0 0 0 0
-0.8087437748908997 2.5807743072509766 -51.090576171875 0.9981390413892743 -0.06097912802344957 0 0 0 1 0 0 0 0 0 0
-0.7333748936653137 2.2510433197021484 -50.70081329345703 0.8725228308998625 0.4885733410231157 0 0 0 1 0 0 0 0 0 0
-0.49163946509361267 2.014467239379883 -50.31105041503906 0.4696273934001294 0.8828647186110681 0 0 0 1 0 0 0 0 0 0
-0.1603597104549408 1.9462300539016724 -49.921287536621094 -0.08250324227003163 0.9965907961720961 0 0 0 1 0 0 0 0 0 0
0.1551901400089264 2.068014144897461 -49.531524658203125 -0.608416226488071 0.79361810422017 0 0 0 1 0 0 0 0 0 0
0.3599936068058014 2.356393814086914 -49.141761779785156 -0.9497582159814262 0.3129845542127894 0 0 0 1 0 0 0 0 0 0
0.36413636803627014 2.718904495239258 -48.75199890136719 -0.9566630084892191 -0.29119733547605836 0 0 0 1 0 0 0 0 0 0
0.15872254967689514 3.0176258087158203 -48.36223602294922 -0.6143106622807318 -0.7890642624071937 0 0 0 1 0 0 0 0 0 0
-0.18125662207603455 3.143503189086914 -47.97247314453125 -0.047672828528426005 -0.9988630043304735 0 0 0 1 0 0 0 0 0 0
-0.5316784977912903 3.050577163696289 -47.58271026611328 0.5363667795212264 -0.8439849985787831 0 0 0 1 0 0 0 0 0 0
-0.7646096348762512 2.7727794647216797 -47.19294738769531 0.9245804640457528 -0.3809868311437286 0 0 0 1 0 0 0 0 0 0
-0.7950108647346497 2.411520004272461 -46.803184509277344 0.9752496518926761 0.22110657268207573 0 0 0 1 0 0 0 0 0 0
-0.6117833256721497 2.0986995697021484 -46.413421630859375 0.6698729181198155 0.742475773052322 0 0 0 1 0 0 0 0 0 0
-0.2818196713924408 1.9485150575637817 -46.023658752441406 0.11993250287695227 0.9927820479610163 0 0 0 1 0 0 0 0 0 0
0.07441393285989761 2.0158023834228516 -45.63389587402344 -0.47378767683024137 0.8806391072873172 0 0 0 1 0 0 0 0 0 0
0.32686296105384827 2.2759952545166016 -45.24413299560547 -0.8945427209775247 0.44698246089318344 0 0 0 1 0 0 0 0 0 0
0.38336434960365295 2.634096145629883 -44.8543701171875 -0.9887086794774346 -0.14985041583521705 0 0 0 1 0 0 0 0 0 0
0.2681242525577545 2.906858444213867 -44.46460723876953 -0.7966432004971793 -0.604449841675561 0 0 0 1 0 0 0 0 0 0
-0.02521451748907566 3.1150684356689453 -44.07484436035156 -0.30774322912751917 -0.9514694450827978 0 0 0 1 0 0 0 0 0 0
-0.3849233090877533 3.1180782318115234 -43.685081481933594 0.2917729794932989 -0.9564875997301809 0 0 0 1 0 0 0 0 0 0
-0.6817067265510559 2.9148082733154297 -43.295318603515625 0.786412513559425 -0.6177016743680943 0 0 0 1 0 0 0 0 0 0
-0.8088887333869934 2.5783214569091797 -42.905555725097656 0.9983801591667959 -0.05689514726304199 0 0 0 1 0 0 0 0 0 0
-0.7207558751106262 2.2295665740966797 -42.51579284667969 0.8514933733898563 0.5243653641051848 0 0 0 1 0 0 0 0 0 0
-0.44898542761802673 1.9938946962356567 -42.12602996826172 0.39853935881156155 0.9171512304293494 0 0 0 1 0 0 0 0 0 0
-0.09126409143209457 1.9560223817825317 -41.73626708984375 -0.19766191592700116 0.9802702520183233 0 0 0 1 0 0 0 0 0 0
0.22382989525794983 2.1295604705810547 -41.34650421142578 -0.7228153159173714 0.6910412571440799 0 0 0 1 0 0 0 0 0 0
0.3830362856388092 2.4521350860595703 -40.95674133300781 -0.9881614132578913 0.15341779997173371 0 0 0 1 0 0 0 0 0 0
0.32913079857826233 2.8077945709228516 -40.566978454589844 -0.8983162689943699 -0.4393493835890008 0 0 0 1 0 0 0 0 0 0
0.08148828893899918 3.0687007904052734 -40.177215576171875 -0.48558148643683047 -0.8741914092633252 0 0 0 1 0 0 0 0 0 0
-0.27087530493736267 3.1410770416259766 -39.787452697753906 0.10168965194057504 -0.9948161713041284 0 0 0 1 0 0 0 0 0 0
-0.6013100743293762 2.998903274536133 -39.39768981933594 0.652416955826892 -0.7578602217754744 0 0 0 1 0 0 0 0 0 0
-0.791039764881134 2.693288803100586 -39.00792694091797 0.9686305596598859 -0.24850520898559944 0 0 0 1 0 0 0 0 0 0
-0.7718709111213684 2.334077835083008 -38.6181640625 0.9366830330428744 0.3501783768447182 0 0 0 1 0 0 0 0 0 0
-0.5506909489631653 2.0503902435302734 -38.22840118408203 0.5680515416116164 0.8229929805731432 0 0 0 1 0 0 0 0 0 0
-0.20700392127037048 1.9441930055618286 -37.83863830566406 -0.004762760682989166 0.9999886579910177 0 0 0 1 0 0 0 0 0 0
0.13565698266029358 2.053659439086914 -37.448875427246094 -0.575862694983347 0.8175464246919051 0 0 0 1 0 0 0 0 0 0
0.35412469506263733 2.3394412994384766 -37.059112548828125 -0.939977387616951 0.341236737132467 0 0 0 1 0 0 0 0 0 0
0.38336434960365295 2.634096145629883 -36.669349670410156 -0.9887086794774346 -0.14985041583521705 0 0 0 1 0 0 0 0 0 0
0.22905412316322327 2.953275680541992 -36.27958679199219 -0.7315214650169928 -0.68181841146994 0 0 0 1 0 0 0 0 0 0
-0.07849439233541489 3.129629135131836 -35.88982391357422 -0.21894005008506567 -0.9757383124940563 0 0 0 1 0 0 0 0 0 0
-0.4319051206111908 3.1015872955322266 -35.50006103515625 0.3700758594844941 -0.9290015383339325 0 0 0 1 0 0 0 0 0 0
-0.7077954411506653 2.8789424896240234 -35.11029815673828 0.8298932822109596 -0.5579221631564036 0 0 0 1 0 0 0 0 0 0
-0.8098424077033997 2.539426803588867 -34.72053527832031 0.9999685388416675 0.007932296443057058 0 0 0 1 0 0 0 0 0 0
-0.7024186253547668 2.201570510864258 -34.330772399902344 0.8209305561316065 0.5710280396000283 0 0 0 1 0 0 0 0 0 0
-0.42303213477134705 1.9833317995071411 -33.941009521484375 0.3552882686989513 0.9347567844765299 0 0 0 1 0 0 0 0 0 0
-0.1229146346449852 1.9505177736282349 -33.551246643066406 -0.14490681734902117 0.989445306364014 0 0 0 1 0 0 0 0 0 0
0.19876351952552795 2.104837417602539 -33.16148376464844 -0.6810370014723375 0.7322490031577833 0 0 0 1 0 0 0 0 0 0
0.375958114862442 2.4145069122314453 -32.77172088623047 -0.9763633468914871 0.21613563992746207 0 0 0 1 0 0 0 0 0 0
0.34601274132728577 2.770029067993164 -32.3819580078125 -0.9264536147180821 -0.37640895283693704 0 0 0 1 0 0 0 0 0 0
0.11951891332864761 3.045694351196289 -31.99219512939453 -0.5489676442391241 -0.8358436011470963 0 0 0 1 0 0 0 0 0 0
-0.2234414517879486 3.144033432006836 -31.602432250976562 0.022635771691097668 -0.9997437780951419 0 0 0 1 0 0 0 0 0 0
-0.56159907579422 3.030271530151367 -31.212669372558594 0.5862313006599729 -0.8101437293014843 0 0 0 1 0 0 0 0 0 0
-0.7753861546516418 2.744638442993164 -30.822906494140625 0.9425418579977962 -0.33408808108351 0 0 0 1 0 0 0 0 0 0
-0.7892106175422668 2.3881282806396484 -30.433143615722656 0.9655830840749942 0.2600948053080318 0 0 0 1 0 0 0 0 0 0
-0.5981839299201965 2.0867977142333984 -30.043380737304688 0.6472059834426677 0.7623151677593784 0 0 0 1 0 0 0 0 0 0
-0.26985105872154236 1.9471913576126099 -29.65361785888672 0.09998363079683989 0.994989082137428 0 0 0 1 0 0 0 0 0 0
0.1407877504825592 2.057313919067383 -29.26385498046875 -0.584413482139049 0.8114560258535959 0 0 0 1 0 0 0 0 0 0
0.3532320559024811 2.336996078491211 -28.87409210205078 -0.9384854571769101 0.3453187609549269 0 0 0 1 0 0 0 0 0 0
0.37272897362709045 2.687673568725586 -28.484329223632812 -0.9709830207930641 -0.23914843367995556 0 0 0 1 0 0 0 0 0 0
0.19260087609291077 2.9891834259033203 -28.094566345214844 -0.6707746397832045 -0.7416612317114277 0 0 0 1 0 0 0 0 0 0
-0.12543043494224548 3.138216018676758 -27.704803466796875 -0.1407176202090324 -0.9900497721643627 0 0 0 1 0 0 0 0 0 0
-0.47239431738853455 3.083700180053711 -27.315040588378906 0.43755668689039473 -0.8991908283326188 0 0 0 1 0 0 0 0 0 0
-0.7293980717658997 2.844320297241211 -26.925277709960938 0.8658984219145454 -0.5002198745810689 0 0 0 1 0 0 0 0 0 0
-0.8083832859992981 2.502096176147461 -26.53551483154297 0.9975359862353238 0.07015665446356512 0 0 0 1 0 0 0 0 0 0
-0.6822827458381653 2.174295425415039 -26.145751953125 0.7873662082845568 0.6164855667828725 0 0 0 1 0 0 0 0 0 0
-0.394305557012558 1.9732381105422974 -25.75598907470703 0.3074090165954666 0.9515774779364043 0 0 0 1 0 0 0 0 0 0
-0.04312833771109581 1.9678174257278442 -25.366226196289062 -0.2778879099203056 0.9606135068382726 0 0 0 1 0 0 0 0 0 0
0.25091806054115295 2.159891128540039 -24.976463317871094 -0.7679673904225103 0.6404889438918052 0 0 0 1 0 0 0 0 0 0
0.3870760500431061 2.483644485473633 -24.586700439453125 -0.9948966875596283 0.10089886561740517 0 0 0 1 0 0 0 0 0 0
0.31869378685951233 2.8281421661376953 -24.196937561035156 -0.8809242668138073 -0.47325726210862945 0 0 0 1 0 0 0 0 0 0
0.06920114904642105 3.0753421783447266 -23.807174682617188 -0.4651014762144123 -0.8852573732102853 0 0 0 1 0 0 0 0 0 0
-0.2759145200252533 3.1405391693115234 -23.41741180419922 0.11008794958045715 -0.9939218497231916 0 0 0 1 0 0 0 0 0 0
-0.5983956456184387 3.001394271850586 -23.02764892578125 0.6475607561864478 -0.7620138233964234 0 0 0 1 0 0 0 0 0 0
-0.787743866443634 2.705587387084961 -22.63788604736328 0.9631391219446058 -0.2690037765158209 0 0 0 1 0 0 0 0 0 0
-0.7790806889533997 2.3544750213623047 -22.248123168945312 0.948698434792503 0.3161823521676294 0 0 0 1 0 0 0 0 0 0
-0.575372040271759 2.068368911743164 -21.858360290527344 0.6091835380752423 0.793029266129649 0 0 0 1 0 0 0 0 0 0
-0.2464192807674408 1.9452992677688599 -21.468597412109375 0.06092816049633041 0.9981421538330768 0 0 0 1 0 0 0 0 0 0
0.09505907446146011 2.0274410247802734 -21.078834533691406 -0.5081981305842306 0.8612401872130059 0 0 0 1 0 0 0 0 0 0
0.3320566713809967 2.2866458892822266 -20.689071655273438 -0.9031947587702669 0.42923097247276937 0 0 0 1 0 0 0 0 0 0
0.38336434960365295 2.634096145629883 -20.29930877685547 -0.9887086794774346 -0.14985041583521705 0 0 0 1 0 0 0 0 0 0
0.2681242525577545 2.906858444213867 -19.9095458984375 -0.7966432004971793 -0.604449841675561 0 0 0 1 0 0 0 0 0 0
-0.024686181917786598 3.114896774291992 -19.51978302001953 -0.30862584680356564 -0.9511835189303809 0 0 0 1 0 0 0 0 0 0
-0.38386091589927673 3.1184024810791016 -19.130020141601562 0.2900003888797485 -0.9570265275579327 0 0 0 1 0 0 0 0 0 0
-0.6806767582893372 2.916116714477539 -18.740257263183594 0.7846917114646427 -0.6198862137188487 0 0 0 1 0 0 0 0 0 0
-0.8087590336799622 2.580537796020508 -18.350494384765625 0.998162969571076 -0.06058618800561345 0 0 0 1 0 0 0 0 0 0
-0.7222054600715637 2.231931686401367 -17.960731506347656 0.8539074292449974 0.5204249247299748 0 0 0 1 0 0 0 0 0 0
-0.4520352780818939 1.9952298402786255 -17.570968627929688 0.4036204477330828 0.9149265184547586 0 0 0 1 0 0 0 0 0 0
-0.09507497400045395 1.955267071723938 -17.18120574951172 -0.19130666861219112 0.9815303146334835 0 0 0 1 0 0 0 0 0 0
0.22074952721595764 2.126363754272461 -16.79144287109375 -0.7176823501170408 0.6963706228227045 0 0 0 1 0 0 0 0 0 0
0.38224855065345764 2.447202682495117 -16.40167999267578 -0.9868494727073674 0.16164194448592498 0 0 0 1 0 0 0 0 0 0
0.33154550194740295 2.802797317504883 -16.011917114257812 -0.9023442996501428 -0.43101596825279376 0 0 0 1 0 0 0 0 0 0
0.08680979162454605 3.0657100677490234 -15.622154235839844 -0.4944488418437315 -0.8692067319109954 0 0 0 1 0 0 0 0 0 0
-0.26424726843833923 3.1417179107666016 -15.232391357421875 0.09064297526043562 -0.9958834525364583 0 0 0 1 0 0 0 0 0 0
-0.5958130955696106 3.0035762786865234 -14.842628479003906 0.6432582093636776 -0.7656493166497539 0 0 0 1 0 0 0 0 0 0
-0.7890599370002747 2.7007999420166016 -14.452865600585938 0.9653316837096797 -0.26102632132839565 0 0 0 1 0 0 0 0 0 0
-0.7747300267219543 2.3418941497802734 -14.063102722167969 0.9414496302200898 0.3371536649043821 0 0 0 1 0 0 0 0 0 0
-0.5579617619514465 2.0554866790771484 -13.67333984375 0.58016570416381 0.8144984688212192 0 0 0 1 0 0 0 0 0 0
-0.2164376676082611 1.9442235231399536 -13.283576965332031 0.010961723044973655 0.99993991850905 0 0 0 1 0 0 0 0 0 0
0.12744393944740295 2.047975540161133 -12.893814086914062 -0.5621758900802712 0.8270176954651302 0 0 0 1 0 0 0 0 0 0
0.3504396975040436 2.329561233520508 -12.504051208496094 -0.9338338660071898 0.3577070179603213 0 0 0 1 0 0 0 0 0 0
0.372631698846817 2.6880664825439453 -12.114288330078125 -0.9708223890152908 -0.23979968512623884 0 0 0 1 0 0 0 0 0 0
0.18606820702552795 2.9950084686279297 -11.724525451660156 -0.659880046019849 -0.7513709635491923 0 0 0 1 0 0 0 0 0 0
-0.14239057898521423 3.140378952026367 -11.334762573242188 -0.11245024287019509 -0.9936573568783326 0 0 0 1 0 0 0 0 0 0
-0.4950288236141205 3.0720882415771484 -10.944999694824219 0.475276950981134 -0.8798362460515461 0 0 0 1 0 0 0 0 0 0
-0.745467483997345 2.8145999908447266 -10.55523681640625 0.8926824801611509 -0.45068613204017766 0 0 0 1 0 0 0 0 0 0
-0.8039544224739075 2.460203170776367 -10.165473937988281 0.9901547684977945 0.13997690674207314 0 0 0 1 0 0 0 0 0 0
-0.6691773533821106 2.158143997192383 -9.775711059570312 0.7655258783022132 0.6434051053959902 0 0 0 1 0 0 0 0 0 0
-0.3779519498348236 1.9682141542434692 -9.385948181152344 0.28015303913464606 0.9599553503489741 0 0 0 1 0 0 0 0 0 0
-0.030282342806458473 1.9716893434524536 -8.996185302734375 -0.29929452541731244 0.9541607763135235 0 0 0 1 0 0 0 0 0 0
0.25708451867103577 2.167409896850586 -8.606422424316406 -0.7782469383893728 0.6279583607911973 0 0 0 1 0 0 0 0 0 0
0.3876558840274811 2.489645004272461 -8.216659545898438 -0.9958598478314208 0.0909019442981253 0 0 0 1 0 0 0 0 0 0
0.31758370995521545 2.830198287963867 -7.826896667480469 -0.8790716170592952 -0.4766897230702128 0 0 0 1 0 0 0 0 0 0
0.07039705663919449 3.074708938598633 -7.437137603759766 -0.4670954629003429 -0.8842068923831767 0 0 0 1 0 0 0 0 0 0
-0.2708962857723236 3.141073226928711 -7.047374725341797 0.10172296277557291 -0.9948127657223541 0 0 0 1 0 0 0 0 0 0
-0.5916951298713684 3.0070056915283203 -6.657611846923828 0.6363924157613603 -0.7713654731457845 0 0 0 1 0 0 0 0 0 0
-0.7842763066291809 2.717527389526367 -6.267848968505859 0.9573573344641256 -0.2889064453205299 0 0 0 1 0 0 0 0 0 0
-0.7839711308479309 2.369840621948242 -5.878086090087891 0.9568508819596735 0.2905794034218446 0 0 0 1 0 0 0 0 0 0
-0.5908845067024231 2.080698013305664 -5.488323211669922 0.6350417507397168 0.7724778150972593 0 0 0 1 0 0 0 0 0 0
-0.26985105872154236 1.9471913576126099 -5.098560333251953 0.09998363079683989 0.994989082137428 0 0 0 1 0 0 0 0 0 0
0.1407877504825592 2.057313919067383 -4.708797454833984 -0.584413482139049 0.8114560258535959 0 0 0 1 0 0 0 0 0 0
0.3489443361759186 2.3256969451904297 -4.319034576416016 -0.9313416520385861 0.3641465737557297 0 0 0 1 0 0 0 0 0 0
0.37803521752357483 2.664091110229492 -3.929271936416626 -0.9798274689869418 -0.19984526769139027 0 0 0 1 0 0 0 0 0 0
0.2187429964542389 2.9640636444091797 -3.5395090579986572 -0.7143425483786666 -0.6997962014585908 0 0 0 1 0 0 0 0 0 0
-0.07788976281881332 3.1294918060302734 -3.1497461795806885 -0.2199516387560498 -0.9755107772897889 0 0 0 1 0 0 0 0 0 0
-0.4168122708797455 3.1073665618896484 -2.7599833011627197 0.34491389616163337 -0.9386343293501479 0 0 0 1 0 0 0 0 0 0
-0.6894200444221497 2.9047718048095703 -2.370220422744751 0.7992676206371141 -0.6009752662140817 0 0 0 1 0 0 0 0 0 0
-0.8083565831184387 2.5866336822509766 -1.9804575443267822 0.9974947642494454 -0.07074033711358281 0 0 0 1 0 0 0 0 0 0
-0.7355130314826965 2.2548961639404297 -1.5906946659088135 0.8760901906131099 0.48214725749659176 0 0 0 1 0 0 0 0 0 0
-0.49422964453697205 2.0158557891845703 -1.2009317874908447 0.473951617417115 0.8805508868587327 0 0 0 1 0 0 0 0 0 0
-0.1618245542049408 1.946111798286438 -0.8111688494682312 -0.08005806854895275 0.996790201426665 0 0 0 1 0 0 0 0 0 0
0.1551901400089264 2.068014144897461 -0.42140600085258484 -0.608416226488071 0.79361810422017 0 0 0 1 0 0 0 0 0 0
0.3599936068058014 2.356393814086914 -0.031643107533454895 -0.9497582159814262 0.3129845542127894 0 0 0 1 0 0 0 0 0 0
0.36525025963783264 2.715208053588867 0.35811975598335266 -0.9585170538883979 -0.2850351862579528 0 0 0 1 0 0 0 0 0 0
0.16478601098060608 3.0128421783447266 0.7478826642036438 -0.6244117699429915 -0.7810953472890879 0 0 0 1 0 0 0 0 0 0
-0.16968855261802673 3.1428394317626953 1.1376454830169678 -0.06695351910412928 -0.9977560955862776 0 0 0 1 0 0 0 0 0 0
-0.5185330510139465 3.0586986541748047 1.5274083614349365 0.5144503165456485 -0.8575201874044028 0 0 0 1 0 0 0 0 0 0
-0.7569649815559387 2.7905139923095703 1.9171712398529053 0.9118382339252445 -0.41054967440261203 0 0 0 1 0 0 0 0 0 0
-0.79969722032547 2.4342174530029297 2.306934118270874 0.9830597820445951 0.18328520105680432 0 0 0 1 0 0 0 0 0 0
-0.6314423680305481 2.117258071899414 2.6966969966888428 0.7026384561659967 0.7115470468750922 0 0 0 1 0 0 0 0 0 0
-0.31238874793052673 1.9530125856399536 3.0864598751068115 0.17088169125467953 0.9852915546141358 0 0 0 1 0 0 0 0 0 0
0.04334131255745888 2.0002307891845703 3.4762227535247803 -0.42200937929080634 0.9065914646579175 0 0 0 1 0 0 0 0 0 0
0.3084990084171295 2.2420215606689453 3.865985631942749 -0.8639328807271792 0.5036069673847232 0 0 0 1 0 0 0 0 0 0
0.3882395327091217 2.5919017791748047 4.255748748779297 -0.9968328773705738 -0.07952493063878006 0 0 0 1 0 0 0 0 0 0
0.2540365755558014 2.924711227416992 4.645511627197266 -0.7731633619740613 -0.6342069186795165 0 0 0 1 0 0 0 0 0 0
-0.0461018942296505 3.1214046478271484 5.035274505615234 -0.27293058954194355 -0.9620337277311473 0 0 0 1 0 0 0 0 0 0
-0.4048188626766205 3.1116275787353516 5.425037384033203 0.3249355246465485 -0.9457361708334265 0 0 0 1 0 0 0 0 0 0
-0.6937974095344543 2.8988780975341797 5.814800262451172 0.8065593864886738 -0.5911530732957533 0 0 0 1 0 0 0 0 0 0
-0.8096707463264465 2.5592517852783203 6.204563140869141 0.9996846995976393 -0.025109786744964682 0 0 0 1 0 0 0 0 0 0
-0.710992157459259 2.214235305786133 6.594326019287109 0.8352160866804738 0.5499218931358847 0 0 0 1 0 0 0 0 0 0
-0.43305715918540955 1.9872456789016724 6.984088897705078 0.37199716604946265 0.9282338651714709 0 0 0 1 0 0 0 0 0 0
-0.07528432458639145 1.9594746828079224 7.373851776123047 -0.22429334894681632 0.9745216742680594 0 0 0 1 0 0 0 0 0 0
0.23435083031654358 2.1408557891845703 7.763614654541016 -0.7403541914151527 0.6722169822713612 0 0 0 1 0 0 0 0 0 0
0.38509050011634827 2.4665088653564453 8.153377532958984 -0.9915841367092985 0.12946389391052374 0 0 0 1 0 0 0 0 0 0
0.32301393151283264 2.819948196411133 8.543140411376953 -0.8881239219260892 -0.45960406797875714 0 0 0 1 0 0 0 0 0 0
0.07032839208841324 3.074747085571289 8.932903289794922 -0.466979938025114 -0.8842679104672184 0 0 0 1 0 0 0 0 0 0
-0.2825826108455658 3.139760971069336 9.32266616821289 0.12120200392434924 -0.9926278629197964 0 0 0 1 0 0 0 0 0 0
-0.609481155872345 2.991739273071289 9.71242904663086 0.6660355638201819 -0.7459199874830627 0 0 0 1 0 0 0 0 0 0
-0.7934334874153137 2.683626174926758 10.102191925048828 0.972619422335885 -0.23240365594157375 0 0 0 1 0 0 0 0 0 0
-0.768639862537384 2.3256359100341797 10.491954803466797 0.9313014390026682 0.3642494059179224 0 0 0 1 0 0 0 0 0 0
-0.5439713597297668 2.0458202362060547 10.881717681884766 0.5568537641207695 0.8306105497671761 0 0 0 1 0 0 0 0 0 0
-0.1997903287410736 1.9442692995071411 11.271480560302734 -0.01678456166594603 0.999859129322567 0 0 0 1 0 0 0 0 0 0
0.1407877504825592 2.057313919067383 11.661243438720703 -0.584413482139049 0.8114560258535959 0 0 0 1 0 0 0 0 0 0
0.35412469506263733 2.3394412994384766 12.051006317138672 -0.939977387616951 0.341236737132467 0 0 0 1 0 0 0 0 0 0
0.37146249413490295 2.692720413208008 12.44076919555664 -0.9688718608602798 -0.24756275413143003 0 0 0 1 0 0 0 0 0 0
0.18678155541419983 2.9943790435791016 12.83053207397461 -0.6610735526332523 -0.7503211032676946 0 0 0 1 0 0 0 0 0 0
-0.13574156165122986 3.139589309692383 13.220294952392578 -0.12353483672749675 -0.99234023606559 0 0 0 1 0 0 0 0 0 0
-0.48402151465415955 3.0778865814208984 13.610057830810547 0.4569347381869428 -0.8895002220562006 0 0 0 1 0 0 0 0 0 0
-0.7370274662971497 2.830709457397461 13.999820709228516 0.8786140514996806 -0.47753256277170925 0 0 0 1 0 0 0 0 0 0
-0.8068307042121887 2.4839611053466797 14.389583587646484 0.9949500529771291 0.10037127119254788 0 0 0 1 0 0 0 0 0 0
-0.6691773533821106 2.158143997192383 14.779346466064453 0.7655258783022132 0.6434051053959902 0 0 0 1 0 0 0 0 0 0
-0.42303213477134705 1.9833317995071411 15.169109344482422 0.3552882686989513 0.9347567844765299 0 0 0 1 0 0 0 0 0 0
-0.08057721704244614 1.9582806825637817 15.55887222290039 -0.21547504620961497 0.9765093468374811 0 0 0 1 0 0 0 0 0 0
0.21953454613685608 2.1251163482666016 15.94863510131836 -0.7156599181647096 0.6984489111828304 0 0 0 1 0 0 0 0 0 0
0.37901750206947327 2.429201126098633 16.338397979736328 -0.9814646069287171 0.1916434850086452 0 0 0 1 0 0 0 0 0 0
0.3456389009952545 2.770944595336914 16.728160858154297 -0.9258320187099354 -0.37793527637875507 0 0 0 1 0 0 0 0 0 0
0.13033166527748108 3.038423538208008 17.117923736572266 -0.5669868005995878 -0.8237268770325777 0 0 0 1 0 0 0 0 0 0
-0.19639143347740173 3.144033432006836 17.507686614990234 -0.02245074011502751 -0.9997479503696357 0 0 0 1 0 0 0 0 0 0
-0.5275261998176575 3.053194046020508 17.897449493408203 0.5294420625087729 -0.8483460982679516 0 0 0 1 0 0 0 0 0 0
-0.754622757434845 2.7956485748291016 18.287212371826172 0.9079393367545486 -0.4191016115140936 0 0 0 1 0 0 0 0 0 0
-0.803307831287384 2.455747604370117 18.67697525024414 0.9890763457774145 0.14740414588333753 0 0 0 1 0 0 0 0 0 0
-0.6503708958625793 2.1368160247802734 19.06673812866211 0.734184544594241 0.6789499646357947 0 0 0 1 0 0 0 0 0 0
-0.34464773535728455 1.9595204591751099 19.456501007080078 0.22464612048981458 0.9744404140576661 0 0 0 1 0 0 0 0 0 0
0.007837926037609577 1.9850751161575317 19.846263885498047 -0.36282967801517335 0.9318554741758003 0 0 0 1 0 0 0 0 0 0
0.2847963869571686 2.2046070098876953 20.236026763916016 -0.824428509066095 0.5659661062634896 0 0 0 1 0 0 0 0 0 0
0.39013543725013733 2.541952133178711 20.625789642333984 -0.999993062412612 0.003724933106229962 0 0 0 1 0 0 0 0 0 0
0.28730836510658264 2.880075454711914 21.015552520751953 -0.8286150570610482 -0.5598187985515632 0 0 0 1 0 0 0 0 0 0
0.011994038708508015 3.101663589477539 21.405315399169922 -0.36975743084387697 -0.9291283239336402 0 0 0 1 0 0 0 0 0 0
-0.3402932584285736 3.1298389434814453 21.79507827758789 0.21738601732996735 -0.9760857131775954 0 0 0 1 0 0 0 0 0 0
-0.6473267674446106 2.954824447631836 22.18484115600586 0.7291057831741586 -0.684401020558851 0 0 0 1 0 0 0 0 0 0
-0.8025849461555481 2.6373424530029297 22.574604034423828 0.9878738784964267 -0.15525849472549683 0 0 0 1 0 0 0 0 0 0
-0.7522004246711731 2.287538528442383 22.964366912841797 0.9038968793849299 0.4277504312542367 0 0 0 1 0 0 0 0 0 0
-0.5136540532112122 2.0267810821533203 23.354129791259766 0.5063265778407875 0.862341809592946 0 0 0 1 0 0 0 0 0 0
-0.16970953345298767 1.945531964302063 23.743892669677734 -0.06692003420799966 0.9977583419954956 0 0 0 1 0 0 0 0 0 0
0.16030564904212952 2.071981430053711 24.133655548095703 -0.6169441117616403 0.7870069650026233 0 0 0 1 0 0 0 0 0 0
0.36189332604408264 2.3622608184814453 24.523418426513672 -0.9529229793022356 0.3032124593709022 0 0 0 1 0 0 0 0 0 0
0.36511483788490295 2.715658187866211 24.91318130493164 -0.9582926925413369 -0.285788585184704 0 0 0 1 0 0 0 0 0 0
0.16885247826576233 3.0095653533935547 25.30294418334961 -0.6311875796574925 -0.7756302207148177 0 0 0 1 0 0 0 0 0 0
-0.1588033139705658 3.142007827758789 25.692707061767578 -0.08509643481112789 -0.9963727198104309 0 0 0 1 0 0 0 0 0 0
-0.5041726231575012 3.067045211791992 26.082469940185547 0.4905179055833266 -0.8714311127691887 0 0 0 1 0 0 0 0 0 0
-0.7474320530891418 2.8106746673583984 26.472232818603516 0.8959556482491527 -0.4441435312716382 0 0 0 1 0 0 0 0 0 0
-0.8041852116584778 2.461851119995117 26.861995697021484 0.9905395207164037 0.1372277592140793 0 0 0 1 0 0 0 0 0 0
-0.6547406315803528 2.141592025756836 27.251758575439453 0.7414637028043544 0.6709929786694165 0 0 0 1 0 0 0 0 0 0
-0.35094770789146423 1.9610081911087036 27.641521453857422 0.2351421647953519 0.9719609880727496 0 0 0 1 0 0 0 0 0 0
0.0017935385694727302 1.9827557802200317 28.03128433227539 -0.3527558545525342 0.9357153985475024 0 0 0 1 0 0 0 0 0 0
0.2811037600040436 2.199289321899414 28.42104721069336 -0.818273562773754 0.5748289975858448 0 0 0 1 0 0 0 0 0 0
0.39007630944252014 2.5354785919189453 28.810810089111328 -0.9998946039292342 0.014518299941791149 0 0 0 1 0 0 0 0 0 0
0.2909037172794342 2.874692916870117 29.200572967529297 -0.8346081124531008 -0.5508441690963718 0 0 0 1 0 0 0 0 0 0
0.017994558438658714 3.0992374420166016 29.590335845947266 -0.3797583821367397 -0.9250857101895402 0 0 0 1 0 0 0 0 0 0
-0.33396658301353455 3.1312122344970703 29.980098724365234 0.2068396335525162 -0.9783748596483154 0 0 0 1 0 0 0 0 0 0
-0.6428712010383606 2.9595203399658203 30.369861602783203 0.7216847353645913 -0.6922218883723193 0 0 0 1 0 0 0 0 0 0
-0.8015454411506653 2.6437320709228516 30.759624481201172 0.9861397029245614 -0.16591710676074806 0 0 0 1 0 0 0 0 0 0
-0.754937469959259 2.293405532836914 31.14938735961914 0.908461469094353 0.41796861026987403 0 0 0 1 0 0 0 0 0 0
-0.519219696521759 2.030088424682617 31.53915023803711 0.5156023850847117 0.8568279760225834 0 0 0 1 0 0 0 0 0 0
-0.17617163062095642 1.9451314210891724 31.928913116455078 -0.056148588854864234 0.9984224236111724 0 0 0 1 0 0 0 0 0 0
0.1551901400089264 2.068014144897461 32.31867599487305 -0.608416226488071 0.79361810422017 0 0 0 1 0 0 0 0 0 0
0.3599936068058014 2.356393814086914 32.708438873291016 -0.9497582159814262 0.3129845542127894 0 0 0 1 0 0 0 0 0 0
0.36344972252845764 2.7211475372314453 33.098201751708984 -0.9555183368369872 -0.2949317005143355 0 0 0 1 0 0 0 0 0 0
0.1550089418888092 3.0204944610595703 33.48796463012695 -0.6081135047270907 -0.7938500899845855 0 0 0 1 0 0 0 0 0 0
-0.18828710913658142 3.143796920776367 33.87772750854492 -0.03595365671258561 -0.9993534582763965 0 0 0 1 0 0 0 0 0 0
-0.5395558476448059 3.0454845428466797 34.26749038696289 0.549491558451483 -0.8354992682166515 0 0 0 1 0 0 0 0 0 0
-0.7689698338508606 2.761892318725586 34.65725326538086 0.9318490771896775 -0.3628461069665025 0 0 0 1 0 0 0 0 0 0
-0.7917378544807434 2.397836685180664 35.04701614379883 0.969796341990518 0.24391608200733775 0 0 0 1 0 0 0 0 0 0
-0.5994446873664856 2.087869644165039 35.4367790222168 0.6493061760799771 0.7605271130633003 0 0 0 1 0 0 0 0 0 0
-0.2631600797176361 1.9465581178665161 35.826541900634766 0.08883159156451893 0.996046659720374 0 0 0 1 0 0 0 0 0 0
0.09282175451517105 2.0261287689208984 36.216304779052734 -0.504468743149007 0.8634299549967334 0 0 0 1 0 0 0 0 0 0
0.33693376183509827 2.2971744537353516 36.6060676574707 -0.9113263333983104 0.4116847265260048 0 0 0 1 0 0 0 0 0 0
0.37895074486732483 2.659513473510742 36.99583053588867 -0.9813526927585556 -0.19221574445276807 0 0 0 1 0 0 0 0 0 0
0.20334306359291077 2.9792308807373047 37.38559341430664 -0.6886713093854243 -0.725073670484155 0 0 0 1 0 0 0 0 0 0
-0.12498410791158676 3.138151168823242 37.77535629272461 -0.14146457371736187 -0.98994331877283 0 0 0 1 0 0 0 0 0 0
-0.4846833646297455 3.077547073364258 38.16511917114258 0.4580367904287749 -0.8889332363083893 0 0 0 1 0 0 0 0 0 0
-0.7428067326545715 2.8198108673095703 38.55488204956055 0.8882403576509526 -0.4593790015228255 0 0 0 1 0 0 0 0 0 0
-0.8039544224739075 2.460203170776367 38.944644927978516 0.9901547684977945 0.13997690674207314 0 0 0 1 0 0 0 0 0 0
-0.6691773533821106 2.158143997192383 39.334407806396484 0.7655258783022132 0.6434051053959902 0 0 0 1 0 0 0 0 0 0
-0.38639387488365173 1.9707432985305786 39.72417068481445 0.2942195801329007 0.9557378503891218 0 0 0 1 0 0 0 0 0 0
-0.04717763885855675 1.9666615724563599 40.11393356323242 -0.2711362045872059 0.9625409905879566 0 0 0 1 0 0 0 0 0 0
0.24003282189369202 2.1472034454345703 40.50369644165039 -0.7498240974290641 0.6616372290875786 0 0 0 1 0 0 0 0 0 0
0.38342157006263733 2.454652786254883 40.89345932006836 -0.9888037097513519 0.1492220613112032 0 0 0 1 0 0 0 0 0 0
0.3371492922306061 2.7907238006591797 41.28322219848633 -0.9116815001721057 -0.4108976055466119 0 0 0 1 0 0 0 0 0 0
0.1160074844956398 3.0479793548583984 41.6729850769043 -0.5431172903021602 -0.8396568400095598 0 0 0 1 0 0 0 0 0 0
-0.20930609107017517 3.144186019897461 42.062747955322266 -0.0009256242598683512 -0.999999571609773 0 0 0 1 0 0 0 0 0 0
-0.5347970128059387 3.048582077026367 42.452510833740234 0.5415602441651939 -0.8406619427211725 0 0 0 1 0 0 0 0 0 0
-0.7564137578010559 2.7917346954345703 42.8422737121582 0.9109206722824372 -0.4125815420114099 0 0 0 1 0 0 0 0 0 0
-0.803307831287384 2.455747604370117 43.23203659057617 0.9890763457774145 0.14740414588333753 0 0 0 1 0 0 0 0 0 0
-0.6503708958625793 2.1368160247802734 43.62179946899414 0.734184544594241 0.6789499646357947 0 0 0 1 0 0 0 0 0 0
-0.3382047116756439 1.958074688911438 44.01156234741211 0.21390908597248962 0.9768535729260626 0 0 0 1 0 0 0 0 0 0
0.020092641934752464 1.9899998903274536 44.40132522583008 -0.38325120301788146 0.9236441497597148 0 0 0 1 0 0 0 0 0 0
0.2957369387149811 2.221120834350586 44.79108810424805 -0.8426609750003066 0.5384445015148106 0 0 0 1 0 0 0 0 0 0
0.38965097069740295 2.568361282348633 45.180850982666016 -0.999188029266553 -0.04028997605387447 0 0 0 1 0 0 0 0 0 0
0.26808038353919983 2.9069156646728516 45.570613861083984 -0.7965679259271123 -0.6045490380309763 0 0 0 1 0 0 0 0 0 0
-0.025279367342591286 3.1150875091552734 45.96037673950195 -0.30763508467186584 -0.9515044165314913 0 0 0 1 0 0 0 0 0 0
-0.3849843442440033 3.1180591583251953 46.35013961791992 0.29187475223754883 -0.9564565484151749 0 0 0 1 0 0 0 0 0 0
-0.6817429661750793 2.914762496948242 46.73990249633789 0.7864666162334774 -0.6176327885971277 0 0 0 1 0 0 0 0 0 0
-0.808892548084259 2.5782642364501953 47.12966537475586 0.9983859080384347 -0.05679417778496455 0 0 0 1 0 0 0 0 0 0
-0.720727264881134 2.229520797729492 47.51942825317383 0.8514444204720383 0.5244448482414856 0 0 0 1 0 0 0 0 0 0
-0.44894155859947205 1.9938756227493286 47.9091911315918 0.39846571015728155 0.9171832302374773 0 0 0 1 0 0 0 0 0 0
-0.09122022241353989 1.9560338258743286 48.298954010009766 -0.1977363421197912 0.9802552417636362 0 0 0 1 0 0 0 0 0 0
0.22385850548744202 2.1295909881591797 48.688716888427734 -0.7228674449715765 0.690986727079663 0 0 0 1 0 0 0 0 0 0
0.38304200768470764 2.452169418334961 49.0784797668457 -0.9881700483559689 0.1533621711249622 0 0 0 1 0 0 0 0 0 0
0.32911553978919983 2.807821273803711 49.46824264526367 -0.8982975694249548 -0.43938761562567796 0 0 0 1 0 0 0 0 0 0
0.08146349340677261 3.068716049194336 49.85800552368164 -0.48554195101004755 -0.8742133685830688 0 0 0 1 0 0 0 0 0 0
-0.27090200781822205 3.141073226928711 50.24776840209961 0.10173406631120951 -0.9948116302857474 0 0 0 1 0 0 0 0 0 0
-0.6013253331184387 2.9988880157470703 50.63753128051758 0.6524441605865344 -0.7578368012418851 0 0 0 1 0 0 0 0 0 0
-0.7910435795783997 2.693269729614258 51.02729415893555 0.9686390076359428 -0.24847227790249743 0 0 0 1 0 0 0 0 0 0
-0.77186518907547 2.3340625762939453 51.417057037353516 0.9366713042845409 0.3502097481937033 0 0 0 1 0 0 0 0 0 0
-0.5506814122200012 2.050382614135742 51.806819915771484 0.5680334517986615 0.8230054663473977 0 0 0 1 0 0 0 0 0 0
-0.20699629187583923 1.9441930055618286 52.19658279418945 -0.0047739801229491246 0.9999886044919641 0 0 0 1 0 0 0 0 0 0
0.1356607973575592 2.053659439086914 52.58634567260742 -0.5758664444913171 0.8175437836036239 0 0 0 1 0 0 0 0 0 0
0.35412469506263733 2.3394412994384766 52.97610855102539 -0.939977387616951 0.341236737132467 0 0 0 1 0 0 0 0 0 0
0.38336434960365295 2.634096145629883 53.36587142944336 -0.9887086794774346 -0.14985041583521705 0 0 0 1 0 0 0 0 0 0
0.2372519075870514 2.9442996978759766 53.75563430786133 -0.7451890719783038 -0.666853242478519 0 0 0 1 0 0 0 0 0 0
-0.05488332733511925 3.1238269805908203 54.1453971862793 -0.2582928375487175 -0.9660666695787781 0 0 0 1 0 0 0 0 0 0
-0.3976338803768158 3.114046096801758 54.535160064697266 0.31295591415724006 -0.9497676535837626 0 0 0 1 0 0 0 0 0 0
-0.6790574193000793 2.9181575775146484 54.924922943115234 0.7819938511157323 -0.6232861436107703 0 0 0 1 0 0 0 0 0 0
-0.8072465062141418 2.600130081176758 55.3146858215332 0.9956440438308514 -0.09323592646694633 0 0 0 1 0 0 0 0 0 0
-0.7403348088264465 2.263833999633789 55.70444869995117 0.8841225330374287 0.4672551193678682 0 0 0 1 0 0 0 0 0 0
-0.5001729130744934 2.0190982818603516 56.09421157836914 0.48385521792276065 0.8751480606668324 0 0 0 1 0 0 0 0 0 0
-0.1651986539363861 1.9458523988723755 56.48397445678711 -0.07443768649738704 0.9972256669525291 0 0 0 1 0 0 0 0 0 0
0.1551901400089264 2.068014144897461 56.87372970581055 -0.608416226488071 0.79361810422017 0 0 0 1 0 0 0 0 0 0
0.3599936068058014 2.356393814086914 57.26350021362305 -0.9497582159814262 0.3129845542127894 0 0 0 1 0 0 0 0 0 0
0.36154237389564514 2.727212905883789 57.653255462646484 -0.9523391716843167 -0.30504114816796396 0 0 0 1 0 0 0 0 0 0
0.1448313295841217 3.0281200408935547 58.043025970458984 -0.5911583739478427 -0.8065555014450914 0 0 0 1 0 0 0 0 0 0
-0.2073586881160736 3.1441822052001953 58.43278121948242 -0.004173689370741941 -0.9999912901205873 0 0 0 1 0 0 0 0 0 0
-0.5605061650276184 3.0310611724853516 58.82255172729492 0.5844134316368087 -0.8114560622254845 0 0 0 1 0 0 0 0 0 0
-0.779717743396759 2.7319698333740234 59.21230697631836 0.9497620930874188 -0.31297278880791785 0 0 0 1 0 0 0 0 0 0
-0.7812626957893372 2.361154556274414 59.60207748413086 0.9523359051521635 0.30505134610096274 0 0 0 1 0 0 0 0 0 0
-0.5645497441291809 2.0602474212646484 59.9918327331543 0.5911493250513553 0.8065621336830333 0 0 0 1 0 0 0 0 0 0
-0.21235784888267517 1.9441930055618286 60.3816032409668 0.004162518131096964 0.9999913366838776 0 0 0 1 0 0 0 0 0 0
0.1407877504825592 2.057313919067383 60.771358489990234 -0.584413482139049 0.8114560258535959 0 0 0 1 0 0 0 0 0 0
0.35412469506263733 2.3394412994384766 61.161128997802734 -0.939977387616951 0.341236737132467 0 0 0 1 0 0 0 0 0 0
0.374310165643692 2.6810970306396484 61.55088424682617 -0.9736174979064937 -0.22818625675158202 0 0 0 1 0 0 0 0 0 0
0.20441880822181702 2.9782047271728516 61.94065475463867 -0.6904645304521003 -0.7233662503791292 0 0 0 1 0 0 0 0 0 0
-0.10026868432760239 3.134092330932617 62.33041000366211 -0.18265573873739926 -0.9831769327574233 0 0 0 1 0 0 0 0 0 0
-0.4406159818172455 3.0980396270751953 62.72018051147461 0.3845930779622908 -0.9230862171993965 0 0 0 1 0 0 0 0 0 0
-0.7058804631233215 2.881772994995117 63.10993576049805 0.8266991531680143 -0.5626442127590828 0 0 0 1 0 0 0 0 0 0
-0.8097508549690247 2.555662155151367 63.49970626831055 0.9998170121000479 -0.01912961879737106 0 0 0 1 0 0 0 0 0 0
-0.7184308171272278 2.225820541381836 63.889461517333984 0.8476141920983249 0.5306130241084401 0 0 0 1 0 0 0 0 0 0
-0.4616330564022064 1.9995671510696411 64.27922821044922 0.41962351244887064 0.9076982471064229 0 0 0 1 0 0 0 0 0 0
-0.1229146346449852 1.9505177736282349 64.66898345947266 -0.14490681734902117 0.989445306364014 0 0 0 1 0 0 0 0 0 0
0.1551901400089264 2.068014144897461 65.05875396728516 -0.608416226488071 0.79361810422017 0 0 0 1 0 0 0 0 0 0
0.36360231041908264 2.3677196502685547 65.4485092163086 -0.9557707594183283 0.2941126577366436 0 0 0 1 0 0 0 0 0 0
0.35973992943763733 2.732748031616211 65.8382797241211 -0.9493325846610464 -0.31427319914491175 0 0 0 1 0 0 0 0 0 0
0.1450296938419342 3.027975082397461 66.22803497314453 -0.5914859801474104 -0.8063152828075735 0 0 0 1 0 0 0 0 0 0
-0.20104727149009705 3.1441211700439453 66.61780548095703 -0.014692250323540988 -0.9998920630650243 0 0 0 1 0 0 0 0 0 0
-0.5503876805305481 3.0381908416748047 67.00756072998047 0.5675468604812306 -0.8233410964830424 0 0 0 1 0 0 0 0 0 0
-0.7736771702766418 2.749399185180664 67.39733123779297 0.9396924771153822 -0.3420205380569378 0 0 0 1 0 0 0 0 0 0
-0.803307831287384 2.455747604370117 67.7870864868164 0.9890763457774145 0.14740414588333753 0 0 0 1 0 0 0 0 0 0
-0.6448014378547668 2.1308727264404297 68.1768569946289 0.7248986797708035 0.6888555030385879 0 0 0 1 0 0 0 0 0 0
-0.32842764258384705 1.9560185670852661 68.56661224365234 0.1976133783836546 0.9802800378890711 0 0 0 1 0 0 0 0 0 0
0.030981695279479027 1.9946461915969849 68.95638275146484 -0.40140333351848767 0.9159013941687424 0 0 0 1 0 0 0 0 0 0
0.3029734194278717 2.232736587524414 69.34613800048828 -0.8547250230187153 0.5190810486096143 0 0 0 1 0 0 0 0 0 0
0.38882508873939514 2.5838756561279297 69.73590850830078 -0.9978096143944766 -0.06615114074561537 0 0 0 1 0 0 0 0 0 0
0.25737443566322327 2.9206066131591797 70.12566375732422 -0.7787220807738484 -0.6273690468259077 0 0 0 1 0 0 0 0 0 0
-0.04366811737418175 3.1207103729248047 70.51543426513672 -0.27698537116235344 -0.9608741354423342 0 0 0 1 0 0 0 0 0 0
-0.40503057837486267 3.1115550994873047 70.90518951416016 0.32528106872761914 -0.9456173783975302 0 0 0 1 0 0 0 0 0 0
-0.6955540776252747 2.8964672088623047 71.29496002197266 0.8094878984516137 -0.5871365618494474 0 0 0 1 0 0 0 0 0 0
-0.8039544224739075 2.460203170776367 71.6847152709961 0.9901547684977945 0.13997690674207314 0 0 0 1 0 0 0 0 0 0
-0.7954762578010559 -2.686403274536133 -71.35824584960938 0.9760265455873082 0.21765151575145597 0 0 0 1 0 0 0 0 0 0
-0.6192200779914856 -2.994478225708008 -70.9684829711914 0.6822624363012876 0.7311073573779925 0 0 0 1 0 0 0 0 0 0
-0.29971441626548767 -3.149045944213867 -70.57872009277344 0.14975635554199246 0.9887229308430044 0 0 0 1 0 0 0 0 0 0
0.051233921200037 -3.0960254669189453 -70.18895721435547 -0.4351591018110376 0.9003535728318132 0 0 0 1 0 0 0 0 0 0
0.3108164370059967 -2.8539676666259766 -69.7991943359375 -0.8677953768518207 0.49692170803317326 0 0 0 1 0 0 0 0 0 0
0.38819757103919983 -2.5075740814208984 -69.40943145751953 -0.996762657108828 -0.08040028229644997 0 0 0 1 0 0 0 0 0 0
0.2562967836856842 -2.178060531616211 -69.01966857910156 -0.776927050311015 -0.6295906277058335 0 0 0 1 0 0 0 0 0 0
-0.03872617706656456 -1.980737566947937 -68.6299057006836 -0.2852205027759519 -0.9584619266284045 0 0 0 1 0 0 0 0 0 0
-0.393634170293808 -1.9846514463424683 -68.24014282226562 0.30628762597847814 -0.9519390159944427 0 0 0 1 0 0 0 0 0 0
-0.6842358708381653 -2.1884326934814453 -67.85037994384766 0.7906231030043761 -0.6123031185579018 0 0 0 1 0 0 0 0 0 0
-0.8088372349739075 -2.520772933959961 -67.46061706542969 0.9982933551953043 -0.05839843296615211 0 0 0 1 0 0 0 0 0 0
-0.7238362431526184 -2.865377426147461 -67.07085418701172 0.8566254587871459 0.5159387786915339 0 0 0 1 0 0 0 0 0 0
-0.45897993445396423 -3.101652145385742 -66.68109130859375 0.41520273019049686 0.9097289117326971 0 0 0 1 0 0 0 0 0 0
-0.10694821923971176 -3.146921157836914 -66.29132843017578 -0.1715213570139055 0.9851804017986291 0 0 0 1 0 0 0 0 0 0
0.2090708315372467 -2.985342025756836 -65.90156555175781 -0.6982245019265721 0.7158788618959148 0 0 0 1 0 0 0 0 0 0
-2.7832767963409424 -0.8046435713768005 -65.90156555175781 0.6084217354539069 -0.7936138808181572 0 0 0 -1 0 0 0 0 0 0
-2.4248135089874268 -0.680849015712738 -66.32130432128906 0.010978425592426677 -0.9999397352698368 0 0 0 -1 0 0 0 0 0 0
-2.06371808052063 -0.7967433333396912 -66.74105072021484 -0.5908453633130766 -0.8067848267360007 0 0 0 -1 0 0 0 0 0 0
-1.8442491292953491 -1.1060236692428589 -67.16079711914062 -0.956626212615776 -0.29131819259427705 0 0 0 -1 0 0 0 0 0 0
-1.8540853261947632 -1.485132098197937 -67.5805435180664 -0.9402338533188646 0.34052944230001586 0 0 0 -1 0 0 0 0 0 0
-2.0892956256866455 -1.782617449760437 -68.00028228759766 -0.5482157269341836 0.8363369636348883 0 0 0 -1 0 0 0 0 0 0
-2.4559147357940674 -1.8796290159225464 -68.42002868652344 0.06281344712253133 0.9980252856819735 0 0 0 -1 0 0 0 0 0 0
-2.8074753284454346 -1.7374132871627808 -68.83977508544922 0.6487521247623167 0.7609997901552795 0 0 0 -1 0 0 0 0 0 0
-3.0035316944122314 -1.4127863645553589 -69.259521484375 0.9755107819916713 0.21995161790266055 0 0 0 -1 0 0 0 0 0 0
-2.96575665473938 -1.0354365110397339 -69.67926025390625 0.9125533648339017 -0.4089576461326086 0 0 0 -1 0 0 0 0 0 0
-2.7092411518096924 -0.7561129927635193 -70.09900665283203 0.485023688406571 -0.874501012969388 0 0 0 -1 0 0 0 0 0 0
-2.3364651203155518 -0.6864108443260193 -70.51875305175781 -0.1362681908156034 -0.9906719841460351 0 0 0 -1 0 0 0 0 0 0
-1.9963525533676147 -0.8541697859764099 -70.9384994506836 -0.7031209465504639 -0.7110702739687407 0 0 0 -1 0 0 0 0 0 0
-1.8247789144515991 -1.192376971244812 -71.35824584960938 -0.9890779757678403 -0.14739320829329852 0 0 0 -1 0 0 0 0 0 0
0.37442269921302795 -2.6922473907470703 36.6060676574707 -0.9738040791155873 0.22738868814838353 0 0 0 1 0 0 0 0 0 0
0.35537591576576233 -2.3545475006103516 36.99583053588867 -0.9420595491366768 -0.33544568245902506 0 0 0 1 0 0 0 0 0 0
0.15670457482337952 -2.080808639526367 37.38559341430664 -0.610942206091446 -0.7916751990659535 0 0 0 1 0 0 0 0 0 0
-0.1584542691707611 -1.9580210447311401 37.77535629272461 -0.08567939634941169 -0.9963227594716485 0 0 0 1 0 0 0 0 0 0
-0.4899495542049408 -2.0252017974853516 38.16511917114258 0.4668159024440375 -0.8843545178407576 0 0 0 1 0 0 0 0 0 0
-0.7324383854866028 -2.2610034942626953 38.55488204956055 0.8709599796873597 -0.4913539597713588 0 0 0 1 0 0 0 0 0 0
-0.8088582158088684 -2.5904903411865234 38.944644927978516 0.9983286073047954 0.05779266248294198 0 0 0 1 0 0 0 0 0 0
-0.6949246525764465 -2.9089603424072266 39.334407806396484 0.808442421122394 0.5885752727814529 0 0 0 1 0 0 0 0 0 0
-0.42684683203697205 -3.115205764770508 39.72417068481445 0.36164210344645065 0.932317000282 0 0 0 1 0 0 0 0 0 0
-0.08981259912252426 -3.1436824798583984 40.11393356323242 -0.200080271681596 0.9797795082996066 0 0 0 1 0 0 0 0 0 0
0.2090708315372467 -2.985342025756836 40.50369644165039 -0.6982245019265721 0.7158788618959148 0 0 0 1 0 0 0 0 0 0
-2.7832767963409424 -0.8046435713768005 40.50369644165039 0.6084217354539069 -0.7936138808181572 0 0 0 -1 0 0 0 0 0 0
-2.382085084915161 -0.6819018721580505 40.0164909362793 -0.06023237341342367 -0.9981843823627908 0 0 0 -1 0 0 0 0 0 0
-1.9985631704330444 -0.8519954085350037 39.529293060302734 -0.6994361320995028 -0.714695107800303 0 0 0 -1 0 0 0 0 0 0
-1.820233702659607 -1.2317560911178589 39.04208755493164 -0.996651331155939 -0.08176872326932136 0 0 0 -1 0 0 0 0 0 0
-1.9342893362045288 -1.6355036497116089 38.55488204956055 -0.8065646441361585 0.5911458997823738 0 0 0 -1 0 0 0 0 0 0
-2.284960985183716 -1.8658274412155151 38.06767654418945 -0.22210989118463106 0.9750216388562623 0 0 0 -1 0 0 0 0 0 0
-2.700791597366333 -1.8101099729537964 37.58047866821289 0.4709431332308761 0.882163570582398 0 0 0 -1 0 0 0 0 0 0
-2.9784634113311768 -1.495599627494812 37.0932731628418 0.9337309607755737 0.3579755478927628 0 0 0 -1 0 0 0 0 0 0
-2.9822113513946533 -1.0760668516159058 36.6060676574707 0.9399737900733004 -0.34124664683368666 0 0 0 -1 0 0 0 0 0 0
0.2090708315372467 -2.985342025756836 56.87372970581055 -0.6982245019265721 0.7158788618959148 0 0 0 1 0 0 0 0 0 0
0.3799521028995514 -2.665903091430664 57.26350021362305 -0.9830220563036124 0.18348742959837264 0 0 0 1 0 0 0 0 0 0
0.3358103334903717 -2.3063297271728516 57.653255462646484 -0.9094545928558695 -0.4158032509894128 0 0 0 1 0 0 0 0 0 0
0.09273592382669449 -2.0377063751220703 58.043025970458984 -0.504329972766778 -0.8635110182094151 0 0 0 1 0 0 0 0 0 0
-0.2606538236141205 -1.9579676389694214 58.43278121948242 0.0846526226229437 -0.9964105245746141 0 0 0 1 0 0 0 0 0 0
-0.5955269932746887 -2.096181869506836 58.82255172729492 0.642774096458379 -0.7660557818606389 0 0 0 1 0 0 0 0 0 0
-0.7897999882698059 -2.4019603729248047 59.21230697631836 0.9665639356920522 -0.25642573626586396 0 0 0 1 0 0 0 0 0 0
-0.7726491093635559 -2.7638301849365234 59.60207748413086 0.9379769998884034 0.3466974872714685 0 0 0 1 0 0 0 0 0 0
-0.5503247380256653 -3.049863815307617 59.9918327331543 0.5674417047655723 0.8234135726915977 0 0 0 1 0 0 0 0 0 0
-0.20388159155845642 -3.155782699584961 60.3816032409668 -0.00996315162601446 0.9999503665731 0 0 0 1 0 0 0 0 0 0
-2.3582355976104736 -0.6838206648826599 60.3816032409668 -0.09998472952596009 -0.994988971728642 0 0 0 -1 0 0 0 0 0 0
-1.9914754629135132 -0.8590487837791443 59.9431266784668 -0.7112457721677738 -0.7029434198948499 0 0 0 -1 0 0 0 0 0 0
-1.820569396018982 -1.2278422117233276 59.504634857177734 -0.9960949687274978 -0.08828823973647561 0 0 0 -1 0 0 0 0 0 0
-1.9239476919174194 -1.6209429502487183 59.066158294677734 -0.8238007945232348 0.5668793971762311 0 0 0 -1 0 0 0 0 0 0
-2.254168748855591 -1.8579500913619995 58.62766647338867 -0.2734279760322726 0.9618924793982407 0 0 0 -1 0 0 0 0 0 0
-2.6596806049346924 -1.8300837278366089 58.18918991088867 0.402424445017686 0.9154532025462621 0 0 0 -1 0 0 0 0 0 0
-2.954381227493286 -1.5501421689987183 57.75069808959961 0.8935931394069263 0.44887782436301477 0 0 0 -1 0 0 0 0 0 0
-3.0030205249786377 -1.1465929746627808 57.31222152709961 0.9746585464164026 -0.22369782720774298 0 0 0 -1 0 0 0 0 0 0
-2.7832767963409424 -0.8046435713768005 56.87372970581055 0.6084217354539069 -0.7936138808181572 0 0 0 -1 0 0 0 0 0 0
0.19604173302650452 -2.997678756713867 60.771358489990234 -0.6765036125198644 0.736439313350104 0 0 0 1 0 0 0 0 0 0
0.3709074556827545 -2.7065067291259766 61.161128997802734 -0.9679473128330802 0.251153338777766 0 0 0 1 0 0 0 0 0 0
0.3596731722354889 -2.3670482635498047 61.55088424682617 -0.9492210221935646 -0.31460999829281383 0 0 0 1 0 0 0 0 0 0
0.16593804955482483 -2.0880794525146484 61.94065475463867 -0.6263335167049727 -0.7795552102654317 0 0 0 1 0 0 0 0 0 0
-0.14821752905845642 -1.9589899778366089 62.33041000366211 -0.10273910725571667 -0.9947083370718767 0 0 0 1 0 0 0 0 0 0
-0.4821256101131439 -2.0211429595947266 62.72018051147461 0.4537717364194669 -0.891117955843592 0 0 0 1 0 0 0 0 0 0
-0.7287896275520325 -2.254629135131836 63.10993576049805 0.8648844643350223 -0.5019709785952984 0 0 0 1 0 0 0 0 0 0
-0.8091691136360168 -2.584623336791992 63.49970626831055 0.9988469068949113 0.04800892194653309 0 0 0 1 0 0 0 0 0 0
-0.6975052952766418 -2.9053897857666016 63.889461517333984 0.8127387779839548 0.5826282509123186 0 0 0 1 0 0 0 0 0 0
-0.42958196997642517 -3.114133834838867 64.27922821044922 0.3662025118383279 0.9305351795194523 0 0 0 1 0 0 0 0 0 0
-0.0912526473402977 -3.143972396850586 64.66898345947266 -0.19768019395045255 0.9802665662561952 0 0 0 1 0 0 0 0 0 0
0.2090708315372467 -2.985342025756836 65.05875396728516 -0.6982245019265721 0.7158788618959148 0 0 0 1 0 0 0 0 0 0
-2.7832767963409424 -0.8046435713768005 65.05875396728516 0.6084217354539069 -0.7936138808181572 0 0 0 -1 0 0 0 0 0 0
-2.4318783283233643 -0.680971086025238 64.63001251220703 0.022753777059739733 -0.9997410992999716 0 0 0 -1 0 0 0 0 0 0
-2.0752174854278564 -0.7885302901268005 64.2012710571289 -0.5716794662514599 -0.820477048957767 0 0 0 -1 0 0 0 0 0 0
-1.850781798362732 -1.0858591794967651 63.77253341674805 -0.9457407661758864 -0.3249221494343639 0 0 0 -1 0 0 0 0 0 0
-1.8450902700424194 -1.4583414793014526 63.343807220458984 -0.955226872371556 0.29587433531696333 0 0 0 -1 0 0 0 0 0 0
-2.0603363513946533 -1.7623881101608276 62.91506576538086 -0.5964810870512541 0.8026271318552309 0 0 0 -1 0 0 0 0 0 0
-2.4135429859161377 -1.8807963132858276 62.486324310302734 -0.007803321416258497 0.9999695536239465 0 0 0 -1 0 0 0 0 0 0
-2.7685558795928955 -1.7679156064987183 62.05758285522461 0.5838852385152106 0.8118362077685596 0 0 0 -1 0 0 0 0 0 0
-2.988520860671997 -1.4672640562057495 61.628841400146484 0.9504912784411546 0.31075123428121626 0 0 0 -1 0 0 0 0 0 0
-2.988642930984497 -1.0947359800338745 61.20009994506836 0.9506928451980108 -0.31013402601022505 0 0 0 -1 0 0 0 0 0 0
-2.768874406814575 -0.7939395308494568 60.771358489990234 0.5844082518364726 -0.8114597927102968 0 0 0 -1 0 0 0 0 0 0
0.37823930382728577 -2.674715042114258 65.4485092163086 -0.9801668370340482 0.19817409411593023 0 0 0 1 0 0 0 0 0 0
0.3365541994571686 -2.307962417602539 65.8382797241211 -0.910691641184557 -0.41308683672634494 0 0 0 1 0 0 0 0 0 0
0.08807436376810074 -2.035013198852539 66.22803497314453 -0.49656177613973335 -0.8680013839141925 0 0 0 1 0 0 0 0 0 0
-0.27316221594810486 -1.959161639213562 66.61780548095703 0.10550382259554102 -0.9944188973555003 0 0 0 1 0 0 0 0 0 0
-0.6104424595832825 -2.109121322631836 67.00756072998047 0.6676401924438196 -0.7444840988453546 0 0 0 1 0 0 0 0 0 0
-0.7961190342903137 -2.428133010864258 67.39733123779297 0.977094925259161 -0.21280391686431585 0 0 0 1 0 0 0 0 0 0
-0.7599213719367981 -2.795469284057617 67.7870864868164 0.9167633268819657 0.39943084818815655 0 0 0 1 0 0 0 0 0 0
-0.5155499577522278 -3.072103500366211 68.1768569946289 0.5094801366729342 0.8604824172147437 0 0 0 1 0 0 0 0 0 0
-0.15548834204673767 -3.1533451080322266 68.56661224365234 -0.09062173295513831 0.9958853857328199 0 0 0 1 0 0 0 0 0 0
0.18399682641029358 -3.0084476470947266 68.95638275146484 -0.6564289472199694 0.7543878559810482 0 0 0 1 0 0 0 0 0 0
0.37442269921302795 -2.6922473907470703 69.34613800048828 -0.9738040791155873 0.22738868814838353 0 0 0 1 0 0 0 0 0 0
-2.9822113513946533 -1.0760668516159058 69.34613800048828 0.9399737900733004 -0.34124664683368666 0 0 0 -1 0 0 0 0 0 0
-2.7203800678253174 -0.7624492049217224 68.91307830810547 0.5035920355940632 -0.863941584649233 0 0 0 -1 0 0 0 0 0 0
-2.318455934524536 -0.6891688704490662 68.4800033569336 -0.16628180911172175 -0.9860782727342352 0 0 0 -1 0 0 0 0 0 0
-1.9627889394760132 -0.8902034163475037 68.04692840576172 -0.7590656402164949 -0.6510140965007766 0 0 0 -1 0 0 0 0 0 0
-1.8182862997055054 -1.2723444700241089 67.6138687133789 -0.9999003869266401 -0.014114397753912062 0 0 0 -1 0 0 0 0 0 0
-1.9519418478012085 -1.658410906791687 67.18079376220703 -0.7771408618003293 0.629326688549152 0 0 0 -1 0 0 0 0 0 0
-2.3017914295196533 -1.869409441947937 66.74771881103516 -0.19405516918337903 0.9809906173420875 0 0 0 -1 0 0 0 0 0 0
-2.705622911453247 -1.8075045347213745 66.31465911865234 0.47899637219594204 0.8778168803475624 0 0 0 -1 0 0 0 0 0 0
-2.9762051105499268 -1.5014017820358276 65.88158416748047 0.9299656267332668 0.36764647841996556 0 0 0 -1 0 0 0 0 0 0
-2.9880802631378174 -1.0930231809616089 65.4485092163086 0.9497582170547402 -0.3129845509557953 0 0 0 -1 0 0 0 0 0 0
-1.9325307607650757 -1.6330927610397339 71.29496002197266 -0.8094931402888219 0.5871293348363216 0 0 0 -1 0 0 0 0 0 0
-2.32536244392395 -1.8735827207565308 70.77527618408203 -0.1547701243431447 0.9879505091910259 0 0 0 -1 0 0 0 0 0 0
-2.7729179859161377 -1.7647494077682495 70.2555923461914 0.5911530315024879 0.8065594171202879 0 0 0 -1 0 0 0 0 0 0
-3.011451005935669 -1.3707255125045776 69.73590850830078 0.9887086797234701 0.14985041421188308 0 0 0 -1 0 0 0 0 0 0
0.36689630150794983 -2.3904361724853516 69.73590850830078 -0.9612652554442157 -0.27562494204220067 0 0 0 1 0 0 0 0 0 0
0.1792398989200592 -2.0990848541259766 70.12566375732422 -0.6485006429224287 -0.7612141066278243 0 0 0 1 0 0 0 0 0 0
-0.13822302222251892 -1.960107684135437 70.51543426513672 -0.11939492088984173 -0.9928468426024774 0 0 0 1 0 0 0 0 0 0
-0.47958502173423767 -2.019857406616211 70.90518951416016 0.44954129698361656 -0.8932595492387908 0 0 0 1 0 0 0 0 0 0
-0.7309659123420715 -2.2584095001220703 71.29496002197266 0.8685088157813222 -0.49567372021333267 0 0 0 1 0 0 0 0 0 0
-0.04736455902457237 -3.133390426635742 15.55887222290039 -0.2708268147276412 0.9626280883209671 0 0 0 1 0 0 0 0 0 0
0.2434488832950592 -2.948892593383789 15.94863510131836 -0.7555170962998369 0.6551289317368475 0 0 0 1 0 0 0 0 0 0
0.38490739464759827 -2.634878158569336 16.338397979736328 -0.9912796600757303 0.13177494268693316 0 0 0 1 0 0 0 0 0 0
0.33039918541908264 -2.2948169708251953 16.728160858154297 -0.9004310274708018 -0.4349988100763913 0 0 0 1 0 0 0 0 0 0
0.09788385778665543 -2.0407466888427734 17.117923736572266 -0.5129043260854645 -0.8584457771361074 0 0 0 1 0 0 0 0 0 0
-0.23602613806724548 -1.956384539604187 17.507686614990234 0.043611029297384245 -0.9990485864679567 0 0 0 1 0 0 0 0 0 0
-0.5613167881965637 -2.069520950317383 17.897449493408203 0.5857604178553011 -0.8104842582518078 0 0 0 1 0 0 0 0 0 0
-0.770806610584259 -2.342885971069336 18.287212371826172 0.9349118530417292 -0.35488001781176726 0 0 0 1 0 0 0 0 0 0
-0.7954762578010559 -2.686403274536133 18.67697525024414 0.9760265455873082 0.21765151575145597 0 0 0 1 0 0 0 0 0 0
2.5919501781463623 -1.192376971244812 18.67697525024414 -0.9890778615113481 -0.14739397500623425 0 0 0 -1 0 0 0 0 0 0
2.5565993785858154 -1.5011042356491089 18.330524444580078 -0.9301600613953963 0.3671542730037507 0 0 0 -1 0 0 0 0 0 0
2.3715522289276123 -1.7507418394088745 17.984066009521484 -0.6217447228359687 0.7832199560951091 0 0 0 -1 0 0 0 0 0 0
2.0864455699920654 -1.8743342161178589 17.63760757446289 -0.14657468481178543 0.9891996066377734 0 0 0 -1 0 0 0 0 0 0
1.7777448892593384 -1.8387278318405151 17.291156768798828 0.3679371023185747 0.929850680882372 0 0 0 -1 0 0 0 0 0 0
1.5282636880874634 -1.6534708738327026 16.944698333740234 0.783730625513665 0.6211008828137012 0 0 0 -1 0 0 0 0 0 0
1.4049116373062134 -1.3682574033737183 16.59823989868164 0.9893222904347185 0.14574431600924273 0 0 0 -1 0 0 0 0 0 0
1.4407774209976196 -1.0595911741256714 16.251789093017578 0.9295468114808866 -0.3687041161496807 0 0 0 -1 0 0 0 0 0 0
1.6262403726577759 -0.8102588057518005 15.905330657958984 0.6204374575282996 -0.784255928441615 0 0 0 -1 0 0 0 0 0 0
1.9115568399429321 -0.6871470808982849 15.55887222290039 0.14491387147337348 -0.9894442732436218 0 0 0 -1 0 0 0 0 0 0
-0.6068757176399231 -3.005678176879883 43.62179946899414 0.6616965429827885 0.7497717552726476 0 0 0 1 0 0 0 0 0 0
-0.2646420896053314 -3.1533069610595703 44.01156234741211 0.09130100988961082 0.9958233405545067 0 0 0 1 0 0 0 0 0 0
0.09873072057962418 -3.070371627807617 44.40132522583008 -0.5143167239789669 0.8576003191671183 0 0 0 1 0 0 0 0 0 0
0.3430239260196686 -2.788877487182617 44.79108810424805 -0.9214749973338655 0.38843767748321273 0 0 0 1 0 0 0 0 0 0
0.37396684288978577 -2.417448043823242 45.180850982666016 -0.9730462750748325 -0.23060994463160775 0 0 0 1 0 0 0 0 0 0
0.1796194612979889 -2.0994091033935547 45.570613861083984 -0.6491335904165417 -0.7606744256204026 0 0 0 1 0 0 0 0 0 0
-0.16502127051353455 -1.9574908018112183 45.96037673950195 -0.07473413747667113 -0.9972034941252553 0 0 0 1 0 0 0 0 0 0
-0.5269654393196106 -2.046457290649414 46.35013961791992 0.5285094960795462 -0.8489273894472624 0 0 0 1 0 0 0 0 0 0
-0.7665436863899231 -2.3319759368896484 46.73990249633789 0.9278050822388296 -0.3730653151551324 0 0 0 1 0 0 0 0 0 0
-0.7913067936897278 -2.703866958618164 47.12966537475586 0.9690776590089892 0.24675593368682663 0 0 0 1 0 0 0 0 0 0
2.5925986766815186 -1.196832537651062 47.12966537475586 -0.9901564350911978 -0.13996511725244404 0 0 0 -1 0 0 0 0 0 0
2.5566565990448 -1.5009592771530151 46.81077194213867 -0.930256426388151 0.3669100450567507 0 0 0 -1 0 0 0 0 0 0
2.375309705734253 -1.747735857963562 46.49187088012695 -0.6280142617073906 0.7782018292783186 0 0 0 -1 0 0 0 0 0 0
2.095799207687378 -1.8728731870651245 46.172977447509766 -0.16215886138757593 0.9867646647876508 0 0 0 -1 0 0 0 0 0 0
1.7909399271011353 -1.8437670469284058 45.85407638549805 0.3459367202302749 0.938257846008399 0 0 0 -1 0 0 0 0 0 0
1.5401540994644165 -1.6680048704147339 45.53518295288086 0.7639120402150289 0.6453203815272786 0 0 0 -1 0 0 0 0 0 0
1.4087797403335571 -1.3913744688034058 45.21628189086914 0.9828749811811052 0.1842736317768826 0 0 0 -1 0 0 0 0 0 0
1.4310346841812134 -1.0859392881393433 44.89738845825195 0.9457857208511997 -0.3247912717946347 0 0 0 -1 0 0 0 0 0 0
1.6011244058609009 -0.831270158290863 44.578487396240234 0.6622986741474775 -0.7492399256730071 0 0 0 -1 0 0 0 0 0 0
1.8747373819351196 -0.6937198042869568 44.25959396362305 0.20627457410272557 -0.9784941492307143 0 0 0 -1 0 0 0 0 0 0
2.180596113204956 -0.7091121077537537 43.94070053100586 -0.30349313296400715 -0.9528336256890241 0 0 0 -1 0 0 0 0 0 0
2.4390151500701904 -0.8734416365623474 43.62179946899414 -0.7341790796608634 -0.6789558741098923 0 0 0 -1 0 0 0 0 0 0
-0.6068719029426575 -3.0056819915771484 47.51942825317383 0.6616878229782175 0.7497794508536139 0 0 0 1 0 0 0 0 0 0
-0.30421385169029236 -3.148347854614258 47.9091911315918 0.1572553131814743 0.9875579813237277 0 0 0 1 0 0 0 0 0 0
0.02778688631951809 -3.1067447662353516 48.298954010009766 -0.39607663939839893 0.9182174555751327 0 0 0 1 0 0 0 0 0 0
0.2858816683292389 -2.8938045501708984 48.688716888427734 -0.8262383756223195 0.5633206428393964 0 0 0 1 0 0 0 0 0 0
0.3898073732852936 -2.5757579803466797 49.0784797668457 -0.9994472642128002 0.033244037924858215 0 0 0 1 0 0 0 0 0 0
0.3072439730167389 -2.251504898071289 49.46824264526367 -0.8618375743008633 -0.5071843802042841 0 0 0 1 0 0 0 0 0 0
0.06386629492044449 -2.021890640258789 49.85800552368164 -0.4562159651279366 -0.8898690876541252 0 0 0 1 0 0 0 0 0 0
-0.2646382749080658 -1.9583185911178589 50.24776840209961 0.09129439485327664 -0.9958239470249619 0 0 0 1 0 0 0 0 0 0
-0.5761063694953918 -2.0805606842041016 50.63753128051758 0.6104072172540276 -0.79208776604881 0 0 0 1 0 0 0 0 0 0
-0.7736771702766418 -2.3506031036376953 51.02729415893555 0.9396924771153822 -0.3420205380569378 0 0 0 1 0 0 0 0 0 0
2.562321424484253 -1.4860247373580933 51.02729415893555 -0.93969248736894 0.3420205098855549 0 0 0 -1 0 0 0 0 0 0
2.3842132091522217 -1.7404078245162964 50.676509857177734 -0.6428467979739262 0.7659947743520644 0 0 0 -1 0 0 0 0 0 0
2.102787733078003 -1.8716830015182495 50.32571792602539 -0.17380325516503922 0.9847803960752042 0 0 0 -1 0 0 0 0 0 0
1.7934271097183228 -1.8446787595748901 49.97493362426758 0.34179711365831283 0.9397737669752474 0 0 0 -1 0 0 0 0 0 0
1.5390020608901978 -1.6666353940963745 49.624149322509766 0.765835917580329 0.6430360389153125 0 0 0 -1 0 0 0 0 0 0
1.407662034034729 -1.3852404356002808 49.27336502075195 0.9847383451839034 0.1740413500420735 0 0 0 -1 0 0 0 0 0 0
1.4345899820327759 -1.0758761167526245 48.92257308959961 0.9398585957731634 -0.3415637860653521 0 0 0 -1 0 0 0 0 0 0
1.6125723123550415 -0.8214053511619568 48.5717887878418 0.6432187483043644 -0.7656824680177591 0 0 0 -1 0 0 0 0 0 0
1.8939329385757446 -0.6899966597557068 48.221004486083984 0.1742864996344464 -0.984694986300414 0 0 0 -1 0 0 0 0 0 0
2.2033088207244873 -0.7168483138084412 47.87021255493164 -0.341346715868208 -0.9399374551351748 0 0 0 -1 0 0 0 0 0 0
2.4578216075897217 -0.8947696089744568 47.51942825317383 -0.765528323230129 -0.6434021964000957 0 0 0 -1 0 0 0 0 0 0
-3.00384259223938 1.1385976076126099 -71.35824584960938 0.9760268154889394 0.2176503054133395 0 0 0 1 0 0 0 0 0 0
-2.8009140491485596 0.8070736527442932 -70.92950439453125 0.6378140930507309 0.7701903548512367 0 0 0 1 0 0 0 0 0 0
-2.43737530708313 0.669492781162262 -70.50076293945312 0.03191462466590008 0.9994905986213349 0 0 0 1 0 0 0 0 0 0
-2.065800905227661 0.783598005771637 -70.072021484375 -0.5873761228445641 0.8093140863175976 0 0 0 1 0 0 0 0 0 0
-1.84213387966156 1.1014996767044067 -69.6432876586914 -0.9601509392801735 0.27948197401514197 0 0 0 1 0 0 0 0 0 0
-1.8602479696273804 1.4897786378860474 -69.21454620361328 -0.9299609850212274 -0.3676582194625175 0 0 0 1 0 0 0 0 0 0
-2.1125385761260986 1.7854748964309692 -68.78580474853516 -0.5094802015744163 -0.8604823787874406 0 0 0 1 0 0 0 0 0 0
-2.4931232929229736 1.8644925355911255 -68.35707092285156 0.12483008326115662 -0.9921781343655044 0 0 0 1 0 0 0 0 0 0
-2.8422749042510986 1.6936665773391724 -67.92832946777344 0.7067476615093233 -0.707465718569531 0 0 0 1 0 0 0 0 0 0
-3.013455629348755 1.3446866273880005 -67.49958801269531 0.9920519463357721 -0.12582899416035515 0 0 0 1 0 0 0 0 0 0
-2.9348251819610596 0.9640217423439026 -67.07085418701172 0.8609970256771794 0.5086099898498361 0 0 0 1 0 0 0 0 0 0
-2.6393826007843018 0.7114315629005432 -66.6421127319336 0.3685927302502449 0.9295909848996333 0 0 0 1 0 0 0 0 0 0
-2.2511227130889893 0.6929264664649963 -66.21337127685547 -0.2785080512963946 0.9604338943222928 0 0 0 1 0 0 0 0 0 0
-1.9329942464828491 0.9162693619728088 -65.78462982177734 -0.8087208388925774 0.5881926595435255 0 0 0 1 0 0 0 0 0 0
-1.8185113668441772 1.2877293825149536 -65.35589599609375 -0.9995221645647564 -0.030910233641693246 0 0 0 1 0 0 0 0 0 0
-1.9557241201400757 1.6514073610305786 -64.92715454101562 -0.7708375225785811 -0.6370317996653821 0 0 0 1 0 0 0 0 0 0
-2.287043809890747 1.8546696901321411 -64.4984130859375 -0.21863722815283126 -0.9758062115326214 0 0 0 1 0 0 0 0 0 0
-2.673419237136841 1.8122121095657349 -64.0696792602539 0.42531960218185305 -0.9050432232771373 0 0 0 1 0 0 0 0 0 0
-2.9526913166046143 1.5418492555618286 -63.64093780517578 0.8907806859380845 -0.4544334599913122 0 0 0 1 0 0 0 0 0 0
-3.007655382156372 1.1570569276809692 -63.21220016479492 0.9823837111116187 0.1868749425219009 0 0 0 1 0 0 0 0 0 0
-2.8152401447296143 0.8193188309669495 -62.7834587097168 0.6616909389503246 0.7497767009657195 0 0 0 1 0 0 0 0 0 0
0.23064866662025452 2.9515552520751953 -62.7834587097168 -0.7341845774242358 -0.6789499291349812 0 0 0 -1 0 0 0 0 0 0
0.38377824425697327 2.631326675415039 -63.173221588134766 -0.9893966278425848 -0.14523881304156128 0 0 0 -1 0 0 0 0 0 0
0.3291403353214264 2.280599594116211 -63.562984466552734 -0.8983361463793875 0.43930873893906486 0 0 0 -1 0 0 0 0 0 0
0.08585993200540543 2.022123336791992 -63.9527473449707 -0.49286705905483497 0.8701046270987403 0 0 0 -1 0 0 0 0 0 0
-0.2609189450740814 1.9463635683059692 -64.34251403808594 0.08509646453927053 0.9963727172714619 0 0 0 -1 0 0 0 0 0 0
-0.589827835559845 2.079832077026367 -64.7322769165039 0.6332789775792974 0.7739235986556552 0 0 0 -1 0 0 0 0 0 0
-0.7857525944709778 2.3758182525634766 -65.12203979492188 0.9598199112869793 0.28061670993911786 0 0 0 -1 0 0 0 0 0 0
-0.7801240086555481 2.7307300567626953 -65.51180267333984 0.950439444526258 -0.3109097333449346 0 0 0 -1 0 0 0 0 0 0
-0.5749104619026184 3.020357131958008 -65.90156555175781 0.6084180623694387 -0.7936166967640094 0 0 0 -1 0 0 0 0 0 0
2.41743540763855 0.8396549820899963 -65.90156555175781 -0.6982159395868024 0.715887212979055 0 0 0 1 0 0 0 0 0 0
2.582470655441284 1.1314030885696411 -65.54177856445312 -0.9732770528393815 0.22963400971173206 0 0 0 1 0 0 0 0 0 0
2.5652549266815186 1.4661465883255005 -65.18199920654297 -0.9445854602463781 -0.3282656063177163 0 0 0 1 0 0 0 0 0 0
2.371166944503784 1.7394238710403442 -64.82221984863281 -0.6211077742675373 -0.7837251640367471 0 0 0 1 0 0 0 0 0 0
2.060772657394409 1.8659459352493286 -64.46244049072266 -0.10378182032365221 -0.994600087356878 0 0 0 1 0 0 0 0 0 0
1.7309499979019165 1.8062268495559692 -64.10265350341797 0.4459206050551593 -0.8950725188426024 0 0 0 1 0 0 0 0 0 0
1.4846235513687134 1.5789052248001099 -63.74287414550781 0.856469579354165 -0.5161975006147351 0 0 0 1 0 0 0 0 0 0
1.3986746072769165 1.2549268007278442 -63.383094787597656 0.9997176074271337 0.0237635308859485 0 0 0 1 0 0 0 0 0 0
1.4999204874038696 0.9353962540626526 -63.0233154296875 0.8309715589975215 0.5563149001574815 0 0 0 1 0 0 0 0 0 0
1.7567716836929321 0.7200375199317932 -62.66353225708008 0.4028889426074518 0.9152488732168149 0 0 0 1 0 0 0 0 0 0
2.089062452316284 0.6760578751564026 -62.30375289916992 -0.15092730684679473 0.9885448639530598 0 0 0 1 0 0 0 0 0 0
2.393090009689331 0.8171902298927307 -61.9439697265625 -0.6576454341751141 0.7533276066285012 0 0 0 1 0 0 0 0 0 0
2.5739753246307373 1.0993787050247192 -61.584190368652344 -0.9591150042306303 0.2830166225854553 0 0 0 1 0 0 0 0 0 0
2.575260877609253 1.4345647096633911 -61.22440719604492 -0.961262283565907 -0.275635306507816 0 0 0 1 0 0 0 0 0 0
1.4052778482437134 -1.3707255125045776 -61.22440719604492 0.9887088056925111 0.1498495830694504 0 0 0 -1 0 0 0 0 0 0
1.4483915567398071 -1.0412806272506714 -61.58633041381836 0.9168548034232773 -0.39922082791315316 0 0 0 -1 0 0 0 0 0 0
1.660194993019104 -0.7852877974510193 -61.9482536315918 0.5638450875658525 -0.8258805708017691 0 0 0 -1 0 0 0 0 0 0
1.9757353067398071 -0.681245744228363 -62.310176849365234 0.03794492768663821 -0.9992798319103893 0 0 0 -1 0 0 0 0 0 0
2.298260450363159 -0.7610606551170349 -62.67210006713867 -0.4995956069423078 -0.8662587543707406 0 0 0 -1 0 0 0 0 0 0
2.5288665294647217 -1.0002535581588745 -63.03402328491211 -0.8839371547480083 -0.4676057168769387 0 0 0 -1 0 0 0 0 0 0
2.5968406200408936 -1.3254793882369995 -63.39594268798828 -0.9972253146278187 0.07444240636524356 0 0 0 -1 0 0 0 0 0 0
2.481335401535034 -1.6370104551315308 -63.75786590576172 -0.8047195611641481 0.5936551422162374 0 0 0 -1 0 0 0 0 0 0
2.2177703380584717 -1.8393152952194214 -64.11978912353516 -0.36544443519091147 0.9308331562573368 0 0 0 -1 0 0 0 0 0 0
1.886971116065979 -1.870355486869812 -64.4817123413086 0.1858890332797275 0.9825707441738373 0 0 0 -1 0 0 0 0 0 0
1.590370774269104 -1.7206171751022339 -64.84363555908203 0.6802195390299763 0.7330084438271136 0 0 0 -1 0 0 0 0 0 0
1.418923020362854 -1.4360140562057495 -65.20555877685547 0.9659660753573297 0.25866878678873856 0 0 0 -1 0 0 0 0 0 0
1.4252020120620728 -1.1038187742233276 -65.5674819946289 0.9555010630118165 -0.29498765835758106 0 0 0 -1 0 0 0 0 0 0
1.6072851419448853 -0.825899064540863 -65.92940521240234 0.6520314869814124 -0.7581918886303178 0 0 0 -1 0 0 0 0 0 0
1.9093290567398071 -0.6874789595603943 -66.29132843017578 0.14862741151748712 -0.9888932665083787 0 0 0 -1 0 0 0 0 0 0
2.238720655441284 -0.7310008406639099 -66.65324401855469 -0.40036329279945176 -0.9163564992833195 0 0 0 -1 0 0 0 0 0 0
2.494450330734253 -0.9431208968162537 -67.01516723632812 -0.8265766739442292 -0.5628241306938564 0 0 0 -1 0 0 0 0 0 0
2.59809947013855 -1.2587908506393433 -67.37709045410156 -0.9993259313141022 -0.0367108022685754 0 0 0 -1 0 0 0 0 0 0
2.5178840160369873 -1.5812166929244995 -67.739013671875 -0.8656379636576774 0.500670466349464 0 0 0 -1 0 0 0 0 0 0
2.278404951095581 -1.8115252256393433 -68.10093688964844 -0.4665050900412229 0.8845185136364475 0 0 0 -1 0 0 0 0 0 0
1.9530950784683228 -1.8790911436080933 -68.46286010742188 0.07567717800096495 0.9971323707160501 0 0 0 -1 0 0 0 0 0 0
1.6417089700698853 -1.7632006406784058 -68.82478332519531 0.5946550759332733 0.8039809330244051 0 0 0 -1 0 0 0 0 0 0
1.4397321939468384 -1.499383807182312 -69.18670654296875 0.9312892877958301 0.3642804722143848 0 0 0 -1 0 0 0 0 0 0
1.4091001749038696 -1.1685465574264526 -69.54862976074219 0.9823388610298559 -0.18711056119461944 0 0 0 -1 0 0 0 0 0 0
1.5592085123062134 -0.872133195400238 -69.91055297851562 0.7321598900815178 -0.6811328030243587 0 0 0 -1 0 0 0 0 0 0
1.8440252542495728 -0.7010402083396912 -70.27247619628906 0.257456684903473 -0.9662898402645625 0 0 0 -1 0 0 0 0 0 0
2.1762092113494873 -0.707735002040863 -70.6343994140625 -0.29617763702779143 -0.9551328741722974 0 0 0 -1 0 0 0 0 0 0
2.453903913497925 -0.8901576399803162 -70.99632263183594 -0.7590008214361763 -0.6510896659133899 0 0 0 -1 0 0 0 0 0 0
2.5919501781463623 -1.192376971244812 -71.35824584960938 -0.9890778615113481 -0.14739397500623425 0 0 0 -1 0 0 0 0 0 0
2.582787275314331 1.1327534914016724 -28.87409210205078 -0.9738037896202347 0.22738992792397283 0 0 0 1 0 0 0 0 0 0
2.5726287364959717 1.4434911012649536 -28.527633666992188 -0.9568714988708414 -0.29051150519156593 0 0 0 1 0 0 0 0 0 0
2.4083144664764404 1.7074261903762817 -28.18117904663086 -0.6830194983112234 -0.7304001402838616 0 0 0 1 0 0 0 0 0 0
2.133965253829956 1.8536931276321411 -27.83472442626953 -0.22577552080725338 -0.9741793542280669 0 0 0 1 0 0 0 0 0 0
1.8232427835464478 1.8430196046829224 -27.488265991210938 0.29210394565828046 -0.9563865771385881 0 0 0 1 0 0 0 0 0 0
1.5595823526382446 1.6782666444778442 -27.14181137084961 0.7315378802511671 -0.6818007991764378 0 0 0 1 0 0 0 0 0 0
1.4137693643569946 1.4036771059036255 -26.79535675048828 0.9745528092107808 -0.22415802921014252 0 0 0 1 0 0 0 0 0 0
1.4249616861343384 1.0929738283157349 -26.448898315429688 0.9559021589130697 0.29368531217160426 0 0 0 1 0 0 0 0 0 0
1.5901533365249634 0.8295841813087463 -26.10244369506836 0.6805861284486484 0.7326680843078123 0 0 0 1 0 0 0 0 0 0
1.8649870157241821 0.6842289566993713 -25.75598907470703 0.2225292489841884 0.9749260142936659 0 0 0 1 0 0 0 0 0 0
2.211674451828003 -0.7199572920799255 -25.75598907470703 -0.35528330874875824 -0.9347586696706986 0 0 0 -1 0 0 0 0 0 0
2.4629104137420654 -0.900911271572113 -26.10244369506836 -0.774011869887311 -0.6331710868900668 0 0 0 -1 0 0 0 0 0 0
2.5904815196990967 -1.1830271482467651 -26.448898315429688 -0.9866297276895035 -0.16297785260377007 0 0 0 -1 0 0 0 0 0 0
2.560417890548706 -1.4911822080612183 -26.79535675048828 -0.9365194673560056 0.3506155833148659 0 0 0 -1 0 0 0 0 0 0
2.380722761154175 -1.7433184385299683 -27.14181137084961 -0.6370316274963947 0.7708376648616067 0 0 0 -1 0 0 0 0 0 0
2.099247694015503 -1.8722971677780151 -27.488265991210938 -0.1679021207458468 0.9858036710466477 0 0 0 -1 0 0 0 0 0 0
1.7909437417984009 -1.8437708616256714 -27.83472442626953 0.3459367202302749 0.938257846008399 0 0 0 -1 0 0 0 0 0 0
1.5379148721694946 -1.6653345823287964 -28.18117904663086 0.767650794224836 0.6408683625566008 0 0 0 -1 0 0 0 0 0 0
1.4075323343276978 -1.3845080137252808 -28.527633666992188 0.9849520660126778 0.17282773983755514 0 0 0 -1 0 0 0 0 0 0
1.434517502784729 -1.0760668516159058 -28.87409210205078 0.9399737900733004 -0.34124664683368666 0 0 0 -1 0 0 0 0 0 0
2.1610000133514404 0.6916103959083557 -25.366226196289062 -0.27083195724315234 0.9626266415053363 0 0 0 1 0 0 0 0 0 0
2.397995710372925 0.8215199112892151 -25.06307601928711 -0.6658221298343133 0.7461105088543512 0 0 0 1 0 0 0 0 0 0
2.553936719894409 1.0422612428665161 -24.759925842285156 -0.9257225385064601 0.3782033602457218 0 0 0 1 0 0 0 0 0 0
2.597180128097534 1.3090459108352661 -24.45677947998047 -0.9977909624849378 -0.06643188378618851 0 0 0 1 0 0 0 0 0 0
2.5189521312713623 1.5677396059036255 -24.153629302978516 -0.86741686260923 -0.49758214041619336 0 0 0 1 0 0 0 0 0 0
2.335125684738159 1.7658597230911255 -23.850479125976562 -0.5610403932090886 -0.8277884253767934 0 0 0 1 0 0 0 0 0 0
2.0829970836639404 1.8632069826126099 -23.547332763671875 -0.14081816017631485 -0.9900354770232013 0 0 0 1 0 0 0 0 0 0
1.813728928565979 1.8400250673294067 -23.244182586669922 0.3079591889111374 -0.9513995679866554 0 0 0 1 0 0 0 0 0 0
1.581947922706604 1.7010213136672974 -22.94103240966797 0.6942634626587936 -0.7197209489913587 0 0 0 1 0 0 0 0 0 0
1.4346891641616821 1.4743977785110474 -22.63788604736328 0.93969248736894 -0.3420205098855549 0 0 0 1 0 0 0 0 0 0
2.562321424484253 -1.4860247373580933 -22.63788604736328 -0.93969248736894 0.3420205098855549 0 0 0 -1 0 0 0 0 0 0
2.382500410079956 -1.7418421506881714 -22.978927612304688 -0.6399934612640356 0.7683803547327842 0 0 0 -1 0 0 0 0 0 0
2.0983893871307373 -1.8724421262741089 -23.319969177246094 -0.16647821229285273 0.9860451332630653 0 0 0 -1 0 0 0 0 0 0
1.787148118019104 -1.8423556089401245 -23.661014556884766 0.3522642066818272 0.9359005976549127 0 0 0 -1 0 0 0 0 0 0
1.5333143472671509 -1.6597574949264526 -24.002056121826172 0.7753127126146309 0.6315775468286876 0 0 0 -1 0 0 0 0 0 0
1.4058233499526978 -1.3742350339889526 -24.343097686767578 0.9878047766951951 0.1556975373541784 0 0 0 -1 0 0 0 0 0 0
1.4393011331558228 -1.0633410215377808 -24.684139251708984 0.9320031976415671 -0.3624500511600095 0 0 0 -1 0 0 0 0 0 0
1.6246610879898071 -0.8115138411521912 -25.02518081665039 0.6230710424135503 -0.7821652485924516 0 0 0 -1 0 0 0 0 0 0
1.9115568399429321 -0.6871470808982849 -25.366226196289062 0.14491387147337348 -0.9894442732436218 0 0 0 -1 0 0 0 0 0 0
2.41743540763855 0.8396549820899963 -0.42140600085258484 -0.6982159395868024 0.715887212979055 0 0 0 1 0 0 0 0 0 0
2.5682036876678467 1.0809193849563599 -0.10959263145923615 -0.9494958101108809 0.3137797102775796 0 0 0 1 0 0 0 0 0 0
2.5908820629119873 1.3645116090774536 0.20222072303295135 -0.9872993718748458 -0.15887086043555823 0 0 0 1 0 0 0 0 0 0
2.4803779125213623 1.6266728639602661 0.5140264630317688 -0.8031221011308805 -0.5958144767250286 0 0 0 1 0 0 0 0 0 0
2.2615363597869873 1.8084584474563599 0.8258398175239563 -0.4383867161413097 -0.8987864524517706 0 0 0 1 0 0 0 0 0 0
1.9835554361343384 1.8690015077590942 1.1376454830169678 0.024907535918718627 -0.9996897592025528 0 0 0 1 0 0 0 0 0 0
1.7089353799819946 1.7946873903274536 1.4494588375091553 0.482610725469567 -0.8758349659962992 0 0 0 1 0 0 0 0 0 0
1.4994169473648071 1.6022244691848755 1.7612721920013428 0.8318120162833865 -0.5550574470868463 0 0 0 1 0 0 0 0 0 0
1.4021116495132446 1.3348828554153442 2.073077917098999 0.9939875528982679 -0.10949312619207158 0 0 0 1 0 0 0 0 0 0
1.4388929605484009 1.0527745485305786 2.3848912715911865 0.9326850188225898 0.36069191239048487 0 0 0 1 0 0 0 0 0 0
1.6014906167984009 0.8193188309669495 2.6966969966888428 0.6616846315762048 0.7497822672855516 0 0 0 1 0 0 0 0 0 0
2.4390151500701904 -0.8734416365623474 2.6966969966888428 -0.7341790796608634 -0.6789558741098923 0 0 0 -1 0 0 0 0 0 0
2.5850112438201904 -1.1542834043502808 2.3502461910247803 -0.9775110227940601 -0.21088432923313807 0 0 0 -1 0 0 0 0 0 0
2.5677878856658936 -1.4703348875045776 2.0037877559661865 -0.9488032802411479 0.3158675915690589 0 0 0 -1 0 0 0 0 0 0
2.392136335372925 -1.7336443662643433 1.6573293209075928 -0.6560506509185908 0.7547168630879354 0 0 0 -1 0 0 0 0 0 0
2.1069419384002686 -1.870935320854187 1.3108785152435303 -0.1807255005426251 0.9835335751531911 0 0 0 -1 0 0 0 0 0 0
1.7915693521499634 -1.8439997434616089 0.9644201397895813 0.34489412617029463 0.9386415938648942 0 0 0 -1 0 0 0 0 0 0
1.5337835550308228 -1.660333514213562 0.6179617047309875 0.7745318527489073 0.6325349073982754 0 0 0 -1 0 0 0 0 0 0
1.4053274393081665 -1.3710535764694214 0.27151086926460266 0.9886251847969839 0.15040027920562415 0 0 0 -1 0 0 0 0 0 0
1.4419485330581665 -1.0566576719284058 -0.0749475508928299 0.9275919683233314 -0.373594887949565 0 0 0 -1 0 0 0 0 0 0
1.6334539651870728 -0.8046435713768005 -0.42140600085258484 0.6084146689583422 -0.7936192982761386 0 0 0 -1 0 0 0 0 0 0
2.0044829845428467 0.6692143082618713 3.0864598751068115 -0.009963038102091044 0.9999503677042058 0 0 0 1 0 0 0 0 0 0
2.317295789718628 0.7608852982521057 3.4329183101654053 -0.5313223975347334 0.847169705476974 0 0 0 1 0 0 0 0 0 0
2.5360190868377686 1.0025807619094849 3.779376745223999 -0.8958564666383424 0.44434355085031263 0 0 0 1 0 0 0 0 0 0
2.5960891246795654 1.3229657411575317 4.125827789306641 -0.9959747393360938 -0.08963436062358965 0 0 0 1 0 0 0 0 0 0
2.479779005050659 1.627477765083313 4.472286224365234 -0.802131611224701 -0.5971472835691921 0 0 0 1 0 0 0 0 0 0
2.221421003341675 1.826238751411438 4.818744659423828 -0.3715299515120171 -0.9284209687041103 0 0 0 1 0 0 0 0 0 0
1.8972631692886353 1.8605824708938599 5.165195465087891 0.16873305481301448 -0.985661785915163 0 0 0 1 0 0 0 0 0 0
1.6029897928237915 1.720373272895813 5.511653900146484 0.6591898273268054 -0.7519765764628952 0 0 0 1 0 0 0 0 0 0
1.425453782081604 1.4469929933547974 5.858112335205078 0.9550813296969892 -0.296343809896936 0 0 0 1 0 0 0 0 0 0
1.4170576333999634 1.121130108833313 6.204563140869141 0.9690753229690029 0.2467651077695605 0 0 0 1 0 0 0 0 0 0
2.5925986766815186 -1.196832537651062 6.204563140869141 -0.9901564350911978 -0.13996511725244404 0 0 0 -1 0 0 0 0 0 0
2.548802137374878 -1.519922137260437 5.858112335205078 -0.9171633203185143 0.3985115354193882 0 0 0 -1 0 0 0 0 0 0
2.342503309249878 -1.7724093198776245 5.511653900146484 -0.5733252906690222 0.8193278410253623 0 0 0 -1 0 0 0 0 0 0
2.03462290763855 -1.879724383354187 5.165195465087891 -0.060193910765462294 0.9981867025295216 0 0 0 -1 0 0 0 0 0 0
1.7160803079605103 -1.8101862668991089 4.818744659423828 0.47070411736751555 0.8822911276292357 0 0 0 -1 0 0 0 0 0 0
1.4809309244155884 -1.5843256711959839 4.472286224365234 0.8626221732181909 0.5058487780674431 0 0 0 -1 0 0 0 0 0 0
1.3986250162124634 -1.2688387632369995 4.125827789306641 0.9998007815890892 -0.019959888122083578 0 0 0 -1 0 0 0 0 0 0
1.4934583902359009 -0.9568881392478943 3.779376745223999 0.8417398585565622 -0.5398833304679621 0 0 0 -1 0 0 0 0 0 0
1.7374273538589478 -0.7405909895896912 3.4329183101654053 0.4351321973833405 -0.9003665757902976 0 0 0 -1 0 0 0 0 0 0
2.058495283126831 -0.6838206648826599 3.0864598751068115 -0.09999028331063649 -0.994988413622721 0 0 0 -1 0 0 0 0 0 0
2.484196424484253 -1.6330927610397339 71.29496002197266 -0.80949326115379 0.5871291681960641 0 0 0 -1 0 0 0 0 0 0
2.230938673019409 -1.8339632749557495 70.9485092163086 -0.38739480391283826 0.9219139145827736 0 0 0 -1 0 0 0 0 0 0
1.9102178812026978 -1.8742846250534058 70.60204315185547 0.14714595749549803 0.989114789694671 0 0 0 -1 0 0 0 0 0 0
1.615120530128479 -1.7423495054244995 70.2555923461914 0.6389762898291463 0.7692264302766637 0 0 0 -1 0 0 0 0 0 0
1.4312978982925415 -1.4764612913131714 69.90914154052734 0.9453423347789619 0.32607954562447 0 0 0 -1 0 0 0 0 0 0
1.4121061563491821 -1.1537836790084839 69.56267547607422 0.9773310339639215 -0.21171691016782843 0 0 0 -1 0 0 0 0 0 0
1.5631109476089478 -0.8679789900779724 69.21622467041016 0.7256555212849604 -0.6880581838977374 0 0 0 -1 0 0 0 0 0 0
1.8404890298843384 -0.7019938826560974 68.8697738647461 0.26335857799740925 -0.964698014611403 0 0 0 -1 0 0 0 0 0 0
2.163731336593628 -0.704011857509613 68.52330780029297 -0.27537608635987393 -0.9613365753268306 0 0 0 -1 0 0 0 0 0 0
2.4390151500701904 -0.8734416365623474 68.1768569946289 -0.7341790796608634 -0.6789558741098923 0 0 0 -1 0 0 0 0 0 0
1.6014906167984009 0.8193188309669495 68.1768569946289 0.6616846315762048 0.7497822672855516 0 0 0 1 0 0 0 0 0 0
1.8930021524429321 0.6785336136817932 68.52330780029297 0.1758356533173623 0.9844195360832985 0 0 0 1 0 0 0 0 0 0
2.2152259349823 0.7096958756446838 68.8697738647461 -0.36119894590384877 0.9324887782048366 0 0 0 1 0 0 0 0 0 0
2.4743621349334717 0.9037304520606995 69.21622467041016 -0.793097478085142 0.6090947301159219 0 0 0 1 0 0 0 0 0 0
2.5949676036834717 1.2041531801223755 69.56267547607422 -0.9941091681393377 0.10838340196410959 0 0 0 1 0 0 0 0 0 0
2.5419394969940186 1.5235081911087036 69.90914154052734 -0.9057251446660862 -0.4238655002705424 0 0 0 1 0 0 0 0 0 0
2.3307044506073 1.7688275575637817 70.2555923461914 -0.5536692853928376 -0.8327366464931061 0 0 0 1 0 0 0 0 0 0
2.0227668285369873 1.8686963319778442 70.60204315185547 -0.04043582043321185 -0.9991821377636277 0 0 0 1 0 0 0 0 0 0
1.7077642679214478 1.7940388917922974 70.9485092163086 0.48456706135715283 -0.8747541157649349 0 0 0 1 0 0 0 0 0 0
1.4773985147476196 1.5665913820266724 71.29496002197266 0.868507459013595 -0.4956760975049621 0 0 0 1 0 0 0 0 0 0
-2.2557289600372314 0.6916103959083557 -33.551246643066406 -0.27082675887083113 0.9626281040357801 0 0 0 1 0 0 0 0 0 0
-1.9326242208480835 0.916776716709137 -33.1181755065918 -0.8093341653050082 0.5873484560889266 0 0 0 1 0 0 0 0 0 0
-1.8187288045883179 1.2937718629837036 -32.68510437011719 -0.9991602060093778 -0.040974171465665475 0 0 0 1 0 0 0 0 0 0
-1.9631131887435913 1.6601735353469849 -32.252037048339844 -0.758524179929163 -0.6516448944500302 0 0 0 1 0 0 0 0 0 0
-2.3035709857940674 1.858129620552063 -31.818965911865234 -0.1910873739013117 -0.9815730311777623 0 0 0 1 0 0 0 0 0 0
-2.6934235095977783 1.8023511171340942 -31.385894775390625 0.45866121045264036 -0.8886112164642751 0 0 0 1 0 0 0 0 0 0
-2.9647152423858643 1.5168744325637817 -30.95282745361328 0.9108139627881954 -0.4128170601974484 0 0 0 1 0 0 0 0 0 0
-3.000563859939575 1.1246854066848755 -30.519756317138672 0.9705666973114465 0.2408324854955228 0 0 0 1 0 0 0 0 0 0
-2.785527467727661 0.7947483658790588 -30.086685180664062 0.6121672245442189 0.790728328311202 0 0 0 1 0 0 0 0 0 0
-2.412245988845825 0.6692143082618713 -29.65361785888672 -0.009968647363529327 0.9999503118004123 0 0 0 1 0 0 0 0 0 0
-0.14986929297447205 3.1411800384521484 -29.65361785888672 -0.09998471208562766 -0.9949889734811909 0 0 0 -1 0 0 0 0 0 0
0.1784617006778717 3.0015735626220703 -30.043380737304688 -0.6472060280134876 -0.7623151299187264 0 0 0 -1 0 0 0 0 0 0
0.369488388299942 2.7002429962158203 -30.433143615722656 -0.9655830892634981 -0.26009478604608594 0 0 0 -1 0 0 0 0 0 0
0.355663925409317 2.3437328338623047 -30.822906494140625 -0.9425412404126756 0.334089823432763 0 0 0 -1 0 0 0 0 0 0
0.14187684655189514 2.0580997467041016 -31.212669372558594 -0.5862313509990184 0.8101436928754464 0 0 0 -1 0 0 0 0 0 0
-0.1962808072566986 1.9443379640579224 -31.602432250976562 -0.02263552572640286 0.9997437836641393 0 0 0 -1 0 0 0 0 0 0
-0.539239227771759 2.0426769256591797 -31.99219512939453 0.5489585156364749 0.8358495965843367 0 0 0 -1 0 0 0 0 0 0
-0.7657349705696106 2.3183460235595703 -32.3819580078125 0.926457517181343 0.37639934757937843 0 0 0 -1 0 0 0 0 0 0
-0.795678436756134 2.6738643646240234 -32.77172088623047 0.9763654488694907 -0.2161261443090081 0 0 0 -1 0 0 0 0 0 0
-0.6184857487678528 2.9835338592529297 -33.16148376464844 0.6810425554759588 -0.7322438375505631 0 0 0 -1 0 0 0 0 0 0
-0.2968076169490814 3.1378536224365234 -33.551246643066406 0.14491384633696805 -0.9894442769250958 0 0 0 -1 0 0 0 0 0 0
-2.5517418384552 0.6842289566993713 15.169109344482422 0.22252391697451263 0.9749272313225844 0 0 0 1 0 0 0 0 0 0
-2.1735050678253174 0.7213612198829651 15.607593536376953 -0.40786626904879636 0.9130416784420166 0 0 0 1 0 0 0 0 0 0
-1.8934568166732788 0.9782963395118713 16.046077728271484 -0.8746163659512004 0.4848156478604172 0 0 0 1 0 0 0 0 0 0
-1.8239606618881226 1.3519459962844849 16.484561920166016 -0.9904412811068428 -0.13793501614686476 0 0 0 1 0 0 0 0 0 0
-1.992902159690857 1.692388653755188 16.923046112060547 -0.7088715009798072 -0.705337646165746 0 0 0 1 0 0 0 0 0 0
-2.332495927810669 1.8630315065383911 17.361530303955078 -0.14288199819627959 -0.9897397307330037 0 0 0 1 0 0 0 0 0 0
-2.706486940383911 1.7954045534133911 17.80001449584961 0.48043257935840283 -0.87703166230817 0 0 0 1 0 0 0 0 0 0
-2.964818239212036 1.5166455507278442 18.23849105834961 0.910986951386852 -0.41243517600089513 0 0 0 1 0 0 0 0 0 0
-3.00384259223938 1.1385976076126099 18.67697525024414 0.9760268154889394 0.2176503054133395 0 0 0 1 0 0 0 0 0 0
0.3835856020450592 2.6326236724853516 18.67697525024414 -0.9890779831468439 -0.14739315877669257 0 0 0 -1 0 0 0 0 0 0
0.33490243554115295 2.292722702026367 18.287212371826172 -0.9079393492638841 0.41910158441393985 0 0 0 -1 0 0 0 0 0 0
0.10780397802591324 2.035177230834961 17.897449493408203 -0.5294370862889661 0.8483492038434703 0 0 0 -1 0 0 0 0 0 0
-0.22332891821861267 1.9443379640579224 17.507686614990234 0.022445140929137377 0.9997480760915077 0 0 0 -1 0 0 0 0 0 0
-0.5500538945198059 2.0499515533447266 17.117923736572266 0.5669919886629529 0.8237233059662875 0 0 0 -1 0 0 0 0 0 0
-0.7653611302375793 2.3174266815185547 16.728160858154297 0.9258320085374004 0.37793530129851943 0 0 0 -1 0 0 0 0 0 0
-0.7987397313117981 2.659170150756836 16.338397979736328 0.9814646041118458 -0.19164349943470027 0 0 0 -1 0 0 0 0 0 0
-0.6392567753791809 2.963254928588867 15.94863510131836 0.7156598834219702 -0.6984489467816901 0 0 0 -1 0 0 0 0 0 0
-0.3391450345516205 3.1300907135009766 15.55887222290039 0.21547495153907514 -0.9765093677273318 0 0 0 -1 0 0 0 0 0 0
0.003309880616143346 3.105039596557617 15.169109344482422 -0.35528324394633665 -0.9347586943008168 0 0 0 -1 0 0 0 0 0 0
-2.8152363300323486 0.8193188309669495 39.334407806396484 0.6616846315762048 0.7497822672855516 0 0 0 1 0 0 0 0 0 0
-2.4279491901397705 0.6692638993263245 39.82161331176758 0.016206715027843405 0.9998686625692427 0 0 0 1 0 0 0 0 0 0
-2.0360023975372314 0.8066883683204651 40.30881881713867 -0.6370403841388028 0.7708304281593239 0 0 0 1 0 0 0 0 0 0
-1.8272126913070679 1.1657315492630005 40.796016693115234 -0.98502274007193 0.17242448068991553 0 0 0 1 0 0 0 0 0 0
-1.9016278982162476 1.5743504762649536 41.28322219848633 -0.8609955605621656 -0.508612470051848 0 0 0 1 0 0 0 0 0 0
-2.223590135574341 1.8367406129837036 41.77042770385742 -0.32439015436500224 -0.9459233730863458 0 0 0 1 0 0 0 0 0 0
-2.6388180255889893 1.8271619081497192 42.257633209228516 0.3676551660614583 -0.929962192171446 0 0 0 1 0 0 0 0 0 0
-2.9483425617218018 1.5502110719680786 42.74483108520508 0.8835285147469487 -0.46837737309679134 0 0 0 1 0 0 0 0 0 0
-3.00384259223938 1.1385976076126099 43.23203659057617 0.9760268154889394 0.2176503054133395 0 0 0 1 0 0 0 0 0 0
0.3835856020450592 2.6326236724853516 43.23203659057617 -0.9890779831468439 -0.14739315877669257 0 0 0 -1 0 0 0 0 0 0
0.3366915285587311 2.2966365814208984 42.8422737121582 -0.910920684405537 0.41258151524534903 0 0 0 -1 0 0 0 0 0 0
0.1150766983628273 2.0397891998291016 42.452510833740234 -0.5415642706604703 0.8406593488113915 0 0 0 -1 0 0 0 0 0 0
-0.21041616797447205 1.9441853761672974 42.062747955322266 0.0009256245844063072 0.9999995716094726 0 0 0 -1 0 0 0 0 0 0
-0.535729706287384 2.0403919219970703 41.6729850769043 0.5431121119481378 0.8396601895143257 0 0 0 -1 0 0 0 0 0 0
-0.7568696141242981 2.297647476196289 41.28322219848633 0.911680540994363 0.41089973372128835 0 0 0 -1 0 0 0 0 0 0
-0.8031437993049622 2.633718490600586 40.89345932006836 0.9888038329583342 -0.14922124489129107 0 0 0 -1 0 0 0 0 0 0
-0.6597550511360168 2.9411678314208984 40.50369644165039 0.7498240650529174 -0.6616372657790056 0 0 0 -1 0 0 0 0 0 0
-0.37254461646080017 3.1217098236083984 40.11393356323242 0.2711413003792527 -0.9625395551501496 0 0 0 -1 0 0 0 0 0 0
-0.033328380435705185 3.1176280975341797 39.72417068481445 -0.29421949154927507 -0.9557378776591865 0 0 0 -1 0 0 0 0 0 0
0.24945512413978577 2.930227279663086 39.334407806396484 -0.7655259089186156 -0.6434050689684746 0 0 0 -1 0 0 0 0 0 0
0.27583375573158264 2.191904067993164 71.29496002197266 -0.8094879236519449 0.5871365271056326 0 0 0 -1 0 0 0 0 0 0
-0.01468976866453886 1.9768162965774536 70.90518951416016 -0.32528620508505895 0.9456156115364007 0 0 0 -1 0 0 0 0 0 0
-0.37605413794517517 1.9676610231399536 70.51543426513672 0.2769854543616328 0.9608741114589776 0 0 0 -1 0 0 0 0 0 0
-0.6770947575569153 2.167764663696289 70.12566375732422 0.7787198442075641 0.6273718229545754 0 0 0 -1 0 0 0 0 0 0
-0.80854731798172 2.504495620727539 69.73590850830078 0.9978096140588527 0.06615114580809164 0 0 0 -1 0 0 0 0 0 0
-0.7226956486701965 2.8556346893310547 69.34613800048828 0.8547250030910319 -0.5190810814227728 0 0 0 -1 0 0 0 0 0 0
-0.4507039487361908 3.0937252044677734 68.95638275146484 0.40140791517979096 -0.9158993861942554 0 0 0 -1 0 0 0 0 0 0
-0.09129460901021957 3.132352828979492 68.56661224365234 -0.1976133315211985 -0.9802800473360114 0 0 0 -1 0 0 0 0 0 0
0.22507920861244202 2.957498550415039 68.1768569946289 -0.7248987135656605 -0.6888554674754717 0 0 0 -1 0 0 0 0 0 0
0.3835856020450592 2.6326236724853516 67.7870864868164 -0.9890779831468439 -0.14739315877669257 0 0 0 -1 0 0 0 0 0 0
-3.00384259223938 1.1385976076126099 67.7870864868164 0.9760268154889394 0.2176503054133395 0 0 0 1 0 0 0 0 0 0
-2.7852623462677 0.7945461869239807 68.22557830810547 0.6117271017678498 0.7910688673956945 0 0 0 1 0 0 0 0 0 0
-2.3972885608673096 0.6695500016212463 68.66405487060547 -0.03489313071154173 0.9993910493040987 0 0 0 1 0 0 0 0 0 0
-2.018977403640747 0.8213024735450745 69.10254669189453 -0.6654156996212991 0.746473004667615 0 0 0 1 0 0 0 0 0 0
-1.8249276876449585 1.1797581911087036 69.54102325439453 -0.9888307981535579 0.14904245241875677 0 0 0 1 0 0 0 0 0 0
-1.9046968221664429 1.5794888734817505 69.9795150756836 -0.8558819264630827 -0.5171712752597943 0 0 0 1 0 0 0 0 0 0
-2.2214691638946533 1.8360081911087036 70.4179916381836 -0.3279304745540201 -0.9447018597731112 0 0 0 1 0 0 0 0 0 0
-2.6290504932403564 1.8309270143508911 70.85648345947266 0.35137179876356833 -0.9362360060549125 0 0 0 1 0 0 0 0 0 0
-2.9393303394317627 1.5665913820266724 71.29496002197266 0.868507459013595 -0.4956760975049621 0 0 0 1 0 0 0 0 0 0
1.4128881692886353 1.1385976076126099 -71.35824584960938 0.976026549739675 0.21765149713077014 0 0 0 1 0 0 0 0 0 0
1.5737844705581665 0.8453808426856995 -70.99632263183594 0.7078692293193412 0.7063435100451068 0 0 0 1 0 0 0 0 0 0
1.8666540384292603 0.6838513016700745 -70.6343994140625 0.21974735595481035 0.9755568151321939 0 0 0 1 0 0 0 0 0 0
2.200493574142456 0.7042065262794495 -70.27247619628906 -0.33664549823086265 0.9416314610934016 0 0 0 1 0 0 0 0 0 0
2.471569776535034 0.9001217484474182 -69.91055297851562 -0.7884420393281966 0.6151090558754558 0 0 0 1 0 0 0 0 0 0
2.595646619796753 1.2107144594192505 -69.54862976074219 -0.9952399260974713 0.09745506401157372 0 0 0 1 0 0 0 0 0 0
2.534172773361206 1.5394765138626099 -69.18670654296875 -0.8927853747755518 -0.4504822688928805 0 0 0 1 0 0 0 0 0 0
2.306248426437378 1.7842503786087036 -68.82478332519531 -0.5129092661236396 -0.8584428255419865 0 0 0 1 0 0 0 0 0 0
1.9826971292495728 1.8689786195755005 -68.46286010742188 0.026343858491838398 -0.9996529403346753 0 0 0 1 0 0 0 0 0 0
1.6640592813491821 1.7673283815383911 -68.10093688964844 0.5574081150004285 -0.8302386363761138 0 0 0 1 0 0 0 0 0 0
1.4493414163589478 1.5108891725540161 -67.739013671875 0.9152731715124233 -0.4028337392890403 0 0 0 1 0 0 0 0 0 0
1.4052664041519165 1.1793462038040161 -67.37709045410156 0.9887259257723285 0.14973658105370208 0 0 0 1 0 0 0 0 0 0
1.5455328226089478 0.8757191300392151 -67.01516723632812 0.7549514625303316 0.6557806715841153 0 0 0 1 0 0 0 0 0 0
1.8265501260757446 0.6943531632423401 -66.65324401855469 0.2865829582200302 0.9580554305768829 0 0 0 1 0 0 0 0 0 0
2.1610000133514404 0.6916103959083557 -66.29132843017578 -0.27083195724315234 0.9626266415053363 0 0 0 1 0 0 0 0 0 0
-0.2968076169490814 3.1378536224365234 -66.29132843017578 0.14491384633696805 -0.9894442769250958 0 0 0 -1 0 0 0 0 0 0
0.055720005184412 3.0822086334228516 -66.68109130859375 -0.4426301319733682 -0.8967042802781968 0 0 0 -1 0 0 0 0 0 0
0.314282089471817 2.836202621459961 -67.07085418701172 -0.8735699826999438 -0.4866985569380906 0 0 0 -1 0 0 0 0 0 0
0.3873964846134186 2.486879348754883 -67.46061706542969 -0.9954281573866615 0.09551326338156277 0 0 0 -1 0 0 0 0 0 0
0.24919191002845764 2.1578311920166016 -67.85037994384766 -0.7650903876010527 0.6439228981799537 0 0 0 -1 0 0 0 0 0 0
-0.05143102630972862 1.9654790163040161 -68.24014282226562 -0.26404917527729777 0.964509218740484 0 0 0 -1 0 0 0 0 0 0
-0.40810713171958923 1.9778844118118286 -68.6299057006836 0.33041000549090954 0.9438375009881189 0 0 0 -1 0 0 0 0 0 0
-0.6946423649787903 2.190652847290039 -69.01966857910156 0.8079692751454052 0.5892246179692499 0 0 0 -1 0 0 0 0 0 0
-0.809655487537384 2.528505325317383 -69.40943145751953 0.9996585353236616 0.02613068607119977 0 0 0 -1 0 0 0 0 0 0
-0.7124531865119934 2.8719043731689453 -69.7991943359375 0.8376549856138712 -0.5461997117137882 0 0 0 -1 0 0 0 0 0 0
-0.437426894903183 3.099355697631836 -70.18895721435547 0.37927845586573106 -0.9252825800349354 0 0 0 -1 0 0 0 0 0 0
-0.08188565820455551 3.130380630493164 -70.57872009277344 -0.2132920104046746 -0.9769884944550433 0 0 0 -1 0 0 0 0 0 0
0.22837701439857483 2.954000473022461 -70.9684829711914 -0.7303975155260841 -0.6830223051360207 0 0 0 -1 0 0 0 0 0 0
0.3835856020450592 2.6326236724853516 -71.35824584960938 -0.9890779831468439 -0.14739315877669257 0 0 0 -1 0 0 0 0 0 0
-1.8339437246322632 1.1327534914016724 -53.42915344238281 -0.9738037714912097 0.22739000556202066 0 0 0 1 0 0 0 0 0 0
-1.8765348196029663 1.5272008180618286 -52.983707427978516 -0.9028152383883451 -0.43002865641000665 0 0 0 1 0 0 0 0 0 0
-2.1559669971466064 1.8088361024856567 -52.538265228271484 -0.4370964066108054 -0.8994146603919247 0 0 0 1 0 0 0 0 0 0
-2.550067186355591 1.8545209169387817 -52.09282302856445 0.21973912080192062 -0.9755586700907327 0 0 0 1 0 0 0 0 0 0
-2.886521577835083 1.6442853212356567 -51.647377014160156 0.7804943136481093 -0.625162879866493 0 0 0 1 0 0 0 0 0 0
-3.018224000930786 1.2700444459915161 -51.201934814453125 0.9999989848187457 -0.001424907533190626 0 0 0 1 0 0 0 0 0 0
-2.8875935077667236 0.8954296708106995 -50.756492614746094 0.7822798566246121 0.6229271433477404 0 0 0 1 0 0 0 0 0 0
-2.5517418384552 0.6842289566993713 -50.31105041503906 0.22252391697451263 0.9749272313225844 0 0 0 1 0 0 0 0 0 0
-2.205054521560669 -0.7199572920799255 -50.31105041503906 -0.35528330874875824 -0.9347586696706986 0 0 0 -1 0 0 0 0 0 0
-1.9079145193099976 -0.9652461409568787 -50.73978805541992 -0.850518722782715 -0.5259447710511619 0 0 0 -1 0 0 0 0 0 0
-1.8212178945541382 -1.3406695127487183 -51.16852569580078 -0.9950109916102533 0.0997653575885955 0 0 0 -1 0 0 0 0 0 0
-1.9807180166244507 -1.6914080381393433 -51.597267150878906 -0.7291790061275552 0.6843230063521399 0 0 0 -1 0 0 0 0 0 0
-2.3206379413604736 -1.8728235960006714 -52.026004791259766 -0.16264663263560933 0.9866843836264447 0 0 0 -1 0 0 0 0 0 0
-2.700801134109497 -1.8101061582565308 -52.45474624633789 0.47096089141871567 0.8821540901419029 0 0 0 -1 0 0 0 0 0 0
-2.964434862136841 -1.5291155576705933 -52.88348388671875 0.9103501467016176 0.41383887009359505 0 0 0 -1 0 0 0 0 0 0
-3.002822160720825 -1.1457308530807495 -53.31222152709961 0.9743278099859396 -0.22513400162570518 0 0 0 -1 0 0 0 0 0 0
-2.8001301288604736 -0.8180522322654724 -53.740962982177734 0.6365088740675117 -0.7712693778656771 0 0 0 -1 0 0 0 0 0 0
-2.439948320388794 -0.6812075972557068 -54.169700622558594 0.03620618339246722 -0.9993443411978431 0 0 0 -1 0 0 0 0 0 0
-2.070807695388794 -0.7916316390037537 -54.59844207763672 -0.5790333657150819 -0.8153038460529083 0 0 0 -1 0 0 0 0 0 0
-1.8449357748031616 -1.103784441947937 -55.02717971801758 -0.9554837544510542 -0.2950437170659926 0 0 0 -1 0 0 0 0 0 0
-1.8554795980453491 -1.4889429807662964 -55.45591735839844 -0.9379098075179507 0.34687921955868284 0 0 0 -1 0 0 0 0 0 0
-2.098090410232544 -1.7882708311080933 -55.88465881347656 -0.5335583408496066 0.8457632629227964 0 0 0 -1 0 0 0 0 0 0
-2.4727184772491455 -1.8783358335494995 -56.31339645385742 0.09081747524523975 0.9958675545423097 0 0 0 -1 0 0 0 0 0 0
-2.824876070022583 -1.7219904661178589 -56.74213409423828 0.6777512592285723 0.7352912556355372 0 0 0 -1 0 0 0 0 0 0
-3.00933575630188 -1.3837107419967651 -57.170875549316406 0.9851853098866266 0.17149316366430456 0 0 0 -1 0 0 0 0 0 0
-2.9500324726104736 -1.0030001401901245 -57.599613189697266 0.8863448621752461 -0.46302568535184285 0 0 0 -1 0 0 0 0 0 0
-2.6714203357696533 -0.7368525862693787 -58.02835464477539 0.42198703794702386 -0.9066018639980271 0 0 0 -1 0 0 0 0 0 0
-2.288396120071411 -0.6950282454490662 -58.45709228515625 -0.2163816231693434 -0.9763088615569357 0 0 0 -1 0 0 0 0 0 0
-1.9589093923568726 -0.8947696089744568 -58.88582992553711 -0.7655258557905834 -0.6434051321804131 0 0 0 -1 0 0 0 0 0 0
-2.8152363300323486 0.8193188309669495 -58.88582992553711 0.6616846315762048 0.7497822672855516 0 0 0 1 0 0 0 0 0 0
-2.464555025100708 0.6709766983985901 -58.46358871459961 0.07721383437591546 0.9970145554509064 0 0 0 1 0 0 0 0 0 0
-2.0952160358428955 0.7635517716407776 -58.041343688964844 -0.5383486954031645 0.8427221856327923 0 0 0 1 0 0 0 0 0 0
-1.8559621572494507 1.0597630739212036 -57.619102478027344 -0.9371092740090744 0.34903611355586894 0 0 0 1 0 0 0 0 0 0
-1.8431466817855835 1.4403096437454224 -57.19685745239258 -0.958466473207843 -0.2852052238941625 0 0 0 1 0 0 0 0 0 0
-2.0619328022003174 1.7519437074661255 -56.77461624145508 -0.5938194401202217 -0.804598329935693 0 0 0 1 0 0 0 0 0 0
-2.4242069721221924 1.8691579103469849 -56.35237121582031 0.00996864911101473 -0.9999503117829912 0 0 0 1 0 0 0 0 0 0
-2.784074068069458 1.7447453737258911 -55.93013000488281 0.6097422087108638 -0.7925997974491271 0 0 0 1 0 0 0 0 0 0
-2.9966022968292236 1.4288121461868286 -55.50788879394531 0.9639616676648624 -0.2660411683795898 0 0 0 1 0 0 0 0 0 0
-2.976203203201294 1.0485936403274536 -55.08564376831055 0.9299610324148011 0.36765809958437884 0 0 0 1 0 0 0 0 0 0
-2.7310898303985596 0.7572117447853088 -54.66340255737305 0.5214390395200361 0.8532885374036276 0 0 0 1 0 0 0 0 0 0
-2.3599770069122314 0.6720219254493713 -54.24115753173828 -0.09708503827088753 0.9952760900091695 0 0 0 1 0 0 0 0 0 0
-2.0123226642608643 0.8273220658302307 -53.81891632080078 -0.6765065735707333 0.7364365932757457 0 0 0 1 0 0 0 0 0 0
-0.560509979724884 3.031057357788086 -53.81891632080078 0.5844171254970393 -0.8114534018819428 0 0 0 -1 0 0 0 0 0 0
-0.21552404761314392 3.1441593170166016 -54.20867919921875 0.00943576505482968 -0.9999554821779967 0 0 0 -1 0 0 0 0 0 0
0.13153520226478577 3.0375919342041016 -54.59844207763672 -0.5689923355292308 -0.8223428251702517 0 0 0 -1 0 0 0 0 0 0
0.3535982668399811 2.7503719329833984 -54.98820495605469 -0.9391022757210191 -0.3436377682030935 0 0 0 -1 0 0 0 0 0 0
0.3693625032901764 2.387662887573242 -55.377967834472656 -0.9653739314761537 0.26087002975864176 0 0 0 -1 0 0 0 0 0 0
0.17305627465248108 2.0822620391845703 -55.76772689819336 -0.6381947041323807 0.7698750025928774 0 0 0 -1 0 0 0 0 0 0
-0.16344770789146423 1.9459820985794067 -56.15748977661133 -0.07735414779954436 0.9970036789391533 0 0 0 -1 0 0 0 0 0 0
-0.5169461369514465 2.028726577758789 -56.5472526550293 0.5118070484433113 0.8591004278684454 0 0 0 -1 0 0 0 0 0 0
-0.75801020860672 2.3001956939697266 -56.937015533447266 0.9135846834750404 0.40664852897780196 0 0 0 -1 0 0 0 0 0 0
-0.7983811497688293 2.6609935760498047 -57.326778411865234 0.9808680880609151 -0.19467355707369416 0 0 0 -1 0 0 0 0 0 0
-0.6232770085334778 2.9790287017822266 -57.7165412902832 0.6890280138695889 -0.7247347073950092 0 0 0 -1 0 0 0 0 0 0
-0.2968076169490814 3.1378536224365234 -58.10630416870117 0.14491384633696805 -0.9894442769250958 0 0 0 -1 0 0 0 0 0 0
2.1610000133514404 0.6916103959083557 -58.10630416870117 -0.27083195724315234 0.9626266415053363 0 0 0 1 0 0 0 0 0 0
2.4440505504608154 0.8673306107521057 -57.7490234375 -0.7425767482620034 0.6697609819485076 0 0 0 1 0 0 0 0 0 0
2.5897300243377686 1.1669522523880005 -57.39173889160156 -0.9853762373621119 0.17039269597634407 0 0 0 1 0 0 0 0 0 0
2.5531203746795654 1.4980984926223755 -57.03445816040039 -0.924358043984876 -0.3815261544382695 0 0 0 1 0 0 0 0 0 0
2.3455092906951904 1.7586613893508911 -56.67717361450195 -0.5783413561649391 -0.8157948735738042 0 0 0 1 0 0 0 0 0 0
2.030907392501831 1.8683110475540161 -56.31989288330078 -0.05400035316076679 -0.9985409164668779 0 0 0 1 0 0 0 0 0 0
1.7063146829605103 1.7932339906692505 -55.962608337402344 0.48698174445738157 -0.8734121481667434 0 0 0 1 0 0 0 0 0 0
1.4718137979507446 1.5565816164016724 -55.60532760620117 0.8778192391197641 -0.4789920494446628 0 0 0 1 0 0 0 0 0 0
1.3997007608413696 1.2313176393508911 -55.248046875 0.9980065137897661 0.06311100088888753 0 0 0 1 0 0 0 0 0 0
1.5122114419937134 0.9177303910255432 -54.89076232910156 0.8104867966713328 0.5857569055687193 0 0 0 1 0 0 0 0 0 0
1.7746587991714478 0.7125034928321838 -54.53348159790039 0.37307682400288056 0.9278004545115958 0 0 0 1 0 0 0 0 0 0
2.106125593185425 0.6789150834083557 -54.17619705200195 -0.17936818883186706 0.9837820148971903 0 0 0 1 0 0 0 0 0 0
2.404404401779175 0.8273220658302307 -53.81891632080078 -0.6765035311230809 0.7364393881223374 0 0 0 1 0 0 0 0 0 0
1.6478544473648071 -0.7939395308494568 -53.81891632080078 0.5844082518364726 -0.8114597927102968 0 0 0 -1 0 0 0 0 0 0
1.9531713724136353 -0.682527482509613 -54.169700622558594 0.07555278857697033 -0.997141803425292 0 0 0 -1 0 0 0 0 0 0
2.2717902660369873 -0.7466639876365662 -54.52048873901367 -0.4554746346438244 -0.8902487614122665 0 0 0 -1 0 0 0 0 0 0
2.5102202892303467 -0.967531144618988 -54.871273040771484 -0.8528603550024849 -0.522139076171316 0 0 0 -1 0 0 0 0 0 0
2.598503828048706 -1.2803171873092651 -55.22206115722656 -0.9999996553366131 -0.0008302569813967325 0 0 0 -1 0 0 0 0 0 0
2.510735273361206 -1.5932520627975464 -55.57284927368164 -0.8537211172844019 0.5207305002615771 0 0 0 -1 0 0 0 0 0 0
2.2726714611053467 -1.8145121335983276 -55.92363357543945 -0.4569436152887636 0.8894956618482377 0 0 0 -1 0 0 0 0 0 0
1.9541593790054321 -1.8791712522506714 -56.27442169189453 0.07390433441885803 0.9972653354820399 0 0 0 -1 0 0 0 0 0 0
1.648659348487854 -1.7682627439498901 -56.625205993652344 0.5830759797641408 0.8124176277150116 0 0 0 -1 0 0 0 0 0 0
1.445809006690979 -1.5143297910690308 -56.97599411010742 0.921154204492819 0.38919780516493385 0 0 0 -1 0 0 0 0 0 0
1.4051328897476196 -1.1918734312057495 -57.326778411865234 0.988952148153459 -0.1482351127859355 0 0 0 -1 0 0 0 0 0 0
1.5385595560073853 -0.8955172896385193 -57.67756652832031 0.766572661772502 -0.642157577408397 0 0 0 -1 0 0 0 0 0 0
1.8069463968276978 -0.7122134566307068 -58.02835464477539 0.3192655914749719 -0.9476652795687601 0 0 0 -1 0 0 0 0 0 0
2.1315391063690186 -0.6957492232322693 -58.3791389465332 -0.2217249174978411 -0.975109255909601 0 0 0 -1 0 0 0 0 0 0
2.417095899581909 -0.8509501814842224 -58.72992706298828 -0.6976479920397427 -0.7164407018050518 0 0 0 -1 0 0 0 0 0 0
2.5798308849334717 -1.1322840452194214 -59.080711364746094 -0.968874896383352 -0.2475508738787827 0 0 0 -1 0 0 0 0 0 0
2.5719916820526123 -1.4572008848190308 -59.43149948120117 -0.9558124795137509 0.2939770467328627 0 0 0 -1 0 0 0 0 0 0
2.3958823680877686 -1.7303599119186401 -59.78228759765625 -0.6622985871561634 0.7492400025699041 0 0 0 -1 0 0 0 0 0 0
2.103173017501831 -1.8716143369674683 -60.13307189941406 -0.17444454893711325 0.9846669992165509 0 0 0 -1 0 0 0 0 0 0
1.7797552347183228 -1.8395174741744995 -60.48386001586914 0.3645812464626664 0.9311715817870132 0 0 0 -1 0 0 0 0 0 0
1.5205198526382446 -1.6434839963912964 -60.83464431762695 0.7966432057513108 0.6044498347508044 0 0 0 -1 0 0 0 0 0 0
2.4217116832733154 1.6945058107376099 -60.83464431762695 -0.7053431086803269 -0.7088660656549817 0 0 0 1 0 0 0 0 0 0
2.149456739425659 1.8498860597610474 -60.50056457519531 -0.2515905533077246 -0.9678337633531457 0 0 0 1 0 0 0 0 0 0
1.8360029458999634 1.8467618227005005 -60.166481018066406 0.27083200294760534 -0.9626266286465321 0 0 0 1 0 0 0 0 0 0
1.566902756690979 1.6859837770462036 -59.8323974609375 0.7193351476192071 -0.6946631884587331 0 0 0 1 0 0 0 0 0 0
1.4156118631362915 1.4114362001419067 -59.498313903808594 0.971488768573455 -0.23708558061516946 0 0 0 1 0 0 0 0 0 0
1.4234243631362915 1.0980626344680786 -59.16423416137695 0.9584665017276566 0.28520512804987924 0 0 0 1 0 0 0 0 0 0
1.5882078409194946 0.8313999772071838 -58.83015060424805 0.6838305624910361 0.7296408443907135 0 0 0 1 0 0 0 0 0 0
1.8649870157241821 0.6842289566993713 -58.49606704711914 0.2225292489841884 0.9749260142936659 0 0 0 1 0 0 0 0 0 0
0.003309880616143346 3.105039596557617 -58.49606704711914 -0.35528324394633665 -0.9347586943008168 0 0 0 -1 0 0 0 0 0 0
0.28344789147377014 2.885721206665039 -58.88582992553711 -0.8221851185107487 -0.5692201954423842 0 0 0 -1 0 0 0 0 0 0
0.39013543725013733 2.5463199615478516 -59.27559280395508 -0.999993675135544 -0.003556640115016508 0 0 0 -1 0 0 0 0 0 0
0.28586259484291077 2.2061634063720703 -59.66535568237305 -0.8262033630030959 0.5633719934132105 0 0 0 -1 0 0 0 0 0 0
0.007290517445653677 1.9848614931106567 -60.055118560791016 -0.36191896040579735 0.9322095612569025 0 0 0 -1 0 0 0 0 0 0
-0.3476308286190033 1.9602185487747192 -60.444881439208984 0.22961814585001955 0.9732807956064884 0 0 0 -1 0 0 0 0 0 0
-0.6541131138801575 2.140901565551758 -60.83464431762695 0.740423661568619 0.6721404625443399 0 0 0 -1 0 0 0 0 0 0
-0.8043950200080872 2.463380813598633 -61.22440719604492 0.9908904899152445 0.13467010431245255 0 0 0 -1 0 0 0 0 0 0
-0.7456353306770325 2.814271926879883 -61.61417007446289 0.8929559552150904 -0.4501440458852095 0 0 0 -1 0 0 0 0 0 0
-0.4984944760799408 3.070199966430664 -62.00393295288086 0.48105797764880043 -0.8766887829443505 0 0 0 -1 0 0 0 0 0 0
-0.14986929297447205 3.1411800384521484 -62.39369583129883 -0.09998471208562766 -0.9949889734811909 0 0 0 -1 0 0 0 0 0 0
-2.412245988845825 0.6692143082618713 -62.39369583129883 -0.009968647363529327 0.9999503118004123 0 0 0 1 0 0 0 0 0 0
-2.0237877368927 0.8170605301856995 -61.9482536315918 -0.6573997078653342 0.7535420519775744 0 0 0 1 0 0 0 0 0 0
-1.8246129751205444 1.1818715333938599 -61.502811431884766 -0.9893553275265851 0.14551988144155253 0 0 0 1 0 0 0 0 0 0
-1.9103044271469116 1.5885831117630005 -61.05736541748047 -0.8465354765845805 -0.5323323086979762 0 0 0 1 0 0 0 0 0 0
-2.2397377490997314 1.8420239686965942 -60.61192321777344 -0.29747889025876517 -0.9547283958542417 0 0 0 1 0 0 0 0 0 0
-2.6548244953155518 1.8205662965774536 -60.166481018066406 0.39433158124077883 -0.9189682279796986 0 0 0 1 0 0 0 0 0 0
-2.9563724994659424 1.5345135927200317 -59.721038818359375 0.8969107394833971 -0.4422116296518509 0 0 0 1 0 0 0 0 0 0
-2.999671220779419 1.121130108833313 -59.27559280395508 0.9690749813668661 0.2467664492770599 0 0 0 1 0 0 0 0 0 0
-1.8241323232650757 -1.196832537651062 -59.27559280395508 -0.9901563183237818 -0.1399659432986964 0 0 0 -1 0 0 0 0 0 0
-1.9116452932357788 -1.6023348569869995 -59.721038818359375 -0.844302718520298 0.5358665127615593 0 0 0 -1 0 0 0 0 0 0
-2.241318941116333 -1.8541392087936401 -60.166481018066406 -0.29484500263419766 0.9555450928248442 0 0 0 -1 0 0 0 0 0 0
-2.6555588245391846 -1.8318804502487183 -60.61192321777344 0.3955551019316638 0.9184422471423181 0 0 0 -1 0 0 0 0 0 0
-2.956347703933716 -1.5461901426315308 -61.05736541748047 0.8968708096100215 0.4422926077490606 0 0 0 -1 0 0 0 0 0 0
-2.999896287918091 -1.1336420774459839 -61.502811431884766 0.9694508975404681 -0.24528546075538402 0 0 0 -1 0 0 0 0 0 0
-2.765387773513794 -0.7914485335350037 -61.9482536315918 0.5786068723876219 -0.8156065762521868 0 0 0 -1 0 0 0 0 0 0
-2.364924669265747 -0.6831874251365662 -62.39369583129883 -0.08883813439782787 -0.9960460761815757 0 0 0 -1 0 0 0 0 0 0
-1.989941954612732 -0.8606089949607849 -62.839141845703125 -0.7138064532414705 -0.7003430211766464 0 0 0 -1 0 0 0 0 0 0
-1.8196920156478882 -1.2389010190963745 -63.284584045410156 -0.9975572222605416 -0.06985405010328528 0 0 0 -1 0 0 0 0 0 0
-1.935559630393982 -1.637231707572937 -63.73002624511719 -0.8044436187603311 0.5940290095910999 0 0 0 -1 0 0 0 0 0 0
-2.2821552753448486 -1.8651827573776245 -64.17546844482422 -0.22678305148909977 0.9739453000848111 0 0 0 -1 0 0 0 0 0 0
-2.6937992572784424 -1.8137873411178589 -64.62091064453125 0.45928983496741055 0.8882864670226653 0 0 0 -1 0 0 0 0 0 0
-2.973708391189575 -1.5076121091842651 -65.06635284423828 0.9258083836161743 0.37799317034307184 0 0 0 -1 0 0 0 0 0 0
-2.9880802631378174 -1.0930231809616089 -65.51180267333984 0.9497582170547402 -0.3129845509557953 0 0 0 -1 0 0 0 0 0 0
0.37823930382728577 -2.674715042114258 -65.51180267333984 -0.9801668370340482 0.19817409411593023 0 0 0 1 0 0 0 0 0 0
0.34112802147865295 -2.318300247192383 -65.12203979492188 -0.9183139930934879 -0.3958527631439414 0 0 0 1 0 0 0 0 0 0
0.10748354345560074 -2.0466060638427734 -64.7322769165039 -0.5289072920338005 -0.8486796076455896 0 0 0 1 0 0 0 0 0 0
-0.23935255408287048 -1.9565409421920776 -64.34251403808594 0.04915360249251535 -0.9987912311199012 0 0 0 1 0 0 0 0 0 0
-0.5756695866584778 -2.0802249908447266 -63.9527473449707 0.6096816969265483 -0.7926463451204231 0 0 0 1 0 0 0 0 0 0
-0.7815068364143372 -2.3735485076904297 -63.562984466552734 0.9527442125619994 -0.3037737076009306 0 0 0 1 0 0 0 0 0 0
-0.7834447026252747 -2.731882095336914 -63.173221588134766 0.9559772212209332 0.2934408841772102 0 0 0 1 0 0 0 0 0 0
-0.5807927250862122 -3.0274181365966797 -62.7834587097168 0.6182168345793878 0.7860075988453559 0 0 0 1 0 0 0 0 0 0
-0.24583372473716736 -3.154733657836914 -62.39369583129883 0.05995288367927641 0.9982012080430175 0 0 0 1 0 0 0 0 0 0
0.10195604711771011 -3.0684261322021484 -62.00393295288086 -0.5196934995371179 0.8543527763979372 0 0 0 1 0 0 0 0 0 0
0.3385244905948639 -2.7992725372314453 -61.61417007446289 -0.9139784926987986 0.4057626336715002 0 0 0 1 0 0 0 0 0 0
0.3794924318790436 -2.4432849884033203 -61.22440719604492 -0.9822553895234012 -0.18754825979526282 0 0 0 1 0 0 0 0 0 0
0.2102438509464264 -2.127431869506836 -60.83464431762695 -0.7001786342713128 -0.7139677024277492 0 0 0 1 0 0 0 0 0 0
-0.10884984582662582 -1.9643763303756714 -60.444881439208984 -0.16835120110664745 -0.9857270783974381 0 0 0 1 0 0 0 0 0 0
-0.46397337317466736 -2.0122814178466797 -60.055118560791016 0.4235198459106123 -0.9058868252269988 0 0 0 1 0 0 0 0 0 0
-0.7284577488899231 -2.254056930541992 -59.66535568237305 0.8643250827506406 -0.5029335456380877 0 0 0 1 0 0 0 0 0 0
-0.8079655766487122 -2.6034679412841797 -59.27559280395508 0.9968409120389211 0.07942415303553524 0 0 0 1 0 0 0 0 0 0
-0.6741364598274231 -2.9358768463134766 -58.88582992553711 0.773792025386613 0.6334397378189053 0 0 0 1 0 0 0 0 0 0
-0.37470564246177673 -3.1327266693115234 -58.49606704711914 0.2747396507504186 0.9615186552041193 0 0 0 1 0 0 0 0 0 0
-0.016476953402161598 -3.1237964630126953 -58.10630416870117 -0.32230681098425357 0.9466352621750157 0 0 0 1 0 0 0 0 0 0
0.2727743685245514 -2.9122753143310547 -57.7165412902832 -0.8043883877362056 0.5941037970549825 0 0 0 1 0 0 0 0 0 0
0.38987603783607483 -2.573606491088867 -57.326778411865234 -0.9995602358037952 0.02965358325500065 0 0 0 1 0 0 0 0 0 0
0.2930571138858795 -2.2285938262939453 -56.937015533447266 -0.8381968010429721 -0.5453678783365667 0 0 0 1 0 0 0 0 0 0
0.016855871304869652 -2.000295639038086 -56.5472526550293 -0.37786293879775007 -0.9258615444455652 0 0 0 1 0 0 0 0 0 0
-0.3402131497859955 -1.9701441526412964 -56.15748977661133 0.21725290547428336 -0.9761153492610297 0 0 0 1 0 0 0 0 0 0
-0.6507866978645325 -2.148893356323242 -55.76772689819336 0.7348769556870531 -0.6782004570922444 0 0 0 1 0 0 0 0 0 0
-0.8040879368782043 -2.472787857055664 -55.377967834472656 0.9903802362550396 -0.13837264048724285 0 0 0 1 0 0 0 0 0 0
-0.7454350590705872 -2.826295852661133 -54.98820495605469 0.8926214244657749 0.4508070458463254 0 0 0 1 0 0 0 0 0 0
-0.4957498013973236 -3.083322525024414 -54.59844207763672 0.4764869892527326 0.879181522254003 0 0 0 1 0 0 0 0 0 0
-0.14409193396568298 -3.1521968841552734 -54.20867919921875 -0.10961750578766444 0.9939738439339796 0 0 0 1 0 0 0 0 0 0
0.1841074526309967 -3.0083484649658203 -53.81891632080078 -0.6566144310458573 0.754226417557967 0 0 0 1 0 0 0 0 0 0
0.37178483605384827 -2.703084945678711 -53.42915344238281 -0.96940850050646 0.24545296727849297 0 0 0 1 0 0 0 0 0 0
0.35199418663978577 -2.3452930450439453 -53.039390563964844 -0.9364229731687421 -0.35087321830229984 0 0 0 1 0 0 0 0 0 0
0.1317984163761139 -2.062589645385742 -52.649627685546875 -0.5694299006954642 -0.8220398945269954 0 0 0 1 0 0 0 0 0 0
-0.21026358008384705 -1.9558123350143433 -52.259864807128906 0.0006731811797271323 -0.9999997734135239 0 0 0 1 0 0 0 0 0 0
-0.5521824955940247 -2.063051223754883 -51.87010192871094 0.5705385082040189 -0.8212708509720362 0 0 0 1 0 0 0 0 0 0
-0.7719987034797668 -2.346048355102539 -51.48033905029297 0.9368966858543049 -0.34960635010711694 0 0 0 1 0 0 0 0 0 0
-0.7913067936897278 -2.703866958618164 -51.090576171875 0.9690776590089892 0.24675593368682663 0 0 0 1 0 0 0 0 0 0
2.5925986766815186 -1.196832537651062 -51.090576171875 -0.9901564350911978 -0.13996511725244404 0 0 0 -1 0 0 0 0 0 0
2.55610728263855 -1.5023516416549683 -51.42465591430664 -0.9293384799446883 0.36922891232147076 0 0 0 -1 0 0 0 0 0 0
2.372978925704956 -1.7496088743209839 -51.75873947143555 -0.6241256905081385 0.781323954866187 0 0 0 -1 0 0 0 0 0 0
2.0913703441619873 -1.8735827207565308 -52.09282302856445 -0.15477559980787092 0.9879496514013828 0 0 0 -1 0 0 0 0 0 0
1.7853399515151978 -1.8416727781295776 -52.426902770996094 0.3552697209817652 0.9347638339995504 0 0 0 -1 0 0 0 0 0 0
1.5353666543960571 -1.6622637510299683 -52.760986328125 0.7718926656365273 0.6357528708047935 0 0 0 -1 0 0 0 0 0 0
1.4071890115737915 -1.3825434446334839 -53.095069885253906 0.9855213967381286 0.16955110312624913 0 0 0 -1 0 0 0 0 0 0
1.434517502784729 -1.0760668516159058 -53.42915344238281 0.9399737900733004 -0.34124664683368666 0 0 0 -1 0 0 0 0 0 0
2.582787275314331 1.1327534914016724 -53.42915344238281 -0.9738037896202347 0.22738992792397283 0 0 0 1 0 0 0 0 0 0
2.5803191661834717 1.4157849550247192 -53.10435104370117 -0.9696920532171089 -0.24433035408558548 0 0 0 1 0 0 0 0 0 0
2.448376417160034 1.6661931276321411 -52.77954864501953 -0.7497871027742726 -0.6616791522432623 0 0 0 1 0 0 0 0 0 0
2.216320753097534 1.828252911567688 -52.45474624633789 -0.36302661050099383 -0.9317787720634979 0 0 0 1 0 0 0 0 0 0
1.9357954263687134 1.8659001588821411 -52.12994384765625 0.10451132359173325 -0.9945236966714791 0 0 0 1 0 0 0 0 0 0
1.6692205667495728 1.770757794380188 -51.80514144897461 0.5488064152649424 -0.8359494712983815 0 0 0 1 0 0 0 0 0 0
1.4759260416030884 1.5639973878860474 -51.48033905029297 0.870960000849459 -0.4913539222600248 0 0 0 1 0 0 0 0 0 0
1.3989225625991821 1.291631817817688 -51.15553665161133 0.9993001395656868 -0.037406297116911985 0 0 0 1 0 0 0 0 0 0
1.4553495645523071 1.0142689943313599 -50.83073425292969 0.9052565832183366 0.4248652945815451 0 0 0 1 0 0 0 0 0 0
1.6326452493667603 0.793638288974762 -50.50593185424805 0.6097670649425754 0.7925806750806615 0 0 0 1 0 0 0 0 0 0
1.8913580179214478 0.678831160068512 -50.181129455566406 0.17857339978818293 0.983926593241635 0 0 0 1 0 0 0 0 0 0
2.1739165782928467 0.6953983902931213 -49.856327056884766 -0.2923515998805455 0.9563109023990499 0 0 0 1 0 0 0 0 0 0
2.41743540763855 0.8396549820899963 -49.531524658203125 -0.6982159395868024 0.715887212979055 0 0 0 1 0 0 0 0 0 0
-0.5749104619026184 3.020357131958008 -49.531524658203125 0.6084180623694387 -0.7936166967640094 0 0 0 -1 0 0 0 0 0 0
-0.2593625485897064 3.142141342163086 -49.921287536621094 0.08250413594832841 -0.9965907221881105 0 0 0 -1 0 0 0 0 0 0
0.07191912084817886 3.073904037475586 -50.31105041503906 -0.4696317659698902 -0.8828623926705692 0 0 0 -1 0 0 0 0 0 0
0.3136526644229889 2.8373279571533203 -50.70081329345703 -0.8725228479000766 -0.4885733106631386 0 0 0 -1 0 0 0 0 0 0
0.38902345299720764 2.507600784301758 -51.090576171875 -0.998139062534279 0.06097878190969778 0 0 0 -1 0 0 0 0 0 0
0.2740751802921295 2.1894969940185547 -51.48033905029297 -0.8065647615452938 0.5911457395882875 0 0 0 -1 0 0 0 0 0 0
0.005341207142919302 1.984106183052063 -51.87010192871094 -0.35867016776951904 0.9334643596582489 0 0 0 -1 0 0 0 0 0 0
-0.33178266882896423 1.9567052125930786 -52.259864807128906 0.20320648050777132 0.9791359079717405 0 0 0 -1 0 0 0 0 0 0
-0.6301606297492981 2.115995407104492 -52.649627685546875 0.7005014300814089 0.7136509976549468 0 0 0 -1 0 0 0 0 0 0
-0.7949727177619934 2.411355972290039 -53.039390563964844 0.9751861112533842 0.22138664914240483 0 0 0 -1 0 0 0 0 0 0
-0.7738469243049622 2.748929977416992 -53.42915344238281 0.939978031907608 -0.3412349623516031 0 0 0 -1 0 0 0 0 0 0
2.5866057872772217 1.1502858400344849 -49.141761779785156 -0.9801694573494141 0.1981611336245204 0 0 0 1 0 0 0 0 0 0
2.571850538253784 1.4460278749465942 -48.816959381103516 -0.9555805974464633 -0.29472991328309434 0 0 0 1 0 0 0 0 0 0
2.4174506664276123 1.6986981630325317 -48.492156982421875 -0.6982501009776215 -0.7158538932524856 0 0 0 1 0 0 0 0 0 0
2.161015272140503 1.8467580080032349 -48.167354583740234 -0.2708557215077253 -0.9626199551881988 0 0 0 1 0 0 0 0 0 0
1.8649946451187134 1.8541432619094849 -47.842552185058594 0.2225210569820128 -0.9749278841020027 0 0 0 1 0 0 0 0 0 0
1.6014944314956665 1.7190572023391724 -47.51774978637695 0.6616791522432623 -0.7497871027742726 0 0 0 1 0 0 0 0 0 0
1.4346891641616821 1.4743977785110474 -47.19294738769531 0.93969248736894 -0.3420205098855549 0 0 0 1 0 0 0 0 0 0
2.562321424484253 -1.4860247373580933 -47.19294738769531 -0.93969248736894 0.3420205098855549 0 0 0 -1 0 0 0 0 0 0
2.3842132091522217 -1.7404078245162964 -47.543731689453125 -0.6428467979739262 0.7659947743520644 0 0 0 -1 0 0 0 0 0 0
2.102787733078003 -1.8716830015182495 -47.8945198059082 -0.17380325516503922 0.9847803960752042 0 0 0 -1 0 0 0 0 0 0
1.7934271097183228 -1.8446787595748901 -48.245304107666016 0.34179711365831283 0.9397737669752474 0 0 0 -1 0 0 0 0 0 0
1.5390020608901978 -1.6666353940963745 -48.596092224121094 0.765835917580329 0.6430360389153125 0 0 0 -1 0 0 0 0 0 0
1.407662034034729 -1.3852404356002808 -48.94688034057617 0.9847383451839034 0.1740413500420735 0 0 0 -1 0 0 0 0 0 0
1.4345899820327759 -1.0758761167526245 -49.297664642333984 0.9398585957731634 -0.3415637860653521 0 0 0 -1 0 0 0 0 0 0
1.6125723123550415 -0.8214053511619568 -49.64845275878906 0.6432187483043644 -0.7656824680177591 0 0 0 -1 0 0 0 0 0 0
1.8939329385757446 -0.6899966597557068 -49.999237060546875 0.1742864996344464 -0.984694986300414 0 0 0 -1 0 0 0 0 0 0
2.2033088207244873 -0.7168483138084412 -50.35002517700195 -0.341346715868208 -0.9399374551351748 0 0 0 -1 0 0 0 0 0 0
2.4578216075897217 -0.8947696089744568 -50.70081329345703 -0.765528323230129 -0.6434021964000957 0 0 0 -1 0 0 0 0 0 0
-0.6068719029426575 -3.0056819915771484 -50.70081329345703 0.6616878229782175 0.7497794508536139 0 0 0 1 0 0 0 0 0 0
-0.30401739478111267 -3.148378372192383 -50.31105041503906 0.15693100776595714 0.9876095679981848 0 0 0 1 0 0 0 0 0 0
0.02815309725701809 -3.1065845489501953 -49.921287536621094 -0.39669003011759824 0.9179526240527335 0 0 0 1 0 0 0 0 0 0
0.2862192690372467 -2.893312454223633 -49.531524658203125 -0.8267989721283863 0.5624975197167044 0 0 0 1 0 0 0 0 0 0
0.38983407616615295 -2.574960708618164 -49.141761779785156 -0.9994907830739709 0.031908847521969354 0 0 0 1 0 0 0 0 0 0
0.3067385256290436 -2.250650405883789 -48.75199890136719 -0.8610020121130114 -0.5086015485007352 0 0 0 1 0 0 0 0 0 0
0.06280199438333511 -2.0213489532470703 -48.36223602294922 -0.4544379113545693 -0.8907784150526418 0 0 0 1 0 0 0 0 0 0
-0.2660249173641205 -1.9584482908248901 -47.97247314453125 0.09360551294994958 -0.9956093651354314 0 0 0 1 0 0 0 0 0 0
-0.5773652195930481 -2.0815372467041016 -47.58271026611328 0.6125079965678143 -0.7904643914437148 0 0 0 1 0 0 0 0 0 0
-0.774285614490509 -2.352285385131836 -47.19294738769531 0.9407079129484697 -0.3392176624471879 0 0 0 1 0 0 0 0 0 0
-0.7954762578010559 -2.686403274536133 -46.803184509277344 0.9760265455873082 0.21765151575145597 0 0 0 1 0 0 0 0 0 0
-1.8247789144515991 -1.192376971244812 -46.803184509277344 -0.9890779757678403 -0.14739320829329852 0 0 0 -1 0 0 0 0 0 0
-1.936210036277771 -1.6381129026412964 -47.32286834716797 -0.8033578720165159 0.5954965402662684 0 0 0 -1 0 0 0 0 0 0
-2.3302853107452393 -1.8743342161178589 -47.842552185058594 -0.14656919545818306 0.9892004200073616 0 0 0 -1 0 0 0 0 0 0
-2.775925874710083 -1.7625292539596558 -48.36223602294922 0.5961658600655938 0.8028613001585335 0 0 0 -1 0 0 0 0 0 0
-3.0118191242218018 -1.3682574033737183 -48.881919860839844 0.989322409595164 0.14574350713777529 0 0 0 -1 0 0 0 0 0 0
-2.8996422290802 -0.9227084517478943 -49.40160369873047 0.8023587542402517 -0.5968420473576164 0 0 0 -1 0 0 0 0 0 0
-2.50517201423645 -0.6871470808982849 -49.921287536621094 0.14490837941512008 -0.9894450775941451 0 0 0 -1 0 0 0 0 0 0
-2.2557289600372314 0.6916103959083557 -49.921287536621094 -0.27082675887083113 0.9626281040357801 0 0 0 1 0 0 0 0 0 0
-1.903891921043396 0.9602184891700745 -49.43408203125 -0.8572208890539694 0.5149488784039851 0 0 0 1 0 0 0 0 0 0
-1.8319963216781616 1.3969937562942505 -48.94688034057617 -0.9770508677048818 -0.21300610769913986 0 0 0 1 0 0 0 0 0 0
-2.0791752338409424 1.7642079591751099 -48.45967483520508 -0.5650818395403292 -0.825034856610142 0 0 0 1 0 0 0 0 0 0
-2.5108940601348877 1.8619862794876099 -47.97247314453125 0.15444567449251081 -0.9880012822008652 0 0 0 1 0 0 0 0 0 0
-2.8921749591827393 1.6371175050735474 -47.485267639160156 0.7899122226731026 -0.6132199283060187 0 0 0 1 0 0 0 0 0 0
-3.0154926776885986 1.2119885683059692 -46.99806594848633 0.995446427214386 0.0953226654375238 0 0 0 1 0 0 0 0 0 0
-2.813727617263794 0.817991316318512 -46.510860443115234 0.659171489818395 0.751992650901987 0 0 0 1 0 0 0 0 0 0
-2.3966991901397705 0.6695728898048401 -46.023658752441406 -0.03587521343924914 0.9993562773409133 0 0 0 1 0 0 0 0 0 0
-1.991385817527771 0.8475132584571838 -45.53645324707031 -0.7113989556934952 0.702788393357634 0 0 0 1 0 0 0 0 0 0
-1.8183950185775757 1.2549649477005005 -45.049251556396484 -0.9997192073990819 0.02369612536579123 0 0 0 1 0 0 0 0 0 0
-1.9718812704086304 1.6701565980911255 -44.56204605102539 -0.7439026117586608 -0.6682880398590438 0 0 0 1 0 0 0 0 0 0
-2.368304491043091 1.8671056032180786 -44.07484436035156 -0.08320518520237473 -0.9965324365796824 0 0 0 1 0 0 0 0 0 0
-2.7918999195098877 1.7386189699172974 -43.58763885498047 0.6227919941388651 -0.782387456466766 0 0 0 1 0 0 0 0 0 0
-3.012110948562622 1.3546277284622192 -43.10043716430664 0.9898090993312348 -0.14240065618208955 0 0 0 1 0 0 0 0 0 0
-2.9090797901153564 0.924131453037262 -42.61323165893555 0.8180908932489965 0.5750889412804414 0 0 0 1 0 0 0 0 0 0
-2.538884401321411 0.6814442276954651 -42.12602996826172 0.20109663478855683 0.979571408053909 0 0 0 1 0 0 0 0 0 0
-2.1030170917510986 0.7586537003517151 -41.638824462890625 -0.5253446974055055 0.8508895045233063 0 0 0 1 0 0 0 0 0 0
-1.8387120962142944 1.1137372255325317 -41.1516227722168 -0.9658547296647543 0.2590842356922249 0 0 0 1 0 0 0 0 0 0
-1.8898271322250366 1.5534306764602661 -40.6644172668457 -0.8806638709233447 -0.4737416452564732 0 0 0 1 0 0 0 0 0 0
-2.2285397052764893 1.8384114503860474 -40.177215576171875 -0.3161452994525382 -0.9487107829228382 0 0 0 1 0 0 0 0 0 0
-2.6645538806915283 -1.8279169797897339 -40.177215576171875 0.41054707734906987 0.9118394032285164 0 0 0 -1 0 0 0 0 0 0
-2.9727413654327393 -1.5099695920944214 -40.65692138671875 0.9241957908777669 0.38191902299285785 0 0 0 -1 0 0 0 0 0 0
-2.978919267654419 -1.0672167539596558 -41.13663101196289 0.9344859575445343 -0.35599999319111625 0 0 0 -1 0 0 0 0 0 0
-2.679723024368286 -0.7407969832420349 -41.61634063720703 0.4358322478032057 -0.9000279172196856 0 0 0 -1 0 0 0 0 0 0
-2.238105058670044 -0.7084864974021912 -42.096046447753906 -0.3001999123580682 -0.9538763088682979 0 0 0 -1 0 0 0 0 0 0
-1.8945878744125366 -0.9878901839256287 -42.57575607299805 -0.872730145253648 -0.488202922528682 0 0 0 -1 0 0 0 0 0 0
-1.8362630605697632 -1.4268282651901245 -43.05546188354492 -0.9699372086165756 0.2433553191140174 0 0 0 -1 0 0 0 0 0 0
-2.094897508621216 -1.7862414121627808 -43.53517150878906 -0.5388849435119673 0.8423793786982824 0 0 0 -1 0 0 0 0 0 0
-2.529628038406372 -1.8703821897506714 -44.0148811340332 0.18567502343814282 0.9826112077883323 0 0 0 -1 0 0 0 0 0 0
-2.90368390083313 -1.6334208250045776 -44.49458694458008 0.809096417878621 0.5876759196836161 0 0 0 -1 0 0 0 0 0 0
-3.013341188430786 -1.2044161558151245 -44.97429656982422 0.9918601146024983 -0.12733229386419942 0 0 0 -1 0 0 0 0 0 0
-2.798877000808716 -0.8170222640037537 -45.454002380371094 0.6344224309595352 -0.7729865322859084 0 0 0 -1 0 0 0 0 0 0
-2.3770954608917236 -0.6822261214256287 -45.933712005615234 -0.06855258519665945 -0.9976475044136855 0 0 0 -1 0 0 0 0 0 0
-1.9777158498764038 -0.8734416365623474 -46.413421630859375 -0.7341789180346068 -0.6789560488820571 0 0 0 -1 0 0 0 0 0 0
-0.6068757176399231 -3.005678176879883 -46.413421630859375 0.6616965429827885 0.7497717552726476 0 0 0 1 0 0 0 0 0 0
-0.26662763953208923 -3.1531238555908203 -46.023658752441406 0.094610274807133 0.995514387591118 0 0 0 1 0 0 0 0 0 0
0.09530321508646011 -3.0724124908447266 -45.63389587402344 -0.5086057012152728 0.8609995590540802 0 0 0 1 0 0 0 0 0 0
0.34067216515541077 -2.7943782806396484 -45.24413299560547 -0.9175573964420423 0.3976033503813829 0 0 0 1 0 0 0 0 0 0
0.3757559359073639 -2.425222396850586 -44.8543701171875 -0.9760268149699021 -0.2176503077409002 0 0 0 1 0 0 0 0 0 0
0.18715158104896545 -2.105947494506836 -44.46460723876953 -0.6616878660950339 -0.7497794128025924 0 0 0 1 0 0 0 0 0 0
-0.1530965268611908 -1.9585055112838745 -44.07484436035156 -0.09460468213679431 -0.9955149190834842 0 0 0 1 0 0 0 0 0 0
-0.5150273442268372 -2.039216995239258 -43.685081481933594 0.5086147081734006 -0.8609942384416324 0 0 0 1 0 0 0 0 0 0
-0.7603943943977356 -2.317251205444336 -43.295318603515625 0.9175573851831843 -0.3976033763636794 0 0 0 1 0 0 0 0 0 0
-0.7954762578010559 -2.6864070892333984 -42.905555725097656 0.9760265455873082 0.21765151575145597 0 0 0 1 0 0 0 0 0 0
-0.6068719029426575 -3.0056819915771484 -42.51579284667969 0.6616878229782175 0.7497794508536139 0 0 0 1 0 0 0 0 0 0
2.4578216075897217 -0.8947696089744568 -42.51579284667969 -0.765528323230129 -0.6434021964000957 0 0 0 -1 0 0 0 0 0 0
2.5852248668670654 -1.1552790403366089 -42.8220329284668 -0.9778673867422997 -0.20922565317328012 0 0 0 -1 0 0 0 0 0 0
2.5755698680877686 -1.4451121091842651 -43.12827682495117 -0.961778412404404 0.27382893461587315 0 0 0 -1 0 0 0 0 0 0
2.4311110973358154 -1.6965655088424683 -43.43451690673828 -0.7210143585311609 0.6929201215088926 0 0 0 -1 0 0 0 0 0 0
2.1855971813201904 -1.8508967161178589 -43.740760803222656 -0.3118183727020238 0.9501417275572427 0 0 0 -1 0 0 0 0 0 0
1.8963743448257446 -1.8720568418502808 -44.04700469970703 0.17021462180486813 0.9854070136364087 0 0 0 -1 0 0 0 0 0 0
1.6310125589370728 -1.7551020383834839 -44.35324478149414 0.6124831657569816 0.7904836314967602 0 0 0 -1 0 0 0 0 0 0
1.4514929056167603 -1.5273493528366089 -44.659488677978516 0.9116866529900701 0.4108861725098126 0 0 0 -1 0 0 0 0 0 0
1.3997617959976196 -1.2420099973678589 -44.965728759765625 0.99790666462361 -0.0646706169738761 0 0 0 -1 0 0 0 0 0 0
1.487892746925354 -0.965730607509613 -45.27197265625 0.8510163548608755 -0.5251391851302932 0 0 0 -1 0 0 0 0 0 0
1.6953054666519165 -0.7630595564842224 -45.57821273803711 0.5053374296708341 -0.8629218285416559 0 0 0 -1 0 0 0 0 0 0
1.9735456705093384 -0.6813334822654724 -45.884456634521484 0.04160255141461346 -0.999134239086918 0 0 0 -1 0 0 0 0 0 0
2.2576186656951904 -0.7396487593650818 -46.19070053100586 -0.431858085975569 -0.9019415688266718 0 0 0 -1 0 0 0 0 0 0
2.4811599254608154 -0.924379289150238 -46.49694061279297 -0.804423782427321 -0.5940558713330943 0 0 0 -1 0 0 0 0 0 0
2.5919501781463623 -1.192376971244812 -46.803184509277344 -0.9890778615113481 -0.14739397500623425 0 0 0 -1 0 0 0 0 0 0
1.4128881692886353 1.1385976076126099 -46.803184509277344 0.976026549739675 0.21765149713077014 0 0 0 1 0 0 0 0 0 0
1.5607115030288696 0.8588963150978088 -46.4783821105957 0.7296515195458594 0.6838191720216817 0 0 0 1 0 0 0 0 0 0
1.8302427530288696 0.6932621598243713 -46.15357971191406 0.28043765559720757 0.9598722421880643 0 0 0 1 0 0 0 0 0 0
2.1465537548065186 0.6877384781837463 -45.82877731323242 -0.24674399276174575 0.9690806994445775 0 0 0 1 0 0 0 0 0 0
2.42170786857605 0.8438625931739807 -45.50397491455078 -0.7053373832073659 0.7088717626271943 0 0 0 1 0 0 0 0 0 0
2.579205274581909 1.118230938911438 -45.17917251586914 -0.9678337633531457 0.2515905533077246 0 0 0 1 0 0 0 0 0 0
2.575260877609253 1.4345647096633911 -44.8543701171875 -0.961262283565907 -0.275635306507816 0 0 0 1 0 0 0 0 0 0
-0.8030865788459778 2.454275131225586 -44.8543701171875 0.988708803724261 0.14984959605598083 0 0 0 -1 0 0 0 0 0 0
-0.7465851902961731 2.812376022338867 -45.24413299560547 0.8945427067484567 -0.44698248936971213 0 0 0 -1 0 0 0 0 0 0
-0.49413618445396423 3.072568893432617 -45.63389587402344 0.4737923580982277 -0.8806365887286995 0 0 0 -1 0 0 0 0 0 0
-0.1379006803035736 3.1398563385009766 -46.023658752441406 -0.11993246113044082 -0.9927820530041804 0 0 0 -1 0 0 0 0 0 0
0.19206109642982483 2.9896717071533203 -46.413421630859375 -0.6698729604007325 -0.7424757349058343 0 0 0 -1 0 0 0 0 0 0
0.37528863549232483 2.676851272583008 -46.803184509277344 -0.9752496556422547 -0.22110655614355565 0 0 0 -1 0 0 0 0 0 0
0.3448874056339264 2.3155956268310547 -47.19294738769531 -0.9245804743832152 0.38098680605673035 0 0 0 -1 0 0 0 0 0 0
0.11195627599954605 2.0377941131591797 -47.58271026611328 -0.5363617629678998 0.843988186662566 0 0 0 -1 0 0 0 0 0 0
-0.23846563696861267 1.9448682069778442 -47.97247314453125 0.047677908035395886 0.9988627618874218 0 0 0 -1 0 0 0 0 0 0
-0.5784428715705872 2.0707454681396484 -48.36223602294922 0.6143016831264021 0.7890712528714182 0 0 0 -1 0 0 0 0 0 0
-0.783858597278595 2.369466781616211 -48.75199890136719 0.9566634776761032 0.291195794064172 0 0 0 -1 0 0 0 0 0 0
-0.7797158360481262 2.7319774627685547 -49.141761779785156 0.9497582084682269 -0.3129845770117502 0 0 0 -1 0 0 0 0 0 0
2.4217116832733154 1.6945058107376099 -44.46460723876953 -0.7053431086803269 -0.7088660656549817 0 0 0 1 0 0 0 0 0 0
2.151837110519409 1.8492642641067505 -44.130523681640625 -0.2555601111684541 -0.9667931679421236 0 0 0 1 0 0 0 0 0 0
1.8407407999038696 1.8480740785598755 -43.79644012451172 0.262933225617792 -0.964814033307053 0 0 0 1 0 0 0 0 0 0
1.5720564126968384 1.6912556886672974 -43.46236038208008 0.7107437726546239 -0.7034509859490371 0 0 0 1 0 0 0 0 0 0
1.4180189371109009 1.4209691286087036 -43.12827682495117 0.967474021167135 -0.25297039029636315 0 0 0 1 0 0 0 0 0 0
1.4200407266616821 1.1098767518997192 -42.794193267822266 0.9641070810788877 0.26551372132819595 0 0 0 1 0 0 0 0 0 0
1.5775724649429321 0.8416157364845276 -42.46010971069336 0.7015537688575115 0.7126165233853489 0 0 0 1 0 0 0 0 0 0
1.8482671976089478 0.6882992386817932 -42.12602996826172 0.2503998230264081 0.9681425146270272 0 0 0 1 0 0 0 0 0 0
2.1593520641326904 0.6911488175392151 -41.79194641113281 -0.26807432298375944 0.9633982340428068 0 0 0 1 0 0 0 0 0 0
2.427197217941284 0.8493977189064026 -41.457862854003906 -0.7144895400557361 0.6996461228013364 0 0 0 1 0 0 0 0 0 0
2.57978892326355 1.1205006837844849 -41.123783111572266 -0.9688088436847215 0.2478092500256453 0 0 0 1 0 0 0 0 0 0
2.5761115550994873 1.4315778017044067 -40.78969955444336 -0.9626775275461613 -0.2706510261528857 0 0 0 1 0 0 0 0 0 0
2.417149305343628 1.6989957094192505 -40.45561599731445 -0.6977444406956215 -0.716346770411059 0 0 0 1 0 0 0 0 0 0
2.1456382274627686 1.850866436958313 -40.12153244018555 -0.2452168564769976 -0.9694682528579982 0 0 0 1 0 0 0 0 0 0
1.834572434425354 1.8463574647903442 -39.787452697753906 0.2732211697328682 -0.9619512422206249 0 0 0 1 0 0 0 0 0 0
2.120800733566284 -1.868219256401062 -39.787452697753906 -0.20382790501538958 0.9790067339589841 0 0 0 -1 0 0 0 0 0 0
1.8070646524429321 -1.8494547605514526 -40.12153244018555 0.31906379563231635 0.9477332400610942 0 0 0 -1 0 0 0 0 0 0
1.5458570718765259 -1.6746538877487183 -40.45561599731445 0.754414187171425 0.6563986853997181 0 0 0 -1 0 0 0 0 0 0
1.4088560342788696 -1.3917902708053589 -40.78969955444336 0.9827445555932471 0.18496793898357447 0 0 0 -1 0 0 0 0 0 0
1.4336515665054321 -1.0784701108932495 -41.123783111572266 0.9414185953368096 -0.3372403124688209 0 0 0 -1 0 0 0 0 0 0
1.613442063331604 -0.8206767439842224 -41.457862854003906 0.641772280408333 -0.7668952601884353 0 0 0 -1 0 0 0 0 0 0
1.8988920450210571 -0.6891421675682068 -41.79194641113281 0.16601807149235392 -0.9861227103854568 0 0 0 -1 0 0 0 0 0 0
2.211674451828003 -0.7199572920799255 -42.12602996826172 -0.35528330874875824 -0.9347586696706986 0 0 0 -1 0 0 0 0 0 0
-0.3433774411678314 -3.140768051147461 -42.12602996826172 0.22252638906472008 0.974926667072871 0 0 0 1 0 0 0 0 0 0
0.012268696911633015 -3.113180160522461 -41.73626708984375 -0.3702161734602403 0.9289456307601952 0 0 0 1 0 0 0 0 0 0
0.28940072655677795 -2.8885860443115234 -41.34650421142578 -0.8321020692237183 0.5546225260423581 0 0 0 1 0 0 0 0 0 0
0.39006486535072327 -2.5463695526123047 -40.95674133300781 -0.9998760992962601 -0.01574122155664332 0 0 0 1 0 0 0 0 0 0
0.2786795198917389 -2.207490921020508 -40.566978454589844 -0.8142327435196273 -0.5805385769959658 0 0 0 1 0 0 0 0 0 0
-0.005385721568018198 -1.9917315244674683 -40.177215576171875 -0.34079461877637335 -0.9401377706554856 0 0 0 1 0 0 0 0 0 0
-0.36172422766685486 -1.9753512144088745 -39.787452697753906 0.2531045599880645 -0.9674389291904932 0 0 0 1 0 0 0 0 0 0
-0.6643841862678528 -2.1641407012939453 -39.39768981933594 0.7575408762892039 -0.6527877302393063 0 0 0 1 0 0 0 0 0 0
-0.806390106678009 -2.491373062133789 -39.00792694091797 0.9942164397559736 -0.10739492967061529 0 0 0 1 0 0 0 0 0 0
-0.7375462651252747 -2.841379165649414 -38.6181640625 0.8794780661630831 0.47593941960930647 0 0 0 1 0 0 0 0 0 0
-0.4821866452693939 -3.090452194213867 -38.22840118408203 0.4538746024571762 0.8910655673093536 0 0 0 1 0 0 0 0 0 0
-0.13057073950767517 -3.150552749633789 -37.83863830566406 -0.1321501242683363 0.9912297133640936 0 0 0 1 0 0 0 0 0 0
0.1930185854434967 -3.000436782836914 -37.448875427246094 -0.6714639741942866 0.7410371997134925 0 0 0 1 0 0 0 0 0 0
0.37420716881752014 -2.6931629180908203 -37.059112548828125 -0.9734464412986119 0.22891488794542889 0 0 0 1 0 0 0 0 0 0
0.34895196557044983 -2.337343215942383 -36.669349670410156 -0.9313552982929365 -0.3641116701530938 0 0 0 1 0 0 0 0 0 0
0.12617745995521545 -2.058744430541992 -36.27958679199219 -0.5600636937288648 -0.828449551250274 0 0 0 1 0 0 0 0 0 0
-0.21537145972251892 -1.9558390378952026 -35.88982391357422 0.009183340237987945 -0.999957832241977 0 0 0 1 0 0 0 0 0 0
-0.5549729466438293 -2.065000534057617 -35.50006103515625 0.5751853742636954 -0.8180230957822235 0 0 0 1 0 0 0 0 0 0
-0.7725918889045715 -2.347646713256836 -35.11029815673828 0.9378852354622114 -0.34694565151042395 0 0 0 1 0 0 0 0 0 0
-0.7913067936897278 -2.703866958618164 -34.72053527832031 0.9690776590089892 0.24675593368682663 0 0 0 1 0 0 0 0 0 0
2.5925986766815186 -1.196832537651062 -34.72053527832031 -0.9901564350911978 -0.13996511725244404 0 0 0 -1 0 0 0 0 0 0
2.5475738048553467 -1.522729754447937 -35.08031463623047 -0.915115235706202 0.40319239251055106 0 0 0 -1 0 0 0 0 0 0
2.3374640941619873 -1.7758959531784058 -35.440093994140625 -0.5649316538171618 0.8251377015476912 0 0 0 -1 0 0 0 0 0 0
2.025444746017456 -1.8802088499069214 -35.79987716674805 -0.04490126462898499 0.9989914296102436 0 0 0 -1 0 0 0 0 0 0
1.7053266763687134 -1.8043078184127808 -36.1596565246582 0.4886303589077003 0.8724909010148655 0 0 0 -1 0 0 0 0 0 0
1.4733549356460571 -1.5710161924362183 -36.519439697265625 0.8752500349085166 0.4836707313789417 0 0 0 -1 0 0 0 0 0 0
1.3992735147476196 -1.2504709959030151 -36.87921905517578 0.998720635099215 -0.05056770735381133 0 0 0 -1 0 0 0 0 0 0
1.5053564310073853 -0.9390468001365662 -37.2390022277832 0.8219122646053618 -0.5696141055936781 0 0 0 -1 0 0 0 0 0 0
1.7597090005874634 -0.730379045009613 -37.59878158569336 0.3979953790770378 -0.9173874199231887 0 0 0 -1 0 0 0 0 0 0
2.085858106613159 -0.6872081160545349 -37.95856475830078 -0.14558736409003117 -0.9893453994522423 0 0 0 -1 0 0 0 0 0 0
2.3857429027557373 -0.8225077986717224 -38.31834411621094 -0.6454050127551181 -0.7638405393212419 0 0 0 -1 0 0 0 0 0 0
2.5692031383514404 -1.0956019163131714 -38.67812728881836 -0.9511632692229074 -0.3086882493409674 0 0 0 -1 0 0 0 0 0 0
2.5810744762420654 -1.4243792295455933 -39.037906646728516 -0.9709527509795335 0.2392713007555989 0 0 0 -1 0 0 0 0 0 0
2.417790174484253 -1.7099970579147339 -39.39768981933594 -0.6988121615300836 0.7153052235917564 0 0 0 -1 0 0 0 0 0 0
1.5792165994644165 1.698370099067688 -39.39768981933594 0.6988065531945667 -0.7153107025707983 0 0 0 1 0 0 0 0 0 0
1.4197889566421509 1.4275838136672974 -39.06360626220703 0.9645228852703985 -0.26399924960057325 0 0 0 1 0 0 0 0 0 0
1.4190946817398071 1.1133557558059692 -38.729522705078125 0.9656852710430874 0.25971514644016946 0 0 0 1 0 0 0 0 0 0
1.5773168802261353 0.8418675065040588 -38.39543914794922 0.7019832990844657 0.7121934061801537 0 0 0 1 0 0 0 0 0 0
1.8510633707046509 0.6875858902931213 -38.06135940551758 0.24573653162053696 0.9693366582499131 0 0 0 1 0 0 0 0 0 0
2.1652495861053467 0.6928196549415588 -37.72727584838867 -0.27791146090220137 0.9606066936572972 0 0 0 1 0 0 0 0 0 0
2.433701276779175 0.8561421036720276 -37.393192291259766 -0.7253275673369884 0.6884038931187174 0 0 0 1 0 0 0 0 0 0
2.582787275314331 1.1327534914016724 -37.059112548828125 -0.9738037896202347 0.22738992792397283 0 0 0 1 0 0 0 0 0 0
-0.7738469243049622 2.748929977416992 -37.059112548828125 0.939978031907608 -0.3412349623516031 0 0 0 -1 0 0 0 0 0 0
-0.5553792119026184 3.0347118377685547 -37.448875427246094 0.5758626437202908 -0.817546460800533 0 0 0 -1 0 0 0 0 0 0
-0.21271833777427673 3.1441783905029297 -37.83863830566406 0.004762759013111067 -0.999988657998971 0 0 0 -1 0 0 0 0 0 0
0.13096871972084045 3.0379810333251953 -38.22840118408203 -0.568051593560293 -0.8229929447167889 0 0 0 -1 0 0 0 0 0 0
0.3521486818790436 2.754293441772461 -38.6181640625 -0.936683042447864 -0.3501783516875545 0 0 0 -1 0 0 0 0 0 0
0.3713175356388092 2.3950862884521484 -39.00792694091797 -0.9686332650381145 0.2484946636481384 0 0 0 -1 0 0 0 0 0 0
0.1815878450870514 2.089468002319336 -39.39768981933594 -0.652411452406993 0.75786495945399 0 0 0 -1 0 0 0 0 0 0
-0.14884504675865173 1.9472981691360474 -39.787452697753906 -0.10169637432716805 0.9948154841219092 0 0 0 -1 0 0 0 0 0 0
-0.5012105107307434 2.0196704864501953 -40.177215576171875 0.48558141945098976 0.8741914464715164 0 0 0 -1 0 0 0 0 0 0
-0.7488511204719543 2.280580520629883 -40.566978454589844 0.8983196005074158 0.43934257174122887 0 0 0 -1 0 0 0 0 0 0
-0.8027566075325012 2.636240005493164 -40.95674133300781 0.9881595784162992 -0.15342961768876878 0 0 0 -1 0 0 0 0 0 0
-0.6435502171516418 2.958810806274414 -41.34650421142578 0.722812602984156 -0.6910440948067418 0 0 0 -1 0 0 0 0 0 0
-0.32845816016197205 3.1323490142822266 -41.73626708984375 0.19766182693422726 -0.9802702699628422 0 0 0 -1 0 0 0 0 0 0
0.029263174161314964 3.0944766998291016 -42.12602996826172 -0.3985392260464585 -0.9171512881211527 0 0 0 -1 0 0 0 0 0 0
0.3010336458683014 2.8588085174560547 -42.51579284667969 -0.8514883841778464 -0.5243734657762538 0 0 0 -1 0 0 0 0 0 0
0.3891665041446686 2.510049819946289 -42.905555725097656 -0.9983801594150693 0.056895142906410436 0 0 0 -1 0 0 0 0 0 0
0.2619844973087311 2.173563003540039 -43.295318603515625 -0.786412541255961 0.6177016391068922 0 0 0 -1 0 0 0 0 0 0
-0.03479894623160362 1.9702931642532349 -43.685081481933594 -0.29176795509297626 0.9564891323903596 0 0 0 -1 0 0 0 0 0 0
-0.3945077359676361 1.973302960395813 -44.07484436035156 0.3077433169115466 0.9514694166899319 0 0 0 -1 0 0 0 0 0 0
-0.6878464818000793 2.1815128326416016 -44.46460723876953 0.796637771101213 0.6044569973578693 0 0 0 -1 0 0 0 0 0 0
-2.0123226642608643 0.8273220658302307 -29.26385498046875 -0.6765065735707333 0.7364365932757457 0 0 0 1 0 0 0 0 0 0
-1.8196290731430054 1.2281819581985474 -28.76272964477539 -0.9976621391627799 0.06833927188041834 0 0 0 1 0 0 0 0 0 0
-1.9558595418930054 1.6515713930130005 -28.261608123779297 -0.7706086777954172 -0.6373086110405215 0 0 0 1 0 0 0 0 0 0
-2.3461601734161377 1.864843487739563 -27.760482788085938 -0.12010653449223256 -0.9927610086885293 0 0 0 1 0 0 0 0 0 0
-2.77605938911438 1.7508031129837036 -27.259357452392578 0.5963910314665206 -0.80269404980123 0 0 0 1 0 0 0 0 0 0
-3.0093300342559814 1.3721181154251099 -26.758235931396484 0.9851736040432882 -0.1715603972260447 0 0 0 1 0 0 0 0 0 0
-2.917790651321411 0.9368687272071838 -26.257110595703125 0.8326090500345652 0.5538611466789659 0 0 0 1 0 0 0 0 0 0
-2.5517418384552 0.6842289566993713 -25.75598907470703 0.22252391697451263 0.9749272313225844 0 0 0 1 0 0 0 0 0 0
-2.205054521560669 -0.7199572920799255 -25.75598907470703 -0.35528330874875824 -0.9347586696706986 0 0 0 -1 0 0 0 0 0 0
-1.889813780784607 -0.9965915083885193 -26.223705291748047 -0.88068428105563 -0.4737037018026441 0 0 0 -1 0 0 0 0 0 0
-1.832764983177185 -1.412103533744812 -26.691417694091797 -0.9757660022295591 0.2188166101852047 0 0 0 -1 0 0 0 0 0 0
-2.061784029006958 -1.7634638547897339 -27.159133911132812 -0.5940686064586068 0.804414377556946 0 0 0 -1 0 0 0 0 0 0
-2.4649670124053955 -1.878991961479187 -27.626850128173828 0.07790404625997359 0.9969608616070763 0 0 0 -1 0 0 0 0 0 0
-2.845311403274536 -1.7022379636764526 -28.094566345214844 0.7118089091986957 0.7023731748759792 0 0 0 -1 0 0 0 0 0 0
-3.016972780227661 -1.3195704221725464 -28.562278747558594 0.9979117768778112 0.06459168343192334 0 0 0 -1 0 0 0 0 0 0
-2.896075487136841 -0.9179629683494568 -29.02999496459961 0.7964153791369651 -0.6047499846003502 0 0 0 -1 0 0 0 0 0 0
-2.541692018508911 -0.6936549544334412 -29.497711181640625 0.20578150278054666 -0.978597962962002 0 0 0 -1 0 0 0 0 0 0
-2.126979112625122 -0.7562426924705505 -29.96542739868164 -0.4854105494378391 -0.8742863366737782 0 0 0 -1 0 0 0 0 0 0
-1.854575514793396 -1.0751436948776245 -30.433143615722656 -0.9394147791616727 -0.34278254432311117 0 0 0 -1 0 0 0 0 0 0
-1.8575834035873413 -1.4945429563522339 -30.900856018066406 -0.9344043058106692 0.3562142519362208 0 0 0 -1 0 0 0 0 0 0
-2.1345303058624268 -1.8095072507858276 -31.368572235107422 -0.47282843480184705 0.8811545104252918 0 0 0 -1 0 0 0 0 0 0
-2.550097703933716 -1.866144061088562 -31.836288452148438 0.219787171077031 0.9755478457922788 0 0 0 -1 0 0 0 0 0 0
-2.9012291431427 -1.636773943901062 -32.30400466918945 0.805007894173204 0.593264098289138 0 0 0 -1 0 0 0 0 0 0
-3.01635479927063 -1.2334765195846558 -32.77172088623047 0.99688277109573 -0.07889702587866397 0 0 0 -1 0 0 0 0 0 0
-2.8392250537872314 -0.8533114790916443 -33.23943328857422 0.7016670027668261 -0.7125050296160856 0 0 0 -1 0 0 0 0 0 0
-2.456385850906372 -0.6820277571678162 -33.707149505615234 0.0635985281537464 -0.9979755644386676 0 0 0 -1 0 0 0 0 0 0
-2.0549004077911377 -0.8033275008201599 -34.17486572265625 -0.6055433889597519 -0.7958122919929916 0 0 0 -1 0 0 0 0 0 0
-1.8309434652328491 -1.1579340696334839 -34.642581939697266 -0.9788053098843166 -0.20479298167238777 0 0 0 -1 0 0 0 0 0 0
-1.893943190574646 -1.5725802183151245 -35.11029815673828 -0.873806879731105 0.48627310940930124 0 0 0 -1 0 0 0 0 0 0
-2.2131187915802 -1.8446673154830933 -35.57801055908203 -0.3418439571525006 0.9397567286049723 0 0 0 -1 0 0 0 0 0 0
-2.632512331008911 -1.841241717338562 -36.04572677612305 0.35714840659738645 0.9340476517099906 0 0 0 -1 0 0 0 0 0 0
-2.94720196723938 -1.5639818906784058 -36.51344299316406 0.8816276233826832 0.4719456893421125 0 0 0 -1 0 0 0 0 0 0
-3.003422975540161 -1.1483591794967651 -36.98115921020508 0.9753284335873682 -0.22075879741475965 0 0 0 -1 0 0 0 0 0 0
-2.7737057209014893 -0.797456681728363 -37.448875427246094 0.5924663541168059 -0.8055951956408005 0 0 0 -1 0 0 0 0 0 0
-2.3702938556671143 -0.6827296614646912 -37.916587829589844 -0.07988347363036867 -0.9968042087796108 0 0 0 -1 0 0 0 0 0 0
-1.9903024435043335 -0.8602389693260193 -38.38430404663086 -0.7132032940797105 -0.7009572464236674 0 0 0 -1 0 0 0 0 0 0
-1.8194020986557007 -1.243249773979187 -38.852020263671875 -0.9980383411103138 -0.0626056680642652 0 0 0 -1 0 0 0 0 0 0
-1.9410985708236694 -1.6446131467819214 -39.31973648071289 -0.795210557507799 0.6063333812583104 0 0 0 -1 0 0 0 0 0 0
-2.2959282398223877 -1.868219256401062 -39.787452697753906 -0.20382790501538958 0.9790067339589841 0 0 0 -1 0 0 0 0 0 0
-2.5821564197540283 1.8463574647903442 -39.787452697753906 0.2732159786634849 -0.9619527166149875 0 0 0 1 0 0 0 0 0 0
-2.9108288288116455 1.6117383241653442 -39.33772277832031 0.8210035223470434 -0.5709231264310001 0 0 0 1 0 0 0 0 0 0
-3.016362428665161 1.2219487428665161 -38.887996673583984 0.9968960634248334 0.07872889385778661 0 0 0 1 0 0 0 0 0 0
-2.8509552478790283 0.8535595536231995 -38.438270568847656 0.7212147968042926 0.6927114961299135 0 0 0 1 0 0 0 0 0 0
-2.489529848098755 0.6734371781349182 -37.98854446411133 0.11883815898525067 0.9929136377193114 0 0 0 1 0 0 0 0 0 0
-2.0958054065704346 0.7631779313087463 -37.538818359375 -0.5373711681890055 0.8433458528973647 0 0 0 1 0 0 0 0 0 0
-1.8481305837631226 1.0821248292922974 -37.08909225463867 -0.9501566250446694 0.3117729749091855 0 0 0 1 0 0 0 0 0 0
-1.858695387840271 1.4858113527297974 -36.639366149902344 -0.9325466066004211 -0.36104961780625033 0 0 0 1 0 0 0 0 0 0
-2.1227142810821533 1.7913686037063599 -36.189640045166016 -0.49251765446508877 -0.8703024531967076 0 0 0 1 0 0 0 0 0 0
-2.5205929279327393 1.860387921333313 -35.73991394042969 0.17061265934087286 -0.9853381756902729 0 0 0 1 0 0 0 0 0 0
-2.8721020221710205 1.6616078615188599 -35.29018783569336 0.7564650367413916 -0.6540341338094249 0 0 0 1 0 0 0 0 0 0
-3.0180160999298096 1.285070538520813 -34.84046173095703 0.9996493856816061 -0.02647840075207738 0 0 0 1 0 0 0 0 0 0
-2.892237901687622 0.9013386368751526 -34.3907356262207 0.7900228568585355 0.6130773896018986 0 0 0 1 0 0 0 0 0 0
-2.5517418384552 0.6842289566993713 -33.941009521484375 0.22252391697451263 0.9749272313225844 0 0 0 1 0 0 0 0 0 0
0.003309880616143346 3.105039596557617 -33.941009521484375 -0.35528324394633665 -0.9347586943008168 0 0 0 -1 0 0 0 0 0 0
0.28269830346107483 2.886800765991211 -34.330772399902344 -0.8209324092363597 -0.5710253755004115 0 0 0 -1 0 0 0 0 0 0
0.39012017846107483 2.548948287963867 -34.72053527832031 -0.9999684494347671 -0.007943559342472423 0 0 0 -1 0 0 0 0 0 0
0.28807321190834045 2.2094287872314453 -35.11029815673828 -0.8298881099027927 0.5579298567400476 0 0 0 -1 0 0 0 0 0 0
0.012182866223156452 1.9867841005325317 -35.50006103515625 -0.37007113137593317 0.9290034218032445 0 0 0 -1 0 0 0 0 0 0
-0.34122785925865173 1.9587422609329224 -35.88982391357422 0.21894544502904464 0.9757371019393665 0 0 0 -1 0 0 0 0 0 0
-0.6487744450569153 2.1350955963134766 -36.27958679199219 0.7315214319091891 0.6818184469912275 0 0 0 -1 0 0 0 0 0 0
-0.8030865788459778 2.454275131225586 -36.669349670410156 0.988708803724261 0.14984959605598083 0 0 0 -1 0 0 0 0 0 0
2.575260877609253 1.4345647096633911 -36.669349670410156 -0.961262283565907 -0.275635306507816 0 0 0 1 0 0 0 0 0 0
2.4261138439178467 1.6900769472122192 -36.34737014770508 -0.7126832210659442 -0.7014860129832029 0 0 0 1 0 0 0 0 0 0
2.172997236251831 1.8432523012161255 -36.025390625 -0.2908240769725194 -0.9567765445771975 0 0 0 1 0 0 0 0 0 0
1.8774534463882446 1.856847882270813 -35.70341491699219 0.2017529566666539 -0.9794364422851863 0 0 0 1 0 0 0 0 0 0
1.6113401651382446 1.7275563478469849 -35.38143539428711 0.6452775981780009 -0.7639481797148484 0 0 0 1 0 0 0 0 0 0
1.4393659830093384 1.4868184328079224 -35.0594596862793 0.9318974570479004 -0.3627218349474659 0 0 0 1 0 0 0 0 0 0
1.4033399820327759 1.1931630373001099 -34.73748016357422 0.9919406313764105 0.12670352727753112 0 0 0 1 0 0 0 0 0 0
1.5120245218276978 0.9179936051368713 -34.41550064086914 0.8108022025371668 0.5853202442773348 0 0 0 1 0 0 0 0 0 0
1.738991379737854 0.7282124161720276 -34.09352493286133 0.4325187032380621 0.9016249615828443 0 0 0 1 0 0 0 0 0 0
2.029057264328003 0.6699658036231995 -33.77154541015625 -0.05092637529951565 0.9987024102798856 0 0 0 1 0 0 0 0 0 0
2.3116958141326904 0.757413923740387 -33.44956970214844 -0.5219848947545598 0.8529547289558052 0 0 0 1 0 0 0 0 0 0
2.518181562423706 0.9692936539649963 -33.12759017944336 -0.8661259188807908 0.49982586231897397 0 0 0 1 0 0 0 0 0 0
2.598313093185425 1.254095196723938 -32.80561065673828 -0.9996835685523736 0.025154776214303273 0 0 0 1 0 0 0 0 0 0
2.532604932785034 1.5425626039505005 -32.48363494873047 -0.8901687990205992 -0.45563089145735486 0 0 0 1 0 0 0 0 0 0
2.3370368480682373 1.7645589113235474 -32.16165542602539 -0.5642253043678165 -0.825620860874436 0 0 0 1 0 0 0 0 0 0
2.059155225753784 1.8661137819290161 -31.839675903320312 -0.10108878071914684 -0.9948774087357278 0 0 0 1 0 0 0 0 0 0
1.7665258646011353 1.8225270509719849 -31.5177001953125 0.38663002605282215 -0.9222349066015634 0 0 0 1 0 0 0 0 0 0
1.5303007364273071 1.6443997621536255 -31.195720672607422 0.7803420266999755 -0.6253529574294623 0 0 0 1 0 0 0 0 0 0
1.4079176187515259 1.3750439882278442 -30.87374496459961 0.9843129500063861 -0.17643133635985886 0 0 0 1 0 0 0 0 0 0
1.4291273355484009 1.0799504518508911 -30.55176544189453 0.9489634177085083 0.31538616306202616 0 0 0 1 0 0 0 0 0 0
1.5887800455093384 0.8308659195899963 -30.229785919189453 0.6828744186559715 0.7305357817008479 0 0 0 1 0 0 0 0 0 0
1.8480497598648071 0.6883564591407776 -29.90781021118164 0.2507608047120933 0.9680490787249082 0 0 0 1 0 0 0 0 0 0
2.143906354904175 0.687070906162262 -29.585830688476562 -0.2423349434307655 0.9701926484943121 0 0 0 1 0 0 0 0 0 0
2.404404401779175 0.8273220658302307 -29.26385498046875 -0.6765035311230809 0.7364393881223374 0 0 0 1 0 0 0 0 0 0
1.6478544473648071 -0.7939395308494568 -29.26385498046875 0.5844082518364726 -0.8114597927102968 0 0 0 -1 0 0 0 0 0 0
1.9159895181655884 -0.6865138411521912 -29.580535888671875 0.13752008481210967 -0.9904989784312099 0 0 0 -1 0 0 0 0 0 0
2.203251600265503 -0.716829240322113 -29.897216796875 -0.3412467030658512 -0.9399737696588595 0 0 0 -1 0 0 0 0 0 0
2.4430549144744873 -0.8778590559959412 -30.21390151977539 -0.7409202156897768 -0.6715930568299634 0 0 0 -1 0 0 0 0 0 0
2.579827070236206 -1.1322802305221558 -30.530582427978516 -0.9688715177162379 -0.2475640970703012 0 0 0 -1 0 0 0 0 0 0
2.5818679332733154 -1.4211291074752808 -30.847267150878906 -0.9722698568413253 0.23386176574581208 0 0 0 -1 0 0 0 0 0 0
2.4486968517303467 -1.6774576902389526 -31.16394805908203 -0.7503183152396061 0.661076717042734 0 0 0 -1 0 0 0 0 0 0
2.211186170578003 -1.841852068901062 -31.480628967285156 -0.3544668494952589 0.9350685817676185 0 0 0 -1 0 0 0 0 0 0
1.924385666847229 -1.8762186765670776 -31.797313690185547 0.1235293124681151 0.9923409237561226 0 0 0 -1 0 0 0 0 0 0
1.6547590494155884 -1.7725847959518433 -32.11399459838867 0.5729095138101759 0.819618624108669 0 0 0 -1 0 0 0 0 0 0
1.4648023843765259 -1.5549753904342651 -32.4306755065918 0.8895025645813954 0.456930178039403 0 0 0 -1 0 0 0 0 0 0
1.3985449075698853 -1.2738207578659058 -32.74736022949219 0.9999320519121752 -0.011657253480434343 0 0 0 -1 0 0 0 0 0 0
1.4713369607925415 -0.9942874312400818 -33.06404113769531 0.8786094376142008 -0.47754105178011447 0 0 0 -1 0 0 0 0 0 0
1.6663137674331665 -0.7811641097068787 -33.38072204589844 0.5536486324290569 -0.8327503778500704 0 0 0 -1 0 0 0 0 0 0
1.9382826089859009 -0.6838435530662537 -33.69740676879883 0.10037127994603913 -0.9949500520940706 0 0 0 -1 0 0 0 0 0 0
2.224205732345581 -0.7248820662498474 -34.01408767700195 -0.3761715530594738 -0.9265500324692797 0 0 0 -1 0 0 0 0 0 0
2.4578216075897217 -0.8947696089744568 -34.330772399902344 -0.765528323230129 -0.6434021964000957 0 0 0 -1 0 0 0 0 0 0
-0.6068719029426575 -3.0056819915771484 -34.330772399902344 0.6616878229782175 0.7497794508536139 0 0 0 1 0 0 0 0 0 0
-0.2900308072566986 -3.1504344940185547 -33.941009521484375 0.13361503113725712 0.9910333109710237 0 0 0 1 0 0 0 0 0 0
0.05383363738656044 -3.0947628021240234 -33.551246643066406 -0.43949132007525765 0.8982468366649045 0 0 0 1 0 0 0 0 0 0
0.3088175356388092 -2.857431411743164 -33.16148376464844 -0.864462963383623 0.5026965137515923 0 0 0 1 0 0 0 0 0 0
0.3889738619327545 -2.5184383392333984 -32.77172088623047 -0.9980579880692314 -0.062291672406494046 0 0 0 1 0 0 0 0 0 0
0.26728692650794983 -2.1920413970947266 -32.3819580078125 -0.7952446930951732 -0.6062886095779497 0 0 0 1 0 0 0 0 0 0
-0.015225733630359173 -1.9882601499557495 -31.99219512939453 -0.32439507855894784 -0.9459216843939745 0 0 0 1 0 0 0 0 0 0
-0.36334356665611267 -1.9757784605026245 -31.602432250976562 0.2558048912930143 -0.9667284301139432 0 0 0 1 0 0 0 0 0 0
-0.6597283482551575 -2.1588001251220703 -31.212669372558594 0.7497765858322312 -0.6616910694106147 0 0 0 1 0 0 0 0 0 0
-0.8044808506965637 -2.475645065307617 -30.822906494140625 0.9910333094061448 -0.1336150427440881 0 0 0 1 0 0 0 0 0 0
-0.7488091588020325 -2.8195056915283203 -30.433143615722656 0.8982490300075232 0.4394868372210293 0 0 0 1 0 0 0 0 0 0
-0.5114796757698059 -3.074491500854492 -30.043380737304688 0.5026964422967262 0.8644630049355579 0 0 0 1 0 0 0 0 0 0
-0.17248663306236267 -3.1546497344970703 -29.65361785888672 -0.062291671725307064 0.9980579881117463 0 0 0 1 0 0 0 0 0 0
0.1539084017276764 -3.0329647064208984 -29.26385498046875 -0.6062787953973813 0.7952521752573206 0 0 0 1 0 0 0 0 0 0
0.3576933443546295 -2.750448226928711 -28.87409210205078 -0.9459256835967578 0.32438341682645655 0 0 0 1 0 0 0 0 0 0
0.37017694115638733 -2.4023303985595703 -28.484329223632812 -0.9667273862527925 -0.25580883618210715 0 0 0 1 0 0 0 0 0 0
0.18715158104896545 -2.105947494506836 -28.094566345214844 -0.6616878660950339 -0.7497794128025924 0 0 0 1 0 0 0 0 0 0
-0.1296895444393158 -1.9611948728561401 -27.704803466796875 -0.1336204943838819 -0.991032574379171 0 0 0 1 0 0 0 0 0 0
-0.47355398535728455 -2.0168628692626953 -27.315040588378906 0.4394868026180222 -0.8982490469377564 0 0 0 1 0 0 0 0 0 0
-0.7285378575325012 -2.2541942596435547 -26.925277709960938 0.8644615270593748 -0.5026989837210472 0 0 0 1 0 0 0 0 0 0
-0.8086960911750793 -2.5931873321533203 -26.53551483154297 0.9980579877716274 0.0622916771748033 0 0 0 1 0 0 0 0 0 0
-0.6870110630989075 -2.919584274291992 -26.145751953125 0.7952467282440157 0.606285940144738 0 0 0 1 0 0 0 0 0 0
-0.40449652075767517 -3.1233654022216797 -25.75598907470703 0.32439015436500224 0.9459233730863458 0 0 0 1 0 0 0 0 0 0
-0.05637868866324425 -3.1358509063720703 -25.366226196289062 -0.25580498823841713 0.9667284044613271 0 0 0 1 0 0 0 0 0 0
0.24000611901283264 -2.952829360961914 -24.976463317871094 -0.7497766182135317 0.6616910327186549 0 0 0 1 0 0 0 0 0 0
0.3847586214542389 -2.635988235473633 -24.586700439453125 -0.9910317248726658 0.13362679482764384 0 0 0 1 0 0 0 0 0 0
0.32908883690834045 -2.292123794555664 -24.196937561035156 -0.8982490437633379 -0.4394868091060857 0 0 0 1 0 0 0 0 0 0
0.0917612686753273 -2.037137985229492 -23.807174682617188 -0.5027055756765586 -0.864457693692236 0 0 0 1 0 0 0 0 0 0
-0.24723181128501892 -1.9569796323776245 -23.41741180419922 0.06228606185318729 -0.9980583382241847 0 0 0 1 0 0 0 0 0 0
-0.5736287236213684 -2.078664779663086 -23.02764892578125 0.6062787468921028 -0.7952522122364336 0 0 0 1 0 0 0 0 0 0
-0.7774136662483215 -2.361177444458008 -22.63788604736328 0.9459216424765382 -0.3243952007883103 0 0 0 1 0 0 0 0 0 0
-0.7898991703987122 -2.7092952728271484 -22.248123168945312 0.9667277483287728 0.25580746785655106 0 0 0 1 0 0 0 0 0 0
-0.6068757176399231 -3.005678176879883 -21.858360290527344 0.6616965429827885 0.7497717552726476 0 0 0 1 0 0 0 0 0 0
-1.9777158498764038 -0.8734416365623474 -21.858360290527344 -0.7341789180346068 -0.6789560488820571 0 0 0 -1 0 0 0 0 0 0
-1.8182748556137085 -1.2884386777877808 -22.359481811523438 -0.9999191997853407 0.01271195896170406 0 0 0 -1 0 0 0 0 0 0
-1.988211989402771 -1.6992510557174683 -22.860607147216797 -0.7166896880936899 0.6973922074271903 0 0 0 -1 0 0 0 0 0 0
-2.394231081008911 -1.880334734916687 -23.36172866821289 -0.03999245811188949 0.99919998163239 0 0 0 -1 0 0 0 0 0 0
-2.8134243488311768 -1.7322748899459839 -23.86285400390625 0.6586634561451417 0.7524376728599765 0 0 0 -1 0 0 0 0 0 0
-3.0156490802764893 -1.3363627195358276 -24.36397933959961 0.9957048247754724 0.0925845663101891 0 0 0 -1 0 0 0 0 0 0
-2.8898823261260986 -0.9099521040916443 -24.865100860595703 0.7860964570084807 -0.6181038426338358 0 0 0 -1 0 0 0 0 0 0
-2.50517201423645 -0.6871470808982849 -25.366226196289062 0.14490837941512008 -0.9894450775941451 0 0 0 -1 0 0 0 0 0 0
-2.2557289600372314 0.6916103959083557 -25.366226196289062 -0.27082675887083113 0.9626281040357801 0 0 0 1 0 0 0 0 0 0
-1.9276002645492554 0.9238072037696838 -24.917999267578125 -0.8177057818621137 0.5756363907096816 0 0 0 1 0 0 0 0 0 0
-1.8196862936019897 1.3110295534133911 -24.469772338867188 -0.9975650889378228 -0.06974161836718419 0 0 0 1 0 0 0 0 0 0
-1.9804280996322632 1.6794720888137817 -24.021541595458984 -0.7296622874789446 -0.6838076821965327 0 0 0 1 0 0 0 0 0 0
-2.3376762866973877 1.8637562990188599 -23.573314666748047 -0.134247993188986 -0.9909477666984925 0 0 0 1 0 0 0 0 0 0
-2.7310783863067627 1.781164288520813 -23.12508773803711 0.5214268637913619 -0.8532959777924097 0 0 0 1 0 0 0 0 0 0
-2.984055757522583 1.4687749147415161 -22.676860809326172 0.9430493516265968 -0.3326528526807725 0 0 0 1 0 0 0 0 0 0
-2.983060121536255 1.0667973756790161 -22.228633880615234 0.9413898292509429 0.3373206032587998 0 0 0 1 0 0 0 0 0 0
-2.7285397052764893 0.7556629776954651 -21.780406951904297 0.5171883368208782 0.8558716166905256 0 0 0 1 0 0 0 0 0 0
-2.334733247756958 0.6750240921974182 -21.33218002319336 -0.13915200557375793 0.9902710332756387 0 0 0 1 0 0 0 0 0 0
-1.9784024953842163 0.8610745072364807 -20.883953094482422 -0.7330405501212337 0.6801849394671712 0 0 0 1 0 0 0 0 0 0
-1.8194860219955444 1.2303067445755005 -20.435726165771484 -0.9978986908881389 0.06479353921293766 0 0 0 1 0 0 0 0 0 0
-1.9293149709701538 1.6169873476028442 -19.987499237060547 -0.8148538084319601 -0.5796665169594761 0 0 0 1 0 0 0 0 0 0
-2.258591890335083 1.8475590944290161 -19.53927230834961 -0.26605968414388576 -0.96395655735788 0 0 0 1 0 0 0 0 0 0
-2.659520387649536 1.8185292482376099 -19.091041564941406 0.40215799784639766 -0.9155702839040686 0 0 0 1 0 0 0 0 0 0
-2.952143907546997 1.5429250001907349 -18.64281463623047 0.889859977780551 -0.4562337338956832 0 0 0 1 0 0 0 0 0 0
-3.0051167011260986 1.1444531679153442 -18.19458770751953 0.9781521636991494 0.2078902225951783 0 0 0 1 0 0 0 0 0 0
-2.794663667678833 0.8019657731056213 -17.746360778808594 0.6273935235909466 0.7787023606976778 0 0 0 1 0 0 0 0 0 0
-2.4152462482452393 0.6691952347755432 -17.298133850097656 -0.004964763414321173 0.9999876754861731 0 0 0 1 0 0 0 0 0 0
-2.037165880203247 0.8057270646095276 -16.84990692138672 -0.635100553319228 0.7724294706791103 0 0 0 1 0 0 0 0 0 0
-1.8301252126693726 1.1502858400344849 -16.40167999267578 -0.9801692232942096 0.19816229133421398 0 0 0 1 0 0 0 0 0 0
-2.9880802631378174 -1.0930231809616089 -16.40167999267578 0.9497582170547402 -0.3129845509557953 0 0 0 -1 0 0 0 0 0 0
-2.7649624347686768 -0.7911471724510193 -16.82392120361328 0.5778944539012828 -0.8161115120803885 0 0 0 -1 0 0 0 0 0 0
-2.406123399734497 -0.6809367537498474 -17.246166229248047 -0.02017298011143563 -0.9997965047315497 0 0 0 -1 0 0 0 0 0 0
-2.0520222187042236 -0.8055285811424255 -17.668407440185547 -0.610337995909795 -0.7921411053270844 0 0 0 -1 0 0 0 0 0 0
-1.841260313987732 -1.1161593198776245 -18.090652465820312 -0.9616089756620846 -0.27442335528543504 0 0 0 -1 0 0 0 0 0 0
-1.8563340902328491 -1.491235613822937 -18.512893676757812 -0.9364858095205046 0.3507054726786068 0 0 0 -1 0 0 0 0 0 0
-2.0913422107696533 -1.7839525938034058 -18.935138702392578 -0.5448069294391188 0.8385615121355852 0 0 0 -1 0 0 0 0 0 0
-2.454301118850708 -1.8797281980514526 -19.357379913330078 0.06012616244478015 0.9981907856665797 0 0 0 -1 0 0 0 0 0 0
-2.803138017654419 -1.7410792112350464 -19.779624938964844 0.641516549644388 0.7671091946602906 0 0 0 -1 0 0 0 0 0 0
-3.0013115406036377 -1.4222697019577026 -20.201866149902344 0.9718114026112212 0.23575961858386785 0 0 0 -1 0 0 0 0 0 0
-2.9712555408477783 -1.0480936765670776 -20.62411117553711 0.9217160315377353 -0.38786538541912813 0 0 0 -1 0 0 0 0 0 0
-2.7247307300567627 -0.7650088667869568 -21.04635238647461 0.5108431318566979 -0.85967394670005 0 0 0 -1 0 0 0 0 0 0
-2.3582355976104736 -0.6838206648826599 -21.468597412109375 -0.09998472952596009 -0.994988971728642 0 0 0 -1 0 0 0 0 0 0
-0.20388159155845642 -3.155782699584961 -21.468597412109375 -0.00996315162601446 0.9999503665731 0 0 0 1 0 0 0 0 0 0
0.13148942589759827 -3.0492496490478516 -21.078834533691406 -0.5689182229305113 0.8223940999408915 0 0 0 1 0 0 0 0 0 0
0.3494535982608795 -2.7729969024658203 -20.689071655273438 -0.9321903637053008 0.3619684044429556 0 0 0 1 0 0 0 0 0 0
0.3750368654727936 -2.4220409393310547 -20.29930877685547 -0.9748281368005813 -0.22295762759301851 0 0 0 1 0 0 0 0 0 0
0.1994425356388092 -2.117097854614258 -19.9095458984375 -0.6821697236950308 -0.731193864904408 0 0 0 1 0 0 0 0 0 0
-0.1169331893324852 -1.9630526304244995 -19.51978302001953 -0.15488131539017858 -0.987933083838682 0 0 0 1 0 0 0 0 0 0
-0.46527227759361267 -2.0128917694091797 -19.130020141601562 0.4256873469428644 -0.9048703126154296 0 0 0 1 0 0 0 0 0 0
-0.7257607579231262 -2.249471664428711 -18.740257263183594 0.8598380974570629 -0.5105667891289231 0 0 0 1 0 0 0 0 0 0
-0.8088029026985168 -2.5914173126220703 -18.350494384765625 0.9982377553196746 0.05934124918079686 0 0 0 1 0 0 0 0 0 0
-0.685836136341095 -2.9211177825927734 -17.960731506347656 0.7932949899710242 0.6088374650815046 0 0 0 1 0 0 0 0 0 0
-0.39915594458580017 -3.1251697540283203 -17.570968627929688 0.3154922199702414 0.9489281633180927 0 0 0 1 0 0 0 0 0 0
-0.04736455902457237 -3.133390426635742 -17.18120574951172 -0.2708268147276412 0.9626280883209671 0 0 0 1 0 0 0 0 0 0
1.9115568399429321 -0.6871470808982849 -17.18120574951172 0.14491387147337348 -0.9894442732436218 0 0 0 -1 0 0 0 0 0 0
2.219944715499878 -0.7231730818748474 -17.519001007080078 -0.3690605152989292 -0.929405366913323 0 0 0 -1 0 0 0 0 0 0
2.469036817550659 -0.9085254073143005 -17.856792449951172 -0.7842212860683286 -0.6204812442591124 0 0 0 -1 0 0 0 0 0 0
2.592125654220581 -1.193567156791687 -18.19458770751953 -0.9893701053104855 -0.1454193753181434 0 0 0 -1 0 0 0 0 0 0
2.556256055831909 -1.5019739866256714 -18.53238296508789 -0.929587514557748 0.3686014823333578 0 0 0 -1 0 0 0 0 0 0
2.3710296154022217 -1.7511576414108276 -18.87017822265625 -0.6208756432038585 0.783909073602414 0 0 0 -1 0 0 0 0 0 0
2.0860488414764404 -1.8743914365768433 -19.20797348022461 -0.14591227015291383 0.9892975333128163 0 0 0 -1 0 0 0 0 0 0
1.7776228189468384 -1.838678240776062 -19.545764923095703 0.3681288776761735 0.9297747734913443 0 0 0 -1 0 0 0 0 0 0
1.5283437967300415 -1.6535738706588745 -19.883560180664062 0.7836010771529127 0.621264317247333 0 0 0 -1 0 0 0 0 0 0
1.4049688577651978 -1.3686541318893433 -20.221355438232422 0.98922634140773 0.14639414423083014 0 0 0 -1 0 0 0 0 0 0
1.440529465675354 -1.0602129697799683 -20.55915069580078 0.9299564379410798 -0.3676697207167578 0 0 0 -1 0 0 0 0 0 0
1.6255079507827759 -0.8108424544334412 -20.89694595336914 0.6216638452944536 -0.7832841524336578 0 0 0 -1 0 0 0 0 0 0
1.9103666543960571 -0.6873225569725037 -21.234737396240234 0.14688861286420185 -0.9891530394285967 0 0 0 -1 0 0 0 0 0 0
2.21882700920105 -0.7227305769920349 -21.572532653808594 -0.36721053197584136 -0.9301378527971107 0 0 0 -1 0 0 0 0 0 0
2.4682891368865967 -0.9075793623924255 -21.910327911376953 -0.7829759212765259 -0.6220520128583908 0 0 0 -1 0 0 0 0 0 0
2.5919501781463623 -1.192376971244812 -22.248123168945312 -0.9890778615113481 -0.14739397500623425 0 0 0 -1 0 0 0 0 0 0
1.4128881692886353 1.1385976076126099 -22.248123168945312 0.976026549739675 0.21765149713077014 0 0 0 1 0 0 0 0 0 0
1.5607115030288696 0.8588963150978088 -21.923320770263672 0.7296515195458594 0.6838191720216817 0 0 0 1 0 0 0 0 0 0
1.8302427530288696 0.6932621598243713 -21.59851837158203 0.28043765559720757 0.9598722421880643 0 0 0 1 0 0 0 0 0 0
2.1465537548065186 0.6877384781837463 -21.27371597290039 -0.24674399276174575 0.9690806994445775 0 0 0 1 0 0 0 0 0 0
2.42170786857605 0.8438625931739807 -20.94891357421875 -0.7053373832073659 0.7088717626271943 0 0 0 1 0 0 0 0 0 0
2.579205274581909 1.118230938911438 -20.62411117553711 -0.9678337633531457 0.2515905533077246 0 0 0 1 0 0 0 0 0 0
2.575260877609253 1.4345647096633911 -20.29930877685547 -0.961262283565907 -0.275635306507816 0 0 0 1 0 0 0 0 0 0
-0.8030865788459778 2.454275131225586 -20.29930877685547 0.988708803724261 0.14984959605598083 0 0 0 -1 0 0 0 0 0 0
-0.7517769932746887 2.801725387573242 -20.689071655273438 0.9031937120891418 -0.4292331749092052 0 0 0 -1 0 0 0 0 0 0
-0.5147793889045715 3.0609302520751953 -21.078834533691406 0.5081939045612759 -0.8612426808784879 0 0 0 -1 0 0 0 0 0 0
-0.1733010709285736 3.1430721282958984 -21.468597412109375 -0.060933728155327924 -0.9981418139588646 0 0 0 -1 0 0 0 0 0 0
0.1556498110294342 3.0200023651123047 -21.858360290527344 -0.6091835863096411 -0.7930292290772921 0 0 0 -1 0 0 0 0 0 0
0.35935845971107483 2.733896255493164 -22.248123168945312 -0.9486984424600159 -0.31618232916141886 0 0 0 -1 0 0 0 0 0 0
0.3680216372013092 2.382783889770508 -22.63788604736328 -0.9631391274946499 0.2690037566444834 0 0 0 -1 0 0 0 0 0 0
0.1786734163761139 2.086977005004883 -23.02764892578125 -0.6475608007221298 0.7620137855499166 0 0 0 -1 0 0 0 0 0 0
-0.14380773901939392 1.9478322267532349 -23.41741180419922 -0.11008798794450608 0.9939218454739438 0 0 0 -1 0 0 0 0 0 0
-0.48892149329185486 2.013032913208008 -23.807174682617188 0.4651016994215062 0.8852572559404565 0 0 0 -1 0 0 0 0 0 0
-0.7384160161018372 2.260232925415039 -24.196937561035156 0.8809242508627885 0.4732572917999627 0 0 0 -1 0 0 0 0 0 0
-0.8067982792854309 2.6047306060791016 -24.586700439453125 0.9948955604390001 -0.1009099787868775 0 0 0 -1 0 0 0 0 0 0
-0.6706402897834778 2.9284801483154297 -24.976463317871094 0.767967360082959 -0.6404889802699268 0 0 0 -1 0 0 0 0 0 0
-0.3765939176082611 3.120553970336914 -25.366226196289062 0.2778908012463197 -0.9606126704258479 0 0 0 -1 0 0 0 0 0 0
-0.025416696444153786 3.115133285522461 -25.75598907470703 -0.30740892891404104 -0.9515775062620605 0 0 0 -1 0 0 0 0 0 0
0.26256051659584045 2.9140758514404297 -26.145751953125 -0.7873662358719488 -0.6164855315486639 0 0 0 -1 0 0 0 0 0 0
0.38866105675697327 2.586275100708008 -26.53551483154297 -0.9975367717464942 -0.07014548462718306 0 0 0 -1 0 0 0 0 0 0
0.30967774987220764 2.244050979614258 -26.925277709960938 -0.865893580703414 0.5002282547963681 0 0 0 -1 0 0 0 0 0 0
0.05267206206917763 2.004671096801758 -27.315040588378906 -0.43755667803139603 0.8991908326435101 0 0 0 -1 0 0 0 0 0 0
-0.2942899167537689 1.9501553773880005 -27.704803466796875 0.14071217027520622 0.9900505467583165 0 0 0 -1 0 0 0 0 0 0
-0.6123231053352356 2.0991878509521484 -28.094566345214844 0.6707690159202965 0.7416663180172852 0 0 0 -1 0 0 0 0 0 0
-0.7924512028694153 2.400697708129883 -28.484329223632812 0.9709833372431418 0.23914714883554614 0 0 0 -1 0 0 0 0 0 0
-0.7729523777961731 2.751375198364258 -28.87409210205078 0.9384847790811883 -0.34532060383494767 0 0 0 -1 0 0 0 0 0 0
-0.560509979724884 3.031057357788086 -29.26385498046875 0.5844171254970393 -0.8114534018819428 0 0 0 -1 0 0 0 0 0 0
2.417790174484253 -1.7099970579147339 -14.842628479003906 -0.6988121615300836 0.7153052235917564 0 0 0 -1 0 0 0 0 0 0
2.1354033946990967 -1.8649882078170776 -15.167430877685547 -0.22816373694216313 0.9736227755884654 0 0 0 -1 0 0 0 0 0 0
1.8135534524917603 -1.8515986204147339 -15.492233276367188 0.30824951890902397 0.9513055419224442 0 0 0 -1 0 0 0 0 0 0
1.5450140237808228 -1.6736849546432495 -15.817035675048828 0.7558167853432278 0.6547831602854713 0 0 0 -1 0 0 0 0 0 0
1.4071890115737915 -1.3825358152389526 -16.14183807373047 0.9855232714400393 0.16954020599882094 0 0 0 -1 0 0 0 0 0 0
1.4398008584976196 -1.0620630979537964 -16.46664047241211 0.9311700904587769 -0.3645850554191623 0 0 0 -1 0 0 0 0 0 0
1.6334539651870728 -0.8046435713768005 -16.79144287109375 0.6084146689583422 -0.7936192982761386 0 0 0 -1 0 0 0 0 0 0
0.2090708315372467 -2.985342025756836 -16.79144287109375 -0.6982245019265721 0.7158788618959148 0 0 0 1 0 0 0 0 0 0
0.38122811913490295 -2.6588382720947266 -16.40167999267578 -0.985148115095413 0.17170670145324898 0 0 0 1 0 0 0 0 0 0
0.32968202233314514 -2.2933406829833984 -16.011917114257812 -0.8992391413661495 -0.437457388364936 0 0 0 1 0 0 0 0 0 0
0.07394281774759293 -2.0271778106689453 -15.622154235839844 -0.4730052028157094 -0.8810596336850701 0 0 0 1 0 0 0 0 0 0
-0.2892049252986908 -1.961084246635437 -15.232391357421875 0.1322412073963953 -0.9912175659593324 0 0 0 1 0 0 0 0 0 0
-0.6223233342170715 -2.1200695037841797 -14.842628479003906 0.6874387824011825 -0.7262423290133807 0 0 0 1 0 0 0 0 0 0
-0.7993443608283997 -2.4439640045166016 -14.452865600585938 0.9824711838744273 -0.18641451889909486 0 0 0 1 0 0 0 0 0 0
-0.7532685399055481 -2.810190200805664 -14.063102722167969 0.9056815948259865 0.4239585460790448 0 0 0 1 0 0 0 0 0 0
-0.5015366673469543 -3.080148696899414 -13.67333984375 0.4861257651256116 0.8738888604857248 0 0 0 1 0 0 0 0 0 0
-0.13941892981529236 -3.151662826538086 -13.283576965332031 -0.11740367245043898 0.9930842752229794 0 0 0 1 0 0 0 0 0 0
0.19604173302650452 -2.997678756713867 -12.893814086914062 -0.6765036125198644 0.736439313350104 0 0 0 1 0 0 0 0 0 0
-2.768874406814575 -0.7939395308494568 -12.893814086914062 0.5844082518364726 -0.8114597927102968 0 0 0 -1 0 0 0 0 0 0
-2.3012897968292236 -0.6923198103904724 -13.413497924804688 -0.19489155981861903 -0.9808247957262631 0 0 0 -1 0 0 0 0 0 0
-1.9080766439437866 -0.9649829268455505 -13.933181762695312 -0.8502483900419763 -0.5263816820815739 0 0 0 -1 0 0 0 0 0 0
-1.8393224477767944 -1.4385203123092651 -14.452865600585938 -0.9648383261430998 0.2628440686136583 0 0 0 -1 0 0 0 0 0 0
-2.1387531757354736 -1.8117502927780151 -14.972549438476562 -0.4657903623126981 0.8848951002105309 0 0 0 -1 0 0 0 0 0 0
-2.615931749343872 -1.8473070859909058 -15.492233276367188 0.3295086977881863 0.9441525396258453 0 0 0 -1 0 0 0 0 0 0
-2.9673664569854736 -1.5225657224655151 -16.011917114257812 0.91523461145068 0.4029213397211957 0 0 0 -1 0 0 0 0 0 0
-1.898978590965271 1.5698224306106567 -16.011917114257812 -0.8654113460621475 -0.5010620741054965 0 0 0 1 0 0 0 0 0 0
-2.2503769397735596 1.8452283143997192 -15.524711608886719 -0.2797475191206624 -0.9600736042334642 0 0 0 1 0 0 0 0 0 0
-2.6947109699249268 1.8016835451126099 -15.03750991821289 0.46081374112022333 -0.8874968709774608 0 0 0 1 0 0 0 0 0 0
-2.985957384109497 1.4632970094680786 -14.550304412841797 0.9462210739669995 -0.3235207554095065 0 0 0 1 0 0 0 0 0 0
-2.9628536701202393 1.017431378364563 -14.063102722167969 0.9077119554783617 0.41959385825062906 0 0 0 1 0 0 0 0 0 0
-2.6381924152374268 0.7109623551368713 -13.575897216796875 0.36661540075518784 0.9303725855425411 0 0 0 1 0 0 0 0 0 0
-2.1917355060577393 0.7135754227638245 -13.088695526123047 -0.3774808941413622 0.9260173727086537 0 0 0 1 0 0 0 0 0 0
-1.8706849813461304 1.0238286256790161 -12.601490020751953 -0.9125644947480726 0.4089328097929964 0 0 0 1 0 0 0 0 0 0
-1.852805495262146 1.4699345827102661 -12.114288330078125 -0.9423662100025381 -0.3345832127370594 0 0 0 1 0 0 0 0 0 0
-2.147996187210083 1.8048878908157349 -11.627082824707031 -0.4503792188819065 -0.8928373643611269 0 0 0 1 0 0 0 0 0 0
-2.592810869216919 1.8432255983352661 -11.139881134033203 0.2909752151113996 -0.9567305912276844 0 0 0 1 0 0 0 0 0 0
-2.9409592151641846 1.5637189149856567 -10.65267562866211 0.8712238390535633 -0.49088595647540273 0 0 0 1 0 0 0 0 0 0
-2.999671220779419 1.121130108833313 -10.165473937988281 0.9690749813668661 0.2467664492770599 0 0 0 1 0 0 0 0 0 0
0.38423219323158264 2.6281681060791016 -10.165473937988281 -0.9901563249778629 -0.1399658962259484 0 0 0 -1 0 0 0 0 0 0
0.32574716210365295 2.273771286010742 -10.55523681640625 -0.8926779806801518 0.4506950441360613 0 0 0 -1 0 0 0 0 0 0
0.07530657202005386 2.016286849975586 -10.944999694824219 -0.4752816427089993 0.8798337116204601 0 0 0 -1 0 0 0 0 0 0
-0.277331680059433 1.9479924440383911 -11.334762573242188 0.11245028204722923 0.9936573524447441 0 0 0 -1 0 0 0 0 0 0
-0.6057904362678528 2.0933666229248047 -11.724525451660156 0.659885565632817 0.7513661159976922 0 0 0 -1 0 0 0 0 0 0
-0.7923539280891418 2.4003047943115234 -12.114288330078125 0.9708227071919093 0.23979839699333347 0 0 0 -1 0 0 0 0 0 0
-0.7701619267463684 2.758810043334961 -12.504051208496094 0.9338345739935332 -0.3577051696779299 0 0 0 -1 0 0 0 0 0 0
-0.547164261341095 3.040395736694336 -12.893814086914062 0.5621720081834762 -0.8270203342209654 0 0 0 -1 0 0 0 0 0 0
-0.2032845914363861 3.1441516876220703 -13.283576965332031 -0.010961596222584634 -0.9999399198993172 0 0 0 -1 0 0 0 0 0 0
0.1382395327091217 3.0328845977783203 -13.67333984375 -0.5801673352353123 -0.8144973070096407 0 0 0 -1 0 0 0 0 0 0
0.35500970482826233 2.7464771270751953 -14.063102722167969 -0.9414502766226858 -0.3371518599193375 0 0 0 -1 0 0 0 0 0 0
0.36933770775794983 2.387571334838867 -14.452865600585938 -0.9653316889354209 0.2610263020024764 0 0 0 -1 0 0 0 0 0 0
0.17609086632728577 2.0847949981689453 -14.842628479003906 -0.6432527284977948 0.7656539213509862 0 0 0 -1 0 0 0 0 0 0
-0.15547499060630798 1.9466572999954224 -15.232391357421875 -0.09064401971164679 0.9958833574724071 0 0 0 -1 0 0 0 0 0 0
-0.5065320134162903 2.0226612091064453 -15.622154235839844 0.4944487756198648 0.8692067695824836 0 0 0 -1 0 0 0 0 0 0
-0.7512677311897278 2.285573959350586 -16.011917114257812 0.9023399227745208 0.4310251312479031 0 0 0 -1 0 0 0 0 0 0
-0.8019707798957825 2.641172409057617 -16.40167999267578 0.9868494707034181 -0.1616419567203512 0 0 0 -1 0 0 0 0 0 0
-0.6404717564582825 2.962007522583008 -16.79144287109375 0.7176823155808844 -0.6963706584158037 0 0 0 -1 0 0 0 0 0 0
-0.32464727759361267 3.1331043243408203 -17.18120574951172 0.19131198618076065 -0.981529278189689 0 0 0 -1 0 0 0 0 0 0
0.032313022762537 3.093141555786133 -17.570968627929688 -0.4036244523396239 -0.9149247518094255 0 0 0 -1 0 0 0 0 0 0
0.3024832308292389 2.8564395904541016 -17.960731506347656 -0.853907449275898 -0.5204248918634942 0 0 0 -1 0 0 0 0 0 0
0.38903680443763733 2.507833480834961 -18.350494384765625 -0.9981629492605044 0.06058652262320294 0 0 0 -1 0 0 0 0 0 0
0.26095452904701233 2.1722545623779297 -18.740257263183594 -0.7846917393572773 0.6198861784105617 0 0 0 -1 0 0 0 0 0 0
-0.035861339420080185 1.9699689149856567 -19.130020141601562 -0.29000049622394 0.9570264950302413 0 0 0 -1 0 0 0 0 0 0
-0.39503416419029236 1.9734746217727661 -19.51978302001953 0.30862085933480904 0.9511851371754311 0 0 0 -1 0 0 0 0 0 0
-0.6878464818000793 2.1815128326416016 -19.9095458984375 0.796637771101213 0.6044569973578693 0 0 0 -1 0 0 0 0 0 0
2.4217116832733154 1.6945058107376099 -19.9095458984375 -0.7053431086803269 -0.7088660656549817 0 0 0 1 0 0 0 0 0 0
2.131150007247925 1.8543416261672974 -19.547622680664062 -0.22107212085508385 -0.9752574620994372 0 0 0 1 0 0 0 0 0 0
1.8000723123550415 1.835424542427063 -19.185699462890625 0.3307212219588042 -0.9437284955674885 0 0 0 1 0 0 0 0 0 0
1.5296064615249634 1.6435338258743286 -18.823776245117188 0.7814934351538079 -0.6239134642011673 0 0 0 1 0 0 0 0 0 0
1.402382493019104 1.3372899293899536 -18.46185302734375 0.9935369030812896 -0.11350956882853666 0 0 0 1 0 0 0 0 0 0
1.4572569131851196 1.0102406740188599 -18.099933624267578 0.9020759226925125 0.4315773739417443 0 0 0 1 0 0 0 0 0 0
1.6774717569351196 0.762296736240387 -17.73801040649414 0.5350592089058724 0.8448145612884651 0 0 0 1 0 0 0 0 0 0
1.9957510232925415 0.6691914200782776 -17.376087188720703 0.00458885672287061 0.9999894711415601 0 0 0 1 0 0 0 0 0 0
2.314873456954956 0.7593746781349182 -17.014163970947266 -0.5272862552288838 0.8496877103069694 0 0 0 1 0 0 0 0 0 0
2.5373542308807373 1.0052891969680786 -16.652240753173828 -0.8980791694193859 0.4398338384606005 0 0 0 1 0 0 0 0 0 0
2.595227003097534 1.3318196535110474 -16.29031753540039 -0.9945366393915193 -0.10438808795941762 0 0 0 1 0 0 0 0 0 0
2.4708144664764404 1.6392194032669067 -15.928394317626953 -0.7871814827096022 -0.616721422750266 0 0 0 1 0 0 0 0 0 0
2.202122449874878 1.8335782289505005 -15.566474914550781 -0.33936460528741974 -0.940654912642311 0 0 0 1 0 0 0 0 0 0
1.8712278604507446 1.8555318117141724 -15.204551696777344 0.21212966094472746 -0.9772415294836149 0 0 0 1 0 0 0 0 0 0
1.5792165994644165 1.698370099067688 -14.842628479003906 0.6988065531945667 -0.7153107025707983 0 0 0 1 0 0 0 0 0 0
-2.8152363300323486 0.8193188309669495 -9.775711059570312 0.6616846315762048 0.7497822672855516 0 0 0 1 0 0 0 0 0 0
-2.45446515083313 0.6702824234962463 -9.330268859863281 0.06040138589493993 0.9981741694624092 0 0 0 1 0 0 0 0 0 0
-2.078356981277466 0.7747288346290588 -8.884822845458984 -0.5664482661113399 0.8240973011844274 0 0 0 1 0 0 0 0 0 0
-1.8460935354232788 1.0884495973587036 -8.439380645751953 -0.9535529545364609 0.3012254353383625 0 0 0 1 0 0 0 0 0 0
-1.8559831380844116 1.4786664247512817 -7.993938446044922 -0.9370721398637875 -0.34913579692019864 0 0 0 1 0 0 0 0 0 0
-2.103837251663208 1.7802258729934692 -7.548496246337891 -0.5239809866037529 -0.8517299605378207 0 0 0 1 0 0 0 0 0 0
-2.4847538471221924 1.8654881715774536 -7.103054046630859 0.11087790534845034 -0.9938340354936231 0 0 0 1 0 0 0 0 0 0
-2.8375141620635986 1.698370099067688 -6.657611846923828 0.6988094235611786 -0.7153078984200393 0 0 0 1 0 0 0 0 0 0
-1.9989370107650757 -1.7099970579147339 -6.657611846923828 -0.6988148524801437 0.7153025946780527 0 0 0 -1 0 0 0 0 0 0
-2.4027836322784424 -1.8806132078170776 -7.144809722900391 -0.025738112027067443 0.9996687199213958 0 0 0 -1 0 0 0 0 0 0
-2.8148720264434814 -1.7310045957565308 -7.632015228271484 0.661076717042734 0.7503183152396061 0 0 0 -1 0 0 0 0 0 0
-3.01519513130188 -1.3410395383834839 -8.119216918945312 0.9949489333528675 0.10038236906943138 0 0 0 -1 0 0 0 0 0 0
-2.8968002796173096 -0.9189204573631287 -8.606422424316406 0.7976222240463059 -0.6031573490453584 0 0 0 -1 0 0 0 0 0 0
-2.522895097732544 -0.6900157332420349 -9.093624114990234 0.174450018200296 -0.9846660302609795 0 0 0 -1 0 0 0 0 0 0
-2.0931103229522705 -0.7765330672264099 -9.580829620361328 -0.5418573100577417 -0.8404704965297642 0 0 0 -1 0 0 0 0 0 0
-1.8369001150131226 -1.1322840452194214 -10.068031311035156 -0.9688748748971634 -0.2475509579723056 0 0 0 -1 0 0 0 0 0 0
-1.8910573720932007 -1.5673350095748901 -10.55523681640625 -0.8786139915346056 0.47753267310167186 0 0 0 -1 0 0 0 0 0 0
-2.2266666889190674 -1.8494127988815308 -11.042438507080078 -0.3192638949874672 0.9476658511086233 0 0 0 -1 0 0 0 0 0 0
-2.664546251296997 -1.8279207944869995 -11.529644012451172 0.41053354857277086 0.9118454943115354 0 0 0 -1 0 0 0 0 0 0
-2.9709179401397705 -1.5143297910690308 -12.016845703125 0.9211573771095626 0.38919029612341444 0 0 0 -1 0 0 0 0 0 0
-2.9822113513946533 -1.0760668516159058 -12.504051208496094 0.9399737900733004 -0.34124664683368666 0 0 0 -1 0 0 0 0 0 0
0.37442269921302795 -2.6922473907470703 -12.504051208496094 -0.9738040791155873 0.22738868814838353 0 0 0 1 0 0 0 0 0 0
0.34866395592689514 -2.3366146087646484 -12.114288330078125 -0.9308796249919239 -0.36532605132250695 0 0 0 1 0 0 0 0 0 0
0.12565675377845764 -2.0583934783935547 -11.724525451660156 -0.5591959049445172 -0.8290355480275153 0 0 0 1 0 0 0 0 0 0
-0.2158425748348236 -1.9558428525924683 -11.334762573242188 0.009968645616044535 -0.999950311817833 0 0 0 1 0 0 0 0 0 0
-0.555230438709259 -2.0651798248291016 -10.944999694824219 0.5756131240745731 -0.8177221602678445 0 0 0 1 0 0 0 0 0 0
-0.7726452946662903 -2.3477916717529297 -10.55523681640625 0.9379756512783161 -0.3467011358634681 0 0 0 1 0 0 0 0 0 0
-0.7913067936897278 -2.703866958618164 -10.165473937988281 0.9690776590089892 0.24675593368682663 0 0 0 1 0 0 0 0 0 0
2.5925986766815186 -1.196832537651062 -10.165473937988281 -0.9901564350911978 -0.13996511725244404 0 0 0 -1 0 0 0 0 0 0
2.5555808544158936 -1.5036677122116089 -10.49527359008789 -0.928465857652887 0.37141775828962303 0 0 0 -1 0 0 0 0 0 0
2.3707549571990967 -1.7513750791549683 -10.8250732421875 -0.620418111144882 0.7842712332882146 0 0 0 -1 0 0 0 0 0 0
2.0871589183807373 -1.8742274045944214 -11.15487289428711 -0.14776435162688106 0.9890225965003467 0 0 0 -1 0 0 0 0 0 0
1.780037522315979 -1.8396281003952026 -11.484672546386719 0.3641116664374867 0.9313552997455462 0 0 0 -1 0 0 0 0 0 0
1.5308843851089478 -1.6567553281784058 -11.814472198486328 0.7793680433164594 0.6265663995595946 0 0 0 -1 0 0 0 0 0 0
1.4058042764663696 -1.3741358518600464 -12.144268035888672 0.9878300094976018 0.15553736636566814 0 0 0 -1 0 0 0 0 0 0
1.4379888772964478 -1.0667551755905151 -12.474067687988281 0.9341934355599083 -0.35676690563556396 0 0 0 -1 0 0 0 0 0 0
1.6188932657241821 -0.8161677718162537 -12.80386734008789 0.6326829458110007 -0.7744109310178376 0 0 0 -1 0 0 0 0 0 0
1.900520920753479 -0.6888675093650818 -13.1336669921875 0.1633018155014872 -0.9865761587702786 0 0 0 -1 0 0 0 0 0 0
2.2081458568573 -0.718629777431488 -13.46346664428711 -0.3494015388901009 -0.9369730863910816 0 0 0 -1 0 0 0 0 0 0
2.460148572921753 -0.8975581526756287 -13.793266296386719 -0.7694091381561278 -0.6387562744285531 0 0 0 -1 0 0 0 0 0 0
2.5896613597869873 -1.1781748533248901 -14.123065948486328 -0.9852597236513799 -0.17106512488057518 0 0 0 -1 0 0 0 0 0 0
2.562321424484253 -1.4860247373580933 -14.452865600585938 -0.93969248736894 0.3420205098855549 0 0 0 -1 0 0 0 0 0 0
1.4346891641616821 1.4743977785110474 -14.452865600585938 0.93969248736894 -0.3420205098855549 0 0 0 1 0 0 0 0 0 0
1.4067388772964478 1.1701222658157349 -14.121566772460938 0.9862754073383605 0.16510851243818753 0 0 0 1 0 0 0 0 0 0
1.5322614908218384 0.8915348649024963 -13.790267944335938 0.7770670852282173 0.6294177826014468 0 0 0 1 0 0 0 0 0 0
1.7787061929702759 0.7108936905860901 -13.458969116210938 0.3663304981667129 0.9304848016560658 0 0 0 1 0 0 0 0 0 0
2.0821540355682373 0.675046980381012 -13.127670288085938 -0.13941674381640204 0.9902337964054913 0 0 0 1 0 0 0 0 0 0
2.3639075756073 0.7932873368263245 -12.796371459960938 -0.6090055539177448 0.7931659569707596 0 0 0 1 0 0 0 0 0 0
2.5508925914764404 1.034948468208313 -12.465076446533203 -0.9206448447435881 0.3904011652736898 0 0 0 1 0 0 0 0 0 0
2.594616651535034 1.3373624086380005 -12.133777618408203 -0.9935239542734572 -0.11362285106805457 0 0 0 1 0 0 0 0 0 0
2.4837424755096436 1.6220952272415161 -11.802478790283203 -0.8087283214024853 -0.5881823715154324 0 0 0 1 0 0 0 0 0 0
2.2470176219940186 1.8152981996536255 -11.471179962158203 -0.41418837486029003 -0.9101911832854633 0 0 0 1 0 0 0 0 0 0
1.9458433389663696 1.8668690919876099 -11.139881134033203 0.08777167386590809 -0.9961406192233989 0 0 0 1 0 0 0 0 0 0
1.6583257913589478 1.763433575630188 -10.808582305908203 0.5669611020754728 -0.8237445652223541 0 0 0 1 0 0 0 0 0 0
1.4590345621109009 1.5318127870559692 -10.477283477783203 0.8991139768565021 -0.4377145835145153 0 0 0 1 0 0 0 0 0 0
1.3996511697769165 1.2320805788040161 -10.145984649658203 0.9980859189170443 0.06184252953687371 0 0 0 1 0 0 0 0 0 0
1.495583176612854 0.9419727921485901 -9.814685821533203 0.8382035222607406 0.5453575481000408 0 0 0 1 0 0 0 0 0 0
1.7219434976577759 0.7367268204689026 -9.483386993408203 0.4609382351990323 0.8874322190069514 0 0 0 1 0 0 0 0 0 0
2.020031690597534 0.6695728898048401 -9.152091979980469 -0.03588081610228477 0.9993560761989861 0 0 0 1 0 0 0 0 0 0
2.312535047531128 0.7579289078712463 -8.820793151855469 -0.5233891676289056 0.8520937619820492 0 0 0 1 0 0 0 0 0 0
2.523594617843628 0.978879988193512 -8.489494323730469 -0.8751550756712556 0.4838425296796872 0 0 0 1 0 0 0 0 0 0
2.598473310470581 1.2751179933547974 -8.158195495605469 -0.9999511459407531 -0.00988462097273241 0 0 0 1 0 0 0 0 0 0
2.5177505016326904 1.5698224306106567 -7.826896667480469 -0.8654114340890511 -0.5010619220694507 0 0 0 1 0 0 0 0 0 0
1.4493643045425415 -1.5225657224655151 -7.826896667480469 0.91523461145068 0.4029213397211957 0 0 0 -1 0 0 0 0 0 0
1.3996397256851196 -1.2439249753952026 -8.15169906616211 0.9981080584238833 -0.06148417446226259 0 0 0 -1 0 0 0 0 0 0
1.4831854104995728 -0.9734935164451599 -8.47650146484375 0.8588659956572103 -0.5122003528930343 0 0 0 -1 0 0 0 0 0 0
1.6814085245132446 -0.7714518904685974 -8.80130386352539 0.5284924752254201 -0.8489379857387161 0 0 0 -1 0 0 0 0 0 0
1.9501997232437134 -0.6827601790428162 -9.126106262207031 0.08050106884302355 -0.9967545223951234 0 0 0 -1 0 0 0 0 0 0
2.229740858078003 -0.7271632552146912 -9.450908660888672 -0.3853960397225057 -0.9227512625654916 0 0 0 -1 0 0 0 0 0 0
2.4578216075897217 -0.8947696089744568 -9.775711059570312 -0.765528323230129 -0.6434021964000957 0 0 0 -1 0 0 0 0 0 0
-0.6068719029426575 -3.0056819915771484 -9.775711059570312 0.6616878229782175 0.7497794508536139 0 0 0 1 0 0 0 0 0 0
-0.3006318509578705 -3.1489086151123047 -9.385948181152344 0.1512865451332263 0.988489950005387 0 0 0 1 0 0 0 0 0 0
0.034428272396326065 -3.103830337524414 -8.996185302734375 -0.40714642207717516 0.9133629021313241 0 0 0 1 0 0 0 0 0 0
0.2919279634952545 -2.884763717651367 -8.606422424316406 -0.8363147820536281 0.5482495648138649 0 0 0 1 0 0 0 0 0 0
0.3901144564151764 -2.5612545013427734 -8.216659545898438 -0.9999589075527004 0.009065495353805643 0 0 0 1 0 0 0 0 0 0
0.2978121340274811 -2.236021041870117 -7.826896667480469 -0.8461209624091951 -0.5329909164064032 0 0 0 1 0 0 0 0 0 0
0.04432931914925575 -2.012319564819336 -7.437137603759766 -0.4236515433952161 -0.9058252424054274 0 0 0 1 0 0 0 0 0 0
-0.2898591458797455 -1.9611719846725464 -7.047374725341797 0.1333295270830216 -0.9910717618859988 0 0 0 1 0 0 0 0 0 0
-0.59864741563797 -2.098817825317383 -6.657611846923828 0.6479765951228231 -0.7616602472054275 0 0 0 1 0 0 0 0 0 0
-0.7839997410774231 -2.381559371948242 -6.267848968505859 0.9568988054925267 -0.2904215488681507 0 0 0 1 0 0 0 0 0 0
-0.7870667576789856 -2.7196216583251953 -5.878086090087891 0.9620114277412737 0.27300918097235505 0 0 0 1 0 0 0 0 0 0
-0.6068757176399231 -3.005678176879883 -5.488323211669922 0.6616965429827885 0.7497717552726476 0 0 0 1 0 0 0 0 0 0
2.4390151500701904 -0.8734416365623474 -5.488323211669922 -0.7341790796608634 -0.6789558741098923 0 0 0 -1 0 0 0 0 0 0
2.5735137462615967 -1.1094530820846558 -5.813121795654297 -0.9583499504355251 -0.2855965204623938 0 0 0 -1 0 0 0 0 0 0
2.5901496410369873 -1.3805865049362183 -6.137928009033203 -0.98607735773657 0.16628723510619997 0 0 0 -1 0 0 0 0 0 0
2.485516309738159 -1.6312693357467651 -6.462726593017578 -0.8116854071502208 0.584094855155719 0 0 0 -1 0 0 0 0 0 0
2.281059980392456 -1.8101176023483276 -6.787532806396484 -0.47092537492222936 0.8821730506280259 0 0 0 -1 0 0 0 0 0 0
2.0186851024627686 -1.8804758787155151 -7.112331390380859 -0.03363647473340366 0.9994341336814092 0 0 0 -1 0 0 0 0 0 0
1.752174973487854 -1.8279169797897339 -7.437137603759766 0.4105517416650817 0.9118373031499468 0 0 0 -1 0 0 0 0 0 0
2.1881911754608154 1.8384114503860474 -7.437137603759766 -0.31615034863183705 -0.9487091003358027 0 0 0 1 0 0 0 0 0 0
1.894325852394104 1.8600713014602661 -7.103054046630859 0.1736362001607403 -0.9848098648946098 0 0 0 1 0 0 0 0 0 0
1.625588059425354 1.7392216920852661 -6.768970489501953 0.6215265132121115 -0.7833931282404734 0 0 0 1 0 0 0 0 0 0
1.4467893838882446 1.505010724067688 -6.434886932373047 0.9195224019553598 -0.39303759655056625 0 0 0 1 0 0 0 0 0 0
1.4010549783706665 1.2139226198196411 -6.100803375244141 0.9957495201085551 0.09210262321770285 0 0 0 1 0 0 0 0 0 0
1.4994093179702759 0.9361591935157776 -5.766719818115234 0.8318205720000165 0.5550446252307695 0 0 0 1 0 0 0 0 0 0
1.7181364297866821 0.7387180924415588 -5.432636260986328 0.46727718579281863 0.8841108706703835 0 0 0 1 0 0 0 0 0 0
2.0044829845428467 0.6692143082618713 -5.098560333251953 -0.009963038102091044 0.9999503677042058 0 0 0 1 0 0 0 0 0 0
-0.14986929297447205 3.1411800384521484 -5.098560333251953 -0.09998471208562766 -0.9949889734811909 0 0 0 -1 0 0 0 0 0 0
0.17116227746009827 3.0076732635498047 -5.488323211669922 -0.635041796506686 -0.772477777472958 0 0 0 -1 0 0 0 0 0 0
0.3642508089542389 2.7185306549072266 -5.878086090087891 -0.9568544815731705 -0.29056754996616396 0 0 0 -1 0 0 0 0 0 0
0.3645540773868561 2.3708438873291016 -6.267848968505859 -0.9573573408657841 0.28890642410717543 0 0 0 -1 0 0 0 0 0 0
0.17197290062904358 2.0813655853271484 -6.657611846923828 -0.6363891234925867 0.7713681893235792 0 0 0 -1 0 0 0 0 0 0
-0.1488259732723236 1.9472981691360474 -7.047374725341797 -0.10172299825608327 0.9948127620943517 0 0 0 -1 0 0 0 0 0 0
-0.4901193082332611 2.013662338256836 -7.437137603759766 0.467099848809973 0.8842045754471646 0 0 0 -1 0 0 0 0 0 0
-0.7373040318489075 2.2581729888916016 -7.826896667480469 0.8790703261273198 0.47669210369210796 0 0 0 -1 0 0 0 0 0 0
-0.8073762059211731 2.598726272583008 -8.216659545898438 0.99585984719766 -0.09090195124117773 0 0 0 -1 0 0 0 0 0 0
-0.6768067479133606 2.9209651947021484 -8.606422424316406 0.7782414266056865 -0.6279651916426149 0 0 0 -1 0 0 0 0 0 0
-0.3894399106502533 3.1166820526123047 -8.996185302734375 0.2992976144019292 -0.9541598073767905 0 0 0 -1 0 0 0 0 0 0
-0.04177030548453331 3.1201610565185547 -9.385948181152344 -0.2801499375781062 -0.9599562555007303 0 0 0 -1 0 0 0 0 0 0
0.24945512413978577 2.930227279663086 -9.775711059570312 -0.7655259089186156 -0.6434050689684746 0 0 0 -1 0 0 0 0 0 0
1.6334539651870728 -0.8046435713768005 24.133655548095703 0.6084146689583422 -0.7936192982761386 0 0 0 -1 0 0 0 0 0 0
1.916786789894104 -0.686403214931488 23.79586410522461 0.13619510241900284 -0.990682034800812 0 0 0 -1 0 0 0 0 0 0
2.221520185470581 -0.7237986922264099 23.458065032958984 -0.3716944201323928 -0.9283551357333272 0 0 0 -1 0 0 0 0 0 0
2.467858076095581 -0.9070376753807068 23.12027359008789 -0.7822549174761027 -0.6229584609622506 0 0 0 -1 0 0 0 0 0 0
2.5913054943084717 -1.1881426572799683 22.782482147216797 -0.9880006938048845 -0.15444943846148126 0 0 0 -1 0 0 0 0 0 0
2.5595366954803467 -1.4935129880905151 22.444683074951172 -0.9350560150415764 0.3544999982151865 0 0 0 -1 0 0 0 0 0 0
2.3808753490448 -1.743188738822937 22.106891632080078 -0.637289603139516 0.7706243973105694 0 0 0 -1 0 0 0 0 0 0
2.102097272872925 -1.8718050718307495 21.769092559814453 -0.17265874019207522 0.9849817051271997 0 0 0 -1 0 0 0 0 0 0
1.7961927652359009 -1.8456782102584839 21.43130111694336 0.33718346970351293 0.9414389559385676 0 0 0 -1 0 0 0 0 0 0
1.5432630777359009 -1.6716517210006714 21.093509674072266 0.7587368191585021 0.6513972975483078 0 0 0 -1 0 0 0 0 0 0
1.4095274209976196 -1.3952959775924683 20.75571060180664 0.9816282922380121 0.19080329105621874 0 0 0 -1 0 0 0 0 0 0
1.4300047159194946 -1.0889605283737183 20.417919158935547 0.9474975055155276 -0.319763157730613 0 0 0 -1 0 0 0 0 0 0
1.5993314981460571 -0.8328608870506287 20.080120086669922 0.6652826640110975 -0.746591573061401 0 0 0 -1 0 0 0 0 0 0
1.8731733560562134 -0.6940478682518005 19.742328643798828 0.20888775249615488 -0.9779396233188965 0 0 0 -1 0 0 0 0 0 0
2.179833173751831 -0.7088717818260193 19.404537200927734 -0.30221481862827115 -0.9532398456849572 0 0 0 -1 0 0 0 0 0 0
2.4390151500701904 -0.8734416365623474 19.06673812866211 -0.7341790796608634 -0.6789558741098923 0 0 0 -1 0 0 0 0 0 0
-0.6068757176399231 -3.005678176879883 19.06673812866211 0.6616965429827885 0.7497717552726476 0 0 0 1 0 0 0 0 0 0
-0.284472793340683 -3.151155471801758 19.456501007080078 0.12435371331366324 0.9922379523003055 0 0 0 1 0 0 0 0 0 0
0.06386057287454605 -3.0897388458251953 19.846263885498047 -0.4562025257262804 0.8898759776064091 0 0 0 1 0 0 0 0 0 0
0.3170687258243561 -2.842771530151367 20.236026763916016 -0.8782169551451735 0.4782624590071235 0 0 0 1 0 0 0 0 0 0
0.387158066034317 -2.4960803985595703 20.625789642333984 -0.9950323011010529 -0.09955259798490151 0 0 0 1 0 0 0 0 0 0
0.24977174401283264 -2.1701488494873047 21.015552520751953 -0.766053415277455 -0.6427769169328869 0 0 0 1 0 0 0 0 0 0
-0.04734739288687706 -1.9782427549362183 21.405315399169922 -0.27085564024398434 -0.9626199780536561 0 0 0 1 0 0 0 0 0 0
-0.4009431302547455 -1.987054705619812 21.79507827758789 0.31847184202420425 -0.9479323213382432 0 0 0 1 0 0 0 0 0 0
-0.688134491443634 -2.193521499633789 22.18484115600586 0.7971217353485078 -0.6038186309107921 0 0 0 1 0 0 0 0 0 0
-0.8091138005256653 -2.5258960723876953 22.574604034423828 0.9987561968217996 -0.049860398213961654 0 0 0 1 0 0 0 0 0 0
-0.7218411564826965 -2.8686656951904297 22.964366912841797 0.8532990044111453 0.521421910808271 0 0 0 1 0 0 0 0 0 0
-0.4566434323787689 -3.102712631225586 23.354129791259766 0.4113026222034578 0.9114988496803271 0 0 0 1 0 0 0 0 0 0
-0.10568364709615707 -3.146699905395508 23.743892669677734 -0.1736307806861515 0.9848108204108632 0 0 0 1 0 0 0 0 0 0
0.2090708315372467 -2.985342025756836 24.133655548095703 -0.6982245019265721 0.7158788618959148 0 0 0 1 0 0 0 0 0 0
-2.7832767963409424 -0.8046435713768005 24.133655548095703 0.6084217354539069 -0.7936138808181572 0 0 0 -1 0 0 0 0 0 0
-2.400304079055786 -0.6810817122459412 23.68393325805664 -0.029866907328400326 -0.9995538844137601 0 0 0 -1 0 0 0 0 0 0
-2.0253937244415283 -0.8272914290428162 23.234203338623047 -0.6547202303713116 -0.755871298530733 0 0 0 -1 0 0 0 0 0 0
-1.8271859884262085 -1.1775034666061401 22.784481048583984 -0.9850640629933337 -0.17218824524068152 0 0 0 -1 0 0 0 0 0 0
-1.8948415517807007 -1.5741862058639526 22.33475112915039 -0.8723078406720794 0.48895708513326 0 0 0 -1 0 0 0 0 0 0
-2.197922945022583 -1.8389071226119995 21.885028839111328 -0.3671688337895448 0.9301543138069219 0 0 0 -1 0 0 0 0 0 0
-2.600102663040161 -1.8525828123092651 21.435298919677734 0.3031295597087059 0.952949353339833 0 0 0 -1 0 0 0 0 0 0
-2.9204704761505127 -1.6090677976608276 20.985576629638672 0.8370714891800755 0.5470935221713479 0 0 0 -1 0 0 0 0 0 0
-3.0149166584014893 -1.2178972959518433 20.535846710205078 0.9944870557084817 -0.1048594107759297 0 0 0 -1 0 0 0 0 0 0
-2.840960741043091 -0.8550280928611755 20.086116790771484 0.7045582243673555 -0.7096461854165914 0 0 0 -1 0 0 0 0 0 0
-2.4768497943878174 -0.6836833357810974 19.636394500732422 0.09770621039040087 -0.995215301555973 0 0 0 -1 0 0 0 0 0 0
-2.0863678455352783 -0.7809428572654724 19.186664581298828 -0.5530965600900272 -0.8331171557569673 0 0 0 -1 0 0 0 0 0 0
-1.8451627492904663 -1.103052020072937 18.736942291259766 -0.9551050026051016 -0.29626750412205005 0 0 0 -1 0 0 0 0 0 0
-1.8617318868637085 -1.5051249265670776 18.287212371826172 -0.9274883632580658 0.3738520242300072 0 0 0 -1 0 0 0 0 0 0
-2.1286232471466064 -1.8062952756881714 17.83749008178711 -0.48267272654332005 0.8758007987272204 0 0 0 -1 0 0 0 0 0 0
-2.525782823562622 -1.8710955381393433 17.387760162353516 0.1792630808062994 0.9838011729307066 0 0 0 -1 0 0 0 0 0 0
-2.8745625019073486 -1.670373797416687 16.938037872314453 0.7605634211527104 0.6492636462982393 0 0 0 -1 0 0 0 0 0 0
-3.018071413040161 -1.2944239377975464 16.48830795288086 0.9997426342647854 0.02268623444530555 0 0 0 -1 0 0 0 0 0 0
-2.891759157180786 -0.9123477339744568 16.038585662841797 0.7892208844729054 -0.6141094328471146 0 0 0 -1 0 0 0 0 0 0
-2.5524418354034424 -0.696016252040863 15.588855743408203 0.2236913132282599 -0.9746600414432801 0 0 0 -1 0 0 0 0 0 0
-2.1527512073516846 -0.742738664150238 15.13913345336914 -0.4424546851397767 -0.8967908627979332 0 0 0 -1 0 0 0 0 0 0
-1.8724759817123413 -1.0314997434616089 14.689403533935547 -0.9095838377721833 -0.41552044722688014 0 0 0 -1 0 0 0 0 0 0
-1.8376916646957397 -1.4324053525924683 14.239673614501953 -0.9675558604227079 0.2526571925785478 0 0 0 -1 0 0 0 0 0 0
-2.064040422439575 -1.7651194334030151 13.78995132446289 -0.5903074192113706 0.8071785123651467 0 0 0 -1 0 0 0 0 0 0
-2.4497101306915283 -1.8799875974655151 13.340221405029297 0.052474623060331516 0.9986222578806643 0 0 0 -1 0 0 0 0 0 0
-2.8212177753448486 -1.7253321409225464 12.890499114990234 0.6716580202928794 0.7408613256043601 0 0 0 -1 0 0 0 0 0 0
-3.011451005935669 -1.3707255125045776 12.44076919555664 0.9887086797234701 0.14985041421188308 0 0 0 -1 0 0 0 0 0 0
0.36689630150794983 -2.3904361724853516 12.44076919555664 -0.9612652554442157 -0.27562494204220067 0 0 0 1 0 0 0 0 0 0
0.17219987511634827 -2.093179702758789 12.83053207397461 -0.6367647300789608 -0.7710581550878429 0 0 0 1 0 0 0 0 0 0
-0.1564992368221283 -1.9581927061080933 13.220294952392578 -0.08893926135966301 -0.9960370514136497 0 0 0 1 0 0 0 0 0 0
-0.5039151310920715 -2.0328121185302734 13.610057830810547 0.4900891053723445 -0.8716723402720399 0 0 0 1 0 0 0 0 0 0
-0.7481949925422668 -2.2908687591552734 13.999820709228516 0.8972244830211452 -0.4415747128940227 0 0 0 1 0 0 0 0 0 0
-0.8036606907844543 -2.6418514251708984 14.389583587646484 0.9896650052014156 0.14339866624094608 0 0 0 1 0 0 0 0 0 0
-0.6508553624153137 -2.9626598358154297 14.779346466064453 0.7349926412943658 0.6780750823051469 0 0 0 1 0 0 0 0 0 0
-0.3433774411678314 -3.140768051147461 15.169109344482422 0.22252638906472008 0.974926667072871 0 0 0 1 0 0 0 0 0 0
2.211674451828003 -0.7199572920799255 15.169109344482422 -0.35528330874875824 -0.9347586696706986 0 0 0 -1 0 0 0 0 0 0
2.455590009689331 -0.8921336531639099 14.839313507080078 -0.7618073410525035 -0.6478036547585346 0 0 0 -1 0 0 0 0 0 0
2.586327314376831 -1.1605509519577026 14.509510040283203 -0.9797059199158042 -0.20044029156316814 0 0 0 -1 0 0 0 0 0 0
2.571514844894409 -1.4587420225143433 14.17971420288086 -0.955018236674944 0.2965470748772961 0 0 0 -1 0 0 0 0 0 0
2.414818525314331 -1.7128809690475464 13.849910736083984 -0.6938579119068162 0.7201119344131944 0 0 0 -1 0 0 0 0 0 0
2.155041456222534 -1.8600329160690308 13.52011489868164 -0.26089235208288686 0.9653678991061692 0 0 0 -1 0 0 0 0 0 0
1.8565031290054321 -1.8637675046920776 13.190319061279297 0.2366679228985946 0.9715906001350904 0 0 0 -1 0 0 0 0 0 0
1.5931249856948853 -1.7231577634811401 12.860515594482422 0.6756316473008289 0.7372393621922044 0 0 0 -1 0 0 0 0 0 0
1.430122971534729 -1.4730204343795776 12.530719757080078 0.9473010619342239 0.32034465511116594 0 0 0 -1 0 0 0 0 0 0
1.4078565835952759 -1.175287127494812 12.200916290283203 0.9844117613951924 -0.1758791745114091 0 0 0 -1 0 0 0 0 0 0
1.531838059425354 -0.903688371181488 11.87112045288086 0.7777802980864481 -0.6285362423190536 0 0 0 -1 0 0 0 0 0 0
1.7713743448257446 -0.725465714931488 11.541316986083984 0.37855252108077736 -0.9255798122168545 0 0 0 -1 0 0 0 0 0 0
2.0671470165252686 -0.6847514510154724 11.21152114868164 -0.11440693867250305 -0.993433969815602 0 0 0 -1 0 0 0 0 0 0
2.345921277999878 -0.7916316390037537 10.881717681884766 -0.579029636705873 -0.8153064944033407 0 0 0 -1 0 0 0 0 0 0
2.5386741161346436 -1.0196322202682495 10.551921844482422 -0.9002836630393565 -0.43530371703494414 0 0 0 -1 0 0 0 0 0 0
2.5976760387420654 -1.3123072385787964 10.222118377685547 -0.9986216698789806 0.052485811874411516 0 0 0 -1 0 0 0 0 0 0
2.5083167552948 -1.5971812009811401 9.892322540283203 -0.8496907809753655 0.5272813070131289 0 0 0 -1 0 0 0 0 0 0
2.2927253246307373 -1.8037241697311401 9.56252670288086 -0.49036457651547866 0.8715174020630886 0 0 0 -1 0 0 0 0 0 0
2.0042808055877686 -1.8807848691940308 9.232723236083984 -0.009626482401209904 0.9999536643447932 0 0 0 -1 0 0 0 0 0 0
1.7144056558609009 -1.809289813041687 8.90292739868164 0.4734962122251089 0.880795854332021 0 0 0 -1 0 0 0 0 0 0
1.4948774576187134 -1.6069391965866089 8.573123931884766 0.8393828743520321 0.5435406058837929 0 0 0 -1 0 0 0 0 0 0
1.4000478982925415 -1.3238390684127808 8.243328094482422 0.9974259041082133 0.07170471263392116 0 0 0 -1 0 0 0 0 0 0
1.4534040689468384 -1.030084490776062 7.913524627685547 0.908503401745853 -0.41787745693709455 0 0 0 -1 0 0 0 0 0 0
1.641731858253479 -0.7984103560447693 7.583728790283203 0.5946226743765769 -0.8040048974460586 0 0 0 -1 0 0 0 0 0 0
1.9183965921401978 -0.6861857771873474 7.253925323486328 0.1335143934565662 -0.9910468741386178 0 0 0 -1 0 0 0 0 0 0
2.214897871017456 -0.7211970686912537 6.924129486083984 -0.36065891645113485 -0.932697778481483 0 0 0 -1 0 0 0 0 0 0
2.4578216075897217 -0.8947696089744568 6.594326019287109 -0.765528323230129 -0.6434021964000957 0 0 0 -1 0 0 0 0 0 0
1.6014906167984009 0.8193188309669495 6.594326019287109 0.6616909389503246 0.7497767009657195 0 0 0 1 0 0 0 0 0 0
1.8566175699234009 0.6862049698829651 6.911014556884766 0.23647750699263861 0.9716369634212907 0 0 0 1 0 0 0 0 0 0
2.144383192062378 0.6871891617774963 7.227695465087891 -0.24312951908146743 0.9699938334604062 0 0 0 1 0 0 0 0 0 0
2.3985908031463623 0.822050154209137 7.544376373291016 -0.6668114982297593 0.7452264258791308 0 0 0 1 0 0 0 0 0 0
2.5607688426971436 1.0597630739212036 7.861057281494141 -0.9371106835637937 0.34903232909087273 0 0 0 1 0 0 0 0 0 0
2.593613386154175 1.345647931098938 8.177738189697266 -0.9918472656919566 -0.12743234102608783 0 0 0 1 0 0 0 0 0 0
2.489567518234253 1.6139432191848755 8.49441909790039 -0.8184399671213114 -0.5745920467762036 0 0 0 1 0 0 0 0 0 0
2.272564649581909 1.8029385805130005 8.811107635498047 -0.4567650913313774 -0.8895873489101778 0 0 0 1 0 0 0 0 0 0
1.9925237894058228 1.8691579103469849 9.127788543701172 0.00996303984859335 -0.9999503676868045 0 0 0 1 0 0 0 0 0 0
1.7138563394546509 1.797369122505188 9.444469451904297 0.4744109066197567 -0.88030352247405 0 0 0 1 0 0 0 0 0 0
1.5006643533706665 1.6040822267532349 9.761150360107422 0.8297335417016022 -0.5581596991680028 0 0 0 1 0 0 0 0 0 0
1.4019895792007446 1.3337651491165161 10.077831268310547 0.9941909318491995 -0.10763080892021726 0 0 0 1 0 0 0 0 0 0
1.4405256509780884 1.0485936403274536 10.394519805908203 0.929961790705679 0.3676561815439622 0 0 0 1 0 0 0 0 0 0
1.6074110269546509 0.8141613602638245 10.711200714111328 0.6518199978611549 0.7583737141991963 0 0 0 1 0 0 0 0 0 0
1.8642584085464478 0.6843968033790588 11.027881622314453 0.22374409126853861 0.9746479270087307 0 0 0 1 0 0 0 0 0 0
2.1519858837127686 0.6891499161720276 11.344562530517578 -0.2558101774258168 0.9667270313409945 0 0 0 1 0 0 0 0 0 0
2.404404401779175 0.8273220658302307 11.661243438720703 -0.6765035311230809 0.7364393881223374 0 0 0 1 0 0 0 0 0 0
-0.560509979724884 3.031057357788086 11.661243438720703 0.5844171254970393 -0.8114534018819428 0 0 0 -1 0 0 0 0 0 0
-0.2199319303035736 3.144102096557617 11.271480560302734 0.016784555781885927 -0.9998591294213424 0 0 0 -1 0 0 0 0 0 0
0.12425104528665543 3.0425548553466797 10.881717681884766 -0.556852505483167 -0.8306113935753107 0 0 0 -1 0 0 0 0 0 0
0.348919540643692 2.7627391815185547 10.491954803466797 -0.931298387446852 -0.3642572079436357 0 0 0 -1 0 0 0 0 0 0
0.3737112581729889 2.404745101928711 10.102191925048828 -0.9726191234813691 0.23240490665718055 0 0 0 -1 0 0 0 0 0 0
0.18975892663002014 2.0966320037841797 9.71242904663086 -0.6660356064942627 0.7459199493791675 0 0 0 -1 0 0 0 0 0 0
-0.13713964819908142 1.9486104249954224 9.32266616821289 -0.12120069628237601 0.9926280225848286 0 0 0 -1 0 0 0 0 0 0
-0.49004873633384705 2.0136241912841797 8.932903289794922 0.466979938025114 0.8842679104672184 0 0 0 -1 0 0 0 0 0 0
-0.7427361607551575 2.268423080444336 8.543140411376953 0.8881250918759049 0.45960180719881366 0 0 0 -1 0 0 0 0 0 0
-0.8048108220100403 2.6218624114990234 8.153377532958984 0.9915840413970101 -0.12946462392009905 0 0 0 -1 0 0 0 0 0 0
-0.6540730595588684 2.947519302368164 7.763614654541016 0.7403485754450998 -0.67222316743505 0 0 0 -1 0 0 0 0 0 0
-0.34443792700767517 3.1289005279541016 7.373851776123047 0.22429079913536826 -0.9745222611224527 0 0 0 -1 0 0 0 0 0 0
0.013334904797375202 3.101125717163086 6.984088897705078 -0.3719970379005755 -0.9282339165281549 0 0 0 -1 0 0 0 0 0 0
0.2912699282169342 2.874135971069336 6.594326019287109 -0.8352212618710461 -0.5499140330256514 0 0 0 -1 0 0 0 0 0 0
0.3899504244327545 2.529123306274414 6.204563140869141 -0.9996849847535433 0.025098431391385765 0 0 0 -1 0 0 0 0 0 0
0.2740751802921295 2.1894969940185547 5.814800262451172 -0.8065647615452938 0.5911457395882875 0 0 0 -1 0 0 0 0 0 0
-0.01490339171141386 1.9767438173294067 5.425037384033203 -0.32493062705516024 0.9457378535310619 0 0 0 -1 0 0 0 0 0 0
-0.3736203610897064 1.9669667482376099 5.035274505615234 0.27293586342068543 0.9620322315072427 0 0 0 -1 0 0 0 0 0 0
-0.6737588047981262 2.1636600494384766 4.645511627197266 0.7731578306876216 0.6342136618257378 0 0 0 -1 0 0 0 0 0 0
-0.8079598546028137 2.4964733123779297 4.255748748779297 0.9968337307725842 0.07951423265058552 0 0 0 -1 0 0 0 0 0 0
-0.7282212376594543 2.8463497161865234 3.865985631942749 0.8639328619699734 -0.5036069995625269 0 0 0 -1 0 0 0 0 0 0
-0.4630635678768158 3.088144302368164 3.4762227535247803 0.42200509576039447 -0.9065934585867363 0 0 0 -1 0 0 0 0 0 0
-0.10733350366353989 3.1353626251220703 3.0864598751068115 -0.17088165349572013 -0.9852915611627701 0 0 0 -1 0 0 0 0 0 0
0.21172204613685608 2.9711170196533203 2.6966969966888428 -0.7026357230905518 -0.7115497457219822 0 0 0 -1 0 0 0 0 0 0
0.37997499108314514 2.654153823852539 2.306934118270874 -0.9830618061362099 -0.18327434440262774 0 0 0 -1 0 0 0 0 0 0
0.3372427523136139 2.297861099243164 1.9171712398529053 -0.9118415005228275 0.4105424191533423 0 0 0 -1 0 0 0 0 0 0
0.0988108292222023 2.0296764373779297 1.5274083614349365 -0.5144553306195359 0.8575171793014669 0 0 0 -1 0 0 0 0 0 0
-0.2500337064266205 1.945531964302063 1.1376454830169678 0.06695354252639762 0.9977560940145471 0 0 0 -1 0 0 0 0 0 0
-0.5845082402229309 2.075529098510742 0.7478826642036438 0.6244117231491474 0.7810953846963332 0 0 0 -1 0 0 0 0 0 0
-0.7849705815315247 2.373167037963867 0.35811975598335266 0.9585196572017127 0.28502643168294256 0 0 0 -1 0 0 0 0 0 0
-0.7797158360481262 2.7319774627685547 -0.031643107533454895 0.9497582084682269 -0.3129845770117502 0 0 0 -1 0 0 0 0 0 0
-1.8301252126693726 1.1502858400344849 -0.031643107533454895 -0.9801692232942096 0.19816229133421398 0 0 0 1 0 0 0 0 0 0
-1.8912862539291382 1.556127667427063 0.4230840504169464 -0.8782301527941114 -0.47823822382075604 0 0 0 1 0 0 0 0 0 0
-2.1990082263946533 1.827703595161438 0.8778036236763 -0.3653638908194847 -0.9308647738985762 0 0 0 1 0 0 0 0 0 0
-2.6093056201934814 1.8379460573196411 1.3325307369232178 0.31846690697169544 -0.947933979327612 0 0 0 1 0 0 0 0 0 0
-2.930192232131958 1.5820599794387817 1.787250280380249 0.8532764254495966 -0.521458859136518 0 0 0 1 0 0 0 0 0 0
-3.0115253925323486 1.1797734498977661 2.2419774532318115 0.9888341127751039 0.14902045971031366 0 0 0 1 0 0 0 0 0 0
-2.8152477741241455 0.8193264603614807 2.6966969966888428 0.6617028124880061 0.7497662221956006 0 0 0 1 0 0 0 0 0 0
-2.4331982135772705 0.6693745255470276 3.1514241695404053 0.02495826831029153 0.9996884939034517 0 0 0 1 0 0 0 0 0 0
-2.044142961502075 0.800077497959137 3.6061437129974365 -0.623469600430982 0.7818475921421205 0 0 0 1 0 0 0 0 0 0
-1.8301252126693726 1.1502858400344849 4.060871124267578 -0.9801692232942096 0.19816229133421398 0 0 0 1 0 0 0 0 0 0
-1.8912862539291382 1.556127667427063 4.515590667724609 -0.8782301527941114 -0.47823822382075604 0 0 0 1 0 0 0 0 0 0
-2.1990082263946533 1.827703595161438 4.970317840576172 -0.3653638908194847 -0.9308647738985762 0 0 0 1 0 0 0 0 0 0
-2.6093056201934814 1.8379460573196411 5.425037384033203 0.31846690697169544 -0.947933979327612 0 0 0 1 0 0 0 0 0 0
-2.930192232131958 1.5820599794387817 5.879764556884766 0.8532764254495966 -0.521458859136518 0 0 0 1 0 0 0 0 0 0
-3.0115253925323486 1.1797734498977661 6.334484100341797 0.9888341127751039 0.14902045971031366 0 0 0 1 0 0 0 0 0 0
-2.8152477741241455 0.8193264603614807 6.789211273193359 0.6617028124880061 0.7497662221956006 0 0 0 1 0 0 0 0 0 0
-2.4331982135772705 0.6693745255470276 7.243930816650391 0.02495826831029153 0.9996884939034517 0 0 0 1 0 0 0 0 0 0
-2.044142961502075 0.800077497959137 7.698657989501953 -0.623469600430982 0.7818475921421205 0 0 0 1 0 0 0 0 0 0
-1.8301252126693726 1.1502858400344849 8.153377532958984 -0.9801692232942096 0.19816229133421398 0 0 0 1 0 0 0 0 0 0
-2.9880802631378174 -1.0930231809616089 8.153377532958984 0.9497582170547402 -0.3129845509557953 0 0 0 -1 0 0 0 0 0 0
-2.7277767658233643 -0.7668322920799255 7.688182830810547 0.5159215089384454 -0.8566358599864226 0 0 0 -1 0 0 0 0 0 0
-2.3177196979522705 -0.6892909407615662 7.222980499267578 -0.16750937663206886 -0.9858704827411844 0 0 0 -1 0 0 0 0 0 0
-1.9562848806381226 -0.8979167342185974 6.757778167724609 -0.7699001456034125 -0.6381643720859416 0 0 0 -1 0 0 0 0 0 0
-1.8183263540267944 -1.2917765378952026 6.292575836181641 -0.9998331683126321 0.0182656930315761 0 0 0 -1 0 0 0 0 0 0
-1.9705842733383179 -1.6803339719772339 5.827373504638672 -0.7460705709262646 0.6658668809888036 0 0 0 -1 0 0 0 0 0 0
-2.33940052986145 -1.8756121397018433 5.362178802490234 -0.1313776834840831 0.9913323883957168 0 0 0 -1 0 0 0 0 0 0
-2.7463505268096924 -1.7831438779830933 4.896976470947266 0.5468759775549115 0.8372136317412421 0 0 0 -1 0 0 0 0 0 0
-2.9945614337921143 -1.447656512260437 4.431774139404297 0.9605608338983386 0.2780699271415889 0 0 0 -1 0 0 0 0 0 0
-2.963956117630005 -1.031457781791687 3.966571569442749 0.9095526413116735 -0.41558873021649484 0 0 0 -1 0 0 0 0 0 0
-2.669337511062622 -0.7358912825584412 3.5013692378997803 0.4185202779170674 -0.9082074526077292 0 0 0 -1 0 0 0 0 0 0
-2.2532379627227783 -0.7039431929588318 3.0361745357513428 -0.2749782650962783 -0.9614504426774377 0 0 0 -1 0 0 0 0 0 0
-1.9169553518295288 -0.9510745406150818 2.570972204208374 -0.8354521675231869 -0.5495631681443082 0 0 0 -1 0 0 0 0 0 0
-1.8231748342514038 -1.3577250242233276 2.1057698726654053 -0.9917503228026865 0.12818462162352784 0 0 0 -1 0 0 0 0 0 0
-2.0172665119171143 -1.727167010307312 1.6405675411224365 -0.6682639762704056 0.7439242286814342 0 0 0 -1 0 0 0 0 0 0
-2.40533185005188 -1.8806742429733276 1.1753652095794678 -0.02149142144580445 0.9997690327291793 0 0 0 -1 0 0 0 0 0 0
-2.7996342182159424 -1.7439860105514526 0.710170567035675 0.6356763810108484 0.7719556584577578 0 0 0 -1 0 0 0 0 0 0
-3.0094215869903564 -1.3832224607467651 0.2449682205915451 0.9853255863947382 0.17068535026728404 0 0 0 -1 0 0 0 0 0 0
-2.933202028274536 -0.9729174971580505 -0.22023411095142365 0.8582908731016674 -0.5131634994330537 0 0 0 -1 0 0 0 0 0 0
-2.6078484058380127 -0.7115649580955505 -0.6854364275932312 0.3160359556122748 -0.9487472133082848 0 0 0 -1 0 0 0 0 0 0
-2.190760850906372 -0.7256030440330505 -1.1506388187408447 -0.379106863503399 -0.9253528981121826 0 0 0 -1 0 0 0 0 0 0
-1.8837159872055054 -1.0082377195358276 -1.6158335208892822 -0.8908501644182398 -0.4542972425141879 0 0 0 -1 0 0 0 0 0 0
-1.8352521657943726 -1.4227350950241089 -2.081035852432251 -0.971623101394474 0.2365344559183373 0 0 0 -1 0 0 0 0 0 0
-2.0688183307647705 -1.768579363822937 -2.5462381839752197 -0.5823446106524555 0.8129420363371795 0 0 0 -1 0 0 0 0 0 0
-2.4714195728302 -1.8784502744674683 -3.0114405155181885 0.08865803348612245 0.9960621231119942 0 0 0 -1 0 0 0 0 0 0
-2.848284959793091 -1.6992014646530151 -3.4766428470611572 0.7167645777619351 0.6973152372247107 0 0 0 -1 0 0 0 0 0 0
-3.0171005725860596 -1.3175448179244995 -3.9418375492095947 0.9981246314864013 0.06121454092072801 0 0 0 -1 0 0 0 0 0 0
-2.896193742752075 -0.9181193709373474 -4.407039642333984 0.7966114306405212 -0.6044917109215495 0 0 0 -1 0 0 0 0 0 0
-2.5440571308135986 -0.6941584944725037 -4.872241973876953 0.20972067834806424 -0.9777613395267927 0 0 0 -1 0 0 0 0 0 0
-2.1310455799102783 -0.7540034651756287 -5.337444305419922 -0.47863051159229514 -0.8780164197626933 0 0 0 -1 0 0 0 0 0 0
-1.8569673299789429 -1.0687083005905151 -5.802646636962891 -0.9354306653646742 -0.3535102124343836 0 0 0 -1 0 0 0 0 0 0
-1.8544095754623413 -1.4860247373580933 -6.267848968505859 -0.9396924463546937 0.3420206225711123 0 0 0 -1 0 0 0 0 0 0
-2.982041597366333 1.4743977785110474 -6.267848968505859 0.93969248736894 -0.3420205098855549 0 0 0 1 0 0 0 0 0 0
-2.9711124897003174 1.0361272096633911 -5.780643463134766 0.9214798621087154 0.3884261367726207 0 0 0 1 0 0 0 0 0 0
-2.6650002002716064 0.7222843766212463 -5.293437957763672 0.41129323475975066 0.9115030855904221 0 0 0 1 0 0 0 0 0 0
-2.2271358966827393 0.7004299759864807 -4.806232452392578 -0.3184819766656525 0.9479289163957068 0 0 0 1 0 0 0 0 0 0
-1.8912957906723022 0.9822292923927307 -4.319034576416016 -0.8782168050737564 0.47826273457801777 0 0 0 1 0 0 0 0 0 0
-1.8367780447006226 1.4172345399856567 -3.831829309463501 -0.9690806674249224 -0.24674411851808548 0 0 0 1 0 0 0 0 0 0
-2.0926926136016846 1.773199200630188 -3.3446238040924072 -0.5425567706656852 -0.8400191370467838 0 0 0 1 0 0 0 0 0 0
-2.522406816482544 1.8600713014602661 -2.8574182987213135 0.1736362001607403 -0.9848098648946098 0 0 0 1 0 0 0 0 0 0
-2.896498918533325 1.631475567817688 -2.370220422744751 0.7971251222120106 -0.6038141597697814 0 0 0 1 0 0 0 0 0 0
-3.015244722366333 1.2094556093215942 -1.8830149173736572 0.9950323012096425 0.09955259689954624 0 0 0 1 0 0 0 0 0 0
-2.8152458667755127 0.8193264603614807 -1.3958094120025635 0.6616996589035389 0.7497690053656126 0 0 0 1 0 0 0 0 0 0
-2.4032795429229736 0.669370710849762 -0.908603847026825 -0.024907531553623134 0.9996897593113103 0 0 0 1 0 0 0 0 0 0
-1.9992936849594116 0.8396549820899963 -0.42140600085258484 -0.6982186349114224 0.7158845841771071 0 0 0 1 0 0 0 0 0 0
-0.5749104619026184 3.020357131958008 -0.42140600085258484 0.6084180623694387 -0.7936166967640094 0 0 0 -1 0 0 0 0 0 0
-0.2578977048397064 3.1422595977783203 -0.8111688494682312 0.08006361445160994 -0.996789755987161 0 0 0 -1 0 0 0 0 0 0
0.07450930029153824 3.072519302368164 -1.2009317874908447 -0.47395128471451164 -0.8805510659339776 0 0 0 -1 0 0 0 0 0 0
0.3157927095890045 2.8334789276123047 -1.5906946659088135 -0.8760867720083302 -0.48215346925229524 0 0 0 -1 0 0 0 0 0 0
0.3886362612247467 2.501737594604492 -1.9804575443267822 -0.9974940009545357 0.07075109935338642 0 0 0 -1 0 0 0 0 0 0
0.26969781517982483 2.1835994720458984 -2.370220422744751 -0.7992676471014253 0.6009752310178446 0 0 0 -1 0 0 0 0 0 0
-0.002908075926825404 1.9810086488723755 -2.7599833011627197 -0.34492257787204667 0.9386311390925095 0 0 0 -1 0 0 0 0 0 0
-0.3418305814266205 1.9588795900344849 -3.1497461795806885 0.21995169313280027 0.9755107650292818 0 0 0 -1 0 0 0 0 0 0
-0.6384652256965637 2.124307632446289 -3.5395090579986572 0.714342513501716 0.6997962370605108 0 0 0 -1 0 0 0 0 0 0
-0.7977574467658997 2.4242801666259766 -3.929271936416626 0.9798274659238005 0.1998452827097595 0 0 0 -1 0 0 0 0 0 0
-0.7686646580696106 2.762674331665039 -4.319034576416016 0.9313416418683318 -0.36414659976718194 0 0 0 -1 0 0 0 0 0 0
-0.560509979724884 3.031057357788086 -4.708797454833984 0.5844171254970393 -0.8114534018819428 0 0 0 -1 0 0 0 0 0 0
2.404404401779175 0.8273220658302307 -4.708797454833984 -0.6765035311230809 0.7364393881223374 0 0 0 1 0 0 0 0 0 0
2.5635039806365967 1.0672513246536255 -4.383991241455078 -0.9416637041016006 0.33655529765203995 0 0 0 1 0 0 0 0 0 0
2.5925261974334717 1.353674054145813 -4.059192657470703 -0.9900354770232013 -0.14081816017631485 0 0 0 1 0 0 0 0 0 0
2.484795331954956 1.620641827583313 -3.734386682510376 -0.810486879898214 -0.5857567904112234 0 0 0 1 0 0 0 0 0 0
2.265110731124878 1.8066998720169067 -3.409588098526001 -0.44434355085031263 -0.8958564666383424 0 0 0 1 0 0 0 0 0 0
1.9840513467788696 1.8690129518508911 -3.0847818851470947 0.02408871748118282 -0.9997098247442163 0 0 0 1 0 0 0 0 0 0
1.7063146829605103 1.7932339906692505 -2.7599833011627197 0.48698174445738157 -0.8734121481667434 0 0 0 1 0 0 0 0 0 0
1.4958502054214478 1.5968114137649536 -2.4351770877838135 0.8377569890723218 -0.5460432466943236 0 0 0 1 0 0 0 0 0 0
1.401100754737854 1.3249646425247192 -2.1103785037994385 0.9956692484612095 -0.09296637923835775 0 0 0 1 0 0 0 0 0 0
1.443886399269104 1.0402737855911255 -1.7855722904205322 0.9243596771248539 0.38152219765779793 0 0 0 1 0 0 0 0 0 0
1.6143537759780884 0.808286726474762 -1.4607737064361572 0.6402505255277496 0.7681661698886774 0 0 0 1 0 0 0 0 0 0
1.8732610940933228 0.682401716709137 -1.135967493057251 0.20874131170806134 0.9779708915844059 0 0 0 1 0 0 0 0 0 0
2.1610000133514404 0.6916103959083557 -0.8111688494682312 -0.27083195724315234 0.9626266415053363 0 0 0 1 0 0 0 0 0 0
1.9115568399429321 -0.6871470808982849 -0.8111688494682312 0.14491387147337348 -0.9894442732436218 0 0 0 -1 0 0 0 0 0 0
2.2080657482147217 -0.718599259853363 -1.1409647464752197 -0.3492686434014746 -0.9370226329905236 0 0 0 -1 0 0 0 0 0 0
2.4528167247772217 -0.8888987898826599 -1.4707605838775635 -0.7571905459839614 -0.6531940577443357 0 0 0 -1 0 0 0 0 0 0
2.585373640060425 -1.1559847593307495 -1.8005640506744385 -0.9781185124045995 -0.20804849360525005 0 0 0 -1 0 0 0 0 0 0
2.5729987621307373 -1.4538973569869995 -2.1303598880767822 -0.9574890371560897 0.28846965824139 0 0 0 -1 0 0 0 0 0 0
2.418743848800659 -1.7090662717819214 -2.4601633548736572 -0.7003995603646005 0.7137509760701378 0 0 0 -1 0 0 0 0 0 0
2.1607062816619873 -1.8584727048873901 -2.789959192276001 -0.27033940872778356 0.9627650825038849 0 0 0 -1 0 0 0 0 0 0
1.8626104593276978 -1.8652209043502808 -3.119762659072876 0.22649146398438977 0.974013150189569 0 0 0 -1 0 0 0 0 0 0
1.5980764627456665 -1.7276438474655151 -3.4495584964752197 0.6673800619821998 0.7447172972804077 0 0 0 -1 0 0 0 0 0 0
1.4324308633804321 -1.4797190427780151 -3.7793619632720947 0.943452362936613 0.3315081279083841 0 0 0 -1 0 0 0 0 0 0
1.4065862894058228 -1.1826685667037964 -4.109157562255859 0.9865312474883133 -0.16357291257770132 0 0 0 -1 0 0 0 0 0 0
1.5269170999526978 -0.9098605513572693 -4.438961029052734 0.7859827089740493 -0.6182484785212291 0 0 0 -1 0 0 0 0 0 0
1.7637144327163696 -0.7286586165428162 -4.768756866455078 0.3913179293753891 -0.9202555504583267 0 0 0 -1 0 0 0 0 0 0
2.058495283126831 -0.6838206648826599 -5.098560333251953 -0.09999028331063649 -0.994988413622721 0 0 0 -1 0 0 0 0 0 0
-0.20388159155845642 -3.155782699584961 -5.098560333251953 -0.00996315162601446 0.9999503665731 0 0 0 1 0 0 0 0 0 0
0.1345602571964264 -3.0471134185791016 -4.708797454833984 -0.5740314645451201 0.8188332416995445 0 0 0 1 0 0 0 0 0 0
0.35211625695228577 -2.7660045623779297 -4.319034576416016 -0.9366319915444219 0.35031487609796125 0 0 0 1 0 0 0 0 0 0
0.3724333345890045 -2.4111270904541016 -3.929271936416626 -0.9704893113910146 -0.24114414045502724 0 0 0 1 0 0 0 0 0 0
0.18837609887123108 -2.1070308685302734 -3.5395090579986572 -0.663729525699183 -0.747972671101784 0 0 0 1 0 0 0 0 0 0
-0.13545164465904236 -1.9604471921920776 -3.1497461795806885 -0.12401673992717509 -0.9922801258807088 0 0 0 1 0 0 0 0 0 0
-0.48539671301841736 -2.0228214263916016 -2.7599833011627197 0.4592274104833592 -0.8883187409149648 0 0 0 1 0 0 0 0 0 0
-0.7386334538459778 -2.272268295288086 -2.370220422744751 0.8812897324060243 -0.47257635103305595 0 0 0 1 0 0 0 0 0 0
-0.8062832951545715 -2.6212291717529297 -1.9804575443267822 0.9940393315699309 0.1090220495679876 0 0 0 1 0 0 0 0 0 0
-0.6646016240119934 -2.947233200073242 -1.5906946659088135 0.7579069794518195 0.6523626372641367 0 0 0 1 0 0 0 0 0 0
-0.3633168637752533 -3.1358585357666016 -1.2009317874908447 0.2557574866798243 0.966740972550155 0 0 0 1 0 0 0 0 0 0
-0.008170451037585735 -3.120901107788086 -0.8111688494682312 -0.33615087877985295 0.9418081474990183 0 0 0 1 0 0 0 0 0 0
0.27618470788002014 -2.9076061248779297 -0.42140600085258484 -0.810077913436278 0.5863222443014814 0 0 0 1 0 0 0 0 0 0
0.3899504244327545 -2.5708446502685547 -0.031643107533454895 -0.9996861097796799 0.0250535808532386 0 0 0 1 0 0 0 0 0 0
0.29319635033607483 -2.2288074493408203 0.35811975598335266 -0.8384309232999708 -0.5450078777910998 0 0 0 1 0 0 0 0 0 0
0.019879018887877464 -2.0015392303466797 0.7478826642036438 -0.38289791219704816 -0.9237906628858843 0 0 0 1 0 0 0 0 0 0
-0.33407148718833923 -1.9688128232955933 1.1376454830169678 0.20702047626621442 -0.9783366099694469 0 0 0 1 0 0 0 0 0 0
-0.6444256901741028 -2.1421070098876953 1.5274083614349365 0.7242723511392802 -0.6895140037556736 0 0 0 1 0 0 0 0 0 0
-0.8022587895393372 -2.4606075286865234 1.9171712398529053 0.9873299767076275 -0.15868055046071597 0 0 0 1 0 0 0 0 0 0
-0.7521718144416809 -2.812520980834961 2.306934118270874 0.9038496204768428 0.42785028171530676 0 0 0 1 0 0 0 0 0 0
-0.5117467045783997 -3.0743350982666016 2.6966969966888428 0.5031445784912605 0.8642022524472218 0 0 0 1 0 0 0 0 0 0
-0.1653665006160736 -3.1541614532470703 3.0864598751068115 -0.07415705183782469 0.9972465751571785 0 0 0 1 0 0 0 0 0 0
0.1653982698917389 -3.0239810943603516 3.4762227535247803 -0.6254336226878834 0.7802773760730927 0 0 0 1 0 0 0 0 0 0
0.36445489525794983 -2.7294864654541016 3.865985631942749 -0.9571910779008589 0.2894568022814316 0 0 0 1 0 0 0 0 0 0
0.36193910241127014 -2.374032974243164 4.255748748779297 -0.9530014875289232 -0.3029656164776121 0 0 0 1 0 0 0 0 0 0
0.15873590111732483 -2.0823841094970703 4.645511627197266 -0.6143300719321866 -0.7890491510164589 0 0 0 1 0 0 0 0 0 0
-0.17383894324302673 -1.9568957090377808 5.035274505615234 -0.06003670790910106 -0.9981961699502944 0 0 0 1 0 0 0 0 0 0
-0.5190537571907043 -2.041616439819336 5.425037384033203 0.5153220820102311 -0.8569965879702444 0 0 0 1 0 0 0 0 0 0
-0.75575190782547 -2.3068065643310547 5.814800262451172 0.9098152427868699 -0.41501352266241787 0 0 0 1 0 0 0 0 0 0
-0.8008530735969543 -2.659395217895508 6.204563140869141 0.9849855184342506 0.1726369846667 0 0 0 1 0 0 0 0 0 0
-0.6385281682014465 -2.9756298065185547 6.594326019287109 0.7144451806810596 0.6996914204144624 0 0 0 1 0 0 0 0 0 0
-0.3257516324520111 -3.1445140838623047 6.984088897705078 0.1931538700439611 0.9811684781356566 0 0 0 1 0 0 0 0 0 0
0.027699148282408714 -3.106782913208008 7.373851776123047 -0.39592917807705047 0.9182810495416048 0 0 0 1 0 0 0 0 0 0
0.297772079706192 -2.875669479370117 7.763614654541016 -0.8460562941683567 0.533093563174521 0 0 0 1 0 0 0 0 0 0
0.38967767357826233 -2.532297134399414 8.153377532958984 -0.999231761195683 -0.039190399561291424 0 0 0 1 0 0 0 0 0 0
0.2711588442325592 -2.197175979614258 8.543140411376953 -0.801697909969779 -0.5977294213522439 0 0 0 1 0 0 0 0 0 0
-0.01618894375860691 -1.9879320859909058 8.932903289794922 -0.3227853137598873 -0.9464722083721904 0 0 0 1 0 0 0 0 0 0
-0.371508926153183 -1.9779986143112183 9.32266616821289 0.26941113648213305 -0.9630252538430161 0 0 0 1 0 0 0 0 0 0
-0.6700966954231262 -2.170866012573242 9.71242904663086 0.767055249949962 -0.6415810498481088 0 0 0 1 0 0 0 0 0 0
-0.8071492314338684 -2.498842239379883 10.102191925048828 0.9954817960834343 -0.09495258641290248 0 0 0 1 0 0 0 0 0 0
-0.7345688939094543 -2.8468151092529297 10.491954803466797 0.8745118708070297 0.4850041111347292 0 0 0 1 0 0 0 0 0 0
-0.47782644629478455 -3.092649459838867 10.881717681884766 0.4466121174990373 0.8947276772867967 0 0 0 1 0 0 0 0 0 0
-0.1270345151424408 -3.1500682830810547 11.271480560302734 -0.13804259303223615 0.9904262933247161 0 0 0 1 0 0 0 0 0 0
0.19468751549720764 -2.9989185333251953 11.661243438720703 -0.6742432864583633 0.7385093030326872 0 0 0 1 0 0 0 0 0 0
0.37442269921302795 -2.6922473907470703 12.051006317138672 -0.9738040791155873 0.22738868814838353 0 0 0 1 0 0 0 0 0 0
-2.9822113513946533 -1.0760668516159058 12.051006317138672 0.9399737900733004 -0.34124664683368666 0 0 0 -1 0 0 0 0 0 0
-2.6705009937286377 -0.7364291548728943 11.549884796142578 0.4204615302120914 -0.9073103667498276 0 0 0 -1 0 0 0 0 0 0
-2.209866762161255 -0.7181529402732849 11.048763275146484 -0.34726709071468703 -0.9377662649650802 0 0 0 -1 0 0 0 0 0 0
-1.8722318410873413 -1.0320338010787964 10.54763412475586 -0.9099881421626391 -0.4146342739371512 0 0 0 -1 0 0 0 0 0 0
-1.8569139242172241 -1.4927805662155151 10.046512603759766 -0.9355197662551923 0.35327435081793074 0 0 0 -1 0 0 0 0 0 0
-2.1729557514190674 -1.828393816947937 9.545391082763672 -0.40878350864611646 0.9126313839984741 0 0 0 -1 0 0 0 0 0 0
-2.63378643989563 -1.840753436088562 9.044269561767578 0.35926701605001515 0.9332348103122377 0 0 0 -1 0 0 0 0 0 0
-2.9673664569854736 -1.5225657224655151 8.543140411376953 0.91523461145068 0.4029213397211957 0 0 0 -1 0 0 0 0 0 0
-1.898978590965271 1.5698224306106567 8.543140411376953 -0.8654113460621475 -0.5010620741054965 0 0 0 1 0 0 0 0 0 0
-2.243121385574341 1.8430653810501099 9.02285385131836 -0.29184082829493685 -0.9564669000755464 0 0 0 1 0 0 0 0 0 0
-2.6811859607696533 1.8084927797317505 9.502559661865234 0.43826944233824744 -0.8988436437515268 0 0 0 1 0 0 0 0 0 0
-2.9782040119171143 1.4846478700637817 9.98226547241211 0.9332954264407299 -0.3591095194850955 0 0 0 1 0 0 0 0 0 0
-2.9748623371124268 1.045232892036438 10.461978912353516 0.9277281246167078 0.37325665003475295 0 0 0 1 0 0 0 0 0 0
-2.672950029373169 0.7259426712989807 10.94168472290039 0.4245424635856515 0.9054080276939375 0 0 0 1 0 0 0 0 0 0
-2.234410524368286 0.6980381608009338 11.421390533447266 -0.30636030549396936 0.9519156282032784 0 0 0 1 0 0 0 0 0 0
-1.8944638967514038 0.9764843583106995 11.90109634399414 -0.8729371409364426 0.4878327049037502 0 0 0 1 0 0 0 0 0 0
-1.8354524374008179 1.411932110786438 12.380809783935547 -0.971286445834618 -0.23791309366648092 0 0 0 1 0 0 0 0 0 0
-2.0890305042266846 1.7708150148391724 12.860515594482422 -0.5486593823426068 -0.8360459808930542 0 0 0 1 0 0 0 0 0 0
-2.519179582595825 1.860632061958313 13.340221405029297 0.16825671053139704 -0.9857432116738892 0 0 0 1 0 0 0 0 0 0
-2.8951809406280518 1.6332112550735474 13.819934844970703 0.7949268959573057 -0.6067052250341041 0 0 0 1 0 0 0 0 0 0
-3.0153515338897705 1.2105351686477661 14.299640655517578 0.9952113768497168 0.09774617838509542 0 0 0 1 0 0 0 0 0 0
-2.8152363300323486 0.8193188309669495 14.779346466064453 0.6616846315762048 0.7497822672855516 0 0 0 1 0 0 0 0 0 0
0.24945512413978577 2.930227279663086 14.779346466064453 -0.7655259089186156 -0.6434050689684746 0 0 0 -1 0 0 0 0 0 0
0.3871084749698639 2.604410171508789 14.389583587646484 -0.9949499972336092 -0.10037182375966246 0 0 0 -1 0 0 0 0 0 0
0.31730523705482483 2.257661819458008 13.999820709228516 -0.8786080810091826 0.4775435477371267 0 0 0 -1 0 0 0 0 0 0
0.06430117040872574 2.0104846954345703 13.610057830810547 -0.45693461658646184 0.8895002845221486 0 0 0 -1 0 0 0 0 0 0
-0.28398069739341736 1.9487820863723755 13.220294952392578 0.12353487970910114 0.9923402307148783 0 0 0 -1 0 0 0 0 0 0
-0.6065018773078918 2.093992233276367 12.83053207397461 0.6610735094539317 0.750321141311014 0 0 0 -1 0 0 0 0 0 0
-0.7911847233772278 2.395650863647461 12.44076919555664 0.9688718561597142 0.24756277252775769 0 0 0 -1 0 0 0 0 0 0
-0.7738469243049622 2.748929977416992 12.051006317138672 0.939978031907608 -0.3412349623516031 0 0 0 -1 0 0 0 0 0 0
2.582787275314331 1.1327534914016724 12.051006317138672 -0.9738037896202347 0.22738992792397283 0 0 0 1 0 0 0 0 0 0
2.5753982067108154 1.4340840578079224 12.386638641357422 -0.9614930341482302 -0.27482930208482187 0 0 0 1 0 0 0 0 0 0
2.422417402267456 1.6938000917434692 12.722270965576172 -0.7065175001196902 -0.707695571573416 0 0 0 1 0 0 0 0 0 0
2.1624534130096436 1.8463536500930786 13.05789566040039 -0.2732448828024069 -0.9619445067270247 0 0 0 1 0 0 0 0 0 0
1.8611112833023071 1.8532429933547974 13.39352798461914 0.2289824256515835 -0.9734305567130697 0 0 0 1 0 0 0 0 0 0
1.5944410562515259 1.7127324342727661 13.72915267944336 0.6734391790445393 -0.7392426341383571 0 0 0 1 0 0 0 0 0 0
1.4297491312026978 1.4602833986282349 14.06478500366211 0.9479255113680205 -0.31849211120163806 0 0 0 1 0 0 0 0 0 0
1.4085966348648071 1.1596051454544067 14.400409698486328 0.9831809661801829 0.18263402678855434 0 0 0 1 0 0 0 0 0 0
1.5363203287124634 0.8865833878517151 14.736042022705078 0.7703047226033635 0.6376759634288839 0 0 0 1 0 0 0 0 0 0
1.7806860208511353 0.7101193070411682 15.071674346923828 0.3630265512009701 0.9317787951671413 0 0 0 1 0 0 0 0 0 0
2.0800254344940186 0.6747494339942932 15.407299041748047 -0.135869658666923 0.9907267210758646 0 0 0 1 0 0 0 0 0 0
2.3587920665740967 0.7894001603126526 15.742931365966797 -0.6004791144008647 0.7996404399280677 0 0 0 1 0 0 0 0 0 0
2.5466277599334717 1.0251370668411255 16.078556060791016 -0.9135406851753798 0.4067473620434403 0 0 0 1 0 0 0 0 0 0
2.596134901046753 1.3224660158157349 16.414188385009766 -0.9960491439012475 -0.08880373265573713 0 0 0 1 0 0 0 0 0 0
2.4948127269744873 1.6063481569290161 16.749813079833984 -0.827180382138878 -0.5619364869845875 0 0 0 1 0 0 0 0 0 0
2.268234968185425 1.8051396608352661 17.085445404052734 -0.4495502492875418 -0.893255043851144 0 0 0 1 0 0 0 0 0 0
1.9735876321792603 1.8686696290969849 17.421077728271484 0.04152414196985296 -0.9991375008644544 0 0 0 1 0 0 0 0 0 0
1.6852232217788696 1.7809048891067505 17.756702423095703 0.5221310427820306 -0.8528652731606261 0 0 0 1 0 0 0 0 0 0
1.4759260416030884 1.5639973878860474 18.092334747314453 0.870960000849459 -0.4913539222600248 0 0 0 1 0 0 0 0 0 0
1.3985143899917603 1.2726842164993286 18.427959442138672 0.9999830458860277 -0.005823052507263213 0 0 0 1 0 0 0 0 0 0
1.4725233316421509 0.9804936051368713 18.763591766357422 0.8766331347599113 0.481159378003808 0 0 0 1 0 0 0 0 0 0
1.6792761087417603 0.7611561417579651 19.099224090576172 0.5320476109519349 0.846714438096067 0 0 0 1 0 0 0 0 0 0
1.9665952920913696 0.6700344681739807 19.43484878540039 0.05318125770490795 0.998584875625965 0 0 0 1 0 0 0 0 0 0
2.261967420578003 0.7301235795021057 19.77048110961914 -0.4391036094182278 0.89843643080403 0 0 0 1 0 0 0 0 0 0
2.4908454418182373 0.9262562394142151 20.10610580444336 -0.8205642374414867 0.5715543125828652 0 0 0 1 0 0 0 0 0 0
2.595471143722534 1.2089368104934692 20.44173812866211 -0.9949454579692505 0.1004168096802453 0 0 0 1 0 0 0 0 0 0
2.5494391918182373 1.5068227052688599 20.777362823486328 -0.9182273742217559 -0.39605364438396384 0 0 0 1 0 0 0 0 0 0
2.364361524581909 1.7447339296340942 21.112995147705078 -0.6097601015710294 -0.7925860322590145 0 0 0 1 0 0 0 0 0 0
2.0869529247283936 1.8626309633255005 21.448627471923828 -0.14741592691730734 -0.9890745899532104 0 0 0 1 0 0 0 0 0 0
1.7872244119644165 1.830755352973938 21.784252166748047 0.35213147749537593 -0.9359505449311537 0 0 0 1 0 0 0 0 0 0
1.5408140420913696 1.6571561098098755 22.119884490966797 0.7628169950480437 -0.6466144384916509 0 0 0 1 0 0 0 0 0 0
1.4099127054214478 1.3856412172317505 22.455509185791016 0.9809837866675627 -0.19408969652037156 0 0 0 1 0 0 0 0 0 0
1.427559494972229 1.0847378969192505 22.791141510009766 0.9515775110697198 0.3074089140320382 0 0 0 1 0 0 0 0 0 0
1.5892950296401978 0.830381453037262 23.126773834228516 0.6820098945268722 0.7313429453870768 0 0 0 1 0 0 0 0 0 0
1.8543058633804321 0.6867695450782776 23.462398529052734 0.24032533959578628 0.9706923978007505 0 0 0 1 0 0 0 0 0 0
2.1557090282440186 0.6901455521583557 23.798030853271484 -0.2620111952576869 0.9650648338633205 0 0 0 1 0 0 0 0 0 0
2.41743540763855 0.8396549820899963 24.133655548095703 -0.6982159395868024 0.715887212979055 0 0 0 1 0 0 0 0 0 0
-2.8152401447296143 0.8193188309669495 19.06673812866211 0.6616909389503246 0.7497767009657195 0 0 0 1 0 0 0 0 0 0
-2.41874623298645 0.669187605381012 19.53714370727539 0.0008695257112247464 0.9999996219624473 0 0 0 1 0 0 0 0 0 0
-2.0219929218292236 0.818632185459137 20.007549285888672 -0.6603873694508657 0.7509251109596522 0 0 0 1 0 0 0 0 0 0
-1.8230775594711304 1.1930409669876099 20.477947235107422 -0.9919146823890508 0.12690651228770092 0 0 0 1 0 0 0 0 0 0
-1.9213193655014038 1.6054669618606567 20.948352813720703 -0.8281757018811463 -0.5604685600581631 0 0 0 1 0 0 0 0 0 0
-2.267667055130005 1.8499890565872192 21.418758392333984 -0.2509294512280182 -0.9680053773127533 0 0 0 1 0 0 0 0 0 0
-2.6891891956329346 1.8045178651809692 21.889163970947266 0.4516062774203695 -0.8922173334981316 0 0 0 1 0 0 0 0 0 0
-2.975417375564575 1.4917546510696411 22.359561920166016 0.9286545519361854 -0.3709457145839575 0 0 0 1 0 0 0 0 0 0
-2.9834415912628174 1.0678616762161255 22.829967498779297 0.9420238479429145 0.3355459281630826 0 0 0 1 0 0 0 0 0 0
-2.7092525959014893 0.7444935441017151 23.300373077392578 0.4850459277891604 0.8744886779914035 0 0 0 1 0 0 0 0 0 0
-2.2897541522979736 0.6830998063087463 23.770771026611328 -0.21411641561112205 0.9768081493137969 0 0 0 1 0 0 0 0 0 0
-1.9344018697738647 0.9143429398536682 24.24117660522461 -0.8063748260017495 0.5914048021369529 0 0 0 1 0 0 0 0 0 0
-1.8206228017807007 1.3227559328079224 24.71158218383789 -0.9960059964503878 -0.08928636533575639 0 0 0 1 0 0 0 0 0 0
-2.005225419998169 1.7044240236282349 25.181987762451172 -0.688331817077248 -0.7253959674544199 0 0 0 1 0 0 0 0 0 0
-2.3960392475128174 1.8687764406204224 25.652385711669922 -0.0369801223833509 -0.9993160013471777 0 0 0 1 0 0 0 0 0 0
-2.797930955886841 1.7337552309036255 26.122791290283203 0.6328408799955474 -0.7742818741301266 0 0 0 1 0 0 0 0 0 0
-3.0102360248565674 1.3667737245559692 26.593196868896484 0.9866852838872784 -0.16264117117224974 0 0 0 1 0 0 0 0 0 0
-2.9269497394561768 0.9510670304298401 27.063602447509766 0.8478733981714478 0.5301987369592667 0 0 0 1 0 0 0 0 0 0
-2.58965802192688 0.6941967606544495 27.534000396728516 0.28571903206829363 0.9583134323977502 0 0 0 1 0 0 0 0 0 0
-2.1667702198028564 0.7244206070899963 28.004405975341797 -0.41909012774384374 0.9079446375344967 0 0 0 1 0 0 0 0 0 0
-1.8694337606430054 1.0266438722610474 28.474811553955078 -0.9146548088982451 0.4042357982159855 0 0 0 1 0 0 0 0 0 0
-1.8461087942123413 1.4499684572219849 28.945209503173828 -0.953527847351758 -0.3013049025899216 0 0 0 1 0 0 0 0 0 0
-2.1084415912628174 1.7830296754837036 29.41561508178711 -0.5163045984092588 -0.8564050219735133 0 0 0 1 0 0 0 0 0 0
-2.52544903755188 1.8595257997512817 29.88602066040039 0.1787077149021273 -0.9839022068449995 0 0 0 1 0 0 0 0 0 0
-2.888921022415161 1.6412678956985474 30.356426239013672 0.7844940374607043 -0.6201363601568635 0 0 0 1 0 0 0 0 0 0
-3.0173733234405518 1.2372304201126099 30.826824188232422 0.9985806853380476 0.05325988048987064 0 0 0 1 0 0 0 0 0 0
-2.8466732501983643 0.8491459488868713 31.297229766845703 0.7140814394942671 0.7000626384615846 0 0 0 1 0 0 0 0 0 0
-2.4620468616485596 0.6707897782325745 31.767635345458984 0.07303455533965925 0.9973294108399382 0 0 0 1 0 0 0 0 0 0
-2.0555431842803955 0.7912121415138245 32.238033294677734 -0.6044712362441576 0.7966269670011553 0 0 0 1 0 0 0 0 0 0
-1.8301252126693726 1.1502858400344849 32.708438873291016 -0.9801692232942096 0.19816229133421398 0 0 0 1 0 0 0 0 0 0
-2.9880802631378174 -1.0930231809616089 32.708438873291016 0.9497582170547402 -0.3129845509557953 0 0 0 -1 0 0 0 0 0 0
-2.7128403186798096 -0.7581271529197693 32.22697067260742 0.49102606520403785 -0.8711448807691176 0 0 0 -1 0 0 0 0 0 0
-2.2838165760040283 -0.6960620284080505 31.745494842529297 -0.22401218496750386 -0.9745863435253364 0 0 0 -1 0 0 0 0 0 0
-1.9249509572982788 -0.9392299056053162 31.264026641845703 -0.8221230855636525 -0.5693097857786209 0 0 0 -1 0 0 0 0 0 0
-1.8235677480697632 -1.3606966733932495 30.782550811767578 -0.9910966929385481 0.1331440770228748 0 0 0 -1 0 0 0 0 0 0
-2.0325844287872314 -1.7404650449752808 30.301082611083984 -0.6427400532923657 0.7660843451564109 0 0 0 -1 0 0 0 0 0 0
-2.442898988723755 -1.8803080320358276 29.81960678100586 0.04111999684354944 0.9991542152538749 0 0 0 -1 0 0 0 0 0 0
-2.8403351306915283 -1.7072199583053589 29.338138580322266 0.7035158128443804 0.7106796050808765 0 0 0 -1 0 0 0 0 0 0
-3.0174381732940674 -1.3115595579147339 28.85666275024414 0.9986863535740751 0.05124028868885994 0 0 0 -1 0 0 0 0 0 0
-2.881762742996216 -0.8998507857322693 28.375194549560547 0.772564073237504 -0.6349368100391379 0 0 0 -1 0 0 0 0 0 0
-2.5041286945343018 -0.6869944930076599 27.893726348876953 0.14317411919778283 -0.9896975151994365 0 0 0 -1 0 0 0 0 0 0
-2.0816566944122314 -0.7841052412986755 27.412250518798828 -0.5609490682609333 -0.8278503142580734 0 0 0 -1 0 0 0 0 0 0
-1.8348668813705444 -1.1404856443405151 26.930782318115234 -0.9722641215616499 -0.2338856086294174 0 0 0 -1 0 0 0 0 0 0
-1.892579436302185 -1.5701159238815308 26.44930648803711 -0.8760793466515155 0.4821669610940322 0 0 0 -1 0 0 0 0 0 0
-2.2246716022491455 -1.8487375974655151 25.967838287353516 -0.3225889454028211 0.9465391551879382 0 0 0 -1 0 0 0 0 0 0
-2.657794237136841 -1.8309115171432495 25.48636245727539 0.39928091391169834 0.9168286381793703 0 0 0 -1 0 0 0 0 0 0
-2.965867280960083 -1.5259455442428589 25.004894256591797 0.9127349725366127 0.40855216302032804 0 0 0 -1 0 0 0 0 0 0
-2.9880802631378174 -1.0930231809616089 24.523418426513672 0.9497582170547402 -0.3129845509557953 0 0 0 -1 0 0 0 0 0 0
0.37823930382728577 -2.674715042114258 24.523418426513672 -0.9801668370340482 0.19817409411593023 0 0 0 1 0 0 0 0 0 0
0.3441855013370514 -2.3255252838134766 24.91318130493164 -0.9234100115422426 -0.3838149952562507 0 0 0 1 0 0 0 0 0 0
0.12068621069192886 -2.055074691772461 25.30294418334961 -0.550909105785703 -0.8345652503923207 0 0 0 1 0 0 0 0 0 0
-0.21583494544029236 -1.9558428525924683 25.692707061767578 0.00995742709419365 -0.9999504235939219 0 0 0 1 0 0 0 0 0 0
-0.5503152012825012 -2.061758041381836 26.082469940185547 0.5674250517632201 -0.8234250485815374 0 0 0 1 0 0 0 0 0 0
-0.7683823704719543 -2.3366031646728516 26.472232818603516 0.9308712347248358 -0.365347429663683 0 0 0 1 0 0 0 0 0 0
-0.7954762578010559 -2.686403274536133 26.861995697021484 0.9760265455873082 0.21765151575145597 0 0 0 1 0 0 0 0 0 0
2.5919501781463623 -1.192376971244812 26.861995697021484 -0.9890778615113481 -0.14739397500623425 0 0 0 -1 0 0 0 0 0 0
2.558445692062378 -1.4963701963424683 26.527912139892578 -0.9332348103122377 0.35926701605001515 0 0 0 -1 0 0 0 0 0 0
2.379460096359253 -1.7443560361862183 26.193836212158203 -0.6349274662247626 0.7725717524174714 0 0 0 -1 0 0 0 0 0 0
2.101494550704956 -1.8719080686569214 25.859752655029297 -0.17165035684159247 0.9851579340370527 0 0 0 -1 0 0 0 0 0 0
1.7967687845230103 -1.8458842039108276 25.52566909790039 0.33623120410601354 0.9417794738607441 0 0 0 -1 0 0 0 0 0 0
1.5444608926773071 -1.6730440855026245 25.191585540771484 0.756737983600876 0.6537183064406873 0 0 0 -1 0 0 0 0 0 0
1.4101186990737915 -1.3982943296432495 24.857501983642578 0.9806449203881289 0.19579463761032947 0 0 0 -1 0 0 0 0 0 0
1.4286504983901978 -1.0930231809616089 24.523418426513672 0.9497582170547402 -0.3129845509557953 0 0 0 -1 0 0 0 0 0 0
2.5866057872772217 1.1502858400344849 24.523418426513672 -0.9801694573494141 0.1981611336245204 0 0 0 1 0 0 0 0 0 0
2.571850538253784 1.4460278749465942 24.848224639892578 -0.9555774375101688 -0.29474015831151973 0 0 0 1 0 0 0 0 0 0
2.417454481124878 1.6986981630325317 25.173023223876953 -0.6982501009776215 -0.7158538932524856 0 0 0 1 0 0 0 0 0 0
2.161022901535034 1.8467580080032349 25.49782943725586 -0.27086611808770783 -0.9626170298057769 0 0 0 1 0 0 0 0 0 0
1.8650060892105103 1.8541470766067505 25.822628021240234 0.22249729465428972 -0.9749333073967277 0 0 0 1 0 0 0 0 0 0
1.6015020608901978 1.7190648317337036 26.14743423461914 0.6616672784202134 -0.7497975811297257 0 0 0 1 0 0 0 0 0 0
1.4346929788589478 1.4744092226028442 26.472232818603516 0.9396875688468389 -0.342034023095243 0 0 0 1 0 0 0 0 0 0
1.4052015542984009 1.1797734498977661 26.797039031982422 0.9888342373528906 0.14901963306466395 0 0 0 1 0 0 0 0 0 0
1.5202146768569946 0.9069157242774963 27.121837615966797 0.7971514643377838 0.6037793826424739 0 0 0 1 0 0 0 0 0 0
1.7517210245132446 0.722288191318512 27.446643829345703 0.41130255648029856 0.91149887933709 0 0 0 1 0 0 0 0 0 0
2.043328046798706 0.6708622574806213 27.771442413330078 -0.0747006794292102 0.9972060010312885 0 0 0 1 0 0 0 0 0 0
2.324021100997925 0.7651615738868713 28.096248626708984 -0.5425266711358497 0.8400385771536052 0 0 0 1 0 0 0 0 0 0
2.5254294872283936 0.9822216629981995 28.42104721069336 -0.8782108895535938 0.4782735968768141 0 0 0 1 0 0 0 0 0 0
2.598503828048706 1.269170880317688 28.745853424072266 -0.9999999997482371 0.000022439385603972604 0 0 0 1 0 0 0 0 0 0
2.525444746017456 1.556127667427063 29.07065200805664 -0.878230232983755 -0.4782380765615586 0 0 0 1 0 0 0 0 0 0
2.3240439891815186 1.7731953859329224 29.395458221435547 -0.5425607291390661 -0.8400165803102253 0 0 0 1 0 0 0 0 0 0
2.0433547496795654 1.8675061464309692 29.720256805419922 -0.07474615686938738 -0.9972025932744342 0 0 0 1 0 0 0 0 0 0
1.7517439126968384 1.8160954713821411 30.045063018798828 0.4112704505774026 -0.911513366046741 0 0 0 1 0 0 0 0 0 0
1.5202337503433228 1.6314793825149536 30.369861602783203 0.7971176766059537 -0.6038239889589732 0 0 0 1 0 0 0 0 0 0
1.4052091836929321 1.3586255311965942 30.69466781616211 0.9888273739917789 -0.14906516844830853 0 0 0 1 0 0 0 0 0 0
1.4346853494644165 1.0639859437942505 31.019466400146484 0.9396996990888357 0.34200069522202986 0 0 0 1 0 0 0 0 0 0
1.6014829874038696 0.8193264603614807 31.34427261352539 0.6617028124880061 0.7497662221956006 0 0 0 1 0 0 0 0 0 0
1.8649793863296509 0.684232771396637 31.669071197509766 0.22254234715801682 0.974923024510859 0 0 0 1 0 0 0 0 0 0
2.160996198654175 0.6916065812110901 31.993877410888672 -0.27081863551515456 0.9626303894318472 0 0 0 1 0 0 0 0 0 0
2.41743540763855 0.8396549820899963 32.31867599487305 -0.6982159395868024 0.715887212979055 0 0 0 1 0 0 0 0 0 0
-0.5749104619026184 3.020357131958008 32.31867599487305 0.6084180623694387 -0.7936166967640094 0 0 0 -1 0 0 0 0 0 0
-0.2435506284236908 3.143239974975586 31.928913116455078 0.056149198178108116 -0.9984223893442872 0 0 0 -1 0 0 0 0 0 0
0.0994974747300148 3.0582828521728516 31.53915023803711 -0.5155983309149339 -0.8568304156352844 0 0 0 -1 0 0 0 0 0 0
0.335217148065567 2.7949657440185547 31.14938735961914 -0.9084624615593327 -0.41796645312459935 0 0 0 -1 0 0 0 0 0 0
0.38182321190834045 2.444643020629883 30.759624481201172 -0.9861415407193935 0.1659061833313661 0 0 0 -1 0 0 0 0 0 0
0.22315087914466858 2.128854751586914 30.369861602783203 -0.7216847694905848 0.6922218527938291 0 0 0 -1 0 0 0 0 0 0
-0.08575376123189926 1.9571629762649536 29.980098724365234 -0.20684736585010854 0.9783732249202608 0 0 0 -1 0 0 0 0 0 0
-0.4377168118953705 1.9891339540481567 29.590335845947266 0.37975850999938116 0.9250856577004369 0 0 0 -1 0 0 0 0 0 0
-0.710625946521759 2.2136783599853516 29.200572967529297 0.8346097926142828 0.5508416234021754 0 0 0 -1 0 0 0 0 0 0
-0.809798538684845 2.5528926849365234 28.810810089111328 0.9998947679047061 -0.014507002336588205 0 0 0 -1 0 0 0 0 0 0
-0.7008259892463684 2.8890819549560547 28.42104721069336 0.8182735385622583 -0.5748290320510963 0 0 0 -1 0 0 0 0 0 0
-0.4215157926082611 3.1056156158447266 28.03128433227539 0.35275944851174285 -0.9357140436509922 0 0 0 -1 0 0 0 0 0 0
-0.06877454370260239 3.1273632049560547 27.641521453857422 -0.23514210536443572 -0.9719610024506028 0 0 0 -1 0 0 0 0 0 0
0.23501840233802795 2.946779251098633 27.251758575439453 -0.7414693168662456 -0.6709867749411333 0 0 0 -1 0 0 0 0 0 0
0.38446298241615295 2.6265201568603516 26.861995697021484 -0.9905395221607189 -0.13722774878870067 0 0 0 -1 0 0 0 0 0 0
0.327709823846817 2.2776966094970703 26.472232818603516 -0.8959545556701768 0.44414573528725465 0 0 0 -1 0 0 0 0 0 0
0.08445040136575699 2.0213260650634766 26.082469940185547 -0.4905179721467856 0.8714310753014293 0 0 0 -1 0 0 0 0 0 0
-0.2609189450740814 1.9463635683059692 25.692707061767578 0.08509646453927053 0.9963727172714619 0 0 0 -1 0 0 0 0 0 0
-0.5885747075080872 2.0788097381591797 25.30294418334961 0.6311909084020808 0.7756275118576934 0 0 0 -1 0 0 0 0 0 0
-0.7848370671272278 2.372713088989258 24.91318130493164 0.9582931444592503 0.28578706983067376 0 0 0 -1 0 0 0 0 0 0
-0.7816155552864075 2.7261104583740234 24.523418426513672 0.9529262140076206 -0.3032022932912985 0 0 0 -1 0 0 0 0 0 0
-0.5800278782844543 3.016389846801758 24.133655548095703 0.6169440642568811 -0.7870070022421665 0 0 0 -1 0 0 0 0 0 0
-0.25001272559165955 3.1428394317626953 23.743892669677734 0.06692001079734798 -0.9977583435656566 0 0 0 -1 0 0 0 0 0 0
0.09393373876810074 3.061594009399414 23.354129791259766 -0.5063217442043713 -0.8623446476588366 0 0 0 -1 0 0 0 0 0 0
0.33247819542884827 2.800832748413086 22.964366912841797 -0.9039012303936708 -0.427741236839293 0 0 0 -1 0 0 0 0 0 0
0.38286271691322327 2.4510326385498047 22.574604034423828 -0.9878738803452304 0.15525848296198563 0 0 0 -1 0 0 0 0 0 0
0.22760644555091858 2.1335506439208984 22.18484115600586 -0.7291140428203493 0.6843922212899309 0 0 0 -1 0 0 0 0 0 0
-0.07942899316549301 1.9585362672805786 21.79507827758789 -0.21738849329558305 0.9760851617470048 0 0 0 -1 0 0 0 0 0 0
-0.43171438574790955 1.9867078065872192 21.405315399169922 0.3697537038656744 0.9291298071193363 0 0 0 -1 0 0 0 0 0 0
-0.7070305943489075 2.2082958221435547 21.015552520751953 0.8286150343120295 0.5598188322234918 0 0 0 -1 0 0 0 0 0 0
-0.8098557591438293 2.546419143676758 20.625789642333984 0.9999930623337098 -0.0037249542881697896 0 0 0 -1 0 0 0 0 0 0
-0.7045167088508606 2.8837642669677734 20.236026763916016 0.8244266888695034 -0.5659687576886792 0 0 0 -1 0 0 0 0 0 0
-0.4275601804256439 3.103300094604492 19.846263885498047 0.3628306445018058 -0.9318550978614669 0 0 0 -1 0 0 0 0 0 0
-0.07507451623678207 3.1288509368896484 19.456501007080078 -0.22464073780155702 -0.9744416549593783 0 0 0 -1 0 0 0 0 0 0
0.23064866662025452 2.9515552520751953 19.06673812866211 -0.7341845774242358 -0.6789499291349812 0 0 0 -1 0 0 0 0 0 0
1.5205198526382446 -1.6434839963912964 37.38559341430664 0.7966432057513108 0.6044498347508044 0 0 0 -1 0 0 0 0 0 0
1.4034696817398071 -1.3578318357467651 37.04780197143555 0.991726937615029 0.12836542061130143 0 0 0 -1 0 0 0 0 0 0
1.4439321756362915 -1.0517939329147339 36.71000289916992 0.924288877677568 -0.38169368687671745 0 0 0 -1 0 0 0 0 0 0
1.6311994791030884 -0.8063792586326599 36.37221145629883 0.6121798402882308 -0.790718561274918 0 0 0 -1 0 0 0 0 0 0
1.9156996011734009 -0.686555802822113 36.034420013427734 0.13801356821407068 -0.9904303382817089 0 0 0 -1 0 0 0 0 0 0
2.222119092941284 -0.7240428328514099 35.69662094116211 -0.3726883896587272 -0.9279565529773388 0 0 0 -1 0 0 0 0 0 0
2.469345808029175 -0.9089145064353943 35.358829498291016 -0.7847363606941689 -0.6198296896765041 0 0 0 -1 0 0 0 0 0 0
2.591931104660034 -1.1922358274459839 35.02103042602539 -0.9890429979098998 -0.14762773548828131 0 0 0 -1 0 0 0 0 0 0
2.5574233531951904 -1.4990061521530151 34.6832389831543 -0.9315334980943486 0.3636555264644091 0 0 0 -1 0 0 0 0 0 0
2.3749663829803467 -1.7480143308639526 34.3454475402832 -0.6274372658442514 0.7786671159294518 0 0 0 -1 0 0 0 0 0 0
2.09285044670105 -1.8733500242233276 34.00764846801758 -0.1572443709072377 0.987559723671428 0 0 0 -1 0 0 0 0 0 0
1.7857595682144165 -1.8418291807174683 33.669857025146484 0.354576103200219 0.9350271584501424 0 0 0 -1 0 0 0 0 0 0
1.5349851846694946 -1.6618021726608276 33.33205795288086 0.7725306639740404 0.634977458828129 0 0 0 -1 0 0 0 0 0 0
1.4069143533706665 -1.3809183835983276 32.994266510009766 0.9859842646185483 0.16683833469745687 0 0 0 -1 0 0 0 0 0 0
1.4354444742202759 -1.0735338926315308 32.65647506713867 0.9384321585740192 -0.3454635780427611 0 0 0 -1 0 0 0 0 0 0
1.6130262613296509 -0.8210238814353943 32.31867599487305 0.642462758268084 -0.7663169084905838 0 0 0 -1 0 0 0 0 0 0
1.8926512002944946 -0.6902255415916443 31.980884552001953 0.17641854788360548 -0.9843152421671828 0 0 0 -1 0 0 0 0 0 0
2.200299024581909 -0.7157649397850037 31.643085479736328 -0.33633147729084134 -0.9417436686186748 0 0 0 -1 0 0 0 0 0 0
2.4545257091522217 -0.8908824324607849 31.305294036865234 -0.7600307033599605 -0.6498871670914603 0 0 0 -1 0 0 0 0 0 0
2.588036298751831 -1.1692217588424683 30.96750259399414 -0.982551908063087 -0.18598856943798153 0 0 0 -1 0 0 0 0 0 0
2.5654876232147217 -1.4771021604537964 30.629703521728516 -0.9449738006900203 0.32714601634355545 0 0 0 -1 0 0 0 0 0 0
2.3928496837615967 -1.7330187559127808 30.291912078857422 -0.6572438918332696 0.7536779595078108 0 0 0 -1 0 0 0 0 0 0
2.1158225536346436 -1.8692339658737183 29.954113006591797 -0.19552491003543052 0.9806987353696531 0 0 0 -1 0 0 0 0 0 0
1.8077398538589478 -1.8496798276901245 29.616321563720703 0.3179438624434939 0.9481095402613102 0 0 0 -1 0 0 0 0 0 0
1.5501524209976196 -1.6795405149459839 29.27853012084961 0.7472520677015282 0.6645407040323342 0 0 0 -1 0 0 0 0 0 0
1.4112554788589478 -1.4038485288619995 28.940731048583984 0.9787512102834719 0.20505137982622493 0 0 0 -1 0 0 0 0 0 0
1.4278112649917603 -1.0955904722213745 28.60293960571289 0.951155611280093 -0.3087118448171248 0 0 0 -1 0 0 0 0 0 0
1.595436692237854 -0.8363627791404724 28.265140533447266 0.6717816688055747 -0.7407492082053123 0 0 0 -1 0 0 0 0 0 0
1.8697630167007446 -0.6947879195213318 27.927349090576172 0.21456579922497684 -0.9767095360458742 0 0 0 -1 0 0 0 0 0 0
2.1781699657440186 -0.708345353603363 27.589557647705078 -0.29944326815087574 -0.9541141069909421 0 0 0 -1 0 0 0 0 0 0
2.4390151500701904 -0.8734416365623474 27.251758575439453 -0.7341790796608634 -0.6789558741098923 0 0 0 -1 0 0 0 0 0 0
-0.6068757176399231 -3.005678176879883 27.251758575439453 0.6616965429827885 0.7497717552726476 0 0 0 1 0 0 0 0 0 0
-0.27749571204185486 -3.1519908905029297 27.641521453857422 0.11272415223034038 0.9936263208590799 0 0 0 1 0 0 0 0 0 0
0.07628694921731949 -3.0831851959228516 28.03128433227539 -0.47691048752123416 0.8789518683592741 0 0 0 1 0 0 0 0 0 0
0.3268209993839264 -2.8240909576416016 28.42104721069336 -0.8944698185895744 0.4471283301607423 0 0 0 1 0 0 0 0 0 0
0.3837076723575592 -2.4681949615478516 28.810810089111328 -0.9892793518331204 -0.1460354889629274 0 0 0 1 0 0 0 0 0 0
0.2264181673526764 -2.1439151763916016 29.200572967529297 -0.7271309041898143 -0.6864988333363015 0 0 0 1 0 0 0 0 0 0
-0.0882924422621727 -1.9682596921920776 29.590335845947266 -0.2026170566513259 -0.9792580499306367 0 0 0 1 0 0 0 0 0 0
-0.44686827063560486 -2.004606246948242 29.980098724365234 0.39501042256976987 -0.9186766384649453 0 0 0 1 0 0 0 0 0 0
-0.71992427110672 -2.239847183227539 30.369861602783203 0.8501075114830078 -0.5266091709419499 0 0 0 1 0 0 0 0 0 0
-0.8089364171028137 -2.5890941619873047 30.759624481201172 0.9984603356745376 0.05547033517736983 0 0 0 1 0 0 0 0 0 0
-0.681786835193634 -2.926332473754883 31.14938735961914 0.7865434798279605 0.6175349013133775 0 0 0 1 0 0 0 0 0 0
-0.38435491919517517 -3.129880905151367 31.53915023803711 0.2908240769725194 0.9567765445771975 0 0 0 1 0 0 0 0 0 0
-0.023959482088685036 -3.1262874603271484 31.928913116455078 -0.30983718314947545 0.9507896296962848 0 0 0 1 0 0 0 0 0 0
0.2693563997745514 -2.9168529510498047 32.31867599487305 -0.7986961784150703 0.6017345050644528 0 0 0 1 0 0 0 0 0 0
0.38975968956947327 -2.577146530151367 32.708438873291016 -0.9993677116825754 0.03555526467814443 0 0 0 1 0 0 0 0 0 0
0.293804794549942 -2.2297420501708984 33.098201751708984 -0.8394385856295216 -0.5434545619978808 0 0 0 1 0 0 0 0 0 0
0.016112005338072777 -1.999994158744812 33.48796463012695 -0.37662308192705546 -0.9263665873506914 0 0 0 1 0 0 0 0 0 0
-0.3431161344051361 -1.9707964658737183 33.87772750854492 0.22209138636796336 -0.9750258540680633 0 0 0 1 0 0 0 0 0 0
-0.6542618870735168 -2.1526927947998047 34.26749038696289 0.7406691336727816 -0.6718699535061908 0 0 0 1 0 0 0 0 0 0
-0.8050568699836731 -2.480043411254883 34.65725326538086 0.9919949335826822 -0.12627767714956586 0 0 0 1 0 0 0 0 0 0
-0.7410901188850403 -2.8347339630126953 35.04701614379883 0.8853809135640061 0.4648662580749066 0 0 0 1 0 0 0 0 0 0
-0.48544248938560486 -3.0887813568115234 35.4367790222168 0.45930769175031166 0.8882772339191187 0 0 0 1 0 0 0 0 0 0
-0.13035711646080017 -3.150522232055664 35.826541900634766 -0.13250471290326826 0.9911823752763276 0 0 0 1 0 0 0 0 0 0
0.19604173302650452 -2.997678756713867 36.216304779052734 -0.6765036125198644 0.736439313350104 0 0 0 1 0 0 0 0 0 0
-2.768874406814575 -0.7939395308494568 36.216304779052734 0.5844082518364726 -0.8114597927102968 0 0 0 -1 0 0 0 0 0 0
-2.370898485183716 -0.6826838850975037 35.7708625793457 -0.07888031481998292 -0.9968840935303867 0 0 0 -1 0 0 0 0 0 0
-1.9953702688217163 -0.8551463484764099 35.32542037963867 -0.7047606980179778 -0.7094451060717897 0 0 0 -1 0 0 0 0 0 0
-1.8204225301742554 -1.2295206785202026 34.87997817993164 -0.996339619416752 -0.08548311400786628 0 0 0 -1 0 0 0 0 0 0
-1.929038405418396 -1.6282252073287964 34.43453598022461 -0.8153154939169138 0.5790169646729003 0 0 0 -1 0 0 0 0 0 0
-2.2696964740753174 -1.8621386289596558 33.98908615112305 -0.2475456078099575 0.9688762418668334 0 0 0 -1 0 0 0 0 0 0
-2.6808083057403564 -1.8203028440475464 33.543643951416016 0.43763784430762326 0.899151331662127 0 0 0 -1 0 0 0 0 0 0
-2.9673664569854736 -1.5225657224655151 33.098201751708984 0.91523461145068 0.4029213397211957 0 0 0 -1 0 0 0 0 0 0
-1.898978590965271 1.5698224306106567 33.098201751708984 -0.8654113460621475 -0.5010620741054965 0 0 0 1 0 0 0 0 0 0
-2.2168991565704346 1.8344022035598755 33.54793167114258 -0.33554094994236744 -0.9420256211546337 0 0 0 1 0 0 0 0 0 0
-2.6304943561553955 1.8303815126419067 33.99765396118164 0.35378771541132936 -0.9353257466915107 0 0 0 1 0 0 0 0 0 0
-2.9432156085968018 1.5596791505813599 34.447383880615234 0.8749839866657716 -0.484151859521858 0 0 0 1 0 0 0 0 0 0
-3.006455659866333 1.1509267091751099 34.8971061706543 0.9803840561364876 0.19709668306029007 0 0 0 1 0 0 0 0 0 0
-2.7901623249053955 0.7983761429786682 35.34683609008789 0.6198949974807273 0.7846847724394611 0 0 0 1 0 0 0 0 0 0
-2.397120714187622 0.6695576310157776 35.79655838012695 -0.035173670873754066 0.9993812149911888 0 0 0 1 0 0 0 0 0 0
-2.0141079425811768 0.8256893754005432 36.24628829956055 -0.6735272362708501 0.7391624057007703 0 0 0 1 0 0 0 0 0 0
-1.8231366872787476 1.1925755739212036 36.69601058959961 -0.991813972365847 0.12769120650960594 0 0 0 1 0 0 0 0 0 0
-1.9149583578109741 1.5958691835403442 37.1457405090332 -0.8387800521977323 -0.5444704069416164 0 0 0 1 0 0 0 0 0 0
-2.245938539505005 1.8439198732376099 37.5954704284668 -0.28714407288012367 -0.9578874053926245 0 0 0 1 0 0 0 0 0 0
-2.6587917804718018 1.8188496828079224 38.04519271850586 0.40093889895477774 -0.9161047971192655 0 0 0 1 0 0 0 0 0 0
-2.957324266433716 1.5325719118118286 38.49492263793945 0.8984958939296896 -0.4389819228527389 0 0 0 1 0 0 0 0 0 0
-2.999671220779419 1.121130108833313 38.944644927978516 0.9690749813668661 0.2467664492770599 0 0 0 1 0 0 0 0 0 0
0.38423219323158264 2.6281681060791016 38.944644927978516 -0.9901563249778629 -0.1399658962259484 0 0 0 -1 0 0 0 0 0 0
0.3230845034122467 2.2685604095458984 38.55488204956055 -0.8882403726801748 0.4593789724628069 0 0 0 -1 0 0 0 0 0 0
0.06496111303567886 2.010824203491211 38.16511917114258 -0.4580367904287749 0.8889332363083893 0 0 0 -1 0 0 0 0 0 0
-0.29473623633384705 1.9502202272415161 37.77535629272461 0.1414575325492496 0.9899443249421039 0 0 0 -1 0 0 0 0 0 0
-0.6230652928352356 2.1091442108154297 37.38559341430664 0.6886742212057092 0.7250709048408368 0 0 0 -1 0 0 0 0 0 0
-0.7986729741096497 2.4288578033447266 36.99583053588867 0.9813526899248357 0.19221575892025453 0 0 0 -1 0 0 0 0 0 0
-0.7566559910774231 2.791196823120117 36.6060676574707 0.9113263213278321 -0.41168475324583137 0 0 0 -1 0 0 0 0 0 0
-0.5125439763069153 3.0622425079345703 36.216304779052734 0.504473564819117 -0.8634271378632316 0 0 0 -1 0 0 0 0 0 0
-0.1565602719783783 3.141813278198242 35.826541900634766 -0.08883811888529405 -0.9960460775651507 0 0 0 -1 0 0 0 0 0 0
0.17972245812416077 3.0005016326904297 35.4367790222168 -0.6493062204417153 -0.7605270751891051 0 0 0 -1 0 0 0 0 0 0
0.3720175325870514 2.6905345916748047 35.04701614379883 -0.969796346553616 -0.24391606386472106 0 0 0 -1 0 0 0 0 0 0
0.3492495119571686 2.326478958129883 34.65725326538086 -0.93184982586124 0.3628441842476976 0 0 0 -1 0 0 0 0 0 0
0.11983362585306168 2.042886734008789 34.26749038696289 -0.549491619639216 0.835499227974671 0 0 0 -1 0 0 0 0 0 0
-0.2314351499080658 1.9445744752883911 33.87772750854492 0.03595927192895805 0.9993532562424257 0 0 0 -1 0 0 0 0 0 0
-0.574731171131134 2.0678768157958984 33.48796463012695 0.6081169916920991 0.7938474188503428 0 0 0 -1 0 0 0 0 0 0
-0.7831719517707825 2.3672237396240234 33.098201751708984 0.955515168273197 0.29494196581674187 0 0 0 -1 0 0 0 0 0 0
-0.7797158360481262 2.7319774627685547 32.708438873291016 0.9497582084682269 -0.3129845770117502 0 0 0 -1 0 0 0 0 0 0
2.5866057872772217 1.1502858400344849 32.708438873291016 -0.9801694573494141 0.1981611336245204 0 0 0 1 0 0 0 0 0 0
2.568077802658081 1.4578343629837036 33.04252243041992 -0.949287420566398 -0.3144095945647883 0 0 0 1 0 0 0 0 0 0
2.3993537425994873 1.7156354188919067 33.37660598754883 -0.6680834140470202 -0.7440863873739917 0 0 0 1 0 0 0 0 0 0
2.124932050704956 1.8557149171829224 33.710689544677734 -0.21070585550185875 -0.9775495089545234 0 0 0 1 0 0 0 0 0 0
1.8171736001968384 1.8411275148391724 34.04477310180664 0.3022147681248787 -0.9532398616965332 0 0 0 1 0 0 0 0 0 0
1.557228684425354 1.675726056098938 34.378849029541016 0.735460794276698 -0.677567280852528 0 0 0 1 0 0 0 0 0 0
1.413643479347229 1.4031239748001099 34.71293258666992 0.9747665074891243 -0.22322691566532707 0 0 0 1 0 0 0 0 0 0
1.4242826700210571 1.0952016115188599 35.04701614379883 0.9570352553913333 0.28997158470796025 0 0 0 1 0 0 0 0 0 0
1.5863386392593384 0.833158552646637 35.381099700927734 0.6869459110155148 0.7267085491027777 0 0 0 1 0 0 0 0 0 0
1.8570791482925415 0.6860905289649963 35.71518325805664 0.2357133382106858 0.9718226289758719 0 0 0 1 0 0 0 0 0 0
2.165112257003784 0.6927815079689026 36.04926681518555 -0.27767606516722887 0.9606747643366328 0 0 0 1 0 0 0 0 0 0
2.4292151927948 0.8514652848243713 36.38335037231445 -0.7178506893929194 0.6961970897225229 0 0 0 1 0 0 0 0 0 0
2.5797393321990967 1.1202985048294067 36.71742630004883 -0.9687231549023594 0.24814400890615787 0 0 0 1 0 0 0 0 0 0
2.5769965648651123 1.4283925294876099 37.051509857177734 -0.9641533111796239 -0.2653457980473166 0 0 0 1 0 0 0 0 0 0
2.4217116832733154 1.6945058107376099 37.38559341430664 -0.7053431086803269 -0.7088660656549817 0 0 0 1 0 0 0 0 0 0
-2.8152401447296143 0.8193188309669495 43.62179946899414 0.6616909389503246 0.7497767009657195 0 0 0 1 0 0 0 0 0 0
-2.3648712635040283 0.6715641617774963 44.122920989990234 -0.08892158656225548 0.9960386294934808 0 0 0 1 0 0 0 0 0 0
-1.9477990865707397 0.8967648148536682 44.62405014038086 -0.7840481066520297 0.6207000615880165 0 0 0 1 0 0 0 0 0 0
-1.8243039846420288 1.3543797731399536 45.12517166137695 -0.9898687685787643 -0.1419852844218756 0 0 0 1 0 0 0 0 0 0
-2.07145619392395 1.7588292360305786 45.62629318237305 -0.5779528998709227 -0.8160701229249797 0 0 0 1 0 0 0 0 0 0
-2.5350162982940674 1.8577100038528442 46.12742233276367 0.19465088005679027 -0.980872588511432 0 0 0 1 0 0 0 0 0 0
-2.9256908893585205 1.5893117189407349 46.628543853759766 0.8457740513878252 -0.5335412392674296 0 0 0 1 0 0 0 0 0 0
-2.999671220779419 1.121130108833313 47.12966537475586 0.9690749813668661 0.2467664492770599 0 0 0 1 0 0 0 0 0 0
-1.8241323232650757 -1.196832537651062 47.12966537475586 -0.9901563183237818 -0.1399659432986964 0 0 0 -1 0 0 0 0 0 0
-1.9298433065414429 -1.629358172416687 46.649959564208984 -0.8139686713912105 0.5809087725225257 0 0 0 -1 0 0 0 0 0 0
-2.3045074939727783 -1.8699396848678589 46.17024612426758 -0.18952772891705058 0.9818753688587696 0 0 0 -1 0 0 0 0 0 0
-2.741797685623169 -1.7860888242721558 45.6905403137207 0.5392835453897608 0.842124253107491 0 0 0 -1 0 0 0 0 0 0
-3.0008957386016846 -1.4239786863327026 45.21083450317383 0.9711159465105954 0.2386080854305451 0 0 0 -1 0 0 0 0 0 0
-2.939114809036255 -0.9830302596092224 44.73112869262695 0.868149992780201 -0.49630191419713166 0 0 0 -1 0 0 0 0 0 0
-2.5904781818389893 -0.7060717940330505 44.25141525268555 0.2870895615773309 -0.9579037444510465 0 0 0 -1 0 0 0 0 0 0
-2.1469814777374268 -0.7456263899803162 43.77170944213867 -0.4520763989079166 -0.8919792203579914 0 0 0 -1 0 0 0 0 0 0
-1.8528608083724976 -1.0799082517623901 43.2920036315918 -0.9422747627299026 -0.3348406658730475 0 0 0 -1 0 0 0 0 0 0
-1.87008798122406 -1.5248316526412964 42.81229019165039 -0.913565183096785 0.406692336088766 0 0 0 -1 0 0 0 0 0 0
-2.189175844192505 -1.8353747129440308 42.332584381103516 -0.38174952808713586 0.9242658155559197 0 0 0 -1 0 0 0 0 0 0
-2.6344025135040283 -1.8405169248580933 41.85287857055664 0.3602925560833764 0.9328393613216087 0 0 0 -1 0 0 0 0 0 0
-2.9605801105499268 -1.5374315977096558 41.373165130615234 0.9039237158009439 0.42769371752764174 0 0 0 -1 0 0 0 0 0 0
-2.9880802631378174 -1.0930231809616089 40.89345932006836 0.9497582170547402 -0.3129845509557953 0 0 0 -1 0 0 0 0 0 0
0.37823930382728577 -2.674715042114258 40.89345932006836 -0.9801668370340482 0.19817409411593023 0 0 0 1 0 0 0 0 0 0
0.3441855013370514 -2.3255252838134766 41.28322219848633 -0.9234100115422426 -0.3838149952562507 0 0 0 1 0 0 0 0 0 0
0.12068621069192886 -2.055074691772461 41.6729850769043 -0.550909105785703 -0.8345652503923207 0 0 0 1 0 0 0 0 0 0
-0.21583494544029236 -1.9558428525924683 42.062747955322266 0.00995742709419365 -0.9999504235939219 0 0 0 1 0 0 0 0 0 0
-0.5503152012825012 -2.061758041381836 42.452510833740234 0.5674250517632201 -0.8234250485815374 0 0 0 1 0 0 0 0 0 0
-0.7683823704719543 -2.3366031646728516 42.8422737121582 0.9308712347248358 -0.365347429663683 0 0 0 1 0 0 0 0 0 0
-0.7954762578010559 -2.686403274536133 43.23203659057617 0.9760265455873082 0.21765151575145597 0 0 0 1 0 0 0 0 0 0
2.5919501781463623 -1.192376971244812 43.23203659057617 -0.9890778615113481 -0.14739397500623425 0 0 0 -1 0 0 0 0 0 0
2.562607526779175 -1.4852274656295776 42.91105270385742 -0.9401757813598833 0.3406897417656315 0 0 0 -1 0 0 0 0 0 0
2.397534132003784 -1.7288950681686401 42.5900764465332 -0.6650453308603717 0.7468029913577067 0 0 0 -1 0 0 0 0 0 0
2.1364409923553467 -1.8647440671920776 42.26909255981445 -0.22989098433594712 0.9732163866895426 0 0 0 -1 0 0 0 0 0 0
1.8421598672866821 -1.8600863218307495 41.948116302490234 0.26057696383215473 0.9654530780519661 0 0 0 -1 0 0 0 0 0 0
1.5854955911636353 -1.7160433530807495 41.627132415771484 0.6883518768231157 0.7253769321353514 0 0 0 -1 0 0 0 0 0 0
1.4282118082046509 -1.467279314994812 41.306148529052734 0.9504841086522997 0.31077316357665674 0 0 0 -1 0 0 0 0 0 0
1.4081541299819946 -1.1736429929733276 40.985172271728516 0.9839183434210161 -0.17861884973216918 0 0 0 -1 0 0 0 0 0 0
1.5301443338394165 -0.9057978987693787 40.664188385009766 0.7806017392481375 -0.6250287390854783 0 0 0 -1 0 0 0 0 0 0
1.7648283243179321 -0.7281855940818787 40.343204498291016 0.3894570402160014 -0.9210446318318085 0 0 0 -1 0 0 0 0 0 0
2.0557448863983154 -0.6835498213768005 40.0222282409668 -0.09540050556075318 -0.9954389702732923 0 0 0 -1 0 0 0 0 0 0
2.3328864574432373 -0.7826289534568787 39.70124435424805 -0.5573074346774287 -0.830306222578913 0 0 0 -1 0 0 0 0 0 0
2.5295684337615967 -1.0015772581100464 39.3802604675293 -0.8851055502429207 -0.4653903360934522 0 0 0 -1 0 0 0 0 0 0
2.59846568107605 -1.2877177000045776 39.05928421020508 -0.9999338705272734 0.011500198795938818 0 0 0 -1 0 0 0 0 0 0
2.5229995250701904 -1.572198748588562 38.73830032348633 -0.8741572761215377 0.48564293117863205 0 0 0 -1 0 0 0 0 0 0
2.3213279247283936 -1.7865656614303589 38.41731643676758 -0.5380379970971451 0.8429205856305163 0 0 0 -1 0 0 0 0 0 0
2.0419814586639404 -1.879236102104187 38.09634017944336 -0.07245655655628047 0.9973715693822471 0 0 0 -1 0 0 0 0 0 0
1.7521711587905884 -1.8279169797897339 37.77535629272461 0.4105517416650817 0.9118373031499468 0 0 0 -1 0 0 0 0 0 0
2.1610076427459717 1.8467618227005005 37.77535629272461 -0.2708423996226421 -0.962623703513813 0 0 0 1 0 0 0 0 0 0
1.8628813028335571 1.8536587953567505 38.09877395629883 0.22604092728293648 -0.9741178056031367 0 0 0 1 0 0 0 0 0 0
1.5982557535171509 1.7161771059036255 38.42219924926758 0.6670781689760715 -0.7449877290771519 0 0 0 1 0 0 0 0 0 0
1.4324995279312134 1.4682866334915161 38.7456169128418 0.9433382134115268 -0.3318328119965665 0 0 0 1 0 0 0 0 0 0
1.4065557718276978 1.171209454536438 39.069034576416016 0.9865779709796162 0.1632908667921865 0 0 0 1 0 0 0 0 0 0
1.5268369913101196 0.8983364701271057 39.392459869384766 0.7861114760529991 0.618084741130029 0 0 0 1 0 0 0 0 0 0
1.7636266946792603 0.717069685459137 39.715877532958984 0.3914560606531334 0.9201968010039648 0 0 0 1 0 0 0 0 0 0
2.058434247970581 0.6721859574317932 40.039302825927734 -0.09988916377308636 0.9949985703309898 0 0 0 1 0 0 0 0 0 0
2.3384406566619873 0.7747746109962463 40.36272048950195 -0.5665611200060365 0.8240197189979771 0 0 0 1 0 0 0 0 0 0
2.5344741344451904 0.9994869828224182 40.68613815307617 -0.893277528870124 0.4495055688372337 0 0 0 1 0 0 0 0 0 0
2.5981147289276123 1.2908231019973755 41.00956344604492 -0.9993496228879319 -0.03606010584771489 0 0 0 1 0 0 0 0 0 0
2.5136382579803467 1.5768147706985474 41.33298110961914 -0.8585563023750127 -0.5127192951822134 0 0 0 1 0 0 0 0 0 0
2.301914930343628 1.7868176698684692 41.65639877319336 -0.5056843706219689 -0.8627185620517639 0 0 0 1 0 0 0 0 0 0
2.015244245529175 1.8689519166946411 41.97982406616211 -0.027903468448499707 -0.9996106224168206 0 0 0 1 0 0 0 0 0 0
1.7244383096694946 1.8029347658157349 42.30324172973633 0.4567785291544751 -0.889580449033967 0 0 0 1 0 0 0 0 0 0
1.5013319253921509 1.6050740480422974 42.62665939331055 0.8286168198829005 -0.5598161893042651 0 0 0 1 0 0 0 0 0 0
1.4010359048843384 1.3242398500442505 42.9500846862793 0.9957816429472959 -0.09175467055787394 0 0 0 1 0 0 0 0 0 0
1.4483228921890259 1.0298062562942505 43.273502349853516 0.916964785037195 0.39896814785354834 0 0 0 1 0 0 0 0 0 0
1.6315199136734009 0.7945042252540588 43.596920013427734 0.6116418629053628 0.7911347745748869 0 0 0 1 0 0 0 0 0 0
1.9053655862808228 0.6764584183692932 43.920345306396484 0.15522388587496633 0.9878793171505694 0 0 0 1 0 0 0 0 0 0
2.2022178173065186 0.7048283219337463 44.2437629699707 -0.3395214392608673 0.9405983161170496 0 0 0 1 0 0 0 0 0 0
2.4487502574920654 0.8726025223731995 44.56718063354492 -0.7504075341291307 0.6609754403321183 0 0 0 1 0 0 0 0 0 0
2.5840651988983154 1.138342022895813 44.89060592651367 -0.9759316345836261 0.21807669435070748 0 0 0 1 0 0 0 0 0 0
2.574730634689331 1.4363995790481567 45.21402359008789 -0.9603814936119559 -0.27868869142408464 0 0 0 1 0 0 0 0 0 0
2.4230620861053467 1.6931554079055786 45.53744125366211 -0.707594670979872 -0.7066185545263346 0 0 0 1 0 0 0 0 0 0
2.1665198802948 1.8451825380325317 45.86086654663086 -0.28003231255664884 -0.9599905749142411 0 0 0 1 0 0 0 0 0 0
1.8684698343276978 1.854925274848938 46.18428421020508 0.21673206162120726 -0.9762311270725911 0 0 0 1 0 0 0 0 0 0
1.602547287940979 1.7199803590774536 46.5077018737793 0.6599244725136059 -0.7513319443346191 0 0 0 1 0 0 0 0 0 0
1.4344297647476196 1.4736844301223755 46.83112716674805 0.9401238423162729 -0.34083303993082553 0 0 0 1 0 0 0 0 0 0
1.405647873878479 1.1768704652786255 47.154544830322266 0.9880933963922212 0.1538552566735537 0 0 0 1 0 0 0 0 0 0
1.5233160257339478 0.902860701084137 47.477962493896484 0.7919807256829599 0.6105460917463091 0 0 0 1 0 0 0 0 0 0
1.7583624124526978 0.7193394303321838 47.801387786865234 0.40023894561197265 0.9164108174914876 0 0 0 1 0 0 0 0 0 0
2.052727460861206 0.6716404557228088 48.12480545043945 -0.09037488234615648 0.9959078173410019 0 0 0 1 0 0 0 0 0 0
2.3336989879608154 0.7715473771095276 48.44822311401367 -0.5586552739516107 0.8293999547178978 0 0 0 1 0 0 0 0 0 0
2.531872510910034 0.994382917881012 48.77164840698242 -0.888951507068103 0.4580013297812009 0 0 0 1 0 0 0 0 0 0
2.5982940196990967 1.2850972414016724 49.09506607055664 -0.9996481967789173 -0.02652324785276168 0 0 0 1 0 0 0 0 0 0
2.516552686691284 1.5718823671340942 49.41848373413086 -0.8634144699656093 -0.5044952458190323 0 0 0 1 0 0 0 0 0 0
2.306847333908081 1.7838956117630005 49.74190902709961 -0.5139066004079695 -0.8578461435811925 0 0 0 1 0 0 0 0 0 0
2.0209739208221436 1.8687649965286255 50.06532669067383 -0.037451532686754545 -0.9992984452601799 0 0 0 1 0 0 0 0 0 0
1.7295500040054321 1.8055287599563599 50.38874435424805 0.44825896192280384 -0.8939037437307723 0 0 0 1 0 0 0 0 0 0
1.5045629739761353 1.609808087348938 50.7121696472168 0.8232324944388487 -0.5677043773831508 0 0 0 1 0 0 0 0 0 0
1.401589035987854 1.3299428224563599 51.035587310791016 0.9948602394966165 -0.10125761141136295 0 0 0 1 0 0 0 0 0 0
1.4460645914077759 1.0350743532180786 51.359004974365234 0.9207351197923536 0.39018820994612347 0 0 0 1 0 0 0 0 0 0
1.6269994974136353 0.798032820224762 51.682430267333984 0.619170814235092 0.7852563293596896 0 0 0 1 0 0 0 0 0 0
1.8997083902359009 0.6773777604103088 52.0058479309082 0.16466094924155816 0.9863502277562819 0 0 0 1 0 0 0 0 0 0
2.1968162059783936 0.7029057145118713 52.32926559448242 -0.33052028400826894 0.9437988884604034 0 0 0 1 0 0 0 0 0 0
2.4449431896209717 0.8683186173439026 52.65269088745117 -0.7440645598473623 0.6681077239331626 0 0 0 1 0 0 0 0 0 0
2.582787275314331 1.1327534914016724 52.97610855102539 -0.9738037896202347 0.22738992792397283 0 0 0 1 0 0 0 0 0 0
-0.7738469243049622 2.748929977416992 52.97610855102539 0.939978031907608 -0.3412349623516031 0 0 0 -1 0 0 0 0 0 0
-0.555383026599884 3.0347118377685547 52.58634567260742 0.5758701427008864 -0.8175411786238421 0 0 0 -1 0 0 0 0 0 0
-0.21272596716880798 3.1441783905029297 52.19658279418945 0.00477397844913754 -0.9999886044999547 0 0 0 -1 0 0 0 0 0 0
0.1309591829776764 3.0379886627197266 51.806819915771484 -0.5680297039864033 -0.8230080530524102 0 0 0 -1 0 0 0 0 0 0
0.35214295983314514 2.7543087005615234 51.417057037353516 -0.9366743060508972 -0.35020171956184104 0 0 0 -1 0 0 0 0 0 0
0.37132325768470764 2.395101547241211 51.02729415893555 -0.9686393587129131 0.24847090926753707 0 0 0 -1 0 0 0 0 0 0
0.1816050112247467 2.0894832611083984 50.63753128051758 -0.652444204635115 0.7578367633191545 0 0 0 -1 0 0 0 0 0 0
-0.14882025122642517 1.9472981691360474 50.24776840209961 -0.1017341017955117 0.9948116266569568 0 0 0 -1 0 0 0 0 0 0
-0.501183807849884 2.019655227661133 49.85800552368164 0.48553759669625607 0.8742157869739163 0 0 0 -1 0 0 0 0 0 0
-0.7488377690315247 2.280550003051758 49.46824264526367 0.8982931272087535 0.43939669731293857 0 0 0 -1 0 0 0 0 0 0
-0.8027623295783997 2.636201858520508 49.0784797668457 0.9881700465520535 -0.1533621827482651 0 0 0 -1 0 0 0 0 0 0
-0.643578827381134 2.958780288696289 48.688716888427734 0.7228647324603418 -0.6909895647294816 0 0 0 -1 0 0 0 0 0 0
-0.32850202918052673 3.1323375701904297 48.298954010009766 0.1977362531024482 -0.9802552597201427 0 0 0 -1 0 0 0 0 0 0
0.029219305142760277 3.0944957733154297 47.9091911315918 -0.3984655774113094 -0.9171832879082957 0 0 0 -1 0 0 0 0 0 0
0.301006942987442 2.8588504791259766 47.51942825317383 -0.8514459837560598 -0.524442310216935 0 0 0 -1 0 0 0 0 0 0
0.3891703188419342 2.5101070404052734 47.12966537475586 -0.9983859082858277 0.05679417343603888 0 0 0 -1 0 0 0 0 0 0
0.26202264428138733 2.1736087799072266 46.73990249633789 -0.7864687838985326 0.6176300283771534 0 0 0 -1 0 0 0 0 0 0
-0.03473791107535362 1.970312237739563 46.35013961791992 -0.2918697281870482 0.9564580815529861 0 0 0 -1 0 0 0 0 0 0
-0.3944428861141205 1.9732838869094849 45.96037673950195 0.3076369671628181 0.9515038078929917 0 0 0 -1 0 0 0 0 0 0
-0.6878026127815247 2.181459426879883 45.570613861083984 0.7965733021420491 0.604541954139257 0 0 0 -1 0 0 0 0 0 0
-0.8093731999397278 2.520009994506836 45.180850982666016 0.9991880291420518 0.040289979141495236 0 0 0 -1 0 0 0 0 0 0
-0.7154591679573059 2.867250442504883 44.79108810424805 0.842662579968264 -0.5384419897456263 0 0 0 -1 0 0 0 0 0 0
-0.43981489539146423 3.0983715057373047 44.40132522583008 0.38325984107548994 -0.9236405654900558 0 0 0 -1 0 0 0 0 0 0
-0.0815175399184227 3.1302967071533203 44.01156234741211 -0.213903680454584 -0.976854756597921 0 0 0 -1 0 0 0 0 0 0
0.23064866662025452 2.9515552520751953 43.62179946899414 -0.7341845774242358 -0.6789499291349812 0 0 0 -1 0 0 0 0 0 0
2.575260877609253 1.4345647096633911 53.36587142944336 -0.961262283565907 -0.275635306507816 0 0 0 1 0 0 0 0 0 0
2.4165923595428467 1.6995373964309692 53.71665573120117 -0.6968117421968979 -0.7172540665179418 0 0 0 1 0 0 0 0 0 0
2.1471450328826904 1.8504849672317505 54.067447662353516 -0.24774067835031688 -0.9688263808807669 0 0 0 1 0 0 0 0 0 0
1.8383108377456665 1.8474065065383911 54.41823196411133 0.266982966233498 -0.9637012481786889 0 0 0 1 0 0 0 0 0 0
1.5719228982925415 1.6911221742630005 54.76901626586914 0.7109669668294633 -0.7032254063081855 0 0 0 1 0 0 0 0 0 0
1.4185644388198853 1.423040509223938 55.119808197021484 0.9665639414556488 -0.2564257145407242 0 0 0 1 0 0 0 0 0 0
1.4188696146011353 1.1141911745071411 55.4705924987793 0.9660589242950226 0.2583218047125406 0 0 0 1 0 0 0 0 0 0
1.5727545022964478 0.8464146256446838 55.82137680053711 0.7095819112602547 0.7046229567735102 0 0 0 1 0 0 0 0 0 0
1.8394476175308228 0.6906529068946838 56.17216110229492 0.26509906796984956 0.9642211801041902 0 0 0 1 0 0 0 0 0 0
2.1482856273651123 0.6881809830665588 56.522945404052734 -0.2496384036560436 0.9683391283120094 0 0 0 1 0 0 0 0 0 0
2.41743540763855 0.8396549820899963 56.87372970581055 -0.6982159395868024 0.715887212979055 0 0 0 1 0 0 0 0 0 0
-0.5749104619026184 3.020357131958008 56.87372970581055 0.6084180623694387 -0.7936166967640094 0 0 0 -1 0 0 0 0 0 0
-0.2545236051082611 3.1425228118896484 56.48397445678711 0.07443682762241399 -0.9972257310626873 0 0 0 -1 0 0 0 0 0 0
0.08045259863138199 3.069276809692383 56.09421157836914 -0.4838505341680965 -0.8751506502227189 0 0 0 -1 0 0 0 0 0 0
0.3206125795841217 2.8245372772216797 55.70444869995117 -0.8841225485864216 -0.46725508994664805 0 0 0 -1 0 0 0 0 0 0
0.38752618432044983 2.488241195678711 55.3146858215332 -0.9956430516891589 0.0932465207023772 0 0 0 -1 0 0 0 0 0 0
0.25933709740638733 2.1702136993408203 54.924922943115234 -0.7819938793151922 0.6232861082308643 0 0 0 -1 0 0 0 0 0 0
-0.022088373079895973 1.9743252992630005 54.535160064697266 -0.31295603319778387 0.9497676143589586 0 0 0 -1 0 0 0 0 0 0
-0.36483892798423767 1.9645482301712036 54.1453971862793 0.2583009500524649 0.9660645005391691 0 0 0 -1 0 0 0 0 0 0
-0.6569741368293762 2.144075393676758 53.75563430786133 0.7451890403078225 0.6668532778693573 0 0 0 -1 0 0 0 0 0 0
-0.8030865788459778 2.454275131225586 53.36587142944336 0.988708803724261 0.14984959605598083 0 0 0 -1 0 0 0 0 0 0
2.5866057872772217 1.1502858400344849 57.26350021362305 -0.9801694573494141 0.1981611336245204 0 0 0 1 0 0 0 0 0 0
2.558762311935425 1.4839154481887817 57.61428451538086 -0.9337645529908896 -0.3578879148249131 0 0 0 1 0 0 0 0 0 0
2.356487989425659 1.7506924867630005 57.96506881713867 -0.5966395932903802 -0.8025093119199861 0 0 0 1 0 0 0 0 0 0
2.0427558422088623 1.8675519227981567 58.315853118896484 -0.0737584469801196 -0.9972761360320826 0 0 0 1 0 0 0 0 0 0
1.7152448892593384 1.7981129884719849 58.66665267944336 0.4721027840349302 -0.8815435107278983 0 0 0 1 0 0 0 0 0 0
1.4759260416030884 1.5639973878860474 59.01743698120117 0.870960000849459 -0.4913539222600248 0 0 0 1 0 0 0 0 0 0
1.3993116617202759 1.2380925416946411 59.368221282958984 0.9986562390496428 0.05182389610230763 0 0 0 1 0 0 0 0 0 0
1.5092512369155884 0.9218655228614807 59.7190055847168 0.815418226065676 0.5788722800410346 0 0 0 1 0 0 0 0 0 0
1.7715154886245728 0.7137776017189026 60.06978988647461 0.3783151567149974 0.9256768562515254 0 0 0 1 0 0 0 0 0 0
2.104454755783081 0.6786137223243713 60.42057418823242 -0.1765854373089167 0.9842853160188965 0 0 0 1 0 0 0 0 0 0
2.404404401779175 0.8273220658302307 60.771358489990234 -0.6765035311230809 0.7364393881223374 0 0 0 1 0 0 0 0 0 0
-0.560509979724884 3.031057357788086 60.771358489990234 0.5844171254970393 -0.8114534018819428 0 0 0 -1 0 0 0 0 0 0
-0.20736441016197205 3.1441822052001953 60.3816032409668 -0.0041624699703137385 -0.9999913368843483 0 0 0 -1 0 0 0 0 0 0
0.14482751488685608 3.0281238555908203 59.9918327331543 -0.5911493749461384 -0.806562097113911 0 0 0 -1 0 0 0 0 0 0
0.36154046654701233 2.7272167205810547 59.60207748413086 -0.9523353902550507 -0.30505295354702017 0 0 0 -1 0 0 0 0 0 0
0.3599955141544342 2.3564014434814453 59.21230697631836 -0.9497615511012314 0.3129744335401583 0 0 0 -1 0 0 0 0 0 0
0.14078393578529358 2.057310104370117 58.82255172729492 -0.5844044675899107 0.8114625180875288 0 0 0 -1 0 0 0 0 0 0
-0.2123616635799408 1.9441930055618286 58.43278121948242 0.00416812789641115 0.9999913133171903 0 0 0 -1 0 0 0 0 0 0
-0.5645535588264465 2.060251235961914 58.043025970458984 0.5911529744804463 0.8065594589135512 0 0 0 -1 0 0 0 0 0 0
-0.7812626957893372 2.3611583709716797 57.653255462646484 0.9523386425463201 0.30504280013308394 0 0 0 -1 0 0 0 0 0 0
-0.7797158360481262 2.7319774627685547 57.26350021362305 0.9497582084682269 -0.3129845770117502 0 0 0 -1 0 0 0 0 0 0
2.582787275314331 1.1327534914016724 61.161128997802734 -0.9738037896202347 0.22738992792397283 0 0 0 1 0 0 0 0 0 0
2.573071241378784 1.4420262575149536 61.51191329956055 -0.9576107839788566 -0.28806524678863915 0 0 0 1 0 0 0 0 0 0
2.4105422496795654 1.7053319215774536 61.86269760131836 -0.6867266451708696 -0.726915754962267 0 0 0 1 0 0 0 0 0 0
2.138432264328003 1.8526402711868286 62.21348190307617 -0.2332133948686305 -0.9724255819618528 0 0 0 1 0 0 0 0 0 0
1.8291059732437134 1.8447781801223755 62.56428146362305 0.2823321495768228 -0.9593167137683626 0 0 0 1 0 0 0 0 0 0
1.5648313760757446 1.6838284730911255 62.91506576538086 0.7227880411887389 -0.6910697848369194 0 0 0 1 0 0 0 0 0 0
1.4158979654312134 1.412603497505188 63.26585006713867 0.9710132764491863 -0.2390255571260439 0 0 0 1 0 0 0 0 0 0
1.4219099283218384 1.1032353639602661 63.616634368896484 0.9609886704251311 0.2765877352930502 0 0 0 1 0 0 0 0 0 0
1.5812727212905884 0.8380032181739807 63.9674186706543 0.6953819043345846 0.7186403879020484 0 0 0 1 0 0 0 0 0 0
1.851601243019104 0.6874485611915588 64.31819915771484 0.2448369253988493 0.9695642732491944 0 0 0 1 0 0 0 0 0 0
2.1610000133514404 0.6916103959083557 64.66898345947266 -0.27083195724315234 0.9626266415053363 0 0 0 1 0 0 0 0 0 0
-0.2968076169490814 3.1378536224365234 64.66898345947266 0.14491384633696805 -0.9894442769250958 0 0 0 -1 0 0 0 0 0 0
0.0419108010828495 3.088804244995117 64.27922821044922 -0.4196187478008902 -0.9077004497597283 0 0 0 -1 0 0 0 0 0 0
0.29870858788490295 2.862550735473633 63.889461517333984 -0.8476192590276705 -0.5306049299859384 0 0 0 -1 0 0 0 0 0 0
0.39002862572669983 2.5327091217041016 63.49970626831055 -0.9998170121281146 0.01912961733044974 0 0 0 -1 0 0 0 0 0 0
0.2861582338809967 2.2065982818603516 63.10993576049805 -0.826697400237379 0.5626467883501679 0 0 0 -1 0 0 0 0 0 0
0.020893728360533714 1.9903355836868286 62.72018051147461 -0.38459240080861007 0.9230864993272676 0 0 0 -1 0 0 0 0 0 0
-0.31945356726646423 1.9542790651321411 62.33041000366211 0.18265578051938433 0.9831769249951172 0 0 0 -1 0 0 0 0 0 0
-0.6241410374641418 2.110166549682617 61.94065475463867 0.6904644931863146 0.723366285949909 0 0 0 -1 0 0 0 0 0 0
-0.7940323948860168 2.4072742462158203 61.55088424682617 0.9736177860097195 0.22818502747886793 0 0 0 -1 0 0 0 0 0 0
-0.7738469243049622 2.748929977416992 61.161128997802734 0.939978031907608 -0.3412349623516031 0 0 0 -1 0 0 0 0 0 0
2.5919501781463623 -1.192376971244812 67.7870864868164 -0.9890778615113481 -0.14739397500623425 0 0 0 -1 0 0 0 0 0 0
2.551506757736206 -1.5135973691940308 67.43122100830078 -0.9216700071189077 0.3879747388393124 0 0 0 -1 0 0 0 0 0 0
2.350048780441284 -1.7670382261276245 67.07535552978516 -0.5859058575751116 0.8103791248910431 0 0 0 -1 0 0 0 0 0 0
2.0462348461151123 -1.8789118528366089 66.71947479248047 -0.07954811678647683 0.9968310273640789 0 0 0 -1 0 0 0 0 0 0
1.728523850440979 -1.8166407346725464 66.36360931396484 0.4499670374028374 0.8930451641719548 0 0 0 -1 0 0 0 0 0 0
1.4894224405288696 -1.5983599424362183 66.00774383544922 0.8484688193737087 0.5292453708352911 0 0 0 -1 0 0 0 0 0 0
1.3985410928726196 -1.2876185178756714 65.6518783569336 0.9999356659245413 0.011343016002981366 0 0 0 -1 0 0 0 0 0 0
1.4823499917984009 -0.9748973250389099 65.2959976196289 0.8602544296687602 -0.5098649980487737 0 0 0 -1 0 0 0 0 0 0
1.716438889503479 -0.7512492537498474 64.94013214111328 0.4701060618522012 -0.8826099311756096 0 0 0 -1 0 0 0 0 0 0
2.032658338546753 -0.6817874312400818 64.58426666259766 -0.0569290211657861 -0.9983782282026714 0 0 0 -1 0 0 0 0 0 0
2.3389289379119873 -0.7867373824119568 64.22838592529297 -0.5673714286648535 -0.8234619978692417 0 0 0 -1 0 0 0 0 0 0
2.5460822582244873 -1.035547137260437 63.87252426147461 -0.9126334768471979 -0.4087788362156181 0 0 0 -1 0 0 0 0 0 0
2.593804121017456 -1.355768084526062 63.516658782958984 -0.9921654480533103 0.1249308756439892 0 0 0 -1 0 0 0 0 0 0
2.4681975841522217 -1.6541613340377808 63.1607780456543 -0.782822133687168 0.6222455359498128 0 0 0 -1 0 0 0 0 0 0
2.2058303356170654 -1.8438547849655151 62.80491256713867 -0.3455436535008909 0.9384026766400746 0 0 0 -1 0 0 0 0 0 0
1.8831030130386353 -1.8696116209030151 62.44904708862305 0.19232802553168862 0.9813306938005568 0 0 0 -1 0 0 0 0 0 0
1.593971848487854 -1.723932147026062 62.09316635131836 0.6742254671974967 0.7385255712447044 0 0 0 -1 0 0 0 0 0 0
1.4226270914077759 -1.4492357969284058 61.737300872802734 0.9597935296250425 0.2807069298929094 0 0 0 -1 0 0 0 0 0 0
1.418953537940979 -1.1254976987838745 61.38143539428711 0.9659146447543718 -0.25886077155304116 0 0 0 -1 0 0 0 0 0 0
1.584023118019104 -0.846986711025238 61.02555465698242 0.6908061177100442 -0.7230400457335515 0 0 0 -1 0 0 0 0 0 0
1.8697744607925415 -0.6947841048240662 60.6696891784668 0.2145527448445232 -0.9767124037707726 0 0 0 -1 0 0 0 0 0 0
2.193005323410034 -0.7132129073143005 60.31382369995117 -0.32417033877293566 -0.9459987269863739 0 0 0 -1 0 0 0 0 0 0
2.459606885910034 -0.8969058394432068 59.957942962646484 -0.7685027030105773 -0.6398465405590907 0 0 0 -1 0 0 0 0 0 0
2.5919501781463623 -1.192376971244812 59.60207748413086 -0.9890778615113481 -0.14739397500623425 0 0 0 -1 0 0 0 0 0 0
2.551506757736206 -1.5135973691940308 59.246212005615234 -0.9216700071189077 0.3879747388393124 0 0 0 -1 0 0 0 0 0 0
2.350048780441284 -1.7670382261276245 58.89033126831055 -0.5859058575751116 0.8103791248910431 0 0 0 -1 0 0 0 0 0 0
2.0462348461151123 -1.8789118528366089 58.53446578979492 -0.07954811678647683 0.9968310273640789 0 0 0 -1 0 0 0 0 0 0
1.728523850440979 -1.8166407346725464 58.1786003112793 0.4499670374028374 0.8930451641719548 0 0 0 -1 0 0 0 0 0 0
1.4894224405288696 -1.5983599424362183 57.82271957397461 0.8484688193737087 0.5292453708352911 0 0 0 -1 0 0 0 0 0 0
1.3985410928726196 -1.2876185178756714 57.466854095458984 0.9999356659245413 0.011343016002981366 0 0 0 -1 0 0 0 0 0 0
1.4823499917984009 -0.9748973250389099 57.11098861694336 0.8602544296687602 -0.5098649980487737 0 0 0 -1 0 0 0 0 0 0
1.716438889503479 -0.7512492537498474 56.75510787963867 0.4701060618522012 -0.8826099311756096 0 0 0 -1 0 0 0 0 0 0
2.032658338546753 -0.6817874312400818 56.39924240112305 -0.0569290211657861 -0.9983782282026714 0 0 0 -1 0 0 0 0 0 0
2.3389289379119873 -0.7867373824119568 56.04336929321289 -0.5673714286648535 -0.8234619978692417 0 0 0 -1 0 0 0 0 0 0
2.5460822582244873 -1.035547137260437 55.687503814697266 -0.9126334768471979 -0.4087788362156181 0 0 0 -1 0 0 0 0 0 0
2.593804121017456 -1.355768084526062 55.33163070678711 -0.9921654480533103 0.1249308756439892 0 0 0 -1 0 0 0 0 0 0
2.4681975841522217 -1.6541613340377808 54.975765228271484 -0.782822133687168 0.6222455359498128 0 0 0 -1 0 0 0 0 0 0
2.2058303356170654 -1.8438547849655151 54.61989212036133 -0.3455436535008909 0.9384026766400746 0 0 0 -1 0 0 0 0 0 0
1.8831030130386353 -1.8696116209030151 54.26401901245117 0.19232802553168862 0.9813306938005568 0 0 0 -1 0 0 0 0 0 0
1.593971848487854 -1.723932147026062 53.90815353393555 0.6742254671974967 0.7385255712447044 0 0 0 -1 0 0 0 0 0 0
1.4226270914077759 -1.4492357969284058 53.55228042602539 0.9597935296250425 0.2807069298929094 0 0 0 -1 0 0 0 0 0 0
1.418953537940979 -1.1254976987838745 53.196407318115234 0.9659146447543718 -0.25886077155304116 0 0 0 -1 0 0 0 0 0 0
1.584023118019104 -0.846986711025238 52.84054183959961 0.6908061177100442 -0.7230400457335515 0 0 0 -1 0 0 0 0 0 0
1.8697744607925415 -0.6947841048240662 52.48466873168945 0.2145527448445232 -0.9767124037707726 0 0 0 -1 0 0 0 0 0 0
2.193005323410034 -0.7132129073143005 52.1287956237793 -0.32417033877293566 -0.9459987269863739 0 0 0 -1 0 0 0 0 0 0
2.459606885910034 -0.8969058394432068 51.77293014526367 -0.7685027030105773 -0.6398465405590907 0 0 0 -1 0 0 0 0 0 0
2.5919501781463623 -1.192376971244812 51.417057037353516 -0.9890778615113481 -0.14739397500623425 0 0 0 -1 0 0 0 0 0 0
-0.7954762578010559 -2.686403274536133 51.417057037353516 0.9760265455873082 0.21765151575145597 0 0 0 1 0 0 0 0 0 0
-0.6157696843147278 -2.997671127319336 51.806819915771484 0.6765152454799239 0.736428626978364 0 0 0 1 0 0 0 0 0 0
-0.29040655493736267 -3.1503849029541016 52.19658279418945 0.13424248449087595 0.9909485129701326 0 0 0 1 0 0 0 0 0 0
0.06386057287454605 -3.0897388458251953 52.58634567260742 -0.4562025257262804 0.8898759776064091 0 0 0 1 0 0 0 0 0 0
0.31990495324134827 -2.837503433227539 52.97610855102539 -0.8829401732012079 0.46948551686651757 0 0 0 1 0 0 0 0 0 0
0.38584771752357483 -2.484182357788086 53.36587142944336 -0.9928475823945235 -0.1193887688744198 0 0 0 1 0 0 0 0 0 0
0.23802629113197327 -2.1565685272216797 53.75563430786133 -0.7464806740552501 -0.6654070958909435 0 0 0 1 0 0 0 0 0 0
-0.07051404565572739 -1.9722193479537964 54.1453971862793 -0.23224737467887702 -0.9726567518681858 0 0 0 1 0 0 0 0 0 0
-0.42905935645103455 -1.9972857236862183 54.535160064697266 0.3653269739596121 -0.9308792629001427 0 0 0 1 0 0 0 0 0 0
-0.7089455723762512 -2.222776412963867 54.924922943115234 0.8318085325877743 -0.5550626677359717 0 0 0 1 0 0 0 0 0 0
-0.8097413182258606 -2.5677738189697266 55.3146858215332 0.9998012291024572 0.019937459347066776 0 0 0 1 0 0 0 0 0 0
-0.695275604724884 -2.908479690551758 55.70444869995117 0.8090231814473305 0.5877767364236522 0 0 0 1 0 0 0 0 0 0
-0.4066232144832611 -3.1226329803466797 56.09421157836914 0.3279354811324666 0.9447001218452433 0 0 0 1 0 0 0 0 0 0
-0.04736455902457237 -3.133390426635742 56.48397445678711 -0.2708268147276412 0.9626280883209671 0 0 0 1 0 0 0 0 0 0
-2.50517201423645 -0.6871470808982849 56.48397445678711 0.14490837941512008 -0.9894450775941451 0 0 0 -1 0 0 0 0 0 0
-2.0946953296661377 -0.775514543056488 56.01215744018555 -0.5392205969490987 -0.8421645610127856 0 0 0 -1 0 0 0 0 0 0
-1.8426584005355835 -1.1113375425338745 55.540340423583984 -0.9592801206021031 -0.28245645720644247 0 0 0 -1 0 0 0 0 0 0
-1.872489333152771 -1.5301531553268433 55.06852340698242 -0.9095620315508127 0.4155681782345207 0 0 0 -1 0 0 0 0 0 0
-2.1695759296417236 -1.826867938041687 54.59669876098633 -0.4144127442679774 0.9100890491530398 0 0 0 -1 0 0 0 0 0 0
-2.5884335041046143 -1.856164813041687 54.124881744384766 0.2836803179792192 0.9589189106442781 0 0 0 -1 0 0 0 0 0 0
-2.923936128616333 -1.6037005186080933 53.6530647277832 0.8428536718465223 0.5381428136237024 0 0 0 -1 0 0 0 0 0 0
-3.0117809772491455 -1.1931132078170776 53.18124771118164 0.9892594133646133 -0.14617049315611258 0 0 0 -1 0 0 0 0 0 0
-2.8089497089385986 -0.8254756331443787 52.70943069458008 0.6512076127200591 -0.7588996278398361 0 0 0 -1 0 0 0 0 0 0
-2.4147732257843018 -0.6808223128318787 52.237613677978516 -0.005755672657185011 -0.9999834359789482 0 0 0 -1 0 0 0 0 0 0
-2.0222866535186768 -0.8299998641014099 51.76578903198242 -0.6598952030849301 -0.7513576518180266 0 0 0 -1 0 0 0 0 0 0
-1.8236993551254272 -1.1999491453170776 51.29397201538086 -0.9908768018297732 -0.13477078168356996 0 0 0 -1 0 0 0 0 0 0
-1.9162648916244507 -1.6094988584518433 50.8221549987793 -0.8366063336771818 0.5478045659276889 0 0 0 -1 0 0 0 0 0 0
-2.2546494007110596 -1.858087420463562 50.350337982177734 -0.27262663305573454 0.9621199088204619 0 0 0 -1 0 0 0 0 0 0
-2.67314076423645 -1.823968768119812 49.87852096557617 0.42485610013955005 0.9052608984012357 0 0 0 -1 0 0 0 0 0 0
-2.9667961597442627 -1.523858904838562 49.40670394897461 0.9142837739849864 0.40507429025768904 0 0 0 -1 0 0 0 0 0 0
-2.9918034076690674 -1.1047228574752808 48.93488693237305 0.9559636721170973 -0.29348502106989144 0 0 0 -1 0 0 0 0 0 0
-2.735919237136841 -0.7718257308006287 48.46306228637695 0.5294936578029448 -0.8483138961177389 0 0 0 -1 0 0 0 0 0 0
-2.3244526386260986 -0.6881884932518005 47.99124526977539 -0.15629157405359714 -0.9877109617088639 0 0 0 -1 0 0 0 0 0 0
-1.9589093923568726 -0.8947696089744568 47.51942825317383 -0.7655258557905834 -0.6434051321804131 0 0 0 -1 0 0 0 0 0 0
-2.8152363300323486 0.8193188309669495 47.51942825317383 0.6616846315762048 0.7497822672855516 0 0 0 1 0 0 0 0 0 0
-2.457873582839966 0.6704960465431213 47.95155715942383 0.06607777949774944 0.9978144752691488 0 0 0 1 0 0 0 0 0 0
-2.0840046405792236 0.7708912491798401 48.38368606567383 -0.5570333444097046 0.8304901283072178 0 0 0 1 0 0 0 0 0 0
-1.8492616415023804 1.078710675239563 48.81581497192383 -0.948271259059641 0.3174612090341798 0 0 0 1 0 0 0 0 0 0
-1.8513597249984741 1.4658185243606567 49.24794387817383 -0.9447762841704994 -0.3277159942221067 0 0 0 1 0 0 0 0 0 0
-2.0894272327423096 1.7710744142532349 49.68007278442383 -0.5479958042759651 -0.8364810807758525 0 0 0 1 0 0 0 0 0 0
-2.464360475540161 1.8674107789993286 50.11220169067383 0.07688868452212554 -0.9970396833589209 0 0 0 1 0 0 0 0 0 0
-2.8200905323028564 1.7147237062454224 50.54433059692383 0.669775745384249 -0.7425634322365824 0 0 0 1 0 0 0 0 0 0
-3.0085365772247314 1.3765774965286255 50.97645950317383 0.9838512351351398 -0.1789881200612489 0 0 0 1 0 0 0 0 0 0
-2.9512550830841064 0.9937229752540588 51.4085807800293 0.8883797332706301 0.4591094090889489 0 0 0 1 0 0 0 0 0 0
-2.6720917224884033 0.7255383133888245 51.8407096862793 0.4231104950477131 0.9060780920982909 0 0 0 1 0 0 0 0 0 0
-2.287249803543091 0.6836567521095276 52.2728385925293 -0.21829697103444176 0.9758823865800572 0 0 0 1 0 0 0 0 0 0
-1.956931471824646 0.8855114579200745 52.7049674987793 -0.7688262959553243 0.6394576816706606 0 0 0 1 0 0 0 0 0 0
-1.8186334371566772 1.247076153755188 53.1370964050293 -0.9993209749306786 0.036845475483402744 0 0 0 1 0 0 0 0 0 0
-1.9299272298812866 1.6178456544876099 53.5692253112793 -0.8138311345159839 -0.5811014407936248 0 0 0 1 0 0 0 0 0 0
-2.244483232498169 1.843481183052063 54.0013542175293 -0.28956736462562427 -0.9571576366219781 0 0 0 1 0 0 0 0 0 0
-2.631362199783325 1.830053448677063 54.4334831237793 0.3552267802853756 -0.9347801530670652 0 0 0 1 0 0 0 0 0 0
-2.929520845413208 1.5831547975540161 54.8656120300293 0.8521621850944016 -0.5232777563542474 0 0 0 1 0 0 0 0 0 0
-3.0148422718048096 1.2055646181106567 55.2977409362793 0.9943621505383333 0.10603732162206324 0 0 0 1 0 0 0 0 0 0
-2.851811647415161 0.8544560074806213 55.7298698425293 0.72264810489526 0.6912161141721809 0 0 0 1 0 0 0 0 0 0
-2.5082943439483643 0.6759853959083557 56.1619987487793 0.15011394324247215 0.9886687028748284 0 0 0 1 0 0 0 0 0 0
-2.1272823810577393 0.744443953037262 56.5941276550293 -0.48490059937018776 0.8745692704013975 0 0 0 1 0 0 0 0 0 0
-1.8673814535140991 1.0313397645950317 57.0262565612793 -0.918072042718137 0.3964135774407166 0 0 0 1 0 0 0 0 0 0
-1.8367799520492554 1.417242169380188 57.4583854675293 -0.9690749600165477 -0.2467665331217472 0 0 0 1 0 0 0 0 0 0
-2.048213243484497 1.7415105104446411 57.8905143737793 -0.616689671594866 -0.7872063572839185 0 0 0 1 0 0 0 0 0 0
-2.413672685623169 1.8691693544387817 58.3226432800293 -0.007590073865385859 -0.9999711949744943 0 0 0 1 0 0 0 0 0 0
-2.7810261249542236 1.7470723390579224 58.7547721862793 0.6046697007514814 -0.7964763354884525 0 0 0 1 0 0 0 0 0 0
-2.9973576068878174 1.4260464906692505 59.1869010925293 0.9652221842461113 -0.26143093741783163 0 0 0 1 0 0 0 0 0 0
-2.9726154804229736 1.0397244691848755 59.6190299987793 0.9239823835932675 0.38243503344921725 0 0 0 1 0 0 0 0 0 0
-2.717097520828247 0.7489224076271057 60.0511589050293 0.49812276947949913 0.8671065139451288 0 0 0 1 0 0 0 0 0 0
-2.3371708393096924 0.6746845841407776 60.4832878112793 -0.13509065082160818 0.9908332433162477 0 0 0 1 0 0 0 0 0 0
-1.9909833669662476 0.8479214310646057 60.915401458740234 -0.7120705289534974 0.7021079416983449 0 0 0 1 0 0 0 0 0 0
-1.8226426839828491 1.1965161561965942 61.347530364990234 -0.9926383073830233 0.1211164345403492 0 0 0 1 0 0 0 0 0 0
-1.9022248983383179 1.5753613710403442 61.779659271240234 -0.8600000685215956 -0.5102939174072632 0 0 0 1 0 0 0 0 0 0
-2.196601152420044 1.8267537355422974 62.211788177490234 -0.36937412858751895 -0.9292807719576528 0 0 0 1 0 0 0 0 0 0
-2.5832321643829346 1.8460522890090942 62.643917083740234 0.2750093323732924 -0.9614415567821041 0 0 0 1 0 0 0 0 0 0
-2.9011776447296143 1.6252156496047974 63.076045989990234 0.8049227107997051 -0.5933796673621824 0 0 0 1 0 0 0 0 0 0
-3.018084764480591 1.2561780214309692 63.508174896240234 0.9997650379238231 0.02167646062383654 0 0 0 1 0 0 0 0 0 0
-2.885289430618286 0.8925533890724182 63.940303802490234 0.7784393929843473 0.6277197714348028 0 0 0 1 0 0 0 0 0 0
-2.558072328567505 0.6857128739356995 64.37242889404297 0.23307840562722085 0.9724579460471661 0 0 0 1 0 0 0 0 0 0
-2.1726391315460205 0.7217503190040588 64.80455780029297 -0.4093146715869524 0.9123932812245305 0 0 0 1 0 0 0 0 0 0
-1.8894380331039429 0.9856663346290588 65.23668670654297 -0.8813145546723936 0.4725300580096468 0 0 0 1 0 0 0 0 0 0
-1.8263524770736694 1.3676053285598755 65.66881561279297 -0.9864550992204355 -0.16403151289310464 0 0 0 1 0 0 0 0 0 0
-2.0096447467803955 1.7085744142532349 66.10094451904297 -0.680969925471647 -0.7323113822706429 0 0 0 1 0 0 0 0 0 0
-2.3630173206329346 1.8666402101516724 66.53307342529297 -0.09201259783228333 -0.9957578429719519 0 0 0 1 0 0 0 0 0 0
-2.7393696308135986 1.776006817817688 66.96520233154297 0.5352421176965388 -0.8446986891452624 0 0 0 1 0 0 0 0 0 0
-2.982041597366333 1.4743977785110474 67.39733123779297 0.93969248736894 -0.3420205098855549 0 0 0 1 0 0 0 0 0 0
0.353954941034317 2.3389720916748047 67.39733123779297 -0.9396924860872452 0.3420205134069775 0 0 0 -1 0 0 0 0 0 0
0.13066545128822327 2.050180435180664 67.00756072998047 -0.567541669679887 0.8233446745907612 0 0 0 -1 0 0 0 0 0 0
-0.21867308020591736 1.944250226020813 66.61780548095703 0.014686482051516804 0.9998921478064273 0 0 0 -1 0 0 0 0 0 0
-0.564751923084259 2.060396194458008 66.22803497314453 0.5914859302831578 0.8063153193863226 0 0 0 -1 0 0 0 0 0 0
-0.7794602513313293 2.355623245239258 65.8382797241211 0.9493320230128819 0.31427489572390127 0 0 0 -1 0 0 0 0 0 0
-0.7833245396614075 2.720651626586914 65.4485092163086 0.9557707527838623 -0.2941126792965062 0 0 0 -1 0 0 0 0 0 0
-0.5749104619026184 3.020357131958008 65.05875396728516 0.6084180623694387 -0.7936166967640094 0 0 0 -1 0 0 0 0 0 0
2.41743540763855 0.8396549820899963 65.05875396728516 -0.6982159395868024 0.715887212979055 0 0 0 1 0 0 0 0 0 0
2.575463056564331 1.1045094728469849 65.3998031616211 -0.9615963131232896 0.27446772230573163 0 0 0 1 0 0 0 0 0 0
2.5810439586639404 1.412878155708313 65.74083709716797 -0.9708999906438752 -0.23948529843755145 0 0 0 1 0 0 0 0 0 0
2.4327056407928467 1.6832753419876099 66.0818862915039 -0.7236702996445582 -0.6901458522749777 0 0 0 1 0 0 0 0 0 0
2.169640302658081 1.8442631959915161 66.42292022705078 -0.2852257420126844 -0.9584603675130828 0 0 0 1 0 0 0 0 0 0
1.8613554239273071 1.8533002138137817 66.76396942138672 0.22857966690507184 -0.9735252107046669 0 0 0 1 0 0 0 0 0 0
1.5893102884292603 1.7080022096633911 67.1050033569336 0.681992383506314 -0.7313592748023209 0 0 0 1 0 0 0 0 0 0
1.4253813028335571 1.4467602968215942 67.44605255126953 0.9552032299970292 -0.29595065366246914 0 0 0 1 0 0 0 0 0 0
1.4128881692886353 1.1385976076126099 67.7870864868164 0.976026549739675 0.21765149713077014 0 0 0 1 0 0 0 0 0 0
